client_id,product_category,product_type,potential_value,potential_family_count
100,Categoria C1,commodity,2223.12,1
100,Categoria C2,commodity,6424.44,2
1000036781,Categoria C1,commodity,2223.12,1
1000036781,Categoria C2,commodity,6424.44,2
1000036869,Categoria C1,commodity,2223.12,1
1000036869,Categoria C2,commodity,10333.74,2
1000036870,Categoria C1,commodity,2223.12,1
1000036870,Categoria C2,commodity,10333.74,2
1000036961,Categoria C1,commodity,2223.12,1
1000036961,Categoria C2,commodity,8484.28,2
1000036997,Categoria C1,commodity,2223.12,1
1000036997,Categoria C2,commodity,6424.44,2
1000036998,Categoria C1,commodity,2223.12,1
1000036998,Categoria C2,commodity,6424.44,2
1000037112,Categoria C1,commodity,2223.12,1
1000037112,Categoria C2,commodity,12183.2,2
1000037181,Categoria C1,commodity,3410.04,1
1000037181,Categoria C2,commodity,29409.24,2
1000037323,Categoria C1,commodity,2223.12,1
1000037323,Categoria C2,commodity,10333.74,2
1000037345,Categoria C1,commodity,3410.04,1
1000037345,Categoria C2,commodity,9674.34,2
1000037376,Categoria C1,commodity,2223.12,1
1000037376,Categoria C2,commodity,5711.66,2
1000037399,Categoria C1,commodity,2223.12,1
1000037399,Categoria C2,commodity,6424.44,2
1000037427,Categoria C1,commodity,2223.12,1
1000037427,Categoria C2,commodity,6424.44,2
1000037428,Categoria C1,commodity,3410.04,1
1000037428,Categoria C2,commodity,29409.24,2
1000037454,Categoria C1,commodity,2223.12,1
1000037454,Categoria C2,commodity,3862.2,2
1000037462,Categoria C1,commodity,1802.36,1
1000037462,Categoria C2,commodity,3548.2,2
1000037487,Categoria C1,commodity,3410.04,1
1000037487,Categoria C2,commodity,8603.6,2
1000037511,Categoria C1,commodity,1802.36,1
1000037511,Categoria C2,commodity,2728.66,2
1000037512,Categoria C1,commodity,2223.12,1
1000037512,Categoria C2,commodity,18472.62,2
1000037515,Categoria C1,commodity,2223.12,1
1000037515,Categoria C2,commodity,6424.44,2
1000037560,Categoria C1,commodity,1802.36,1
1000037560,Categoria C2,commodity,879.2,2
1000037572,Categoria C1,commodity,2223.12,1
1000037572,Categoria C2,commodity,6424.44,2
1000037595,Categoria C1,commodity,1802.36,1
1000037595,Categoria C2,commodity,879.2,2
1000037600,Categoria C1,commodity,2223.12,1
1000037600,Categoria C2,commodity,7561.12,2
1000037619,Categoria C1,commodity,2223.12,1
1000037619,Categoria C2,commodity,1086.44,2
1000037645,Categoria C1,commodity,3410.04,1
1000037645,Categoria C2,commodity,9674.34,2
1000037659,Categoria C1,commodity,1802.36,1
1000037659,Categoria C2,commodity,879.2,2
1000037665,Categoria C1,commodity,1802.36,1
1000037665,Categoria C2,commodity,879.2,2
1000037667,Categoria C1,commodity,3410.04,1
1000037667,Categoria C2,commodity,7215.72,2
1000037704,Categoria C1,commodity,1802.36,1
1000037704,Categoria C2,commodity,879.2,2
1000037763,Categoria C1,commodity,1802.36,1
1000037763,Categoria C2,commodity,879.2,2
1000037767,Categoria C1,commodity,1802.36,1
1000037767,Categoria C2,commodity,879.2,2
1000037777,Categoria C1,commodity,1802.36,1
1000037777,Categoria C2,commodity,879.2,2
1000037891,Categoria C1,commodity,2223.12,1
1000037891,Categoria C2,commodity,1086.44,2
1000038129,Categoria C1,commodity,2223.12,1
1000038129,Categoria C2,commodity,10333.74,2
1000038169,Categoria C1,commodity,1802.36,1
1000038169,Categoria C2,commodity,879.2,2
1000038177,Categoria C1,commodity,2223.12,1
1000038177,Categoria C2,commodity,9410.58,2
1000038189,Categoria C1,commodity,1802.36,1
1000038189,Categoria C2,commodity,6427.58,2
1000038232,Categoria C1,commodity,2223.12,1
1000038232,Categoria C2,commodity,5711.66,2
1000038263,Categoria C1,commodity,2223.12,1
1000038263,Categoria C2,commodity,6424.44,2
1000038290,Categoria C1,commodity,2223.12,1
1000038290,Categoria C2,commodity,1086.44,2
1000038321,Categoria C1,commodity,2223.12,1
1000038321,Categoria C2,commodity,10333.74,2
1000038392,Categoria C1,commodity,3410.04,1
1000038392,Categoria C2,commodity,1667.34,2
1000038447,Categoria C1,commodity,3410.04,1
1000038447,Categoria C2,commodity,9674.34,2
1000038479,Categoria C1,commodity,2223.12,1
1000038479,Categoria C2,commodity,1086.44,2
1000038497,Categoria C1,commodity,3410.04,1
1000038497,Categoria C2,commodity,9674.34,2
1000038513,Categoria C1,commodity,2223.12,1
1000038513,Categoria C2,commodity,6424.44,2
1000038595,Categoria C1,commodity,2223.12,1
1000038595,Categoria C2,commodity,14958.96,2
1000038610,Categoria C1,commodity,2223.12,1
1000038610,Categoria C2,commodity,6424.44,2
1000038685,Categoria C1,commodity,2223.12,1
1000038685,Categoria C2,commodity,6424.44,2
1000038694,Categoria C1,commodity,2223.12,1
1000038694,Categoria C2,commodity,1086.44,2
1000038736,Categoria C1,commodity,2223.12,1
1000038736,Categoria C2,commodity,6424.44,2
1000038755,Categoria C1,commodity,1802.36,1
1000038755,Categoria C2,commodity,879.2,2
1000038775,Categoria C1,commodity,2223.12,1
1000038775,Categoria C2,commodity,1086.44,2
1000038823,Categoria C1,commodity,2223.12,1
1000038823,Categoria C2,commodity,1086.44,2
1000039184,Categoria C1,commodity,1802.36,1
1000039184,Categoria C2,commodity,879.2,2
1000039366,Categoria C1,commodity,1802.36,1
1000039366,Categoria C2,commodity,879.2,2
1000039367,Categoria C1,commodity,2223.12,1
1000039367,Categoria C2,commodity,18287.36,2
1000039499,Categoria C1,commodity,1802.36,1
1000039499,Categoria C2,commodity,879.2,2
1000039665,Categoria C1,commodity,3410.04,1
1000039665,Categoria C2,commodity,9065.18,2
1000039696,Categoria C1,commodity,5683.4,1
1000039696,Categoria C2,commodity,21273.5,2
1000039707,Categoria C1,commodity,2223.12,1
1000039707,Categoria C2,commodity,23279.96,2
1000039893,Categoria C1,commodity,1802.36,1
1000039893,Categoria C2,commodity,3548.2,2
1000039922,Categoria C1,commodity,2223.12,1
1000039922,Categoria C2,commodity,10333.74,2
1000039979,Categoria C1,commodity,2223.12,1
1000039979,Categoria C2,commodity,38075.64,2
1000040015,Categoria C1,commodity,1802.36,1
1000040015,Categoria C2,commodity,879.2,2
1000040021,Categoria C1,commodity,2223.12,1
1000040021,Categoria C2,commodity,1086.44,2
1000040157,Categoria C1,commodity,3410.04,1
1000040157,Categoria C2,commodity,3978.38,2
1000040173,Categoria C1,commodity,2223.12,1
1000040173,Categoria C2,commodity,6634.82,2
1000040210,Categoria C1,commodity,3410.04,1
1000040210,Categoria C2,commodity,7215.72,2
1000040239,Categoria C1,commodity,1802.36,1
1000040239,Categoria C2,commodity,8277.04,2
1000040262,Categoria C1,commodity,2223.12,1
1000040262,Categoria C2,commodity,8484.28,2
1000040276,Categoria C1,commodity,2223.12,1
1000040276,Categoria C2,commodity,10333.74,2
1000040383,Categoria C1,commodity,2223.12,1
1000040383,Categoria C2,commodity,6424.44,2
1000040389,Categoria C1,commodity,2223.12,1
1000040389,Categoria C2,commodity,1086.44,2
1000040550,Categoria C1,commodity,2223.12,1
1000040550,Categoria C2,commodity,8484.28,2
1000040574,Categoria C1,commodity,1802.36,1
1000040574,Categoria C2,commodity,12902.26,2
1000040598,Categoria C1,commodity,1802.36,1
1000040598,Categoria C2,commodity,3548.2,2
1000040689,Categoria C1,commodity,1802.36,1
1000040689,Categoria C2,commodity,6427.58,2
1000040693,Categoria C1,commodity,1802.36,1
1000040693,Categoria C2,commodity,3548.2,2
1000040718,Categoria C1,commodity,2223.12,1
1000040718,Categoria C2,commodity,20507.34,2
1000040786,Categoria C1,commodity,2223.12,1
1000040786,Categoria C2,commodity,6424.44,2
1000040816,Categoria C1,commodity,2223.12,1
1000040816,Categoria C2,commodity,6424.44,2
1000040842,Categoria C1,commodity,2223.12,1
1000040842,Categoria C2,commodity,17916.84,2
1000041032,Categoria C1,commodity,2223.12,1
1000041032,Categoria C2,commodity,6424.44,2
1000041054,Categoria C1,commodity,4546.72,1
1000041054,Categoria C2,commodity,12899.12,2
1000041067,Categoria C1,commodity,2223.12,1
1000041067,Categoria C2,commodity,12183.2,2
1000041079,Categoria C1,commodity,1802.36,1
1000041079,Categoria C2,commodity,13825.42,2
1000041086,Categoria C1,commodity,2223.12,1
1000041086,Categoria C2,commodity,18287.36,2
1000041094,Categoria C1,commodity,3410.04,1
1000041094,Categoria C2,commodity,15539.86,2
1000041136,Categoria C1,commodity,2223.12,1
1000041136,Categoria C2,commodity,6424.44,2
1000041269,Categoria C1,commodity,2223.12,1
1000041269,Categoria C2,commodity,10333.74,2
1000041272,Categoria C1,commodity,2223.12,1
1000041272,Categoria C2,commodity,8484.28,2
1000041273,Categoria C1,commodity,3410.04,1
1000041273,Categoria C2,commodity,20161.94,2
1000041280,Categoria C1,commodity,3410.04,1
1000041280,Categoria C2,commodity,1667.34,2
1000041359,Categoria C1,commodity,2223.12,1
1000041359,Categoria C2,commodity,10333.74,2
1000041381,Categoria C1,commodity,3410.04,1
1000041381,Categoria C2,commodity,1667.34,2
1000041382,Categoria C1,commodity,3410.04,1
1000041382,Categoria C2,commodity,13225.68,2
1000041400,Categoria C1,commodity,3410.04,1
1000041400,Categoria C2,commodity,19791.42,2
1000041454,Categoria C1,commodity,2223.12,1
1000041454,Categoria C2,commodity,19581.04,2
1000041514,Categoria C1,commodity,1802.36,1
1000041514,Categoria C2,commodity,2728.66,2
1000041550,Categoria C1,commodity,2223.12,1
1000041550,Categoria C2,commodity,8022.7,2
1000041560,Categoria C1,commodity,2223.12,1
1000041560,Categoria C2,commodity,10333.74,2
1000041657,Categoria C1,commodity,2223.12,1
1000041657,Categoria C2,commodity,10333.74,2
1000041674,Categoria C1,commodity,1802.36,1
1000041674,Categoria C2,commodity,879.2,2
1000041716,Categoria C1,commodity,2223.12,1
1000041716,Categoria C2,commodity,10333.74,2
1000041726,Categoria C1,commodity,2223.12,1
1000041726,Categoria C2,commodity,6424.44,2
1000041827,Categoria C1,commodity,3410.04,1
1000041827,Categoria C2,commodity,8142.02,2
1000041833,Categoria C1,commodity,1802.36,1
1000041833,Categoria C2,commodity,3548.2,2
1000041851,Categoria C1,commodity,1802.36,1
1000041851,Categoria C2,commodity,879.2,2
1000041870,Categoria C1,commodity,3410.04,1
1000041870,Categoria C2,commodity,10914.64,2
1000041898,Categoria C1,commodity,2223.12,1
1000041898,Categoria C2,commodity,6424.44,2
1000041971,Categoria C1,commodity,2223.12,1
1000041971,Categoria C2,commodity,10333.74,2
1000041983,Categoria C1,commodity,1802.36,1
1000041983,Categoria C2,commodity,8277.04,2
1000042009,Categoria C1,commodity,3410.04,1
1000042009,Categoria C2,commodity,9674.34,2
1000042016,Categoria C1,commodity,2223.12,1
1000042016,Categoria C2,commodity,19672.1,2
1000042039,Categoria C1,commodity,2223.12,1
1000042039,Categoria C2,commodity,10333.74,2
1000042053,Categoria C1,commodity,1802.36,1
1000042053,Categoria C2,commodity,3548.2,2
1000042084,Categoria C1,commodity,2223.12,1
1000042084,Categoria C2,commodity,1086.44,2
1000042085,Categoria C1,commodity,3410.04,1
1000042085,Categoria C2,commodity,1667.34,2
1000042144,Categoria C1,commodity,1802.36,1
1000042144,Categoria C2,commodity,3548.2,2
1000042158,Categoria C1,commodity,2223.12,1
1000042158,Categoria C2,commodity,6424.44,2
1000042244,Categoria C1,commodity,3410.04,1
1000042244,Categoria C2,commodity,9674.34,2
1000042259,Categoria C1,commodity,2223.12,1
1000042259,Categoria C2,commodity,1086.44,2
1000042279,Categoria C1,commodity,0.0,1
1000042279,Categoria C2,commodity,3698.92,2
1000042306,Categoria C1,commodity,1802.36,1
1000042306,Categoria C2,commodity,879.2,2
1000042307,Categoria C1,commodity,1802.36,1
1000042307,Categoria C2,commodity,879.2,2
1000042311,Categoria C1,commodity,2223.12,1
1000042311,Categoria C2,commodity,6424.44,2
1000042326,Categoria C1,commodity,2223.12,1
1000042326,Categoria C2,commodity,6424.44,2
1000042335,Categoria C1,commodity,2223.12,1
1000042335,Categoria C2,commodity,8022.7,2
1000042336,Categoria C1,commodity,1802.36,1
1000042336,Categoria C2,commodity,879.2,2
1000042343,Categoria C1,commodity,2223.12,1
1000042343,Categoria C2,commodity,6634.82,2
1000042377,Categoria C1,commodity,2223.12,1
1000042377,Categoria C2,commodity,6424.44,2
1000042392,Categoria C1,commodity,2223.12,1
1000042392,Categoria C2,commodity,8484.28,2
1000042398,Categoria C1,commodity,2223.12,1
1000042398,Categoria C2,commodity,10333.74,2
1000042519,Categoria C1,commodity,2223.12,1
1000042519,Categoria C2,commodity,14958.96,2
1000042565,Categoria C1,commodity,2223.12,1
1000042565,Categoria C2,commodity,6424.44,2
1000042570,Categoria C1,commodity,2223.12,1
1000042570,Categoria C2,commodity,4785.36,2
1000042574,Categoria C1,commodity,3410.04,1
1000042574,Categoria C2,commodity,11840.94,2
1000042603,Categoria C1,commodity,5683.4,1
1000042603,Categoria C2,commodity,39768.1,2
1000042620,Categoria C1,commodity,3410.04,1
1000042620,Categoria C2,commodity,10914.64,2
1000042644,Categoria C1,commodity,3410.04,1
1000042644,Categoria C2,commodity,29409.24,2
1000042670,Categoria C1,commodity,2223.12,1
1000042670,Categoria C2,commodity,8484.28,2
1000042748,Categoria C1,commodity,2223.12,1
1000042748,Categoria C2,commodity,6424.44,2
1000042752,Categoria C1,commodity,3410.04,1
1000042752,Categoria C2,commodity,9674.34,2
1000042820,Categoria C1,commodity,2223.12,1
1000042820,Categoria C2,commodity,7096.4,2
1000042827,Categoria C1,commodity,2223.12,1
1000042827,Categoria C2,commodity,1086.44,2
1000042833,Categoria C1,commodity,2223.12,1
1000042833,Categoria C2,commodity,6424.44,2
1000042835,Categoria C1,commodity,2223.12,1
1000042835,Categoria C2,commodity,6424.44,2
1000042889,Categoria C1,commodity,1802.36,1
1000042889,Categoria C2,commodity,10126.5,2
1000042920,Categoria C1,commodity,2223.12,1
1000042920,Categoria C2,commodity,6424.44,2
1000042947,Categoria C1,commodity,2223.12,1
1000042947,Categoria C2,commodity,6424.44,2
1000042967,Categoria C1,commodity,2223.12,1
1000042967,Categoria C2,commodity,1086.44,2
1000042968,Categoria C1,commodity,1802.36,1
1000042968,Categoria C2,commodity,3548.2,2
1000043047,Categoria C1,commodity,2223.12,1
1000043047,Categoria C2,commodity,1086.44,2
1000043172,Categoria C1,commodity,3410.04,1
1000043172,Categoria C2,commodity,29409.24,2
1000043173,Categoria C1,commodity,2223.12,1
1000043173,Categoria C2,commodity,24206.26,2
1000043204,Categoria C1,commodity,3410.04,1
1000043204,Categoria C2,commodity,9674.34,2
1000043229,Categoria C1,commodity,2223.12,1
1000043229,Categoria C2,commodity,1086.44,2
1000043232,Categoria C1,commodity,1802.36,1
1000043232,Categoria C2,commodity,3548.2,2
1000043280,Categoria C1,commodity,1802.36,1
1000043280,Categoria C2,commodity,3548.2,2
1000044579,Categoria C1,commodity,2223.12,1
1000044579,Categoria C2,commodity,12644.78,2
1000044587,Categoria C1,commodity,2223.12,1
1000044587,Categoria C2,commodity,6424.44,2
1000044594,Categoria C1,commodity,2223.12,1
1000044594,Categoria C2,commodity,24206.26,2
1000046050,Categoria C1,commodity,2223.12,1
1000046050,Categoria C2,commodity,8484.28,2
1000046126,Categoria C1,commodity,2223.12,1
1000046126,Categoria C2,commodity,3397.48,2
1000046792,Categoria C1,commodity,2223.12,1
1000046792,Categoria C2,commodity,1086.44,2
1000048293,Categoria C1,commodity,3410.04,1
1000048293,Categoria C2,commodity,5827.84,2
1000048764,Categoria C1,commodity,3410.04,1
1000048764,Categoria C2,commodity,75645.74,2
1000050359,Categoria C1,commodity,3410.04,1
1000050359,Categoria C2,commodity,9674.34,2
1000050394,Categoria C1,commodity,1802.36,1
1000050394,Categoria C2,commodity,3548.2,2
1000051168,Categoria C1,commodity,2223.12,1
1000051168,Categoria C2,commodity,6424.44,2
1000051534,Categoria C1,commodity,2223.12,1
1000051534,Categoria C2,commodity,7096.4,2
1000051754,Categoria C1,commodity,1802.36,1
1000051754,Categoria C2,commodity,3548.2,2
1000051951,Categoria C1,commodity,4546.72,1
1000051951,Categoria C2,commodity,12899.12,2
1000051972,Categoria C1,commodity,1802.36,1
1000051972,Categoria C2,commodity,879.2,2
1000051994,Categoria C1,commodity,1802.36,1
1000051994,Categoria C2,commodity,5504.42,2
1000052451,Categoria C1,commodity,1802.36,1
1000052451,Categoria C2,commodity,3548.2,2
1000052454,Categoria C1,commodity,2223.12,1
1000052454,Categoria C2,commodity,3397.48,2
1000053130,Categoria C1,commodity,3410.04,1
1000053130,Categoria C2,commodity,9674.34,2
1000053136,Categoria C1,commodity,2223.12,1
1000053136,Categoria C2,commodity,20322.08,2
1000053457,Categoria C1,commodity,1802.36,1
1000053457,Categoria C2,commodity,19188.54,2
1000053469,Categoria C1,commodity,2223.12,1
1000053469,Categoria C2,commodity,10333.74,2
1000054867,Categoria C1,commodity,3410.04,1
1000054867,Categoria C2,commodity,1667.34,2
1000054868,Categoria C1,commodity,2223.12,1
1000054868,Categoria C2,commodity,10519.0,2
1000055021,Categoria C1,commodity,4546.72,1
1000055021,Categoria C2,commodity,12899.12,2
1000055530,Categoria C1,commodity,2223.12,1
1000055530,Categoria C2,commodity,6424.44,2
1000055638,Categoria C1,commodity,4546.72,1
1000055638,Categoria C2,commodity,48459.62,2
1000055899,Categoria C1,commodity,2223.12,1
1000055899,Categoria C2,commodity,8484.28,2
1000056206,Categoria C1,commodity,2223.12,1
1000056206,Categoria C2,commodity,6424.44,2
1000056227,Categoria C1,commodity,2223.12,1
1000056227,Categoria C2,commodity,6424.44,2
1000056229,Categoria C1,commodity,3410.04,1
1000056229,Categoria C2,commodity,18588.8,2
1000056231,Categoria C1,commodity,3410.04,1
1000056231,Categoria C2,commodity,6292.56,2
1000056254,Categoria C1,commodity,2223.12,1
1000056254,Categoria C2,commodity,10333.74,2
1000056276,Categoria C1,commodity,3410.04,1
1000056276,Categoria C2,commodity,29409.24,2
1000056305,Categoria C1,commodity,2223.12,1
1000056305,Categoria C2,commodity,6424.44,2
1000056328,Categoria C1,commodity,2223.12,1
1000056328,Categoria C2,commodity,6424.44,2
1000056374,Categoria C1,commodity,2223.12,1
1000056374,Categoria C2,commodity,10333.74,2
1000056400,Categoria C1,commodity,2223.12,1
1000056400,Categoria C2,commodity,7561.12,2
1000056408,Categoria C1,commodity,1802.36,1
1000056408,Categoria C2,commodity,879.2,2
1000056409,Categoria C1,commodity,2223.12,1
1000056409,Categoria C2,commodity,6424.44,2
1000056444,Categoria C1,commodity,2223.12,1
1000056444,Categoria C2,commodity,5246.94,2
1000056448,Categoria C1,commodity,2223.12,1
1000056448,Categoria C2,commodity,10333.74,2
1000056449,Categoria C1,commodity,2223.12,1
1000056449,Categoria C2,commodity,8484.28,2
1000056485,Categoria C1,commodity,2223.12,1
1000056485,Categoria C2,commodity,8484.28,2
1000056487,Categoria C1,commodity,1802.36,1
1000056487,Categoria C2,commodity,879.2,2
1000056521,Categoria C1,commodity,2223.12,1
1000056521,Categoria C2,commodity,7652.18,2
1000056599,Categoria C1,commodity,2223.12,1
1000056599,Categoria C2,commodity,13109.5,2
1000056600,Categoria C1,commodity,1802.36,1
1000056600,Categoria C2,commodity,3548.2,2
1000056618,Categoria C1,commodity,3410.04,1
1000056618,Categoria C2,commodity,15539.86,2
1000056699,Categoria C1,commodity,2223.12,1
1000056699,Categoria C2,commodity,2012.74,2
1000056700,Categoria C1,commodity,6820.08,1
1000056700,Categoria C2,commodity,19348.68,2
1000056711,Categoria C1,commodity,3410.04,1
1000056711,Categoria C2,commodity,9674.34,2
1000056723,Categoria C1,commodity,1802.36,1
1000056723,Categoria C2,commodity,17339.08,2
1000056724,Categoria C1,commodity,3410.04,1
1000056724,Categoria C2,commodity,12764.1,2
1000056752,Categoria C1,commodity,1802.36,1
1000056752,Categoria C2,commodity,879.2,2
1000056769,Categoria C1,commodity,2223.12,1
1000056769,Categoria C2,commodity,12644.78,2
1000056795,Categoria C1,commodity,1802.36,1
1000056795,Categoria C2,commodity,4578.12,2
1000056820,Categoria C1,commodity,2223.12,1
1000056820,Categoria C2,commodity,10333.74,2
1000056822,Categoria C1,commodity,2223.12,1
1000056822,Categoria C2,commodity,6634.82,2
1000056890,Categoria C1,commodity,3410.04,1
1000056890,Categoria C2,commodity,10914.64,2
1000056892,Categoria C1,commodity,2223.12,1
1000056892,Categoria C2,commodity,10333.74,2
1000056895,Categoria C1,commodity,2223.12,1
1000056895,Categoria C2,commodity,17731.58,2
1000056907,Categoria C1,commodity,1802.36,1
1000056907,Categoria C2,commodity,2728.66,2
1000056958,Categoria C1,commodity,2223.12,1
1000056958,Categoria C2,commodity,6424.44,2
1000056963,Categoria C1,commodity,3410.04,1
1000056963,Categoria C2,commodity,29409.24,2
1000056995,Categoria C1,commodity,2223.12,1
1000056995,Categoria C2,commodity,22171.54,2
1000057006,Categoria C1,commodity,1802.36,1
1000057006,Categoria C2,commodity,879.2,2
1000057018,Categoria C1,commodity,1802.36,1
1000057018,Categoria C2,commodity,10126.5,2
1000057197,Categoria C1,commodity,3410.04,1
1000057197,Categoria C2,commodity,9674.34,2
1000057213,Categoria C1,commodity,2223.12,1
1000057213,Categoria C2,commodity,6424.44,2
1000057225,Categoria C1,commodity,1802.36,1
1000057225,Categoria C2,commodity,970.26,2
1000057270,Categoria C1,commodity,2223.12,1
1000057270,Categoria C2,commodity,8484.28,2
1000057293,Categoria C1,commodity,2223.12,1
1000057293,Categoria C2,commodity,6424.44,2
1000057410,Categoria C1,commodity,1802.36,1
1000057410,Categoria C2,commodity,3548.2,2
1000057417,Categoria C1,commodity,2223.12,1
1000057417,Categoria C2,commodity,10333.74,2
1000057436,Categoria C1,commodity,1802.36,1
1000057436,Categoria C2,commodity,3548.2,2
1000057456,Categoria C1,commodity,2223.12,1
1000057456,Categoria C2,commodity,6634.82,2
1000057485,Categoria C1,commodity,1802.36,1
1000057485,Categoria C2,commodity,879.2,2
1000057510,Categoria C1,commodity,2223.12,1
1000057510,Categoria C2,commodity,6424.44,2
1000057514,Categoria C1,commodity,2223.12,1
1000057514,Categoria C2,commodity,24206.26,2
1000057515,Categoria C1,commodity,3410.04,1
1000057515,Categoria C2,commodity,15539.86,2
1000057609,Categoria C1,commodity,2223.12,1
1000057609,Categoria C2,commodity,6424.44,2
1000057629,Categoria C1,commodity,3410.04,1
1000057629,Categoria C2,commodity,20161.94,2
1000057666,Categoria C1,commodity,2223.12,1
1000057666,Categoria C2,commodity,17731.58,2
1000057667,Categoria C1,commodity,2223.12,1
1000057667,Categoria C2,commodity,6634.82,2
1000057753,Categoria C1,commodity,3410.04,1
1000057753,Categoria C2,commodity,7215.72,2
1000057826,Categoria C1,commodity,3410.04,1
1000057826,Categoria C2,commodity,20161.94,2
1000057832,Categoria C1,commodity,2223.12,1
1000057832,Categoria C2,commodity,6424.44,2
1000057850,Categoria C1,commodity,4546.72,1
1000057850,Categoria C2,commodity,12899.12,2
1000057910,Categoria C1,commodity,1802.36,1
1000057910,Categoria C2,commodity,3548.2,2
1000057937,Categoria C1,commodity,2223.12,1
1000057937,Categoria C2,commodity,3397.48,2
1000057942,Categoria C1,commodity,2223.12,1
1000057942,Categoria C2,commodity,6424.44,2
1000058015,Categoria C1,commodity,2223.12,1
1000058015,Categoria C2,commodity,6424.44,2
1000058038,Categoria C1,commodity,2223.12,1
1000058038,Categoria C2,commodity,6424.44,2
1000058045,Categoria C1,commodity,3410.04,1
1000058045,Categoria C2,commodity,6292.56,2
1000058063,Categoria C1,commodity,3410.04,1
1000058063,Categoria C2,commodity,1667.34,2
1000058065,Categoria C1,commodity,3410.04,1
1000058065,Categoria C2,commodity,9674.34,2
1000058080,Categoria C1,commodity,3410.04,1
1000058080,Categoria C2,commodity,1667.34,2
1000058091,Categoria C1,commodity,1802.36,1
1000058091,Categoria C2,commodity,3654.96,2
1000058092,Categoria C1,commodity,2223.12,1
1000058092,Categoria C2,commodity,6634.82,2
1000058106,Categoria C1,commodity,3410.04,1
1000058106,Categoria C2,commodity,38656.54,2
1000058116,Categoria C1,commodity,2223.12,1
1000058116,Categoria C2,commodity,6424.44,2
1000058120,Categoria C1,commodity,3410.04,1
1000058120,Categoria C2,commodity,9674.34,2
1000058131,Categoria C1,commodity,4546.72,1
1000058131,Categoria C2,commodity,12899.12,2
1000058132,Categoria C1,commodity,2223.12,1
1000058132,Categoria C2,commodity,10333.74,2
1000058135,Categoria C1,commodity,2223.12,1
1000058135,Categoria C2,commodity,6424.44,2
1000058161,Categoria C1,commodity,2223.12,1
1000058161,Categoria C2,commodity,12183.2,2
1000058195,Categoria C1,commodity,3410.04,1
1000058195,Categoria C2,commodity,1667.34,2
1000058198,Categoria C1,commodity,2223.12,1
1000058198,Categoria C2,commodity,1086.44,2
1000058199,Categoria C1,commodity,2223.12,1
1000058199,Categoria C2,commodity,6424.44,2
1000058223,Categoria C1,commodity,3410.04,1
1000058223,Categoria C2,commodity,34034.46,2
1000058229,Categoria C1,commodity,3410.04,1
1000058229,Categoria C2,commodity,29409.24,2
1000058239,Categoria C1,commodity,2223.12,1
1000058239,Categoria C2,commodity,3397.48,2
1000058271,Categoria C1,commodity,1802.36,1
1000058271,Categoria C2,commodity,6427.58,2
1000058295,Categoria C1,commodity,3410.04,1
1000058295,Categoria C2,commodity,18959.32,2
1000058311,Categoria C1,commodity,1802.36,1
1000058311,Categoria C2,commodity,879.2,2
1000058338,Categoria C1,commodity,2223.12,1
1000058338,Categoria C2,commodity,6424.44,2
1000058339,Categoria C1,commodity,3410.04,1
1000058339,Categoria C2,commodity,1667.34,2
1000058363,Categoria C1,commodity,2223.12,1
1000058363,Categoria C2,commodity,1086.44,2
1000058365,Categoria C1,commodity,2223.12,1
1000058365,Categoria C2,commodity,6424.44,2
1000058376,Categoria C1,commodity,1802.36,1
1000058376,Categoria C2,commodity,3548.2,2
1000058425,Categoria C1,commodity,2223.12,1
1000058425,Categoria C2,commodity,8484.28,2
1000058426,Categoria C1,commodity,3410.04,1
1000058426,Categoria C2,commodity,17850.9,2
1000058430,Categoria C1,commodity,3410.04,1
1000058430,Categoria C2,commodity,9674.34,2
1000058448,Categoria C1,commodity,2223.12,1
1000058448,Categoria C2,commodity,6634.82,2
1000058449,Categoria C1,commodity,2223.12,1
1000058449,Categoria C2,commodity,1086.44,2
1000058504,Categoria C1,commodity,2223.12,1
1000058504,Categoria C2,commodity,6634.82,2
1000058565,Categoria C1,commodity,2223.12,1
1000058565,Categoria C2,commodity,1086.44,2
1000058571,Categoria C1,commodity,2223.12,1
1000058571,Categoria C2,commodity,6424.44,2
1000058622,Categoria C1,commodity,2223.12,1
1000058622,Categoria C2,commodity,5711.66,2
1000058623,Categoria C1,commodity,2223.12,1
1000058623,Categoria C2,commodity,6424.44,2
1000058647,Categoria C1,commodity,3410.04,1
1000058647,Categoria C2,commodity,20161.94,2
1000058650,Categoria C1,commodity,1802.36,1
1000058650,Categoria C2,commodity,879.2,2
1000058696,Categoria C1,commodity,4546.72,1
1000058696,Categoria C2,commodity,9620.96,2
1000058743,Categoria C1,commodity,2223.12,1
1000058743,Categoria C2,commodity,3397.48,2
1000058746,Categoria C1,commodity,2223.12,1
1000058746,Categoria C2,commodity,6424.44,2
1000058783,Categoria C1,commodity,2223.12,1
1000058783,Categoria C2,commodity,1086.44,2
1000058785,Categoria C1,commodity,1802.36,1
1000058785,Categoria C2,commodity,879.2,2
1000058826,Categoria C1,commodity,1802.36,1
1000058826,Categoria C2,commodity,879.2,2
1000058932,Categoria C1,commodity,1802.36,1
1000058932,Categoria C2,commodity,1805.5,2
1000058933,Categoria C1,commodity,3410.04,1
1000058933,Categoria C2,commodity,12764.1,2
1000059065,Categoria C1,commodity,2223.12,1
1000059065,Categoria C2,commodity,6424.44,2
1000059082,Categoria C1,commodity,1802.36,1
1000059082,Categoria C2,commodity,3548.2,2
1000059088,Categoria C1,commodity,3410.04,1
1000059088,Categoria C2,commodity,8142.02,2
1000059212,Categoria C1,commodity,2223.12,1
1000059212,Categoria C2,commodity,5711.66,2
1000059213,Categoria C1,commodity,1802.36,1
1000059213,Categoria C2,commodity,5504.42,2
1000059245,Categoria C1,commodity,2223.12,1
1000059245,Categoria C2,commodity,4785.36,2
1000059307,Categoria C1,commodity,2223.12,1
1000059307,Categoria C2,commodity,6424.44,2
1000059378,Categoria C1,commodity,3410.04,1
1000059378,Categoria C2,commodity,34034.46,2
1000059423,Categoria C1,commodity,2223.12,1
1000059423,Categoria C2,commodity,6424.44,2
1000059424,Categoria C1,commodity,4546.72,1
1000059424,Categoria C2,commodity,48459.62,2
1000059439,Categoria C1,commodity,2223.12,1
1000059439,Categoria C2,commodity,14958.96,2
1000059441,Categoria C1,commodity,2223.12,1
1000059441,Categoria C2,commodity,1086.44,2
1000059531,Categoria C1,commodity,1802.36,1
1000059531,Categoria C2,commodity,879.2,2
1000059595,Categoria C1,commodity,2223.12,1
1000059595,Categoria C2,commodity,6424.44,2
1000059597,Categoria C1,commodity,2223.12,1
1000059597,Categoria C2,commodity,1086.44,2
1000059662,Categoria C1,commodity,2223.12,1
1000059662,Categoria C2,commodity,6424.44,2
1000059704,Categoria C1,commodity,4546.72,1
1000059704,Categoria C2,commodity,20717.72,2
1000059711,Categoria C1,commodity,2223.12,1
1000059711,Categoria C2,commodity,10333.74,2
1000059737,Categoria C1,commodity,2223.12,1
1000059737,Categoria C2,commodity,19581.04,2
1000059752,Categoria C1,commodity,2223.12,1
1000059752,Categoria C2,commodity,10333.74,2
1000059764,Categoria C1,commodity,2223.12,1
1000059764,Categoria C2,commodity,8484.28,2
1000059768,Categoria C1,commodity,2223.12,1
1000059768,Categoria C2,commodity,10333.74,2
1000059777,Categoria C1,commodity,1802.36,1
1000059777,Categoria C2,commodity,5504.42,2
1000059878,Categoria C1,commodity,3410.04,1
1000059878,Categoria C2,commodity,8142.02,2
1000059880,Categoria C1,commodity,4546.72,1
1000059880,Categoria C2,commodity,13319.88,2
1000059887,Categoria C1,commodity,4546.72,1
1000059887,Categoria C2,commodity,20717.72,2
1000059893,Categoria C1,commodity,3410.04,1
1000059893,Categoria C2,commodity,9065.18,2
1000059960,Categoria C1,commodity,3410.04,1
1000059960,Categoria C2,commodity,29409.24,2
1000059994,Categoria C1,commodity,2223.12,1
1000059994,Categoria C2,commodity,1086.44,2
1000060078,Categoria C1,commodity,3410.04,1
1000060078,Categoria C2,commodity,75645.74,2
1000060080,Categoria C1,commodity,2223.12,1
1000060080,Categoria C2,commodity,10333.74,2
1000060126,Categoria C1,commodity,2223.12,1
1000060126,Categoria C2,commodity,10333.74,2
1000060160,Categoria C1,commodity,2223.12,1
1000060160,Categoria C2,commodity,6424.44,2
1000060172,Categoria C1,commodity,2223.12,1
1000060172,Categoria C2,commodity,8022.7,2
1000060217,Categoria C1,commodity,3410.04,1
1000060217,Categoria C2,commodity,18312.48,2
1000060231,Categoria C1,commodity,1802.36,1
1000060231,Categoria C2,commodity,879.2,2
1000060357,Categoria C1,commodity,1802.36,1
1000060357,Categoria C2,commodity,5504.42,2
1000060389,Categoria C1,commodity,2223.12,1
1000060389,Categoria C2,commodity,1086.44,2
1000060408,Categoria C1,commodity,3410.04,1
1000060408,Categoria C2,commodity,9674.34,2
1000060473,Categoria C1,commodity,3410.04,1
1000060473,Categoria C2,commodity,24787.16,2
1000060475,Categoria C1,commodity,2223.12,1
1000060475,Categoria C2,commodity,6634.82,2
1000060496,Categoria C1,commodity,3410.04,1
1000060496,Categoria C2,commodity,9674.34,2
1000060529,Categoria C1,commodity,2223.12,1
1000060529,Categoria C2,commodity,10333.74,2
1000060558,Categoria C1,commodity,2223.12,1
1000060558,Categoria C2,commodity,6424.44,2
1000060562,Categoria C1,commodity,2223.12,1
1000060562,Categoria C2,commodity,10333.74,2
1000060623,Categoria C1,commodity,2223.12,1
1000060623,Categoria C2,commodity,2935.9,2
1000060640,Categoria C1,commodity,2223.12,1
1000060640,Categoria C2,commodity,17731.58,2
1000060699,Categoria C1,commodity,1802.36,1
1000060699,Categoria C2,commodity,879.2,2
1000060716,Categoria C1,commodity,1802.36,1
1000060716,Categoria C2,commodity,879.2,2
1000060738,Categoria C1,commodity,1802.36,1
1000060738,Categoria C2,commodity,879.2,2
1000060780,Categoria C1,commodity,2223.12,1
1000060780,Categoria C2,commodity,8484.28,2
1000060785,Categoria C1,commodity,2223.12,1
1000060785,Categoria C2,commodity,19672.1,2
1000060830,Categoria C1,commodity,2223.12,1
1000060830,Categoria C2,commodity,2935.9,2
1000060902,Categoria C1,commodity,2223.12,1
1000060902,Categoria C2,commodity,6424.44,2
1000060911,Categoria C1,commodity,1802.36,1
1000060911,Categoria C2,commodity,5504.42,2
1000060928,Categoria C1,commodity,1802.36,1
1000060928,Categoria C2,commodity,879.2,2
1000060929,Categoria C1,commodity,2223.12,1
1000060929,Categoria C2,commodity,6634.82,2
1000060936,Categoria C1,commodity,1802.36,1
1000060936,Categoria C2,commodity,6427.58,2
1000060942,Categoria C1,commodity,13640.16,1
1000060942,Categoria C2,commodity,62153.16,2
1000061020,Categoria C1,commodity,2223.12,1
1000061020,Categoria C2,commodity,8484.28,2
1000061021,Categoria C1,commodity,1802.36,1
1000061021,Categoria C2,commodity,879.2,2
1000061054,Categoria C1,commodity,3410.04,1
1000061054,Categoria C2,commodity,1667.34,2
1000061065,Categoria C1,commodity,2223.12,1
1000061065,Categoria C2,commodity,10333.74,2
1000061074,Categoria C1,commodity,3410.04,1
1000061074,Categoria C2,commodity,6292.56,2
1000061079,Categoria C1,commodity,0.0,1
1000061079,Categoria C2,commodity,6936.26,2
1000061081,Categoria C1,commodity,3410.04,1
1000061081,Categoria C2,commodity,1667.34,2
1000061149,Categoria C1,commodity,11366.8,1
1000061149,Categoria C2,commodity,5557.8,2
1000061222,Categoria C1,commodity,2223.12,1
1000061222,Categoria C2,commodity,6424.44,2
1000061247,Categoria C1,commodity,3410.04,1
1000061247,Categoria C2,commodity,20161.94,2
1000061273,Categoria C1,commodity,2223.12,1
1000061273,Categoria C2,commodity,6424.44,2
1000061316,Categoria C1,commodity,2223.12,1
1000061316,Categoria C2,commodity,10333.74,2
1000061342,Categoria C1,commodity,1802.36,1
1000061342,Categoria C2,commodity,879.2,2
1000061370,Categoria C1,commodity,2223.12,1
1000061370,Categoria C2,commodity,7561.12,2
1000061372,Categoria C1,commodity,2223.12,1
1000061372,Categoria C2,commodity,1086.44,2
1000061397,Categoria C1,commodity,2223.12,1
1000061397,Categoria C2,commodity,8484.28,2
1000061482,Categoria C1,commodity,2223.12,1
1000061482,Categoria C2,commodity,6424.44,2
1000061512,Categoria C1,commodity,2223.12,1
1000061512,Categoria C2,commodity,6424.44,2
1000061515,Categoria C1,commodity,2223.12,1
1000061515,Categoria C2,commodity,10333.74,2
1000061520,Categoria C1,commodity,2223.12,1
1000061520,Categoria C2,commodity,1086.44,2
1000061553,Categoria C1,commodity,2223.12,1
1000061553,Categoria C2,commodity,6424.44,2
1000061575,Categoria C1,commodity,2223.12,1
1000061575,Categoria C2,commodity,18287.36,2
1000061577,Categoria C1,commodity,1802.36,1
1000061577,Categoria C2,commodity,879.2,2
1000061629,Categoria C1,commodity,1802.36,1
1000061629,Categoria C2,commodity,879.2,2
1000061641,Categoria C1,commodity,1802.36,1
1000061641,Categoria C2,commodity,6427.58,2
1000061645,Categoria C1,commodity,1802.36,1
1000061645,Categoria C2,commodity,879.2,2
1000061687,Categoria C1,commodity,1802.36,1
1000061687,Categoria C2,commodity,879.2,2
1000061714,Categoria C1,commodity,1802.36,1
1000061714,Categoria C2,commodity,879.2,2
1000061715,Categoria C1,commodity,3410.04,1
1000061715,Categoria C2,commodity,15539.86,2
1000061716,Categoria C1,commodity,1802.36,1
1000061716,Categoria C2,commodity,6427.58,2
1000061782,Categoria C1,commodity,2223.12,1
1000061782,Categoria C2,commodity,6424.44,2
1000061810,Categoria C1,commodity,2223.12,1
1000061810,Categoria C2,commodity,2012.74,2
1000061857,Categoria C1,commodity,0.0,1
1000061857,Categoria C2,commodity,0.0,2
1000061861,Categoria C1,commodity,1802.36,1
1000061861,Categoria C2,commodity,879.2,2
1000061889,Categoria C1,commodity,2223.12,1
1000061889,Categoria C2,commodity,1086.44,2
1000061890,Categoria C1,commodity,3410.04,1
1000061890,Categoria C2,commodity,9674.34,2
1000061891,Categoria C1,commodity,1802.36,1
1000061891,Categoria C2,commodity,879.2,2
1000061922,Categoria C1,commodity,2223.12,1
1000061922,Categoria C2,commodity,6634.82,2
1000061954,Categoria C1,commodity,2223.12,1
1000061954,Categoria C2,commodity,6424.44,2
1000061986,Categoria C1,commodity,1802.36,1
1000061986,Categoria C2,commodity,879.2,2
1000061988,Categoria C1,commodity,1802.36,1
1000061988,Categoria C2,commodity,879.2,2
1000061990,Categoria C1,commodity,3410.04,1
1000061990,Categoria C2,commodity,9991.48,2
1000061991,Categoria C1,commodity,1802.36,1
1000061991,Categoria C2,commodity,8277.04,2
1000061992,Categoria C1,commodity,2223.12,1
1000061992,Categoria C2,commodity,6634.82,2
1000061999,Categoria C1,commodity,1802.36,1
1000061999,Categoria C2,commodity,879.2,2
1000062003,Categoria C1,commodity,2223.12,1
1000062003,Categoria C2,commodity,6424.44,2
1000062145,Categoria C1,commodity,1802.36,1
1000062145,Categoria C2,commodity,3654.96,2
1000062149,Categoria C1,commodity,2223.12,1
1000062149,Categoria C2,commodity,1086.44,2
1000062151,Categoria C1,commodity,3410.04,1
1000062151,Categoria C2,commodity,15539.86,2
1000062172,Categoria C1,commodity,3410.04,1
1000062172,Categoria C2,commodity,17389.32,2
1000062631,Categoria C1,commodity,2223.12,1
1000062631,Categoria C2,commodity,1086.44,2
1000062672,Categoria C1,commodity,2223.12,1
1000062672,Categoria C2,commodity,2935.9,2
1000062710,Categoria C1,commodity,2223.12,1
1000062710,Categoria C2,commodity,10333.74,2
1000062734,Categoria C1,commodity,1802.36,1
1000062734,Categoria C2,commodity,3548.2,2
1000062781,Categoria C1,commodity,2223.12,1
1000062781,Categoria C2,commodity,9410.58,2
1000062818,Categoria C1,commodity,1802.36,1
1000062818,Categoria C2,commodity,17248.02,2
1000062823,Categoria C1,commodity,3410.04,1
1000062823,Categoria C2,commodity,9674.34,2
1000062892,Categoria C1,commodity,2223.12,1
1000062892,Categoria C2,commodity,6424.44,2
1000062893,Categoria C1,commodity,2223.12,1
1000062893,Categoria C2,commodity,28828.34,2
1000062908,Categoria C1,commodity,2223.12,1
1000062908,Categoria C2,commodity,7561.12,2
1000062935,Categoria C1,commodity,2223.12,1
1000062935,Categoria C2,commodity,8484.28,2
1000063049,Categoria C1,commodity,1802.36,1
1000063049,Categoria C2,commodity,879.2,2
1000063063,Categoria C1,commodity,2223.12,1
1000063063,Categoria C2,commodity,6424.44,2
1000063112,Categoria C1,commodity,2223.12,1
1000063112,Categoria C2,commodity,1086.44,2
1000063131,Categoria C1,commodity,2223.12,1
1000063131,Categoria C2,commodity,17916.84,2
1000063154,Categoria C1,commodity,1802.36,1
1000063154,Categoria C2,commodity,3548.2,2
1000063178,Categoria C1,commodity,1802.36,1
1000063178,Categoria C2,commodity,3548.2,2
1000063180,Categoria C1,commodity,2223.12,1
1000063180,Categoria C2,commodity,6424.44,2
1000063202,Categoria C1,commodity,1802.36,1
1000063202,Categoria C2,commodity,3548.2,2
1000063207,Categoria C1,commodity,2223.12,1
1000063207,Categoria C2,commodity,1086.44,2
1000063208,Categoria C1,commodity,1802.36,1
1000063208,Categoria C2,commodity,879.2,2
1000063245,Categoria C1,commodity,2223.12,1
1000063245,Categoria C2,commodity,18563.68,2
1000063247,Categoria C1,commodity,2223.12,1
1000063247,Categoria C2,commodity,1086.44,2
1000063279,Categoria C1,commodity,2223.12,1
1000063279,Categoria C2,commodity,6424.44,2
1000063281,Categoria C1,commodity,1802.36,1
1000063281,Categoria C2,commodity,879.2,2
1000063304,Categoria C1,commodity,2223.12,1
1000063304,Categoria C2,commodity,5711.66,2
1000063305,Categoria C1,commodity,2223.12,1
1000063305,Categoria C2,commodity,22356.8,2
1000063306,Categoria C1,commodity,2223.12,1
1000063306,Categoria C2,commodity,1086.44,2
1000063308,Categoria C1,commodity,2223.12,1
1000063308,Categoria C2,commodity,6424.44,2
1000063323,Categoria C1,commodity,2223.12,1
1000063323,Categoria C2,commodity,10333.74,2
1000063345,Categoria C1,commodity,4546.72,1
1000063345,Categoria C2,commodity,2223.12,2
1000063475,Categoria C1,commodity,1802.36,1
1000063475,Categoria C2,commodity,879.2,2
1000063476,Categoria C1,commodity,3410.04,1
1000063476,Categoria C2,commodity,24787.16,2
1000063488,Categoria C1,commodity,2223.12,1
1000063488,Categoria C2,commodity,6424.44,2
1000063507,Categoria C1,commodity,2223.12,1
1000063507,Categoria C2,commodity,6424.44,2
1000063543,Categoria C1,commodity,2223.12,1
1000063543,Categoria C2,commodity,6424.44,2
1000063557,Categoria C1,commodity,2223.12,1
1000063557,Categoria C2,commodity,5711.66,2
1000063573,Categoria C1,commodity,2223.12,1
1000063573,Categoria C2,commodity,6424.44,2
1000063587,Categoria C1,commodity,4546.72,1
1000063587,Categoria C2,commodity,12899.12,2
1000063705,Categoria C1,commodity,4546.72,1
1000063705,Categoria C2,commodity,12899.12,2
1000063805,Categoria C1,commodity,2223.12,1
1000063805,Categoria C2,commodity,1086.44,2
1000063806,Categoria C1,commodity,3410.04,1
1000063806,Categoria C2,commodity,15539.86,2
1000063808,Categoria C1,commodity,2223.12,1
1000063808,Categoria C2,commodity,6424.44,2
1000063828,Categoria C1,commodity,1802.36,1
1000063828,Categoria C2,commodity,2728.66,2
1000063882,Categoria C1,commodity,2223.12,1
1000063882,Categoria C2,commodity,6634.82,2
1000063886,Categoria C1,commodity,3410.04,1
1000063886,Categoria C2,commodity,9674.34,2
1000063952,Categoria C1,commodity,1802.36,1
1000063952,Categoria C2,commodity,3548.2,2
1000063976,Categoria C1,commodity,2223.12,1
1000063976,Categoria C2,commodity,18840.0,2
1000063988,Categoria C1,commodity,1802.36,1
1000063988,Categoria C2,commodity,16783.3,2
1000064020,Categoria C1,commodity,2223.12,1
1000064020,Categoria C2,commodity,8022.7,2
1000064042,Categoria C1,commodity,2223.12,1
1000064042,Categoria C2,commodity,10333.74,2
1000064044,Categoria C1,commodity,3410.04,1
1000064044,Categoria C2,commodity,15539.86,2
1000064053,Categoria C1,commodity,3410.04,1
1000064053,Categoria C2,commodity,7215.72,2
1000064168,Categoria C1,commodity,2223.12,1
1000064168,Categoria C2,commodity,6424.44,2
1000064196,Categoria C1,commodity,3410.04,1
1000064196,Categoria C2,commodity,24787.16,2
1000064201,Categoria C1,commodity,2223.12,1
1000064201,Categoria C2,commodity,6424.44,2
1000064214,Categoria C1,commodity,2223.12,1
1000064214,Categoria C2,commodity,1086.44,2
1000064215,Categoria C1,commodity,1802.36,1
1000064215,Categoria C2,commodity,879.2,2
1000064225,Categoria C1,commodity,1802.36,1
1000064225,Categoria C2,commodity,3548.2,2
1000064259,Categoria C1,commodity,3410.04,1
1000064259,Categoria C2,commodity,9674.34,2
1000064270,Categoria C1,commodity,2223.12,1
1000064270,Categoria C2,commodity,3397.48,2
1000064271,Categoria C1,commodity,1802.36,1
1000064271,Categoria C2,commodity,3548.2,2
1000064323,Categoria C1,commodity,2223.12,1
1000064323,Categoria C2,commodity,6424.44,2
1000064338,Categoria C1,commodity,3410.04,1
1000064338,Categoria C2,commodity,9674.34,2
1000064341,Categoria C1,commodity,2223.12,1
1000064341,Categoria C2,commodity,6424.44,2
1000064344,Categoria C1,commodity,1802.36,1
1000064344,Categoria C2,commodity,879.2,2
1000064355,Categoria C1,commodity,2223.12,1
1000064355,Categoria C2,commodity,10333.74,2
1000064358,Categoria C1,commodity,2223.12,1
1000064358,Categoria C2,commodity,6424.44,2
1000064359,Categoria C1,commodity,2223.12,1
1000064359,Categoria C2,commodity,6424.44,2
1000064382,Categoria C1,commodity,2223.12,1
1000064382,Categoria C2,commodity,6424.44,2
1000064411,Categoria C1,commodity,1802.36,1
1000064411,Categoria C2,commodity,16877.5,2
1000064438,Categoria C1,commodity,3410.04,1
1000064438,Categoria C2,commodity,9674.34,2
1000064472,Categoria C1,commodity,2223.12,1
1000064472,Categoria C2,commodity,21521.56,2
1000064482,Categoria C1,commodity,2223.12,1
1000064482,Categoria C2,commodity,10333.74,2
1000064490,Categoria C1,commodity,2223.12,1
1000064490,Categoria C2,commodity,3862.2,2
1000064511,Categoria C1,commodity,2223.12,1
1000064511,Categoria C2,commodity,6424.44,2
1000064516,Categoria C1,commodity,3410.04,1
1000064516,Categoria C2,commodity,29409.24,2
1000064563,Categoria C1,commodity,3410.04,1
1000064563,Categoria C2,commodity,20161.94,2
1000064588,Categoria C1,commodity,2223.12,1
1000064588,Categoria C2,commodity,3397.48,2
1000064623,Categoria C1,commodity,2223.12,1
1000064623,Categoria C2,commodity,6424.44,2
1000064679,Categoria C1,commodity,2223.12,1
1000064679,Categoria C2,commodity,16808.42,2
1000064695,Categoria C1,commodity,1802.36,1
1000064695,Categoria C2,commodity,879.2,2
1000064762,Categoria C1,commodity,3410.04,1
1000064762,Categoria C2,commodity,5366.26,2
1000064765,Categoria C1,commodity,2223.12,1
1000064765,Categoria C2,commodity,1086.44,2
1000064792,Categoria C1,commodity,2223.12,1
1000064792,Categoria C2,commodity,8484.28,2
1000064813,Categoria C1,commodity,2223.12,1
1000064813,Categoria C2,commodity,14958.96,2
1000064817,Categoria C1,commodity,1802.36,1
1000064817,Categoria C2,commodity,5504.42,2
1000064863,Categoria C1,commodity,2223.12,1
1000064863,Categoria C2,commodity,14958.96,2
1000064871,Categoria C1,commodity,3410.04,1
1000064871,Categoria C2,commodity,15539.86,2
1000064902,Categoria C1,commodity,2223.12,1
1000064902,Categoria C2,commodity,1086.44,2
1000064908,Categoria C1,commodity,2223.12,1
1000064908,Categoria C2,commodity,6424.44,2
1000064950,Categoria C1,commodity,4546.72,1
1000064950,Categoria C2,commodity,22196.66,2
1000064972,Categoria C1,commodity,1802.36,1
1000064972,Categoria C2,commodity,3548.2,2
1000064973,Categoria C1,commodity,2223.12,1
1000064973,Categoria C2,commodity,6424.44,2
1000064974,Categoria C1,commodity,3410.04,1
1000064974,Categoria C2,commodity,15539.86,2
1000064976,Categoria C1,commodity,3410.04,1
1000064976,Categoria C2,commodity,15539.86,2
1000064986,Categoria C1,commodity,1802.36,1
1000064986,Categoria C2,commodity,879.2,2
1000064988,Categoria C1,commodity,1802.36,1
1000064988,Categoria C2,commodity,879.2,2
1000064990,Categoria C1,commodity,2223.12,1
1000064990,Categoria C2,commodity,9410.58,2
1000065055,Categoria C1,commodity,3410.04,1
1000065055,Categoria C2,commodity,9674.34,2
1000065061,Categoria C1,commodity,1802.36,1
1000065061,Categoria C2,commodity,14751.72,2
1000065082,Categoria C1,commodity,2223.12,1
1000065082,Categoria C2,commodity,10333.74,2
1000065120,Categoria C1,commodity,2223.12,1
1000065120,Categoria C2,commodity,7561.12,2
1000065127,Categoria C1,commodity,2223.12,1
1000065127,Categoria C2,commodity,7561.12,2
1000065150,Categoria C1,commodity,1802.36,1
1000065150,Categoria C2,commodity,5504.42,2
1000065164,Categoria C1,commodity,2223.12,1
1000065164,Categoria C2,commodity,6634.82,2
1000065185,Categoria C1,commodity,4546.72,1
1000065185,Categoria C2,commodity,32740.78,2
1000065209,Categoria C1,commodity,3410.04,1
1000065209,Categoria C2,commodity,10914.64,2
1000065215,Categoria C1,commodity,2223.12,1
1000065215,Categoria C2,commodity,1086.44,2
1000065217,Categoria C1,commodity,2223.12,1
1000065217,Categoria C2,commodity,10333.74,2
1000065218,Categoria C1,commodity,2223.12,1
1000065218,Categoria C2,commodity,14958.96,2
1000065221,Categoria C1,commodity,1802.36,1
1000065221,Categoria C2,commodity,879.2,2
1000065237,Categoria C1,commodity,2223.12,1
1000065237,Categoria C2,commodity,6424.44,2
1000065263,Categoria C1,commodity,2223.12,1
1000065263,Categoria C2,commodity,24206.26,2
1000065324,Categoria C1,commodity,2223.12,1
1000065324,Categoria C2,commodity,14958.96,2
1000065325,Categoria C1,commodity,2223.12,1
1000065325,Categoria C2,commodity,1086.44,2
1000065340,Categoria C1,commodity,2223.12,1
1000065340,Categoria C2,commodity,4785.36,2
1000065344,Categoria C1,commodity,2223.12,1
1000065344,Categoria C2,commodity,4785.36,2
1000065403,Categoria C1,commodity,1802.36,1
1000065403,Categoria C2,commodity,879.2,2
1000065432,Categoria C1,commodity,2223.12,1
1000065432,Categoria C2,commodity,10333.74,2
1000065433,Categoria C1,commodity,1802.36,1
1000065433,Categoria C2,commodity,17248.02,2
1000065441,Categoria C1,commodity,2223.12,1
1000065441,Categoria C2,commodity,6424.44,2
1000065450,Categoria C1,commodity,2223.12,1
1000065450,Categoria C2,commodity,6424.44,2
1000065459,Categoria C1,commodity,2223.12,1
1000065459,Categoria C2,commodity,7561.12,2
1000065461,Categoria C1,commodity,1802.36,1
1000065461,Categoria C2,commodity,3548.2,2
1000065462,Categoria C1,commodity,2223.12,1
1000065462,Categoria C2,commodity,10333.74,2
1000065468,Categoria C1,commodity,2223.12,1
1000065468,Categoria C2,commodity,6634.82,2
1000065497,Categoria C1,commodity,2223.12,1
1000065497,Categoria C2,commodity,6634.82,2
1000065508,Categoria C1,commodity,2223.12,1
1000065508,Categoria C2,commodity,17731.58,2
1000065511,Categoria C1,commodity,2223.12,1
1000065511,Categoria C2,commodity,6634.82,2
1000065512,Categoria C1,commodity,3410.04,1
1000065512,Categoria C2,commodity,4443.1,2
1000065513,Categoria C1,commodity,2223.12,1
1000065513,Categoria C2,commodity,5711.66,2
1000065514,Categoria C1,commodity,1802.36,1
1000065514,Categoria C2,commodity,879.2,2
1000065515,Categoria C1,commodity,1802.36,1
1000065515,Categoria C2,commodity,3548.2,2
1000065541,Categoria C1,commodity,2223.12,1
1000065541,Categoria C2,commodity,10333.74,2
1000065545,Categoria C1,commodity,1802.36,1
1000065545,Categoria C2,commodity,3548.2,2
1000065564,Categoria C1,commodity,2223.12,1
1000065564,Categoria C2,commodity,2474.32,2
1000065575,Categoria C1,commodity,1802.36,1
1000065575,Categoria C2,commodity,19373.8,2
1000065578,Categoria C1,commodity,1802.36,1
1000065578,Categoria C2,commodity,2728.66,2
1000065584,Categoria C1,commodity,2223.12,1
1000065584,Categoria C2,commodity,1086.44,2
1000065611,Categoria C1,commodity,4546.72,1
1000065611,Categoria C2,commodity,31814.48,2
1000065616,Categoria C1,commodity,2223.12,1
1000065616,Categoria C2,commodity,8484.28,2
1000065626,Categoria C1,commodity,1802.36,1
1000065626,Categoria C2,commodity,3548.2,2
1000065651,Categoria C1,commodity,3410.04,1
1000065651,Categoria C2,commodity,7215.72,2
1000065685,Categoria C1,commodity,2223.12,1
1000065685,Categoria C2,commodity,12183.2,2
1000065692,Categoria C1,commodity,3410.04,1
1000065692,Categoria C2,commodity,6292.56,2
1000065702,Categoria C1,commodity,5683.4,1
1000065702,Categoria C2,commodity,21273.5,2
1000065721,Categoria C1,commodity,2223.12,1
1000065721,Categoria C2,commodity,1086.44,2
1000065731,Categoria C1,commodity,2223.12,1
1000065731,Categoria C2,commodity,10333.74,2
1000065734,Categoria C1,commodity,2223.12,1
1000065734,Categoria C2,commodity,6424.44,2
1000065749,Categoria C1,commodity,2223.12,1
1000065749,Categoria C2,commodity,10333.74,2
1000065751,Categoria C1,commodity,1802.36,1
1000065751,Categoria C2,commodity,3548.2,2
1000065753,Categoria C1,commodity,3410.04,1
1000065753,Categoria C2,commodity,12764.1,2
1000065775,Categoria C1,commodity,2223.12,1
1000065775,Categoria C2,commodity,1086.44,2
1000065814,Categoria C1,commodity,1802.36,1
1000065814,Categoria C2,commodity,3548.2,2
1000065838,Categoria C1,commodity,2223.12,1
1000065838,Categoria C2,commodity,6424.44,2
1000065849,Categoria C1,commodity,2223.12,1
1000065849,Categoria C2,commodity,18193.16,2
1000065857,Categoria C1,commodity,6820.08,1
1000065857,Categoria C2,commodity,40323.88,2
1000065867,Categoria C1,commodity,3410.04,1
1000065867,Categoria C2,commodity,9674.34,2
1000065868,Categoria C1,commodity,1802.36,1
1000065868,Categoria C2,commodity,4578.12,2
1000065881,Categoria C1,commodity,2223.12,1
1000065881,Categoria C2,commodity,6424.44,2
1000065883,Categoria C1,commodity,2223.12,1
1000065883,Categoria C2,commodity,8484.28,2
1000065895,Categoria C1,commodity,2223.12,1
1000065895,Categoria C2,commodity,12183.2,2
1000065897,Categoria C1,commodity,2223.12,1
1000065897,Categoria C2,commodity,6424.44,2
1000065909,Categoria C1,commodity,2223.12,1
1000065909,Categoria C2,commodity,10333.74,2
1000065933,Categoria C1,commodity,1802.36,1
1000065933,Categoria C2,commodity,3654.96,2
1000065957,Categoria C1,commodity,2223.12,1
1000065957,Categoria C2,commodity,8484.28,2
1000065966,Categoria C1,commodity,2223.12,1
1000065966,Categoria C2,commodity,10333.74,2
1000065974,Categoria C1,commodity,2223.12,1
1000065974,Categoria C2,commodity,19581.04,2
1000066028,Categoria C1,commodity,1802.36,1
1000066028,Categoria C2,commodity,879.2,2
1000066051,Categoria C1,commodity,2223.12,1
1000066051,Categoria C2,commodity,6424.44,2
1000066086,Categoria C1,commodity,2223.12,1
1000066086,Categoria C2,commodity,13109.5,2
1000066104,Categoria C1,commodity,2223.12,1
1000066104,Categoria C2,commodity,3862.2,2
1000066138,Categoria C1,commodity,5683.4,1
1000066138,Categoria C2,commodity,19885.62,2
1000066177,Categoria C1,commodity,1802.36,1
1000066177,Categoria C2,commodity,879.2,2
1000066191,Categoria C1,commodity,1802.36,1
1000066191,Categoria C2,commodity,10126.5,2
1000066196,Categoria C1,commodity,3410.04,1
1000066196,Categoria C2,commodity,15539.86,2
1000066197,Categoria C1,commodity,1802.36,1
1000066197,Categoria C2,commodity,2728.66,2
1000066234,Categoria C1,commodity,2223.12,1
1000066234,Categoria C2,commodity,10333.74,2
1000066257,Categoria C1,commodity,2223.12,1
1000066257,Categoria C2,commodity,5711.66,2
1000066278,Categoria C1,commodity,2223.12,1
1000066278,Categoria C2,commodity,1086.44,2
1000066279,Categoria C1,commodity,2223.12,1
1000066279,Categoria C2,commodity,10333.74,2
1000066292,Categoria C1,commodity,2223.12,1
1000066292,Categoria C2,commodity,21430.5,2
1000066316,Categoria C1,commodity,3410.04,1
1000066316,Categoria C2,commodity,29409.24,2
1000066345,Categoria C1,commodity,2223.12,1
1000066345,Categoria C2,commodity,1086.44,2
1000066370,Categoria C1,commodity,2223.12,1
1000066370,Categoria C2,commodity,5711.66,2
1000066387,Categoria C1,commodity,2223.12,1
1000066387,Categoria C2,commodity,10333.74,2
1000066398,Categoria C1,commodity,3410.04,1
1000066398,Categoria C2,commodity,20161.94,2
1000066400,Categoria C1,commodity,2223.12,1
1000066400,Categoria C2,commodity,7561.12,2
1000066414,Categoria C1,commodity,2223.12,1
1000066414,Categoria C2,commodity,4785.36,2
1000066450,Categoria C1,commodity,2223.12,1
1000066450,Categoria C2,commodity,12183.2,2
1000066456,Categoria C1,commodity,1802.36,1
1000066456,Categoria C2,commodity,2728.66,2
1000066463,Categoria C1,commodity,2223.12,1
1000066463,Categoria C2,commodity,6424.44,2
1000066469,Categoria C1,commodity,2223.12,1
1000066469,Categoria C2,commodity,6424.44,2
1000066475,Categoria C1,commodity,4546.72,1
1000066475,Categoria C2,commodity,29965.02,2
1000066497,Categoria C1,commodity,2223.12,1
1000066497,Categoria C2,commodity,6424.44,2
1000066500,Categoria C1,commodity,2223.12,1
1000066500,Categoria C2,commodity,14958.96,2
1000066514,Categoria C1,commodity,2223.12,1
1000066514,Categoria C2,commodity,6424.44,2
1000066520,Categoria C1,commodity,2223.12,1
1000066520,Categoria C2,commodity,38075.64,2
1000066527,Categoria C1,commodity,2223.12,1
1000066527,Categoria C2,commodity,8484.28,2
1000066528,Categoria C1,commodity,1802.36,1
1000066528,Categoria C2,commodity,3548.2,2
1000066584,Categoria C1,commodity,2223.12,1
1000066584,Categoria C2,commodity,5711.66,2
1000066596,Categoria C1,commodity,3410.04,1
1000066596,Categoria C2,commodity,8603.6,2
1000066605,Categoria C1,commodity,1802.36,1
1000066605,Categoria C2,commodity,3548.2,2
1000066624,Categoria C1,commodity,3410.04,1
1000066624,Categoria C2,commodity,18312.48,2
1000066625,Categoria C1,commodity,2223.12,1
1000066625,Categoria C2,commodity,6424.44,2
1000066626,Categoria C1,commodity,2223.12,1
1000066626,Categoria C2,commodity,9410.58,2
1000066646,Categoria C1,commodity,1802.36,1
1000066646,Categoria C2,commodity,13825.42,2
1000066652,Categoria C1,commodity,3410.04,1
1000066652,Categoria C2,commodity,29409.24,2
1000066667,Categoria C1,commodity,2223.12,1
1000066667,Categoria C2,commodity,6424.44,2
1000066668,Categoria C1,commodity,2223.12,1
1000066668,Categoria C2,commodity,8484.28,2
1000066730,Categoria C1,commodity,1802.36,1
1000066730,Categoria C2,commodity,879.2,2
1000066740,Categoria C1,commodity,4546.72,1
1000066740,Categoria C2,commodity,20717.72,2
1000066767,Categoria C1,commodity,2223.12,1
1000066767,Categoria C2,commodity,16990.54,2
1000066774,Categoria C1,commodity,2223.12,1
1000066774,Categoria C2,commodity,17546.32,2
1000066784,Categoria C1,commodity,2223.12,1
1000066784,Categoria C2,commodity,10333.74,2
1000066787,Categoria C1,commodity,3410.04,1
1000066787,Categoria C2,commodity,9674.34,2
1000066831,Categoria C1,commodity,1802.36,1
1000066831,Categoria C2,commodity,3548.2,2
1000066853,Categoria C1,commodity,3410.04,1
1000066853,Categoria C2,commodity,1667.34,2
1000066909,Categoria C1,commodity,2223.12,1
1000066909,Categoria C2,commodity,6424.44,2
1000066914,Categoria C1,commodity,2223.12,1
1000066914,Categoria C2,commodity,2935.9,2
1000066926,Categoria C1,commodity,2223.12,1
1000066926,Categoria C2,commodity,6424.44,2
1000066944,Categoria C1,commodity,1802.36,1
1000066944,Categoria C2,commodity,10126.5,2
1000066970,Categoria C1,commodity,3410.04,1
1000066970,Categoria C2,commodity,6292.56,2
1000066989,Categoria C1,commodity,1802.36,1
1000066989,Categoria C2,commodity,3548.2,2
1000067138,Categoria C1,commodity,3410.04,1
1000067138,Categoria C2,commodity,7215.72,2
1000067171,Categoria C1,commodity,2223.12,1
1000067171,Categoria C2,commodity,6634.82,2
1000067175,Categoria C1,commodity,2223.12,1
1000067175,Categoria C2,commodity,10333.74,2
1000067191,Categoria C1,commodity,2223.12,1
1000067191,Categoria C2,commodity,6424.44,2
1000067205,Categoria C1,commodity,2223.12,1
1000067205,Categoria C2,commodity,6424.44,2
1000067232,Categoria C1,commodity,1802.36,1
1000067232,Categoria C2,commodity,879.2,2
1000067238,Categoria C1,commodity,1802.36,1
1000067238,Categoria C2,commodity,2728.66,2
1000067241,Categoria C1,commodity,2223.12,1
1000067241,Categoria C2,commodity,6424.44,2
1000067277,Categoria C1,commodity,3410.04,1
1000067277,Categoria C2,commodity,9674.34,2
1000067289,Categoria C1,commodity,3410.04,1
1000067289,Categoria C2,commodity,15539.86,2
1000067298,Categoria C1,commodity,2223.12,1
1000067298,Categoria C2,commodity,6634.82,2
1000067305,Categoria C1,commodity,2223.12,1
1000067305,Categoria C2,commodity,6424.44,2
1000067312,Categoria C1,commodity,2223.12,1
1000067312,Categoria C2,commodity,3862.2,2
1000067436,Categoria C1,commodity,2223.12,1
1000067436,Categoria C2,commodity,8022.7,2
1000067437,Categoria C1,commodity,2223.12,1
1000067437,Categoria C2,commodity,3862.2,2
1000067445,Categoria C1,commodity,1802.36,1
1000067445,Categoria C2,commodity,3548.2,2
1000067455,Categoria C1,commodity,2223.12,1
1000067455,Categoria C2,commodity,10333.74,2
1000067462,Categoria C1,commodity,2223.12,1
1000067462,Categoria C2,commodity,6424.44,2
1000067471,Categoria C1,commodity,3410.04,1
1000067471,Categoria C2,commodity,9674.34,2
1000067487,Categoria C1,commodity,2223.12,1
1000067487,Categoria C2,commodity,10333.74,2
1000067490,Categoria C1,commodity,2223.12,1
1000067490,Categoria C2,commodity,6424.44,2
1000067501,Categoria C1,commodity,1802.36,1
1000067501,Categoria C2,commodity,3548.2,2
1000067502,Categoria C1,commodity,2223.12,1
1000067502,Categoria C2,commodity,19581.04,2
1000067503,Categoria C1,commodity,3410.04,1
1000067503,Categoria C2,commodity,9674.34,2
1000067528,Categoria C1,commodity,2223.12,1
1000067528,Categoria C2,commodity,5711.66,2
1000067530,Categoria C1,commodity,1802.36,1
1000067530,Categoria C2,commodity,879.2,2
1000067536,Categoria C1,commodity,1802.36,1
1000067536,Categoria C2,commodity,879.2,2
1000067548,Categoria C1,commodity,2223.12,1
1000067548,Categoria C2,commodity,6424.44,2
1000067555,Categoria C1,commodity,2223.12,1
1000067555,Categoria C2,commodity,10333.74,2
1000067591,Categoria C1,commodity,3410.04,1
1000067591,Categoria C2,commodity,20161.94,2
1000067604,Categoria C1,commodity,1802.36,1
1000067604,Categoria C2,commodity,9203.34,2
1000067605,Categoria C1,commodity,2223.12,1
1000067605,Categoria C2,commodity,6424.44,2
1000067638,Categoria C1,commodity,2223.12,1
1000067638,Categoria C2,commodity,6424.44,2
1000067641,Categoria C1,commodity,3410.04,1
1000067641,Categoria C2,commodity,9674.34,2
1000067662,Categoria C1,commodity,2223.12,1
1000067662,Categoria C2,commodity,6424.44,2
1000067685,Categoria C1,commodity,2223.12,1
1000067685,Categoria C2,commodity,28828.34,2
1000067686,Categoria C1,commodity,2223.12,1
1000067686,Categoria C2,commodity,6424.44,2
1000067693,Categoria C1,commodity,3410.04,1
1000067693,Categoria C2,commodity,9674.34,2
1000067706,Categoria C1,commodity,2223.12,1
1000067706,Categoria C2,commodity,8484.28,2
1000067731,Categoria C1,commodity,1802.36,1
1000067731,Categoria C2,commodity,879.2,2
1000067733,Categoria C1,commodity,3410.04,1
1000067733,Categoria C2,commodity,20161.94,2
1000067764,Categoria C1,commodity,1802.36,1
1000067764,Categoria C2,commodity,879.2,2
1000067766,Categoria C1,commodity,1802.36,1
1000067766,Categoria C2,commodity,2728.66,2
1000067833,Categoria C1,commodity,2223.12,1
1000067833,Categoria C2,commodity,6424.44,2
1000067839,Categoria C1,commodity,2223.12,1
1000067839,Categoria C2,commodity,2935.9,2
1000067844,Categoria C1,commodity,2223.12,1
1000067844,Categoria C2,commodity,4785.36,2
1000067847,Categoria C1,commodity,1802.36,1
1000067847,Categoria C2,commodity,3548.2,2
1000067856,Categoria C1,commodity,4546.72,1
1000067856,Categoria C2,commodity,43837.54,2
1000067858,Categoria C1,commodity,1802.36,1
1000067858,Categoria C2,commodity,879.2,2
1000067859,Categoria C1,commodity,2223.12,1
1000067859,Categoria C2,commodity,6424.44,2
1000067878,Categoria C1,commodity,2223.12,1
1000067878,Categoria C2,commodity,6424.44,2
1000067889,Categoria C1,commodity,2223.12,1
1000067889,Categoria C2,commodity,6424.44,2
1000067918,Categoria C1,commodity,2223.12,1
1000067918,Categoria C2,commodity,6424.44,2
1000067950,Categoria C1,commodity,5683.4,1
1000067950,Categoria C2,commodity,2778.9,2
1000067960,Categoria C1,commodity,1802.36,1
1000067960,Categoria C2,commodity,879.2,2
1000067963,Categoria C1,commodity,3410.04,1
1000067963,Categoria C2,commodity,1667.34,2
1000067996,Categoria C1,commodity,2223.12,1
1000067996,Categoria C2,commodity,6424.44,2
1000068003,Categoria C1,commodity,4546.72,1
1000068003,Categoria C2,commodity,29965.02,2
1000068004,Categoria C1,commodity,1802.36,1
1000068004,Categoria C2,commodity,879.2,2
1000068070,Categoria C1,commodity,2223.12,1
1000068070,Categoria C2,commodity,6424.44,2
1000068077,Categoria C1,commodity,3410.04,1
1000068077,Categoria C2,commodity,22937.7,2
1000068078,Categoria C1,commodity,2223.12,1
1000068078,Categoria C2,commodity,1086.44,2
1000068083,Categoria C1,commodity,1802.36,1
1000068083,Categoria C2,commodity,879.2,2
1000068088,Categoria C1,commodity,2223.12,1
1000068088,Categoria C2,commodity,9410.58,2
1000068095,Categoria C1,commodity,2223.12,1
1000068095,Categoria C2,commodity,19581.04,2
1000068112,Categoria C1,commodity,2223.12,1
1000068112,Categoria C2,commodity,1086.44,2
1000068168,Categoria C1,commodity,3410.04,1
1000068168,Categoria C2,commodity,9674.34,2
1000068196,Categoria C1,commodity,3410.04,1
1000068196,Categoria C2,commodity,29409.24,2
1000068197,Categoria C1,commodity,1802.36,1
1000068197,Categoria C2,commodity,879.2,2
1000068212,Categoria C1,commodity,3410.04,1
1000068212,Categoria C2,commodity,52529.06,2
1000068235,Categoria C1,commodity,3410.04,1
1000068235,Categoria C2,commodity,10914.64,2
1000068248,Categoria C1,commodity,2223.12,1
1000068248,Categoria C2,commodity,7096.4,2
1000068289,Categoria C1,commodity,3410.04,1
1000068289,Categoria C2,commodity,10914.64,2
1000068305,Categoria C1,commodity,3410.04,1
1000068305,Categoria C2,commodity,29409.24,2
1000068328,Categoria C1,commodity,2223.12,1
1000068328,Categoria C2,commodity,6424.44,2
1000068344,Categoria C1,commodity,2223.12,1
1000068344,Categoria C2,commodity,10333.74,2
1000068433,Categoria C1,commodity,2223.12,1
1000068433,Categoria C2,commodity,3862.2,2
1000068442,Categoria C1,commodity,1802.36,1
1000068442,Categoria C2,commodity,879.2,2
1000068451,Categoria C1,commodity,2223.12,1
1000068451,Categoria C2,commodity,10333.74,2
1000068467,Categoria C1,commodity,1802.36,1
1000068467,Categoria C2,commodity,3548.2,2
1000068519,Categoria C1,commodity,1802.36,1
1000068519,Categoria C2,commodity,3548.2,2
1000068522,Categoria C1,commodity,3410.04,1
1000068522,Categoria C2,commodity,9674.34,2
1000068539,Categoria C1,commodity,1802.36,1
1000068539,Categoria C2,commodity,3548.2,2
1000068558,Categoria C1,commodity,4546.72,1
1000068558,Categoria C2,commodity,12899.12,2
1000068577,Categoria C1,commodity,2223.12,1
1000068577,Categoria C2,commodity,6424.44,2
1000068579,Categoria C1,commodity,4546.72,1
1000068579,Categoria C2,commodity,13319.88,2
1000068599,Categoria C1,commodity,4546.72,1
1000068599,Categoria C2,commodity,39212.32,2
1000068622,Categoria C1,commodity,2223.12,1
1000068622,Categoria C2,commodity,1086.44,2
1000068629,Categoria C1,commodity,2223.12,1
1000068629,Categoria C2,commodity,17546.32,2
1000068642,Categoria C1,commodity,2223.12,1
1000068642,Categoria C2,commodity,1086.44,2
1000068645,Categoria C1,commodity,2223.12,1
1000068645,Categoria C2,commodity,1086.44,2
1000068656,Categoria C1,commodity,2223.12,1
1000068656,Categoria C2,commodity,6424.44,2
1000068662,Categoria C1,commodity,2223.12,1
1000068662,Categoria C2,commodity,6424.44,2
1000068663,Categoria C1,commodity,1802.36,1
1000068663,Categoria C2,commodity,16968.56,2
1000068670,Categoria C1,commodity,2223.12,1
1000068670,Categoria C2,commodity,3862.2,2
1000068692,Categoria C1,commodity,1802.36,1
1000068692,Categoria C2,commodity,879.2,2
1000068717,Categoria C1,commodity,2223.12,1
1000068717,Categoria C2,commodity,1086.44,2
1000068733,Categoria C1,commodity,1802.36,1
1000068733,Categoria C2,commodity,3548.2,2
1000068759,Categoria C1,commodity,3410.04,1
1000068759,Categoria C2,commodity,9674.34,2
1000068778,Categoria C1,commodity,3410.04,1
1000068778,Categoria C2,commodity,12764.1,2
1000068782,Categoria C1,commodity,2223.12,1
1000068782,Categoria C2,commodity,1086.44,2
1000068819,Categoria C1,commodity,1802.36,1
1000068819,Categoria C2,commodity,879.2,2
1000068832,Categoria C1,commodity,2223.12,1
1000068832,Categoria C2,commodity,5711.66,2
1000068838,Categoria C1,commodity,2223.12,1
1000068838,Categoria C2,commodity,8484.28,2
1000068846,Categoria C1,commodity,1802.36,1
1000068846,Categoria C2,commodity,7353.88,2
1000068858,Categoria C1,commodity,1802.36,1
1000068858,Categoria C2,commodity,2728.66,2
1000068861,Categoria C1,commodity,2223.12,1
1000068861,Categoria C2,commodity,12183.2,2
1000068890,Categoria C1,commodity,5683.4,1
1000068890,Categoria C2,commodity,35146.02,2
1000068897,Categoria C1,commodity,1802.36,1
1000068897,Categoria C2,commodity,3548.2,2
1000068912,Categoria C1,commodity,1802.36,1
1000068912,Categoria C2,commodity,7353.88,2
1000068930,Categoria C1,commodity,2223.12,1
1000068930,Categoria C2,commodity,12183.2,2
1000068952,Categoria C1,commodity,3410.04,1
1000068952,Categoria C2,commodity,20161.94,2
1000068972,Categoria C1,commodity,2223.12,1
1000068972,Categoria C2,commodity,8484.28,2
1000069022,Categoria C1,commodity,2223.12,1
1000069022,Categoria C2,commodity,8022.7,2
1000069026,Categoria C1,commodity,1802.36,1
1000069026,Categoria C2,commodity,8277.04,2
1000069027,Categoria C1,commodity,2223.12,1
1000069027,Categoria C2,commodity,6634.82,2
1000069071,Categoria C1,commodity,2223.12,1
1000069071,Categoria C2,commodity,6424.44,2
1000069080,Categoria C1,commodity,2223.12,1
1000069080,Categoria C2,commodity,8022.7,2
1000069082,Categoria C1,commodity,4546.72,1
1000069082,Categoria C2,commodity,18868.26,2
1000069090,Categoria C1,commodity,2223.12,1
1000069090,Categoria C2,commodity,14958.96,2
1000069114,Categoria C1,commodity,2223.12,1
1000069114,Categoria C2,commodity,6424.44,2
1000069115,Categoria C1,commodity,2223.12,1
1000069115,Categoria C2,commodity,6424.44,2
1000069128,Categoria C1,commodity,4546.72,1
1000069128,Categoria C2,commodity,57706.92,2
1000069167,Categoria C1,commodity,2223.12,1
1000069167,Categoria C2,commodity,10333.74,2
1000069175,Categoria C1,commodity,2223.12,1
1000069175,Categoria C2,commodity,8022.7,2
1000069188,Categoria C1,commodity,3410.04,1
1000069188,Categoria C2,commodity,9674.34,2
1000069225,Categoria C1,commodity,2223.12,1
1000069225,Categoria C2,commodity,6424.44,2
1000069232,Categoria C1,commodity,2223.12,1
1000069232,Categoria C2,commodity,8484.28,2
1000069233,Categoria C1,commodity,1802.36,1
1000069233,Categoria C2,commodity,3548.2,2
1000069275,Categoria C1,commodity,3410.04,1
1000069275,Categoria C2,commodity,9674.34,2
1000069298,Categoria C1,commodity,6820.08,1
1000069298,Categoria C2,commodity,3334.68,2
1000069300,Categoria C1,commodity,1802.36,1
1000069300,Categoria C2,commodity,3548.2,2
1000069310,Categoria C1,commodity,2223.12,1
1000069310,Categoria C2,commodity,22356.8,2
1000069328,Categoria C1,commodity,2223.12,1
1000069328,Categoria C2,commodity,6424.44,2
1000069333,Categoria C1,commodity,2223.12,1
1000069333,Categoria C2,commodity,10333.74,2
1000069334,Categoria C1,commodity,2223.12,1
1000069334,Categoria C2,commodity,1086.44,2
1000069355,Categoria C1,commodity,1802.36,1
1000069355,Categoria C2,commodity,3548.2,2
1000069386,Categoria C1,commodity,3410.04,1
1000069386,Categoria C2,commodity,15539.86,2
1000069401,Categoria C1,commodity,2223.12,1
1000069401,Categoria C2,commodity,14032.66,2
1000069407,Categoria C1,commodity,1802.36,1
1000069407,Categoria C2,commodity,6427.58,2
1000069410,Categoria C1,commodity,1802.36,1
1000069410,Categoria C2,commodity,3548.2,2
1000069442,Categoria C1,commodity,2223.12,1
1000069442,Categoria C2,commodity,6634.82,2
1000069451,Categoria C1,commodity,3410.04,1
1000069451,Categoria C2,commodity,5366.26,2
1000069483,Categoria C1,commodity,3410.04,1
1000069483,Categoria C2,commodity,9526.76,2
1000069507,Categoria C1,commodity,3410.04,1
1000069507,Categoria C2,commodity,6292.56,2
1000069519,Categoria C1,commodity,1802.36,1
1000069519,Categoria C2,commodity,879.2,2
1000069528,Categoria C1,commodity,2223.12,1
1000069528,Categoria C2,commodity,6424.44,2
1000069541,Categoria C1,commodity,2223.12,1
1000069541,Categoria C2,commodity,6424.44,2
1000069542,Categoria C1,commodity,2223.12,1
1000069542,Categoria C2,commodity,6424.44,2
1000069597,Categoria C1,commodity,3410.04,1
1000069597,Categoria C2,commodity,20161.94,2
1000069621,Categoria C1,commodity,2223.12,1
1000069621,Categoria C2,commodity,6424.44,2
1000069627,Categoria C1,commodity,3410.04,1
1000069627,Categoria C2,commodity,9674.34,2
1000069630,Categoria C1,commodity,1802.36,1
1000069630,Categoria C2,commodity,879.2,2
1000069654,Categoria C1,commodity,2223.12,1
1000069654,Categoria C2,commodity,6424.44,2
1000069690,Categoria C1,commodity,2223.12,1
1000069690,Categoria C2,commodity,6634.82,2
1000069691,Categoria C1,commodity,1802.36,1
1000069691,Categoria C2,commodity,879.2,2
1000069695,Categoria C1,commodity,2223.12,1
1000069695,Categoria C2,commodity,5711.66,2
1000069705,Categoria C1,commodity,4546.72,1
1000069705,Categoria C2,commodity,12899.12,2
1000069726,Categoria C1,commodity,2223.12,1
1000069726,Categoria C2,commodity,6424.44,2
1000069727,Categoria C1,commodity,1802.36,1
1000069727,Categoria C2,commodity,3548.2,2
1000069728,Categoria C1,commodity,2223.12,1
1000069728,Categoria C2,commodity,6424.44,2
1000069730,Categoria C1,commodity,2223.12,1
1000069730,Categoria C2,commodity,6634.82,2
1000069746,Categoria C1,commodity,2223.12,1
1000069746,Categoria C2,commodity,14958.96,2
1000069786,Categoria C1,commodity,2223.12,1
1000069786,Categoria C2,commodity,8022.7,2
1000069798,Categoria C1,commodity,2223.12,1
1000069798,Categoria C2,commodity,1086.44,2
1000069839,Categoria C1,commodity,3410.04,1
1000069839,Categoria C2,commodity,1667.34,2
1000069840,Categoria C1,commodity,3410.04,1
1000069840,Categoria C2,commodity,38656.54,2
1000069849,Categoria C1,commodity,2223.12,1
1000069849,Categoria C2,commodity,6424.44,2
1000069865,Categoria C1,commodity,5683.4,1
1000069865,Categoria C2,commodity,16123.9,2
1000069873,Categoria C1,commodity,3410.04,1
1000069873,Categoria C2,commodity,1667.34,2
1000069917,Categoria C1,commodity,2223.12,1
1000069917,Categoria C2,commodity,6424.44,2
1000069921,Categoria C1,commodity,2223.12,1
1000069921,Categoria C2,commodity,5711.66,2
1000069975,Categoria C1,commodity,2223.12,1
1000069975,Categoria C2,commodity,8022.7,2
1000069982,Categoria C1,commodity,2223.12,1
1000069982,Categoria C2,commodity,8022.7,2
1000069992,Categoria C1,commodity,2223.12,1
1000069992,Categoria C2,commodity,6424.44,2
1000070037,Categoria C1,commodity,2223.12,1
1000070037,Categoria C2,commodity,19581.04,2
1000070078,Categoria C1,commodity,3410.04,1
1000070078,Categoria C2,commodity,10914.64,2
1000070080,Categoria C1,commodity,2223.12,1
1000070080,Categoria C2,commodity,17731.58,2
1000070086,Categoria C1,commodity,3410.04,1
1000070086,Categoria C2,commodity,10914.64,2
1000070089,Categoria C1,commodity,2223.12,1
1000070089,Categoria C2,commodity,14958.96,2
1000070093,Categoria C1,commodity,1802.36,1
1000070093,Categoria C2,commodity,3548.2,2
1000070095,Categoria C1,commodity,3410.04,1
1000070095,Categoria C2,commodity,7215.72,2
1000070141,Categoria C1,commodity,2223.12,1
1000070141,Categoria C2,commodity,10333.74,2
1000070145,Categoria C1,commodity,2223.12,1
1000070145,Categoria C2,commodity,8022.7,2
1000070146,Categoria C1,commodity,2223.12,1
1000070146,Categoria C2,commodity,6424.44,2
1000070147,Categoria C1,commodity,3410.04,1
1000070147,Categoria C2,commodity,20161.94,2
1000070153,Categoria C1,commodity,2223.12,1
1000070153,Categoria C2,commodity,10333.74,2
1000070182,Categoria C1,commodity,3410.04,1
1000070182,Categoria C2,commodity,9674.34,2
1000070203,Categoria C1,commodity,2223.12,1
1000070203,Categoria C2,commodity,14958.96,2
1000070207,Categoria C1,commodity,1802.36,1
1000070207,Categoria C2,commodity,879.2,2
1000070236,Categoria C1,commodity,2223.12,1
1000070236,Categoria C2,commodity,8484.28,2
1000070258,Categoria C1,commodity,2223.12,1
1000070258,Categoria C2,commodity,6634.82,2
1000070274,Categoria C1,commodity,3410.04,1
1000070274,Categoria C2,commodity,6292.56,2
1000070278,Categoria C1,commodity,2223.12,1
1000070278,Categoria C2,commodity,6424.44,2
1000070279,Categoria C1,commodity,2223.12,1
1000070279,Categoria C2,commodity,6424.44,2
1000070295,Categoria C1,commodity,3410.04,1
1000070295,Categoria C2,commodity,1667.34,2
1000070457,Categoria C1,commodity,2223.12,1
1000070457,Categoria C2,commodity,1086.44,2
1000070482,Categoria C1,commodity,2223.12,1
1000070482,Categoria C2,commodity,14958.96,2
1000070492,Categoria C1,commodity,1802.36,1
1000070492,Categoria C2,commodity,879.2,2
1000070497,Categoria C1,commodity,2223.12,1
1000070497,Categoria C2,commodity,6634.82,2
1000070498,Categoria C1,commodity,2223.12,1
1000070498,Categoria C2,commodity,1086.44,2
1000070508,Categoria C1,commodity,3410.04,1
1000070508,Categoria C2,commodity,9065.18,2
1000070524,Categoria C1,commodity,2223.12,1
1000070524,Categoria C2,commodity,1086.44,2
1000070525,Categoria C1,commodity,2223.12,1
1000070525,Categoria C2,commodity,6424.44,2
1000070533,Categoria C1,commodity,1802.36,1
1000070533,Categoria C2,commodity,879.2,2
1000070551,Categoria C1,commodity,2223.12,1
1000070551,Categoria C2,commodity,1086.44,2
1000070553,Categoria C1,commodity,1802.36,1
1000070553,Categoria C2,commodity,879.2,2
1000070556,Categoria C1,commodity,5683.4,1
1000070556,Categoria C2,commodity,12026.2,2
1000070562,Categoria C1,commodity,1802.36,1
1000070562,Categoria C2,commodity,5504.42,2
1000070563,Categoria C1,commodity,3410.04,1
1000070563,Categoria C2,commodity,12764.1,2
1000070578,Categoria C1,commodity,2223.12,1
1000070578,Categoria C2,commodity,10333.74,2
1000070579,Categoria C1,commodity,2223.12,1
1000070579,Categoria C2,commodity,12183.2,2
1000070580,Categoria C1,commodity,2223.12,1
1000070580,Categoria C2,commodity,6634.82,2
1000070581,Categoria C1,commodity,2223.12,1
1000070581,Categoria C2,commodity,24206.26,2
1000070593,Categoria C1,commodity,3410.04,1
1000070593,Categoria C2,commodity,1667.34,2
1000070600,Categoria C1,commodity,1802.36,1
1000070600,Categoria C2,commodity,4578.12,2
1000070601,Categoria C1,commodity,2223.12,1
1000070601,Categoria C2,commodity,1086.44,2
1000070607,Categoria C1,commodity,2223.12,1
1000070607,Categoria C2,commodity,6424.44,2
1000070629,Categoria C1,commodity,2223.12,1
1000070629,Categoria C2,commodity,19581.04,2
1000070630,Categoria C1,commodity,1802.36,1
1000070630,Categoria C2,commodity,3548.2,2
1000070634,Categoria C1,commodity,1802.36,1
1000070634,Categoria C2,commodity,879.2,2
1000070638,Categoria C1,commodity,2223.12,1
1000070638,Categoria C2,commodity,6424.44,2
1000070662,Categoria C1,commodity,2223.12,1
1000070662,Categoria C2,commodity,6424.44,2
1000070667,Categoria C1,commodity,2223.12,1
1000070667,Categoria C2,commodity,8484.28,2
1000070675,Categoria C1,commodity,2223.12,1
1000070675,Categoria C2,commodity,6424.44,2
1000070686,Categoria C1,commodity,2223.12,1
1000070686,Categoria C2,commodity,6634.82,2
1000070689,Categoria C1,commodity,2223.12,1
1000070689,Categoria C2,commodity,10333.74,2
1000070700,Categoria C1,commodity,2223.12,1
1000070700,Categoria C2,commodity,12183.2,2
1000070758,Categoria C1,commodity,2223.12,1
1000070758,Categoria C2,commodity,6424.44,2
1000070794,Categoria C1,commodity,1802.36,1
1000070794,Categoria C2,commodity,879.2,2
1000070795,Categoria C1,commodity,2223.12,1
1000070795,Categoria C2,commodity,6424.44,2
1000070808,Categoria C1,commodity,5683.4,1
1000070808,Categoria C2,commodity,12026.2,2
1000070817,Categoria C1,commodity,4546.72,1
1000070817,Categoria C2,commodity,11470.42,2
1000070822,Categoria C1,commodity,2223.12,1
1000070822,Categoria C2,commodity,2935.9,2
1000070828,Categoria C1,commodity,2223.12,1
1000070828,Categoria C2,commodity,9592.7,2
1000070834,Categoria C1,commodity,1802.36,1
1000070834,Categoria C2,commodity,10126.5,2
1000070858,Categoria C1,commodity,1802.36,1
1000070858,Categoria C2,commodity,3548.2,2
1000070872,Categoria C1,commodity,2223.12,1
1000070872,Categoria C2,commodity,6424.44,2
1000070898,Categoria C1,commodity,1802.36,1
1000070898,Categoria C2,commodity,8277.04,2
1000070907,Categoria C1,commodity,2223.12,1
1000070907,Categoria C2,commodity,1086.44,2
1000070909,Categoria C1,commodity,2223.12,1
1000070909,Categoria C2,commodity,6424.44,2
1000070912,Categoria C1,commodity,2223.12,1
1000070912,Categoria C2,commodity,1086.44,2
1000070938,Categoria C1,commodity,3410.04,1
1000070938,Categoria C2,commodity,10914.64,2
1000070949,Categoria C1,commodity,4546.72,1
1000070949,Categoria C2,commodity,12899.12,2
1000070961,Categoria C1,commodity,2223.12,1
1000070961,Categoria C2,commodity,1086.44,2
1000070963,Categoria C1,commodity,2223.12,1
1000070963,Categoria C2,commodity,4785.36,2
1000070964,Categoria C1,commodity,3410.04,1
1000070964,Categoria C2,commodity,17941.96,2
1000070971,Categoria C1,commodity,3410.04,1
1000070971,Categoria C2,commodity,9674.34,2
1000070989,Categoria C1,commodity,2223.12,1
1000070989,Categoria C2,commodity,6424.44,2
1000070991,Categoria C1,commodity,2223.12,1
1000070991,Categoria C2,commodity,6424.44,2
1000070993,Categoria C1,commodity,1802.36,1
1000070993,Categoria C2,commodity,17985.92,2
1000071061,Categoria C1,commodity,2223.12,1
1000071061,Categoria C2,commodity,19766.3,2
1000071071,Categoria C1,commodity,2223.12,1
1000071071,Categoria C2,commodity,7561.12,2
1000071090,Categoria C1,commodity,2223.12,1
1000071090,Categoria C2,commodity,6634.82,2
1000071100,Categoria C1,commodity,2223.12,1
1000071100,Categoria C2,commodity,6424.44,2
1000071136,Categoria C1,commodity,1802.36,1
1000071136,Categoria C2,commodity,3548.2,2
1000071145,Categoria C1,commodity,2223.12,1
1000071145,Categoria C2,commodity,8022.7,2
1000071155,Categoria C1,commodity,2223.12,1
1000071155,Categoria C2,commodity,1086.44,2
1000071166,Categoria C1,commodity,2223.12,1
1000071166,Categoria C2,commodity,3862.2,2
1000071168,Categoria C1,commodity,3410.04,1
1000071168,Categoria C2,commodity,9674.34,2
1000071177,Categoria C1,commodity,2223.12,1
1000071177,Categoria C2,commodity,7561.12,2
1000071182,Categoria C1,commodity,1802.36,1
1000071182,Categoria C2,commodity,5504.42,2
1000071186,Categoria C1,commodity,2223.12,1
1000071186,Categoria C2,commodity,14958.96,2
1000071342,Categoria C1,commodity,2223.12,1
1000071342,Categoria C2,commodity,1086.44,2
1000071368,Categoria C1,commodity,2223.12,1
1000071368,Categoria C2,commodity,10333.74,2
1000071379,Categoria C1,commodity,2223.12,1
1000071379,Categoria C2,commodity,10333.74,2
1000071392,Categoria C1,commodity,2223.12,1
1000071392,Categoria C2,commodity,6424.44,2
1000071393,Categoria C1,commodity,3410.04,1
1000071393,Categoria C2,commodity,9674.34,2
1000071394,Categoria C1,commodity,2223.12,1
1000071394,Categoria C2,commodity,6424.44,2
1000071395,Categoria C1,commodity,2223.12,1
1000071395,Categoria C2,commodity,6424.44,2
1000071414,Categoria C1,commodity,1802.36,1
1000071414,Categoria C2,commodity,1805.5,2
1000071420,Categoria C1,commodity,2223.12,1
1000071420,Categoria C2,commodity,6424.44,2
1000071430,Categoria C1,commodity,1802.36,1
1000071430,Categoria C2,commodity,3548.2,2
1000071448,Categoria C1,commodity,3410.04,1
1000071448,Categoria C2,commodity,9674.34,2
1000071467,Categoria C1,commodity,1802.36,1
1000071467,Categoria C2,commodity,879.2,2
1000071473,Categoria C1,commodity,2223.12,1
1000071473,Categoria C2,commodity,2012.74,2
1000071478,Categoria C1,commodity,1802.36,1
1000071478,Categoria C2,commodity,3654.96,2
1000071481,Categoria C1,commodity,2223.12,1
1000071481,Categoria C2,commodity,19581.04,2
1000071493,Categoria C1,commodity,2223.12,1
1000071493,Categoria C2,commodity,10333.74,2
1000071495,Categoria C1,commodity,3410.04,1
1000071495,Categoria C2,commodity,9674.34,2
1000071499,Categoria C1,commodity,3410.04,1
1000071499,Categoria C2,commodity,15539.86,2
1000071519,Categoria C1,commodity,2223.12,1
1000071519,Categoria C2,commodity,6424.44,2
1000071556,Categoria C1,commodity,2223.12,1
1000071556,Categoria C2,commodity,12183.2,2
1000071559,Categoria C1,commodity,3410.04,1
1000071559,Categoria C2,commodity,9674.34,2
1000071563,Categoria C1,commodity,2223.12,1
1000071563,Categoria C2,commodity,10333.74,2
1000071572,Categoria C1,commodity,2223.12,1
1000071572,Categoria C2,commodity,6424.44,2
1000071580,Categoria C1,commodity,1802.36,1
1000071580,Categoria C2,commodity,879.2,2
1000071606,Categoria C1,commodity,2223.12,1
1000071606,Categoria C2,commodity,6424.44,2
1000071615,Categoria C1,commodity,3410.04,1
1000071615,Categoria C2,commodity,6292.56,2
1000071623,Categoria C1,commodity,1802.36,1
1000071623,Categoria C2,commodity,3548.2,2
1000071626,Categoria C1,commodity,3410.04,1
1000071626,Categoria C2,commodity,9991.48,2
1000071660,Categoria C1,commodity,2223.12,1
1000071660,Categoria C2,commodity,6424.44,2
1000071718,Categoria C1,commodity,2223.12,1
1000071718,Categoria C2,commodity,5711.66,2
1000071733,Categoria C1,commodity,2223.12,1
1000071733,Categoria C2,commodity,1086.44,2
1000071762,Categoria C1,commodity,4546.72,1
1000071762,Categoria C2,commodity,12899.12,2
1000071765,Categoria C1,commodity,2223.12,1
1000071765,Categoria C2,commodity,17270.0,2
1000071766,Categoria C1,commodity,2223.12,1
1000071766,Categoria C2,commodity,6424.44,2
1000071799,Categoria C1,commodity,3410.04,1
1000071799,Categoria C2,commodity,9674.34,2
1000071814,Categoria C1,commodity,1802.36,1
1000071814,Categoria C2,commodity,3548.2,2
1000071825,Categoria C1,commodity,3410.04,1
1000071825,Categoria C2,commodity,18312.48,2
1000071859,Categoria C1,commodity,1802.36,1
1000071859,Categoria C2,commodity,3548.2,2
1000071876,Categoria C1,commodity,0.0,1
1000071876,Categoria C2,commodity,0.0,2
1000071891,Categoria C1,commodity,2223.12,1
1000071891,Categoria C2,commodity,10333.74,2
1000071906,Categoria C1,commodity,1802.36,1
1000071906,Categoria C2,commodity,879.2,2
1000071965,Categoria C1,commodity,2223.12,1
1000071965,Categoria C2,commodity,6424.44,2
1000071980,Categoria C1,commodity,3410.04,1
1000071980,Categoria C2,commodity,15539.86,2
1000071981,Categoria C1,commodity,1802.36,1
1000071981,Categoria C2,commodity,879.2,2
1000071982,Categoria C1,commodity,2223.12,1
1000071982,Categoria C2,commodity,6424.44,2
1000071984,Categoria C1,commodity,2223.12,1
1000071984,Categoria C2,commodity,10333.74,2
1000071997,Categoria C1,commodity,3410.04,1
1000071997,Categoria C2,commodity,1667.34,2
1000071998,Categoria C1,commodity,1802.36,1
1000071998,Categoria C2,commodity,879.2,2
1000072036,Categoria C1,commodity,3410.04,1
1000072036,Categoria C2,commodity,9065.18,2
1000072067,Categoria C1,commodity,3410.04,1
1000072067,Categoria C2,commodity,29409.24,2
1000072074,Categoria C1,commodity,2223.12,1
1000072074,Categoria C2,commodity,1086.44,2
1000072095,Categoria C1,commodity,1802.36,1
1000072095,Categoria C2,commodity,10126.5,2
1000072100,Categoria C1,commodity,2223.12,1
1000072100,Categoria C2,commodity,6424.44,2
1000072110,Categoria C1,commodity,5683.4,1
1000072110,Categoria C2,commodity,2778.9,2
1000072120,Categoria C1,commodity,2223.12,1
1000072120,Categoria C2,commodity,15882.12,2
1000072201,Categoria C1,commodity,4546.72,1
1000072201,Categoria C2,commodity,17018.8,2
1000072206,Categoria C1,commodity,2223.12,1
1000072206,Categoria C2,commodity,8484.28,2
1000072221,Categoria C1,commodity,2223.12,1
1000072221,Categoria C2,commodity,7096.4,2
1000072225,Categoria C1,commodity,2223.12,1
1000072225,Categoria C2,commodity,1086.44,2
1000072234,Categoria C1,commodity,3410.04,1
1000072234,Categoria C2,commodity,9674.34,2
1000072242,Categoria C1,commodity,3410.04,1
1000072242,Categoria C2,commodity,8142.02,2
1000072252,Categoria C1,commodity,3410.04,1
1000072252,Categoria C2,commodity,9674.34,2
1000072257,Categoria C1,commodity,3410.04,1
1000072257,Categoria C2,commodity,9674.34,2
1000072258,Categoria C1,commodity,2223.12,1
1000072258,Categoria C2,commodity,10333.74,2
1000072267,Categoria C1,commodity,2223.12,1
1000072267,Categoria C2,commodity,6634.82,2
1000072282,Categoria C1,commodity,2223.12,1
1000072282,Categoria C2,commodity,6424.44,2
1000072307,Categoria C1,commodity,2223.12,1
1000072307,Categoria C2,commodity,1086.44,2
1000072316,Categoria C1,commodity,2223.12,1
1000072316,Categoria C2,commodity,7561.12,2
1000072346,Categoria C1,commodity,2223.12,1
1000072346,Categoria C2,commodity,8484.28,2
1000072361,Categoria C1,commodity,3410.04,1
1000072361,Categoria C2,commodity,29409.24,2
1000072375,Categoria C1,commodity,3410.04,1
1000072375,Categoria C2,commodity,1667.34,2
1000072377,Categoria C1,commodity,2223.12,1
1000072377,Categoria C2,commodity,8022.7,2
1000072381,Categoria C1,commodity,11366.8,1
1000072381,Categoria C2,commodity,29045.0,2
1000072407,Categoria C1,commodity,2223.12,1
1000072407,Categoria C2,commodity,10333.74,2
1000072411,Categoria C1,commodity,2223.12,1
1000072411,Categoria C2,commodity,6173.24,2
1000072420,Categoria C1,commodity,3410.04,1
1000072420,Categoria C2,commodity,7215.72,2
1000072446,Categoria C1,commodity,2223.12,1
1000072446,Categoria C2,commodity,6424.44,2
1000072447,Categoria C1,commodity,2223.12,1
1000072447,Categoria C2,commodity,1086.44,2
1000072466,Categoria C1,commodity,2223.12,1
1000072466,Categoria C2,commodity,14958.96,2
1000072481,Categoria C1,commodity,2223.12,1
1000072481,Categoria C2,commodity,7096.4,2
1000072485,Categoria C1,commodity,2223.12,1
1000072485,Categoria C2,commodity,12183.2,2
1000072494,Categoria C1,commodity,2223.12,1
1000072494,Categoria C2,commodity,6424.44,2
1000072514,Categoria C1,commodity,2223.12,1
1000072514,Categoria C2,commodity,6424.44,2
1000072518,Categoria C1,commodity,1802.36,1
1000072518,Categoria C2,commodity,9203.34,2
1000072524,Categoria C1,commodity,2223.12,1
1000072524,Categoria C2,commodity,1086.44,2
1000072531,Categoria C1,commodity,2223.12,1
1000072531,Categoria C2,commodity,6424.44,2
1000072532,Categoria C1,commodity,2223.12,1
1000072532,Categoria C2,commodity,6424.44,2
1000072539,Categoria C1,commodity,2223.12,1
1000072539,Categoria C2,commodity,7096.4,2
1000072566,Categoria C1,commodity,1802.36,1
1000072566,Categoria C2,commodity,1805.5,2
1000072582,Categoria C1,commodity,2223.12,1
1000072582,Categoria C2,commodity,14958.96,2
1000072593,Categoria C1,commodity,2223.12,1
1000072593,Categoria C2,commodity,6424.44,2
1000072594,Categoria C1,commodity,2223.12,1
1000072594,Categoria C2,commodity,10333.74,2
1000072620,Categoria C1,commodity,2223.12,1
1000072620,Categoria C2,commodity,10333.74,2
1000072638,Categoria C1,commodity,2223.12,1
1000072638,Categoria C2,commodity,10333.74,2
1000072653,Categoria C1,commodity,2223.12,1
1000072653,Categoria C2,commodity,18102.1,2
1000072672,Categoria C1,commodity,2223.12,1
1000072672,Categoria C2,commodity,6424.44,2
1000072689,Categoria C1,commodity,2223.12,1
1000072689,Categoria C2,commodity,10333.74,2
1000072697,Categoria C1,commodity,2223.12,1
1000072697,Categoria C2,commodity,5711.66,2
1000072718,Categoria C1,commodity,3410.04,1
1000072718,Categoria C2,commodity,10914.64,2
1000072731,Categoria C1,commodity,2223.12,1
1000072731,Categoria C2,commodity,6634.82,2
1000072751,Categoria C1,commodity,2223.12,1
1000072751,Categoria C2,commodity,6424.44,2
1000072759,Categoria C1,commodity,2223.12,1
1000072759,Categoria C2,commodity,6424.44,2
1000072763,Categoria C1,commodity,2223.12,1
1000072763,Categoria C2,commodity,21430.5,2
1000072768,Categoria C1,commodity,2223.12,1
1000072768,Categoria C2,commodity,2935.9,2
1000072772,Categoria C1,commodity,2223.12,1
1000072772,Categoria C2,commodity,6634.82,2
1000072798,Categoria C1,commodity,2223.12,1
1000072798,Categoria C2,commodity,6424.44,2
1000072836,Categoria C1,commodity,3410.04,1
1000072836,Categoria C2,commodity,9674.34,2
1000072857,Categoria C1,commodity,2223.12,1
1000072857,Categoria C2,commodity,6424.44,2
1000072864,Categoria C1,commodity,1802.36,1
1000072864,Categoria C2,commodity,3548.2,2
1000072872,Categoria C1,commodity,2223.12,1
1000072872,Categoria C2,commodity,6424.44,2
1000072912,Categoria C1,commodity,2223.12,1
1000072912,Categoria C2,commodity,6424.44,2
1000072917,Categoria C1,commodity,2223.12,1
1000072917,Categoria C2,commodity,1086.44,2
1000072924,Categoria C1,commodity,2223.12,1
1000072924,Categoria C2,commodity,5711.66,2
1000072936,Categoria C1,commodity,2223.12,1
1000072936,Categoria C2,commodity,6424.44,2
1000072966,Categoria C1,commodity,3410.04,1
1000072966,Categoria C2,commodity,7215.72,2
1000072970,Categoria C1,commodity,2223.12,1
1000072970,Categoria C2,commodity,6424.44,2
1000072976,Categoria C1,commodity,2223.12,1
1000072976,Categoria C2,commodity,6424.44,2
1000072987,Categoria C1,commodity,1802.36,1
1000072987,Categoria C2,commodity,879.2,2
1000072988,Categoria C1,commodity,1802.36,1
1000072988,Categoria C2,commodity,879.2,2
1000072995,Categoria C1,commodity,3410.04,1
1000072995,Categoria C2,commodity,9674.34,2
1000073000,Categoria C1,commodity,2223.12,1
1000073000,Categoria C2,commodity,5711.66,2
1000073050,Categoria C1,commodity,3410.04,1
1000073050,Categoria C2,commodity,29409.24,2
1000073058,Categoria C1,commodity,2223.12,1
1000073058,Categoria C2,commodity,3862.2,2
1000073092,Categoria C1,commodity,3410.04,1
1000073092,Categoria C2,commodity,18127.22,2
1000073093,Categoria C1,commodity,3410.04,1
1000073093,Categoria C2,commodity,9674.34,2
1000073095,Categoria C1,commodity,2223.12,1
1000073095,Categoria C2,commodity,1086.44,2
1000073109,Categoria C1,commodity,2223.12,1
1000073109,Categoria C2,commodity,6424.44,2
1000073127,Categoria C1,commodity,4546.72,1
1000073127,Categoria C2,commodity,10082.54,2
1000073136,Categoria C1,commodity,1802.36,1
1000073136,Categoria C2,commodity,3548.2,2
1000073138,Categoria C1,commodity,2223.12,1
1000073138,Categoria C2,commodity,14958.96,2
1000073172,Categoria C1,commodity,2223.12,1
1000073172,Categoria C2,commodity,10333.74,2
1000073185,Categoria C1,commodity,2223.12,1
1000073185,Categoria C2,commodity,6424.44,2
1000073191,Categoria C1,commodity,2223.12,1
1000073191,Categoria C2,commodity,1086.44,2
1000073194,Categoria C1,commodity,2223.12,1
1000073194,Categoria C2,commodity,6424.44,2
1000073208,Categoria C1,commodity,3410.04,1
1000073208,Categoria C2,commodity,29409.24,2
1000073209,Categoria C1,commodity,1802.36,1
1000073209,Categoria C2,commodity,3548.2,2
1000073231,Categoria C1,commodity,1802.36,1
1000073231,Categoria C2,commodity,3548.2,2
1000073234,Categoria C1,commodity,2223.12,1
1000073234,Categoria C2,commodity,6424.44,2
1000073237,Categoria C1,commodity,3410.04,1
1000073237,Categoria C2,commodity,9674.34,2
1000073249,Categoria C1,commodity,2223.12,1
1000073249,Categoria C2,commodity,6424.44,2
1000073257,Categoria C1,commodity,2223.12,1
1000073257,Categoria C2,commodity,5711.66,2
1000073301,Categoria C1,commodity,2223.12,1
1000073301,Categoria C2,commodity,1086.44,2
1000073319,Categoria C1,commodity,3410.04,1
1000073319,Categoria C2,commodity,9674.34,2
1000073357,Categoria C1,commodity,2223.12,1
1000073357,Categoria C2,commodity,3397.48,2
1000073361,Categoria C1,commodity,2223.12,1
1000073361,Categoria C2,commodity,6424.44,2
1000073390,Categoria C1,commodity,1802.36,1
1000073390,Categoria C2,commodity,9203.34,2
1000073404,Categoria C1,commodity,1802.36,1
1000073404,Categoria C2,commodity,11052.8,2
1000073407,Categoria C1,commodity,1802.36,1
1000073407,Categoria C2,commodity,2728.66,2
1000073430,Categoria C1,commodity,2223.12,1
1000073430,Categoria C2,commodity,18287.36,2
1000073460,Categoria C1,commodity,2223.12,1
1000073460,Categoria C2,commodity,6424.44,2
1000073464,Categoria C1,commodity,2223.12,1
1000073464,Categoria C2,commodity,6424.44,2
1000073476,Categoria C1,commodity,6820.08,1
1000073476,Categoria C2,commodity,19348.68,2
1000073487,Categoria C1,commodity,3410.04,1
1000073487,Categoria C2,commodity,6292.56,2
1000073488,Categoria C1,commodity,1802.36,1
1000073488,Categoria C2,commodity,3548.2,2
1000073492,Categoria C1,commodity,1802.36,1
1000073492,Categoria C2,commodity,879.2,2
1000073493,Categoria C1,commodity,3410.04,1
1000073493,Categoria C2,commodity,9674.34,2
1000073496,Categoria C1,commodity,2223.12,1
1000073496,Categoria C2,commodity,12183.2,2
1000073509,Categoria C1,commodity,3410.04,1
1000073509,Categoria C2,commodity,29409.24,2
1000073521,Categoria C1,commodity,3410.04,1
1000073521,Categoria C2,commodity,29409.24,2
1000073529,Categoria C1,commodity,4546.72,1
1000073529,Categoria C2,commodity,6848.34,2
1000073530,Categoria C1,commodity,2223.12,1
1000073530,Categoria C2,commodity,6424.44,2
1000073543,Categoria C1,commodity,2223.12,1
1000073543,Categoria C2,commodity,6424.44,2
1000073574,Categoria C1,commodity,3410.04,1
1000073574,Categoria C2,commodity,9674.34,2
1000073586,Categoria C1,commodity,2223.12,1
1000073586,Categoria C2,commodity,6424.44,2
1000073587,Categoria C1,commodity,3410.04,1
1000073587,Categoria C2,commodity,29409.24,2
1000073611,Categoria C1,commodity,3410.04,1
1000073611,Categoria C2,commodity,9674.34,2
1000073631,Categoria C1,commodity,1802.36,1
1000073631,Categoria C2,commodity,5504.42,2
1000073638,Categoria C1,commodity,2223.12,1
1000073638,Categoria C2,commodity,9410.58,2
1000073640,Categoria C1,commodity,1802.36,1
1000073640,Categoria C2,commodity,879.2,2
1000073653,Categoria C1,commodity,2223.12,1
1000073653,Categoria C2,commodity,6424.44,2
1000073655,Categoria C1,commodity,2223.12,1
1000073655,Categoria C2,commodity,3862.2,2
1000073670,Categoria C1,commodity,2223.12,1
1000073670,Categoria C2,commodity,10333.74,2
1000073672,Categoria C1,commodity,2223.12,1
1000073672,Categoria C2,commodity,1086.44,2
1000073679,Categoria C1,commodity,2223.12,1
1000073679,Categoria C2,commodity,6424.44,2
1000073681,Categoria C1,commodity,2223.12,1
1000073681,Categoria C2,commodity,17731.58,2
1000073682,Categoria C1,commodity,2223.12,1
1000073682,Categoria C2,commodity,1086.44,2
1000073689,Categoria C1,commodity,1802.36,1
1000073689,Categoria C2,commodity,879.2,2
1000073690,Categoria C1,commodity,1802.36,1
1000073690,Categoria C2,commodity,3548.2,2
1000073701,Categoria C1,commodity,2223.12,1
1000073701,Categoria C2,commodity,10333.74,2
1000073706,Categoria C1,commodity,2223.12,1
1000073706,Categoria C2,commodity,6424.44,2
1000073734,Categoria C1,commodity,3410.04,1
1000073734,Categoria C2,commodity,9065.18,2
1000073798,Categoria C1,commodity,2223.12,1
1000073798,Categoria C2,commodity,6424.44,2
1000073805,Categoria C1,commodity,1802.36,1
1000073805,Categoria C2,commodity,3548.2,2
1000073815,Categoria C1,commodity,1802.36,1
1000073815,Categoria C2,commodity,879.2,2
1000073845,Categoria C1,commodity,3410.04,1
1000073845,Categoria C2,commodity,10914.64,2
1000073849,Categoria C1,commodity,3410.04,1
1000073849,Categoria C2,commodity,29409.24,2
1000073861,Categoria C1,commodity,2223.12,1
1000073861,Categoria C2,commodity,6424.44,2
1000073867,Categoria C1,commodity,3410.04,1
1000073867,Categoria C2,commodity,12764.1,2
1000073887,Categoria C1,commodity,2223.12,1
1000073887,Categoria C2,commodity,6424.44,2
1000073888,Categoria C1,commodity,1802.36,1
1000073888,Categoria C2,commodity,879.2,2
1000073920,Categoria C1,commodity,2223.12,1
1000073920,Categoria C2,commodity,1086.44,2
1000073926,Categoria C1,commodity,2223.12,1
1000073926,Categoria C2,commodity,6424.44,2
1000073944,Categoria C1,commodity,2223.12,1
1000073944,Categoria C2,commodity,14958.96,2
1000073946,Categoria C1,commodity,3410.04,1
1000073946,Categoria C2,commodity,38656.54,2
1000073957,Categoria C1,commodity,2223.12,1
1000073957,Categoria C2,commodity,10333.74,2
1000073965,Categoria C1,commodity,1802.36,1
1000073965,Categoria C2,commodity,2728.66,2
1000073970,Categoria C1,commodity,2223.12,1
1000073970,Categoria C2,commodity,6424.44,2
1000073971,Categoria C1,commodity,2223.12,1
1000073971,Categoria C2,commodity,6424.44,2
1000073983,Categoria C1,commodity,3410.04,1
1000073983,Categoria C2,commodity,12764.1,2
1000073996,Categoria C1,commodity,2223.12,1
1000073996,Categoria C2,commodity,10333.74,2
1000074004,Categoria C1,commodity,2223.12,1
1000074004,Categoria C2,commodity,1086.44,2
1000074005,Categoria C1,commodity,2223.12,1
1000074005,Categoria C2,commodity,8484.28,2
1000074035,Categoria C1,commodity,2223.12,1
1000074035,Categoria C2,commodity,19581.04,2
1000074044,Categoria C1,commodity,2223.12,1
1000074044,Categoria C2,commodity,1086.44,2
1000074053,Categoria C1,commodity,2223.12,1
1000074053,Categoria C2,commodity,6424.44,2
1000074067,Categoria C1,commodity,1802.36,1
1000074067,Categoria C2,commodity,879.2,2
1000074085,Categoria C1,commodity,3410.04,1
1000074085,Categoria C2,commodity,34034.46,2
1000074089,Categoria C1,commodity,2223.12,1
1000074089,Categoria C2,commodity,10333.74,2
1000074102,Categoria C1,commodity,2223.12,1
1000074102,Categoria C2,commodity,5711.66,2
1000074113,Categoria C1,commodity,3410.04,1
1000074113,Categoria C2,commodity,1667.34,2
1000074144,Categoria C1,commodity,2223.12,1
1000074144,Categoria C2,commodity,8484.28,2
1000074178,Categoria C1,commodity,2223.12,1
1000074178,Categoria C2,commodity,1086.44,2
1000074180,Categoria C1,commodity,2223.12,1
1000074180,Categoria C2,commodity,10333.74,2
1000074183,Categoria C1,commodity,1802.36,1
1000074183,Categoria C2,commodity,14751.72,2
1000074185,Categoria C1,commodity,5683.4,1
1000074185,Categoria C2,commodity,23584.54,2
1000074202,Categoria C1,commodity,2223.12,1
1000074202,Categoria C2,commodity,10333.74,2
1000074204,Categoria C1,commodity,2223.12,1
1000074204,Categoria C2,commodity,6424.44,2
1000074205,Categoria C1,commodity,2223.12,1
1000074205,Categoria C2,commodity,6424.44,2
1000074220,Categoria C1,commodity,2223.12,1
1000074220,Categoria C2,commodity,1086.44,2
1000074224,Categoria C1,commodity,2223.12,1
1000074224,Categoria C2,commodity,12183.2,2
1000074335,Categoria C1,commodity,2223.12,1
1000074335,Categoria C2,commodity,12644.78,2
1000074347,Categoria C1,commodity,2223.12,1
1000074347,Categoria C2,commodity,6424.44,2
1000074382,Categoria C1,commodity,1802.36,1
1000074382,Categoria C2,commodity,3548.2,2
1000074383,Categoria C1,commodity,3410.04,1
1000074383,Categoria C2,commodity,6292.56,2
1000074407,Categoria C1,commodity,2223.12,1
1000074407,Categoria C2,commodity,4785.36,2
1000074412,Categoria C1,commodity,2223.12,1
1000074412,Categoria C2,commodity,1086.44,2
1000074435,Categoria C1,commodity,4546.72,1
1000074435,Categoria C2,commodity,11470.42,2
1000074444,Categoria C1,commodity,3410.04,1
1000074444,Categoria C2,commodity,10914.64,2
1000074445,Categoria C1,commodity,3410.04,1
1000074445,Categoria C2,commodity,10914.64,2
1000074494,Categoria C1,commodity,2223.12,1
1000074494,Categoria C2,commodity,1086.44,2
1000074496,Categoria C1,commodity,3410.04,1
1000074496,Categoria C2,commodity,10914.64,2
1000074511,Categoria C1,commodity,2223.12,1
1000074511,Categoria C2,commodity,8484.28,2
1000074517,Categoria C1,commodity,2223.12,1
1000074517,Categoria C2,commodity,18657.88,2
1000074520,Categoria C1,commodity,2223.12,1
1000074520,Categoria C2,commodity,1086.44,2
1000074521,Categoria C1,commodity,2223.12,1
1000074521,Categoria C2,commodity,8484.28,2
1000074540,Categoria C1,commodity,2223.12,1
1000074540,Categoria C2,commodity,6424.44,2
1000074551,Categoria C1,commodity,2223.12,1
1000074551,Categoria C2,commodity,3862.2,2
1000074566,Categoria C1,commodity,1802.36,1
1000074566,Categoria C2,commodity,11975.96,2
1000074567,Categoria C1,commodity,4546.72,1
1000074567,Categoria C2,commodity,20717.72,2
1000074573,Categoria C1,commodity,1802.36,1
1000074573,Categoria C2,commodity,3548.2,2
1000074574,Categoria C1,commodity,3410.04,1
1000074574,Categoria C2,commodity,1667.34,2
1000074584,Categoria C1,commodity,1802.36,1
1000074584,Categoria C2,commodity,3548.2,2
1000074594,Categoria C1,commodity,1802.36,1
1000074594,Categoria C2,commodity,5504.42,2
1000074620,Categoria C1,commodity,3410.04,1
1000074620,Categoria C2,commodity,15539.86,2
1000074650,Categoria C1,commodity,2223.12,1
1000074650,Categoria C2,commodity,3397.48,2
1000074657,Categoria C1,commodity,3410.04,1
1000074657,Categoria C2,commodity,12764.1,2
1000074658,Categoria C1,commodity,1802.36,1
1000074658,Categoria C2,commodity,3548.2,2
1000074668,Categoria C1,commodity,1802.36,1
1000074668,Categoria C2,commodity,879.2,2
1000074680,Categoria C1,commodity,2223.12,1
1000074680,Categoria C2,commodity,1086.44,2
1000074688,Categoria C1,commodity,1802.36,1
1000074688,Categoria C2,commodity,2728.66,2
1000074709,Categoria C1,commodity,3410.04,1
1000074709,Categoria C2,commodity,9674.34,2
1000074724,Categoria C1,commodity,1802.36,1
1000074724,Categoria C2,commodity,879.2,2
1000074737,Categoria C1,commodity,2223.12,1
1000074737,Categoria C2,commodity,6424.44,2
1000074745,Categoria C1,commodity,2223.12,1
1000074745,Categoria C2,commodity,6634.82,2
1000074750,Categoria C1,commodity,2223.12,1
1000074750,Categoria C2,commodity,10333.74,2
1000074751,Categoria C1,commodity,1802.36,1
1000074751,Categoria C2,commodity,1805.5,2
1000074761,Categoria C1,commodity,2223.12,1
1000074761,Categoria C2,commodity,10333.74,2
1000074784,Categoria C1,commodity,2223.12,1
1000074784,Categoria C2,commodity,17546.32,2
1000074814,Categoria C1,commodity,2223.12,1
1000074814,Categoria C2,commodity,1086.44,2
1000074828,Categoria C1,commodity,1802.36,1
1000074828,Categoria C2,commodity,5504.42,2
1000074885,Categoria C1,commodity,1802.36,1
1000074885,Categoria C2,commodity,3548.2,2
1000074901,Categoria C1,commodity,2223.12,1
1000074901,Categoria C2,commodity,1086.44,2
1000074916,Categoria C1,commodity,2223.12,1
1000074916,Categoria C2,commodity,1086.44,2
1000074923,Categoria C1,commodity,1802.36,1
1000074923,Categoria C2,commodity,3548.2,2
1000074924,Categoria C1,commodity,2223.12,1
1000074924,Categoria C2,commodity,2935.9,2
1000074929,Categoria C1,commodity,2223.12,1
1000074929,Categoria C2,commodity,5711.66,2
1000074942,Categoria C1,commodity,4546.72,1
1000074942,Categoria C2,commodity,17018.8,2
1000074943,Categoria C1,commodity,3410.04,1
1000074943,Categoria C2,commodity,9674.34,2
1000074976,Categoria C1,commodity,3410.04,1
1000074976,Categoria C2,commodity,29409.24,2
1000074989,Categoria C1,commodity,2223.12,1
1000074989,Categoria C2,commodity,17361.06,2
1000074993,Categoria C1,commodity,2223.12,1
1000074993,Categoria C2,commodity,1086.44,2
1000075012,Categoria C1,commodity,2223.12,1
1000075012,Categoria C2,commodity,6424.44,2
1000075023,Categoria C1,commodity,2223.12,1
1000075023,Categoria C2,commodity,14032.66,2
1000075038,Categoria C1,commodity,2223.12,1
1000075038,Categoria C2,commodity,1086.44,2
1000075039,Categoria C1,commodity,2223.12,1
1000075039,Categoria C2,commodity,9410.58,2
1000075089,Categoria C1,commodity,2223.12,1
1000075089,Categoria C2,commodity,6424.44,2
1000075099,Categoria C1,commodity,2223.12,1
1000075099,Categoria C2,commodity,1086.44,2
1000075104,Categoria C1,commodity,2223.12,1
1000075104,Categoria C2,commodity,17084.74,2
1000075127,Categoria C1,commodity,3410.04,1
1000075127,Categoria C2,commodity,47903.84,2
1000075149,Categoria C1,commodity,1802.36,1
1000075149,Categoria C2,commodity,3548.2,2
1000075164,Categoria C1,commodity,2223.12,1
1000075164,Categoria C2,commodity,8484.28,2
1000075170,Categoria C1,commodity,2223.12,1
1000075170,Categoria C2,commodity,1086.44,2
1000075173,Categoria C1,commodity,1802.36,1
1000075173,Categoria C2,commodity,3548.2,2
1000075175,Categoria C1,commodity,2223.12,1
1000075175,Categoria C2,commodity,6424.44,2
1000075176,Categoria C1,commodity,2223.12,1
1000075176,Categoria C2,commodity,6634.82,2
1000075177,Categoria C1,commodity,2223.12,1
1000075177,Categoria C2,commodity,24206.26,2
1000075178,Categoria C1,commodity,1802.36,1
1000075178,Categoria C2,commodity,8277.04,2
1000075184,Categoria C1,commodity,2223.12,1
1000075184,Categoria C2,commodity,5711.66,2
1000075190,Categoria C1,commodity,1802.36,1
1000075190,Categoria C2,commodity,3548.2,2
1000075213,Categoria C1,commodity,2223.12,1
1000075213,Categoria C2,commodity,6424.44,2
1000075214,Categoria C1,commodity,1802.36,1
1000075214,Categoria C2,commodity,3548.2,2
1000075218,Categoria C1,commodity,2223.12,1
1000075218,Categoria C2,commodity,6634.82,2
1000075238,Categoria C1,commodity,2223.12,1
1000075238,Categoria C2,commodity,14958.96,2
1000075241,Categoria C1,commodity,2223.12,1
1000075241,Categoria C2,commodity,6634.82,2
1000075245,Categoria C1,commodity,1802.36,1
1000075245,Categoria C2,commodity,3548.2,2
1000075252,Categoria C1,commodity,1802.36,1
1000075252,Categoria C2,commodity,879.2,2
1000075253,Categoria C1,commodity,3410.04,1
1000075253,Categoria C2,commodity,29409.24,2
1000075255,Categoria C1,commodity,2223.12,1
1000075255,Categoria C2,commodity,19581.04,2
1000075266,Categoria C1,commodity,2223.12,1
1000075266,Categoria C2,commodity,6424.44,2
1000075274,Categoria C1,commodity,2223.12,1
1000075274,Categoria C2,commodity,4785.36,2
1000075276,Categoria C1,commodity,2223.12,1
1000075276,Categoria C2,commodity,4785.36,2
1000075277,Categoria C1,commodity,2223.12,1
1000075277,Categoria C2,commodity,9410.58,2
1000075287,Categoria C1,commodity,2223.12,1
1000075287,Categoria C2,commodity,6424.44,2
1000075293,Categoria C1,commodity,2223.12,1
1000075293,Categoria C2,commodity,6424.44,2
1000075321,Categoria C1,commodity,2223.12,1
1000075321,Categoria C2,commodity,1086.44,2
1000075334,Categoria C1,commodity,2223.12,1
1000075334,Categoria C2,commodity,6424.44,2
1000075343,Categoria C1,commodity,2223.12,1
1000075343,Categoria C2,commodity,6424.44,2
1000075361,Categoria C1,commodity,2223.12,1
1000075361,Categoria C2,commodity,1086.44,2
1000075368,Categoria C1,commodity,2223.12,1
1000075368,Categoria C2,commodity,6424.44,2
1000075371,Categoria C1,commodity,2223.12,1
1000075371,Categoria C2,commodity,24206.26,2
1000075384,Categoria C1,commodity,2223.12,1
1000075384,Categoria C2,commodity,6634.82,2
1000075385,Categoria C1,commodity,2223.12,1
1000075385,Categoria C2,commodity,10333.74,2
1000075402,Categoria C1,commodity,3410.04,1
1000075402,Categoria C2,commodity,9674.34,2
1000075403,Categoria C1,commodity,2223.12,1
1000075403,Categoria C2,commodity,28828.34,2
1000075405,Categoria C1,commodity,2223.12,1
1000075405,Categoria C2,commodity,6424.44,2
1000075475,Categoria C1,commodity,3410.04,1
1000075475,Categoria C2,commodity,15539.86,2
1000075511,Categoria C1,commodity,3410.04,1
1000075511,Categoria C2,commodity,1667.34,2
1000075515,Categoria C1,commodity,2223.12,1
1000075515,Categoria C2,commodity,8484.28,2
1000075521,Categoria C1,commodity,2223.12,1
1000075521,Categoria C2,commodity,5711.66,2
1000075523,Categoria C1,commodity,1802.36,1
1000075523,Categoria C2,commodity,879.2,2
1000075531,Categoria C1,commodity,2223.12,1
1000075531,Categoria C2,commodity,8484.28,2
1000075540,Categoria C1,commodity,3410.04,1
1000075540,Categoria C2,commodity,1667.34,2
1000075544,Categoria C1,commodity,1802.36,1
1000075544,Categoria C2,commodity,2728.66,2
1000075602,Categoria C1,commodity,2223.12,1
1000075602,Categoria C2,commodity,8484.28,2
1000075603,Categoria C1,commodity,3410.04,1
1000075603,Categoria C2,commodity,9674.34,2
1000075604,Categoria C1,commodity,3410.04,1
1000075604,Categoria C2,commodity,9674.34,2
1000075609,Categoria C1,commodity,2223.12,1
1000075609,Categoria C2,commodity,10333.74,2
1000075628,Categoria C1,commodity,2223.12,1
1000075628,Categoria C2,commodity,19581.04,2
1000075631,Categoria C1,commodity,2223.12,1
1000075631,Categoria C2,commodity,6424.44,2
1000075654,Categoria C1,commodity,3410.04,1
1000075654,Categoria C2,commodity,1667.34,2
1000075660,Categoria C1,commodity,2223.12,1
1000075660,Categoria C2,commodity,10333.74,2
1000075662,Categoria C1,commodity,4546.72,1
1000075662,Categoria C2,commodity,2223.12,2
1000075712,Categoria C1,commodity,1802.36,1
1000075712,Categoria C2,commodity,17524.34,2
1000075713,Categoria C1,commodity,2223.12,1
1000075713,Categoria C2,commodity,10333.74,2
1000075720,Categoria C1,commodity,3410.04,1
1000075720,Categoria C2,commodity,10914.64,2
1000075721,Categoria C1,commodity,3410.04,1
1000075721,Categoria C2,commodity,9674.34,2
1000075723,Categoria C1,commodity,4546.72,1
1000075723,Categoria C2,commodity,29965.02,2
1000075727,Categoria C1,commodity,3410.04,1
1000075727,Categoria C2,commodity,10914.64,2
1000075745,Categoria C1,commodity,2223.12,1
1000075745,Categoria C2,commodity,6424.44,2
1000075750,Categoria C1,commodity,2223.12,1
1000075750,Categoria C2,commodity,14958.96,2
1000075753,Categoria C1,commodity,2223.12,1
1000075753,Categoria C2,commodity,5711.66,2
1000075760,Categoria C1,commodity,3410.04,1
1000075760,Categoria C2,commodity,10914.64,2
1000075762,Categoria C1,commodity,2223.12,1
1000075762,Categoria C2,commodity,4323.78,2
1000075774,Categoria C1,commodity,2223.12,1
1000075774,Categoria C2,commodity,6424.44,2
1000075777,Categoria C1,commodity,1802.36,1
1000075777,Categoria C2,commodity,16692.24,2
1000075779,Categoria C1,commodity,2223.12,1
1000075779,Categoria C2,commodity,13109.5,2
1000075784,Categoria C1,commodity,2223.12,1
1000075784,Categoria C2,commodity,10333.74,2
1000075811,Categoria C1,commodity,3410.04,1
1000075811,Categoria C2,commodity,9674.34,2
1000075817,Categoria C1,commodity,1802.36,1
1000075817,Categoria C2,commodity,879.2,2
1000075819,Categoria C1,commodity,3410.04,1
1000075819,Categoria C2,commodity,8142.02,2
1000075821,Categoria C1,commodity,1802.36,1
1000075821,Categoria C2,commodity,3548.2,2
1000075831,Categoria C1,commodity,4546.72,1
1000075831,Categoria C2,commodity,15169.34,2
1000075835,Categoria C1,commodity,1802.36,1
1000075835,Categoria C2,commodity,879.2,2
1000075856,Categoria C1,commodity,2223.12,1
1000075856,Categoria C2,commodity,1086.44,2
1000075863,Categoria C1,commodity,1802.36,1
1000075863,Categoria C2,commodity,3548.2,2
1000075865,Categoria C1,commodity,2223.12,1
1000075865,Categoria C2,commodity,1086.44,2
1000075869,Categoria C1,commodity,3410.04,1
1000075869,Categoria C2,commodity,29409.24,2
1000075878,Categoria C1,commodity,1802.36,1
1000075878,Categoria C2,commodity,1805.5,2
1000075884,Categoria C1,commodity,1802.36,1
1000075884,Categoria C2,commodity,879.2,2
1000075885,Categoria C1,commodity,2223.12,1
1000075885,Categoria C2,commodity,6424.44,2
1000075900,Categoria C1,commodity,2223.12,1
1000075900,Categoria C2,commodity,14958.96,2
1000075908,Categoria C1,commodity,1802.36,1
1000075908,Categoria C2,commodity,3548.2,2
1000075909,Categoria C1,commodity,1802.36,1
1000075909,Categoria C2,commodity,879.2,2
1000075923,Categoria C1,commodity,1802.36,1
1000075923,Categoria C2,commodity,5504.42,2
1000075926,Categoria C1,commodity,2223.12,1
1000075926,Categoria C2,commodity,6424.44,2
1000075930,Categoria C1,commodity,2223.12,1
1000075930,Categoria C2,commodity,12183.2,2
1000075931,Categoria C1,commodity,2223.12,1
1000075931,Categoria C2,commodity,6424.44,2
1000075946,Categoria C1,commodity,1802.36,1
1000075946,Categoria C2,commodity,3548.2,2
1000075961,Categoria C1,commodity,3410.04,1
1000075961,Categoria C2,commodity,15539.86,2
1000075962,Categoria C1,commodity,2223.12,1
1000075962,Categoria C2,commodity,9410.58,2
1000075968,Categoria C1,commodity,1802.36,1
1000075968,Categoria C2,commodity,3548.2,2
1000075976,Categoria C1,commodity,3410.04,1
1000075976,Categoria C2,commodity,9674.34,2
1000075981,Categoria C1,commodity,2223.12,1
1000075981,Categoria C2,commodity,10333.74,2
1000075985,Categoria C1,commodity,1802.36,1
1000075985,Categoria C2,commodity,879.2,2
1000075986,Categoria C1,commodity,2223.12,1
1000075986,Categoria C2,commodity,6424.44,2
1000075995,Categoria C1,commodity,2223.12,1
1000075995,Categoria C2,commodity,6424.44,2
1000076028,Categoria C1,commodity,1802.36,1
1000076028,Categoria C2,commodity,4578.12,2
1000076033,Categoria C1,commodity,4546.72,1
1000076033,Categoria C2,commodity,15169.34,2
1000076045,Categoria C1,commodity,3410.04,1
1000076045,Categoria C2,commodity,9674.34,2
1000076050,Categoria C1,commodity,2223.12,1
1000076050,Categoria C2,commodity,3862.2,2
1000076071,Categoria C1,commodity,2223.12,1
1000076071,Categoria C2,commodity,1086.44,2
1000076080,Categoria C1,commodity,3410.04,1
1000076080,Categoria C2,commodity,9674.34,2
1000076082,Categoria C1,commodity,3410.04,1
1000076082,Categoria C2,commodity,15539.86,2
1000076085,Categoria C1,commodity,2223.12,1
1000076085,Categoria C2,commodity,6634.82,2
1000076086,Categoria C1,commodity,2223.12,1
1000076086,Categoria C2,commodity,6424.44,2
1000076092,Categoria C1,commodity,1802.36,1
1000076092,Categoria C2,commodity,879.2,2
1000076102,Categoria C1,commodity,2223.12,1
1000076102,Categoria C2,commodity,6424.44,2
1000076107,Categoria C1,commodity,3410.04,1
1000076107,Categoria C2,commodity,24787.16,2
1000076111,Categoria C1,commodity,2223.12,1
1000076111,Categoria C2,commodity,10333.74,2
1000076117,Categoria C1,commodity,3410.04,1
1000076117,Categoria C2,commodity,10914.64,2
1000076120,Categoria C1,commodity,1802.36,1
1000076120,Categoria C2,commodity,10126.5,2
1000076127,Categoria C1,commodity,2223.12,1
1000076127,Categoria C2,commodity,6424.44,2
1000076129,Categoria C1,commodity,1802.36,1
1000076129,Categoria C2,commodity,3548.2,2
1000076135,Categoria C1,commodity,1802.36,1
1000076135,Categoria C2,commodity,3654.96,2
1000076137,Categoria C1,commodity,1802.36,1
1000076137,Categoria C2,commodity,5504.42,2
1000076143,Categoria C1,commodity,1802.36,1
1000076143,Categoria C2,commodity,3548.2,2
1000076144,Categoria C1,commodity,2223.12,1
1000076144,Categoria C2,commodity,6424.44,2
1000076148,Categoria C1,commodity,1802.36,1
1000076148,Categoria C2,commodity,3548.2,2
1000076159,Categoria C1,commodity,2223.12,1
1000076159,Categoria C2,commodity,6634.82,2
1000076166,Categoria C1,commodity,2223.12,1
1000076166,Categoria C2,commodity,7561.12,2
1000076169,Categoria C1,commodity,2223.12,1
1000076169,Categoria C2,commodity,6424.44,2
1000076171,Categoria C1,commodity,1802.36,1
1000076171,Categoria C2,commodity,879.2,2
1000076174,Categoria C1,commodity,1802.36,1
1000076174,Categoria C2,commodity,6427.58,2
1000076177,Categoria C1,commodity,4546.72,1
1000076177,Categoria C2,commodity,20717.72,2
1000076179,Categoria C1,commodity,2223.12,1
1000076179,Categoria C2,commodity,1086.44,2
1000076182,Categoria C1,commodity,2223.12,1
1000076182,Categoria C2,commodity,1086.44,2
1000076193,Categoria C1,commodity,1802.36,1
1000076193,Categoria C2,commodity,879.2,2
1000076197,Categoria C1,commodity,2223.12,1
1000076197,Categoria C2,commodity,8484.28,2
1000076199,Categoria C1,commodity,2223.12,1
1000076199,Categoria C2,commodity,1086.44,2
1000076201,Categoria C1,commodity,1802.36,1
1000076201,Categoria C2,commodity,879.2,2
1000076211,Categoria C1,commodity,3410.04,1
1000076211,Categoria C2,commodity,15539.86,2
1000076218,Categoria C1,commodity,3410.04,1
1000076218,Categoria C2,commodity,9674.34,2
1000076222,Categoria C1,commodity,2223.12,1
1000076222,Categoria C2,commodity,1086.44,2
1000076224,Categoria C1,commodity,2223.12,1
1000076224,Categoria C2,commodity,6424.44,2
1000076225,Categoria C1,commodity,2223.12,1
1000076225,Categoria C2,commodity,1086.44,2
1000076233,Categoria C1,commodity,4546.72,1
1000076233,Categoria C2,commodity,16095.64,2
1000076258,Categoria C1,commodity,3410.04,1
1000076258,Categoria C2,commodity,52529.06,2
1000076264,Categoria C1,commodity,2223.12,1
1000076264,Categoria C2,commodity,6424.44,2
1000076266,Categoria C1,commodity,1802.36,1
1000076266,Categoria C2,commodity,879.2,2
1000076267,Categoria C1,commodity,2223.12,1
1000076267,Categoria C2,commodity,6424.44,2
1000076283,Categoria C1,commodity,2223.12,1
1000076283,Categoria C2,commodity,6424.44,2
1000076285,Categoria C1,commodity,2223.12,1
1000076285,Categoria C2,commodity,6634.82,2
1000076288,Categoria C1,commodity,2223.12,1
1000076288,Categoria C2,commodity,17270.0,2
1000076289,Categoria C1,commodity,2223.12,1
1000076289,Categoria C2,commodity,6424.44,2
1000076293,Categoria C1,commodity,2223.12,1
1000076293,Categoria C2,commodity,6634.82,2
1000076295,Categoria C1,commodity,2223.12,1
1000076295,Categoria C2,commodity,10333.74,2
1000076301,Categoria C1,commodity,2223.12,1
1000076301,Categoria C2,commodity,6424.44,2
1000076306,Categoria C1,commodity,2223.12,1
1000076306,Categoria C2,commodity,6424.44,2
1000076307,Categoria C1,commodity,4546.72,1
1000076307,Categoria C2,commodity,12899.12,2
1000076308,Categoria C1,commodity,3410.04,1
1000076308,Categoria C2,commodity,9674.34,2
1000076309,Categoria C1,commodity,3410.04,1
1000076309,Categoria C2,commodity,13225.68,2
1000076311,Categoria C1,commodity,1802.36,1
1000076311,Categoria C2,commodity,19373.8,2
1000076314,Categoria C1,commodity,1802.36,1
1000076314,Categoria C2,commodity,3548.2,2
1000076316,Categoria C1,commodity,2223.12,1
1000076316,Categoria C2,commodity,6424.44,2
1000076319,Categoria C1,commodity,2223.12,1
1000076319,Categoria C2,commodity,7096.4,2
1000076321,Categoria C1,commodity,3410.04,1
1000076321,Categoria C2,commodity,29409.24,2
1000076332,Categoria C1,commodity,2223.12,1
1000076332,Categoria C2,commodity,11260.04,2
1000076337,Categoria C1,commodity,2223.12,1
1000076337,Categoria C2,commodity,1086.44,2
1000076338,Categoria C1,commodity,1802.36,1
1000076338,Categoria C2,commodity,3548.2,2
1000076340,Categoria C1,commodity,2223.12,1
1000076340,Categoria C2,commodity,7561.12,2
1000076341,Categoria C1,commodity,3410.04,1
1000076341,Categoria C2,commodity,6292.56,2
1000076343,Categoria C1,commodity,2223.12,1
1000076343,Categoria C2,commodity,1086.44,2
1000076356,Categoria C1,commodity,1802.36,1
1000076356,Categoria C2,commodity,3548.2,2
1000076365,Categoria C1,commodity,1802.36,1
1000076365,Categoria C2,commodity,3548.2,2
1000076390,Categoria C1,commodity,2223.12,1
1000076390,Categoria C2,commodity,6424.44,2
1000076395,Categoria C1,commodity,4546.72,1
1000076395,Categoria C2,commodity,16095.64,2
1000076396,Categoria C1,commodity,2223.12,1
1000076396,Categoria C2,commodity,1086.44,2
1000076403,Categoria C1,commodity,3410.04,1
1000076403,Categoria C2,commodity,7215.72,2
1000076404,Categoria C1,commodity,3410.04,1
1000076404,Categoria C2,commodity,9674.34,2
1000076406,Categoria C1,commodity,2223.12,1
1000076406,Categoria C2,commodity,6424.44,2
1000076410,Categoria C1,commodity,3410.04,1
1000076410,Categoria C2,commodity,1667.34,2
1000076415,Categoria C1,commodity,2223.12,1
1000076415,Categoria C2,commodity,6424.44,2
1000076416,Categoria C1,commodity,1802.36,1
1000076416,Categoria C2,commodity,879.2,2
1000076427,Categoria C1,commodity,3410.04,1
1000076427,Categoria C2,commodity,66398.44,2
1000076433,Categoria C1,commodity,2223.12,1
1000076433,Categoria C2,commodity,19581.04,2
1000076440,Categoria C1,commodity,1802.36,1
1000076440,Categoria C2,commodity,3548.2,2
1000076447,Categoria C1,commodity,2223.12,1
1000076447,Categoria C2,commodity,2935.9,2
1000076452,Categoria C1,commodity,2223.12,1
1000076452,Categoria C2,commodity,6634.82,2
1000076459,Categoria C1,commodity,2223.12,1
1000076459,Categoria C2,commodity,6424.44,2
1000076462,Categoria C1,commodity,2223.12,1
1000076462,Categoria C2,commodity,1086.44,2
1000076472,Categoria C1,commodity,2223.12,1
1000076472,Categoria C2,commodity,10333.74,2
1000076483,Categoria C1,commodity,3410.04,1
1000076483,Categoria C2,commodity,9674.34,2
1000076487,Categoria C1,commodity,2223.12,1
1000076487,Categoria C2,commodity,6424.44,2
1000076499,Categoria C1,commodity,1802.36,1
1000076499,Categoria C2,commodity,11975.96,2
1000076506,Categoria C1,commodity,2223.12,1
1000076506,Categoria C2,commodity,1086.44,2
1000076512,Categoria C1,commodity,2223.12,1
1000076512,Categoria C2,commodity,10333.74,2
1000076513,Categoria C1,commodity,2223.12,1
1000076513,Categoria C2,commodity,6424.44,2
1000076515,Categoria C1,commodity,2223.12,1
1000076515,Categoria C2,commodity,16714.22,2
1000076519,Categoria C1,commodity,2223.12,1
1000076519,Categoria C2,commodity,7561.12,2
1000076537,Categoria C1,commodity,2223.12,1
1000076537,Categoria C2,commodity,7561.12,2
1000076570,Categoria C1,commodity,1802.36,1
1000076570,Categoria C2,commodity,879.2,2
1000076571,Categoria C1,commodity,1802.36,1
1000076571,Categoria C2,commodity,879.2,2
1000076579,Categoria C1,commodity,2223.12,1
1000076579,Categoria C2,commodity,38075.64,2
1000076580,Categoria C1,commodity,2223.12,1
1000076580,Categoria C2,commodity,6634.82,2
1000076593,Categoria C1,commodity,3410.04,1
1000076593,Categoria C2,commodity,9674.34,2
1000076598,Categoria C1,commodity,2223.12,1
1000076598,Categoria C2,commodity,6634.82,2
1000076599,Categoria C1,commodity,1802.36,1
1000076599,Categoria C2,commodity,5504.42,2
1000076606,Categoria C1,commodity,1802.36,1
1000076606,Categoria C2,commodity,3548.2,2
1000076608,Categoria C1,commodity,2223.12,1
1000076608,Categoria C2,commodity,1086.44,2
1000076617,Categoria C1,commodity,2223.12,1
1000076617,Categoria C2,commodity,3862.2,2
1000076619,Categoria C1,commodity,1802.36,1
1000076619,Categoria C2,commodity,4578.12,2
1000076624,Categoria C1,commodity,1802.36,1
1000076624,Categoria C2,commodity,879.2,2
1000076626,Categoria C1,commodity,1802.36,1
1000076626,Categoria C2,commodity,3190.24,2
1000076630,Categoria C1,commodity,2223.12,1
1000076630,Categoria C2,commodity,8484.28,2
1000076631,Categoria C1,commodity,2223.12,1
1000076631,Categoria C2,commodity,4785.36,2
1000076633,Categoria C1,commodity,3410.04,1
1000076633,Categoria C2,commodity,18312.48,2
1000076636,Categoria C1,commodity,3410.04,1
1000076636,Categoria C2,commodity,9674.34,2
1000076639,Categoria C1,commodity,2223.12,1
1000076639,Categoria C2,commodity,6424.44,2
1000076651,Categoria C1,commodity,1802.36,1
1000076651,Categoria C2,commodity,879.2,2
1000076652,Categoria C1,commodity,3410.04,1
1000076652,Categoria C2,commodity,1667.34,2
1000076653,Categoria C1,commodity,2223.12,1
1000076653,Categoria C2,commodity,8484.28,2
1000076654,Categoria C1,commodity,2223.12,1
1000076654,Categoria C2,commodity,6424.44,2
1000076656,Categoria C1,commodity,2223.12,1
1000076656,Categoria C2,commodity,6424.44,2
1000076664,Categoria C1,commodity,3410.04,1
1000076664,Categoria C2,commodity,10729.38,2
1000076669,Categoria C1,commodity,2223.12,1
1000076669,Categoria C2,commodity,19581.04,2
1000076671,Categoria C1,commodity,2223.12,1
1000076671,Categoria C2,commodity,6424.44,2
1000076675,Categoria C1,commodity,2223.12,1
1000076675,Categoria C2,commodity,14032.66,2
1000076677,Categoria C1,commodity,2223.12,1
1000076677,Categoria C2,commodity,8484.28,2
1000076679,Categoria C1,commodity,2223.12,1
1000076679,Categoria C2,commodity,6634.82,2
1000076681,Categoria C1,commodity,3410.04,1
1000076681,Categoria C2,commodity,9674.34,2
1000076685,Categoria C1,commodity,2223.12,1
1000076685,Categoria C2,commodity,6424.44,2
1000076689,Categoria C1,commodity,3410.04,1
1000076689,Categoria C2,commodity,9065.18,2
1000076691,Categoria C1,commodity,2223.12,1
1000076691,Categoria C2,commodity,3397.48,2
1000076700,Categoria C1,commodity,2223.12,1
1000076700,Categoria C2,commodity,1086.44,2
1000076701,Categoria C1,commodity,2223.12,1
1000076701,Categoria C2,commodity,4785.36,2
1000076705,Categoria C1,commodity,2223.12,1
1000076705,Categoria C2,commodity,8484.28,2
1000076715,Categoria C1,commodity,2223.12,1
1000076715,Categoria C2,commodity,4323.78,2
1000076726,Categoria C1,commodity,1802.36,1
1000076726,Categoria C2,commodity,3548.2,2
1000076739,Categoria C1,commodity,2223.12,1
1000076739,Categoria C2,commodity,10333.74,2
1000076744,Categoria C1,commodity,3410.04,1
1000076744,Categoria C2,commodity,10914.64,2
1000076746,Categoria C1,commodity,1802.36,1
1000076746,Categoria C2,commodity,879.2,2
1000076747,Categoria C1,commodity,2223.12,1
1000076747,Categoria C2,commodity,8484.28,2
1000076753,Categoria C1,commodity,1802.36,1
1000076753,Categoria C2,commodity,879.2,2
1000076754,Categoria C1,commodity,2223.12,1
1000076754,Categoria C2,commodity,6424.44,2
1000076761,Categoria C1,commodity,3410.04,1
1000076761,Categoria C2,commodity,6754.14,2
1000076767,Categoria C1,commodity,2223.12,1
1000076767,Categoria C2,commodity,8484.28,2
1000076769,Categoria C1,commodity,2223.12,1
1000076769,Categoria C2,commodity,2565.38,2
1000076771,Categoria C1,commodity,3410.04,1
1000076771,Categoria C2,commodity,29409.24,2
1000076772,Categoria C1,commodity,1802.36,1
1000076772,Categoria C2,commodity,3548.2,2
1000076773,Categoria C1,commodity,1802.36,1
1000076773,Categoria C2,commodity,879.2,2
1000076778,Categoria C1,commodity,3410.04,1
1000076778,Categoria C2,commodity,15539.86,2
1000076786,Categoria C1,commodity,2223.12,1
1000076786,Categoria C2,commodity,16899.48,2
1000076790,Categoria C1,commodity,1802.36,1
1000076790,Categoria C2,commodity,6427.58,2
1000076791,Categoria C1,commodity,1802.36,1
1000076791,Categoria C2,commodity,5504.42,2
1000076806,Categoria C1,commodity,2223.12,1
1000076806,Categoria C2,commodity,5711.66,2
1000076807,Categoria C1,commodity,3410.04,1
1000076807,Categoria C2,commodity,7215.72,2
1000076814,Categoria C1,commodity,2223.12,1
1000076814,Categoria C2,commodity,8484.28,2
1000076821,Categoria C1,commodity,2223.12,1
1000076821,Categoria C2,commodity,17731.58,2
1000076824,Categoria C1,commodity,3410.04,1
1000076824,Categoria C2,commodity,9674.34,2
1000076868,Categoria C1,commodity,2223.12,1
1000076868,Categoria C2,commodity,6424.44,2
1000076894,Categoria C1,commodity,2223.12,1
1000076894,Categoria C2,commodity,19581.04,2
1000076896,Categoria C1,commodity,2223.12,1
1000076896,Categoria C2,commodity,15882.12,2
1000076903,Categoria C1,commodity,3410.04,1
1000076903,Categoria C2,commodity,20161.94,2
1000076908,Categoria C1,commodity,0.0,1
1000076908,Categoria C2,commodity,0.0,2
1000076910,Categoria C1,commodity,4546.72,1
1000076910,Categoria C2,commodity,15169.34,2
1000076911,Categoria C1,commodity,2223.12,1
1000076911,Categoria C2,commodity,1086.44,2
1000076912,Categoria C1,commodity,2223.12,1
1000076912,Categoria C2,commodity,7561.12,2
1000076917,Categoria C1,commodity,2223.12,1
1000076917,Categoria C2,commodity,33453.56,2
1000076919,Categoria C1,commodity,2223.12,1
1000076919,Categoria C2,commodity,12183.2,2
1000076921,Categoria C1,commodity,2223.12,1
1000076921,Categoria C2,commodity,10333.74,2
1000076923,Categoria C1,commodity,5683.4,1
1000076923,Categoria C2,commodity,58262.7,2
1000076925,Categoria C1,commodity,2223.12,1
1000076925,Categoria C2,commodity,2935.9,2
1000076926,Categoria C1,commodity,2223.12,1
1000076926,Categoria C2,commodity,8484.28,2
1000076935,Categoria C1,commodity,2223.12,1
1000076935,Categoria C2,commodity,6424.44,2
1000076946,Categoria C1,commodity,2223.12,1
1000076946,Categoria C2,commodity,2935.9,2
1000076950,Categoria C1,commodity,2223.12,1
1000076950,Categoria C2,commodity,3397.48,2
1000076953,Categoria C1,commodity,2223.12,1
1000076953,Categoria C2,commodity,1086.44,2
1000076954,Categoria C1,commodity,1802.36,1
1000076954,Categoria C2,commodity,3548.2,2
1000076961,Categoria C1,commodity,2223.12,1
1000076961,Categoria C2,commodity,6424.44,2
1000076997,Categoria C1,commodity,3410.04,1
1000076997,Categoria C2,commodity,9065.18,2
1000077000,Categoria C1,commodity,2223.12,1
1000077000,Categoria C2,commodity,6634.82,2
1000077002,Categoria C1,commodity,3410.04,1
1000077002,Categoria C2,commodity,15539.86,2
1000077004,Categoria C1,commodity,2223.12,1
1000077004,Categoria C2,commodity,10333.74,2
1000077009,Categoria C1,commodity,3410.04,1
1000077009,Categoria C2,commodity,5366.26,2
1000077018,Categoria C1,commodity,2223.12,1
1000077018,Categoria C2,commodity,10333.74,2
1000077024,Categoria C1,commodity,2223.12,1
1000077024,Categoria C2,commodity,1086.44,2
1000077031,Categoria C1,commodity,2223.12,1
1000077031,Categoria C2,commodity,1086.44,2
1000077036,Categoria C1,commodity,2223.12,1
1000077036,Categoria C2,commodity,6424.44,2
1000077058,Categoria C1,commodity,3410.04,1
1000077058,Categoria C2,commodity,15539.86,2
1000077059,Categoria C1,commodity,2223.12,1
1000077059,Categoria C2,commodity,6424.44,2
1000077064,Categoria C1,commodity,2223.12,1
1000077064,Categoria C2,commodity,6424.44,2
1000077065,Categoria C1,commodity,2223.12,1
1000077065,Categoria C2,commodity,1086.44,2
1000077080,Categoria C1,commodity,2223.12,1
1000077080,Categoria C2,commodity,6424.44,2
1000077081,Categoria C1,commodity,2223.12,1
1000077081,Categoria C2,commodity,12183.2,2
1000077082,Categoria C1,commodity,3410.04,1
1000077082,Categoria C2,commodity,1667.34,2
1000077085,Categoria C1,commodity,2223.12,1
1000077085,Categoria C2,commodity,7561.12,2
1000077090,Categoria C1,commodity,2223.12,1
1000077090,Categoria C2,commodity,6424.44,2
1000077091,Categoria C1,commodity,2223.12,1
1000077091,Categoria C2,commodity,10333.74,2
1000077094,Categoria C1,commodity,3410.04,1
1000077094,Categoria C2,commodity,9674.34,2
1000077101,Categoria C1,commodity,1802.36,1
1000077101,Categoria C2,commodity,3548.2,2
1000077107,Categoria C1,commodity,2223.12,1
1000077107,Categoria C2,commodity,7561.12,2
1000077109,Categoria C1,commodity,2223.12,1
1000077109,Categoria C2,commodity,10333.74,2
1000077111,Categoria C1,commodity,1802.36,1
1000077111,Categoria C2,commodity,3548.2,2
1000077122,Categoria C1,commodity,1802.36,1
1000077122,Categoria C2,commodity,879.2,2
1000077124,Categoria C1,commodity,3410.04,1
1000077124,Categoria C2,commodity,10914.64,2
1000077129,Categoria C1,commodity,1802.36,1
1000077129,Categoria C2,commodity,879.2,2
1000077133,Categoria C1,commodity,2223.12,1
1000077133,Categoria C2,commodity,8484.28,2
1000077135,Categoria C1,commodity,2223.12,1
1000077135,Categoria C2,commodity,20507.34,2
1000077150,Categoria C1,commodity,4546.72,1
1000077150,Categoria C2,commodity,11470.42,2
1000077152,Categoria C1,commodity,3410.04,1
1000077152,Categoria C2,commodity,15539.86,2
1000077157,Categoria C1,commodity,1802.36,1
1000077157,Categoria C2,commodity,879.2,2
1000077158,Categoria C1,commodity,1802.36,1
1000077158,Categoria C2,commodity,4578.12,2
1000077167,Categoria C1,commodity,2223.12,1
1000077167,Categoria C2,commodity,11260.04,2
1000077171,Categoria C1,commodity,2223.12,1
1000077171,Categoria C2,commodity,6424.44,2
1000077172,Categoria C1,commodity,2223.12,1
1000077172,Categoria C2,commodity,9410.58,2
1000077173,Categoria C1,commodity,2223.12,1
1000077173,Categoria C2,commodity,7096.4,2
1000077183,Categoria C1,commodity,2223.12,1
1000077183,Categoria C2,commodity,5711.66,2
1000077190,Categoria C1,commodity,2223.12,1
1000077190,Categoria C2,commodity,6424.44,2
1000077196,Categoria C1,commodity,2223.12,1
1000077196,Categoria C2,commodity,6424.44,2
1000077205,Categoria C1,commodity,3410.04,1
1000077205,Categoria C2,commodity,15539.86,2
1000077215,Categoria C1,commodity,3410.04,1
1000077215,Categoria C2,commodity,29409.24,2
1000077222,Categoria C1,commodity,3410.04,1
1000077222,Categoria C2,commodity,21179.3,2
1000077228,Categoria C1,commodity,1802.36,1
1000077228,Categoria C2,commodity,2267.08,2
1000077231,Categoria C1,commodity,2223.12,1
1000077231,Categoria C2,commodity,10333.74,2
1000077233,Categoria C1,commodity,1802.36,1
1000077233,Categoria C2,commodity,879.2,2
1000077246,Categoria C1,commodity,2223.12,1
1000077246,Categoria C2,commodity,1086.44,2
1000077252,Categoria C1,commodity,3410.04,1
1000077252,Categoria C2,commodity,15539.86,2
1000077259,Categoria C1,commodity,3410.04,1
1000077259,Categoria C2,commodity,7215.72,2
1000077267,Categoria C1,commodity,1802.36,1
1000077267,Categoria C2,commodity,3548.2,2
1000077269,Categoria C1,commodity,2223.12,1
1000077269,Categoria C2,commodity,1086.44,2
1000077273,Categoria C1,commodity,2223.12,1
1000077273,Categoria C2,commodity,7561.12,2
1000077285,Categoria C1,commodity,0.0,1
1000077285,Categoria C2,commodity,0.0,2
1000077287,Categoria C1,commodity,2223.12,1
1000077287,Categoria C2,commodity,1086.44,2
1000077291,Categoria C1,commodity,2223.12,1
1000077291,Categoria C2,commodity,10333.74,2
1000077299,Categoria C1,commodity,3410.04,1
1000077299,Categoria C2,commodity,9674.34,2
1000077327,Categoria C1,commodity,3410.04,1
1000077327,Categoria C2,commodity,6292.56,2
1000077338,Categoria C1,commodity,2223.12,1
1000077338,Categoria C2,commodity,6424.44,2
1000077358,Categoria C1,commodity,2223.12,1
1000077358,Categoria C2,commodity,10333.74,2
1000077359,Categoria C1,commodity,3410.04,1
1000077359,Categoria C2,commodity,10914.64,2
1000077362,Categoria C1,commodity,2223.12,1
1000077362,Categoria C2,commodity,6424.44,2
1000077367,Categoria C1,commodity,2223.12,1
1000077367,Categoria C2,commodity,1086.44,2
1000077380,Categoria C1,commodity,2223.12,1
1000077380,Categoria C2,commodity,1086.44,2
1000077389,Categoria C1,commodity,2223.12,1
1000077389,Categoria C2,commodity,1086.44,2
1000077396,Categoria C1,commodity,2223.12,1
1000077396,Categoria C2,commodity,5711.66,2
1000077397,Categoria C1,commodity,1802.36,1
1000077397,Categoria C2,commodity,3548.2,2
1000077398,Categoria C1,commodity,2223.12,1
1000077398,Categoria C2,commodity,6634.82,2
1000077399,Categoria C1,commodity,2223.12,1
1000077399,Categoria C2,commodity,6424.44,2
1000077411,Categoria C1,commodity,1802.36,1
1000077411,Categoria C2,commodity,3548.2,2
1000077426,Categoria C1,commodity,2223.12,1
1000077426,Categoria C2,commodity,6424.44,2
1000077427,Categoria C1,commodity,2223.12,1
1000077427,Categoria C2,commodity,1086.44,2
1000077429,Categoria C1,commodity,3410.04,1
1000077429,Categoria C2,commodity,1667.34,2
1000077436,Categoria C1,commodity,2223.12,1
1000077436,Categoria C2,commodity,11260.04,2
1000077440,Categoria C1,commodity,2223.12,1
1000077440,Categoria C2,commodity,6424.44,2
1000077442,Categoria C1,commodity,1802.36,1
1000077442,Categoria C2,commodity,3548.2,2
1000077444,Categoria C1,commodity,4546.72,1
1000077444,Categoria C2,commodity,11470.42,2
1000077452,Categoria C1,commodity,2223.12,1
1000077452,Categoria C2,commodity,6424.44,2
1000077453,Categoria C1,commodity,2223.12,1
1000077453,Categoria C2,commodity,6424.44,2
1000077454,Categoria C1,commodity,2223.12,1
1000077454,Categoria C2,commodity,1086.44,2
1000077455,Categoria C1,commodity,2223.12,1
1000077455,Categoria C2,commodity,21892.08,2
1000077456,Categoria C1,commodity,2223.12,1
1000077456,Categoria C2,commodity,4785.36,2
1000077457,Categoria C1,commodity,1802.36,1
1000077457,Categoria C2,commodity,14751.72,2
1000077462,Categoria C1,commodity,2223.12,1
1000077462,Categoria C2,commodity,10333.74,2
1000077463,Categoria C1,commodity,2223.12,1
1000077463,Categoria C2,commodity,6173.24,2
1000077470,Categoria C1,commodity,2223.12,1
1000077470,Categoria C2,commodity,10333.74,2
1000077486,Categoria C1,commodity,2223.12,1
1000077486,Categoria C2,commodity,1086.44,2
1000077490,Categoria C1,commodity,1802.36,1
1000077490,Categoria C2,commodity,879.2,2
1000077491,Categoria C1,commodity,1802.36,1
1000077491,Categoria C2,commodity,879.2,2
1000077496,Categoria C1,commodity,1802.36,1
1000077496,Categoria C2,commodity,879.2,2
1000077497,Categoria C1,commodity,1802.36,1
1000077497,Categoria C2,commodity,879.2,2
1000077505,Categoria C1,commodity,2223.12,1
1000077505,Categoria C2,commodity,19581.04,2
1000077506,Categoria C1,commodity,2223.12,1
1000077506,Categoria C2,commodity,19581.04,2
1000077509,Categoria C1,commodity,3410.04,1
1000077509,Categoria C2,commodity,9065.18,2
1000077513,Categoria C1,commodity,2223.12,1
1000077513,Categoria C2,commodity,8484.28,2
1000077517,Categoria C1,commodity,2223.12,1
1000077517,Categoria C2,commodity,6634.82,2
1000077523,Categoria C1,commodity,2223.12,1
1000077523,Categoria C2,commodity,3397.48,2
1000077525,Categoria C1,commodity,2223.12,1
1000077525,Categoria C2,commodity,2935.9,2
1000077528,Categoria C1,commodity,2223.12,1
1000077528,Categoria C2,commodity,14958.96,2
1000077538,Categoria C1,commodity,2223.12,1
1000077538,Categoria C2,commodity,28828.34,2
1000077542,Categoria C1,commodity,2223.12,1
1000077542,Categoria C2,commodity,6634.82,2
1000077547,Categoria C1,commodity,4546.72,1
1000077547,Categoria C2,commodity,12899.12,2
1000077557,Categoria C1,commodity,1802.36,1
1000077557,Categoria C2,commodity,879.2,2
1000077559,Categoria C1,commodity,2223.12,1
1000077559,Categoria C2,commodity,2935.9,2
1000077565,Categoria C1,commodity,2223.12,1
1000077565,Categoria C2,commodity,8484.28,2
1000077576,Categoria C1,commodity,3410.04,1
1000077576,Categoria C2,commodity,29409.24,2
1000077582,Categoria C1,commodity,2223.12,1
1000077582,Categoria C2,commodity,6424.44,2
1000077587,Categoria C1,commodity,1802.36,1
1000077587,Categoria C2,commodity,10126.5,2
1000077601,Categoria C1,commodity,2223.12,1
1000077601,Categoria C2,commodity,1086.44,2
1000077602,Categoria C1,commodity,3410.04,1
1000077602,Categoria C2,commodity,9674.34,2
1000077606,Categoria C1,commodity,3410.04,1
1000077606,Categoria C2,commodity,9674.34,2
1000077611,Categoria C1,commodity,2223.12,1
1000077611,Categoria C2,commodity,6424.44,2
1000077612,Categoria C1,commodity,2223.12,1
1000077612,Categoria C2,commodity,6424.44,2
1000077628,Categoria C1,commodity,2223.12,1
1000077628,Categoria C2,commodity,6634.82,2
1000077629,Categoria C1,commodity,1802.36,1
1000077629,Categoria C2,commodity,879.2,2
1000077638,Categoria C1,commodity,2223.12,1
1000077638,Categoria C2,commodity,6634.82,2
1000077639,Categoria C1,commodity,2223.12,1
1000077639,Categoria C2,commodity,6424.44,2
1000077648,Categoria C1,commodity,2223.12,1
1000077648,Categoria C2,commodity,6424.44,2
1000077664,Categoria C1,commodity,2223.12,1
1000077664,Categoria C2,commodity,8484.28,2
1000077668,Categoria C1,commodity,2223.12,1
1000077668,Categoria C2,commodity,19581.04,2
1000077675,Categoria C1,commodity,2223.12,1
1000077675,Categoria C2,commodity,6424.44,2
1000077677,Categoria C1,commodity,3410.04,1
1000077677,Categoria C2,commodity,20161.94,2
1000077678,Categoria C1,commodity,2223.12,1
1000077678,Categoria C2,commodity,4785.36,2
1000077684,Categoria C1,commodity,1802.36,1
1000077684,Categoria C2,commodity,9664.92,2
1000077685,Categoria C1,commodity,2223.12,1
1000077685,Categoria C2,commodity,6424.44,2
1000077693,Categoria C1,commodity,1802.36,1
1000077693,Categoria C2,commodity,6427.58,2
1000077695,Categoria C1,commodity,3410.04,1
1000077695,Categoria C2,commodity,9674.34,2
1000077706,Categoria C1,commodity,3410.04,1
1000077706,Categoria C2,commodity,6292.56,2
1000077707,Categoria C1,commodity,3410.04,1
1000077707,Categoria C2,commodity,12764.1,2
1000077708,Categoria C1,commodity,3410.04,1
1000077708,Categoria C2,commodity,6292.56,2
1000077709,Categoria C1,commodity,2223.12,1
1000077709,Categoria C2,commodity,8484.28,2
1000077710,Categoria C1,commodity,2223.12,1
1000077710,Categoria C2,commodity,1086.44,2
1000077719,Categoria C1,commodity,2223.12,1
1000077719,Categoria C2,commodity,1086.44,2
1000077720,Categoria C1,commodity,2223.12,1
1000077720,Categoria C2,commodity,7096.4,2
1000077721,Categoria C1,commodity,2223.12,1
1000077721,Categoria C2,commodity,2935.9,2
1000077725,Categoria C1,commodity,3410.04,1
1000077725,Categoria C2,commodity,3516.8,2
1000077727,Categoria C1,commodity,3410.04,1
1000077727,Categoria C2,commodity,29409.24,2
1000077738,Categoria C1,commodity,3410.04,1
1000077738,Categoria C2,commodity,29409.24,2
1000077743,Categoria C1,commodity,1802.36,1
1000077743,Categoria C2,commodity,879.2,2
1000077773,Categoria C1,commodity,1802.36,1
1000077773,Categoria C2,commodity,6427.58,2
1000077777,Categoria C1,commodity,3410.04,1
1000077777,Categoria C2,commodity,8142.02,2
1000077779,Categoria C1,commodity,3410.04,1
1000077779,Categoria C2,commodity,10914.64,2
1000077780,Categoria C1,commodity,2223.12,1
1000077780,Categoria C2,commodity,6424.44,2
1000077781,Categoria C1,commodity,2223.12,1
1000077781,Categoria C2,commodity,10333.74,2
1000077782,Categoria C1,commodity,2223.12,1
1000077782,Categoria C2,commodity,38075.64,2
1000077786,Categoria C1,commodity,3410.04,1
1000077786,Categoria C2,commodity,9674.34,2
1000077789,Categoria C1,commodity,1802.36,1
1000077789,Categoria C2,commodity,5504.42,2
1000077795,Categoria C1,commodity,3410.04,1
1000077795,Categoria C2,commodity,6292.56,2
1000077796,Categoria C1,commodity,2223.12,1
1000077796,Categoria C2,commodity,6424.44,2
1000077804,Categoria C1,commodity,1802.36,1
1000077804,Categoria C2,commodity,879.2,2
1000077805,Categoria C1,commodity,2223.12,1
1000077805,Categoria C2,commodity,10333.74,2
1000077806,Categoria C1,commodity,1802.36,1
1000077806,Categoria C2,commodity,3548.2,2
1000077808,Categoria C1,commodity,2223.12,1
1000077808,Categoria C2,commodity,6424.44,2
1000077813,Categoria C1,commodity,3410.04,1
1000077813,Categoria C2,commodity,29409.24,2
1000077814,Categoria C1,commodity,1802.36,1
1000077814,Categoria C2,commodity,879.2,2
1000077817,Categoria C1,commodity,2223.12,1
1000077817,Categoria C2,commodity,1086.44,2
1000077820,Categoria C1,commodity,2223.12,1
1000077820,Categoria C2,commodity,6424.44,2
1000077824,Categoria C1,commodity,2223.12,1
1000077824,Categoria C2,commodity,6424.44,2
1000077826,Categoria C1,commodity,2223.12,1
1000077826,Categoria C2,commodity,6424.44,2
1000077829,Categoria C1,commodity,2223.12,1
1000077829,Categoria C2,commodity,5711.66,2
1000077835,Categoria C1,commodity,2223.12,1
1000077835,Categoria C2,commodity,6424.44,2
1000077851,Categoria C1,commodity,3410.04,1
1000077851,Categoria C2,commodity,10914.64,2
1000077854,Categoria C1,commodity,2223.12,1
1000077854,Categoria C2,commodity,10333.74,2
1000077857,Categoria C1,commodity,3410.04,1
1000077857,Categoria C2,commodity,29409.24,2
1000077858,Categoria C1,commodity,1802.36,1
1000077858,Categoria C2,commodity,7353.88,2
1000077861,Categoria C1,commodity,2223.12,1
1000077861,Categoria C2,commodity,6424.44,2
1000077863,Categoria C1,commodity,1802.36,1
1000077863,Categoria C2,commodity,10126.5,2
1000077867,Categoria C1,commodity,2223.12,1
1000077867,Categoria C2,commodity,6424.44,2
1000077876,Categoria C1,commodity,2223.12,1
1000077876,Categoria C2,commodity,8484.28,2
1000077879,Categoria C1,commodity,2223.12,1
1000077879,Categoria C2,commodity,4785.36,2
1000077880,Categoria C1,commodity,3410.04,1
1000077880,Categoria C2,commodity,7677.3,2
1000077884,Categoria C1,commodity,2223.12,1
1000077884,Categoria C2,commodity,10333.74,2
1000077887,Categoria C1,commodity,1802.36,1
1000077887,Categoria C2,commodity,9203.34,2
1000077888,Categoria C1,commodity,2223.12,1
1000077888,Categoria C2,commodity,14958.96,2
1000077889,Categoria C1,commodity,2223.12,1
1000077889,Categoria C2,commodity,6424.44,2
1000077895,Categoria C1,commodity,1802.36,1
1000077895,Categoria C2,commodity,3548.2,2
1000077896,Categoria C1,commodity,2223.12,1
1000077896,Categoria C2,commodity,4785.36,2
1000077908,Categoria C1,commodity,2223.12,1
1000077908,Categoria C2,commodity,1086.44,2
1000077919,Categoria C1,commodity,1802.36,1
1000077919,Categoria C2,commodity,4578.12,2
1000077932,Categoria C1,commodity,2223.12,1
1000077932,Categoria C2,commodity,1086.44,2
1000077938,Categoria C1,commodity,2223.12,1
1000077938,Categoria C2,commodity,10333.74,2
1000077939,Categoria C1,commodity,2223.12,1
1000077939,Categoria C2,commodity,2935.9,2
1000077944,Categoria C1,commodity,2223.12,1
1000077944,Categoria C2,commodity,14958.96,2
1000077955,Categoria C1,commodity,1802.36,1
1000077955,Categoria C2,commodity,879.2,2
1000077958,Categoria C1,commodity,1802.36,1
1000077958,Categoria C2,commodity,4116.54,2
1000077960,Categoria C1,commodity,1802.36,1
1000077960,Categoria C2,commodity,879.2,2
1000077966,Categoria C1,commodity,2223.12,1
1000077966,Categoria C2,commodity,6424.44,2
1000077968,Categoria C1,commodity,3410.04,1
1000077968,Categoria C2,commodity,20161.94,2
1000077976,Categoria C1,commodity,2223.12,1
1000077976,Categoria C2,commodity,1086.44,2
1000077977,Categoria C1,commodity,3410.04,1
1000077977,Categoria C2,commodity,14613.56,2
1000077993,Categoria C1,commodity,1802.36,1
1000077993,Categoria C2,commodity,10126.5,2
1000077995,Categoria C1,commodity,1802.36,1
1000077995,Categoria C2,commodity,879.2,2
1000077996,Categoria C1,commodity,3410.04,1
1000077996,Categoria C2,commodity,9674.34,2
1000078000,Categoria C1,commodity,2223.12,1
1000078000,Categoria C2,commodity,10333.74,2
1000078003,Categoria C1,commodity,2223.12,1
1000078003,Categoria C2,commodity,10333.74,2
1000078005,Categoria C1,commodity,3410.04,1
1000078005,Categoria C2,commodity,6292.56,2
1000078007,Categoria C1,commodity,2223.12,1
1000078007,Categoria C2,commodity,6424.44,2
1000078012,Categoria C1,commodity,1802.36,1
1000078012,Categoria C2,commodity,879.2,2
1000078013,Categoria C1,commodity,3410.04,1
1000078013,Categoria C2,commodity,15539.86,2
1000078021,Categoria C1,commodity,3410.04,1
1000078021,Categoria C2,commodity,10914.64,2
1000078025,Categoria C1,commodity,2223.12,1
1000078025,Categoria C2,commodity,1086.44,2
1000078028,Categoria C1,commodity,2223.12,1
1000078028,Categoria C2,commodity,1086.44,2
1000078030,Categoria C1,commodity,2223.12,1
1000078030,Categoria C2,commodity,10333.74,2
1000078034,Categoria C1,commodity,2223.12,1
1000078034,Categoria C2,commodity,1086.44,2
1000078040,Categoria C1,commodity,2223.12,1
1000078040,Categoria C2,commodity,1086.44,2
1000078043,Categoria C1,commodity,2223.12,1
1000078043,Categoria C2,commodity,4323.78,2
1000078059,Categoria C1,commodity,1802.36,1
1000078059,Categoria C2,commodity,879.2,2
1000078064,Categoria C1,commodity,2223.12,1
1000078064,Categoria C2,commodity,2935.9,2
1000078065,Categoria C1,commodity,2223.12,1
1000078065,Categoria C2,commodity,8484.28,2
1000078075,Categoria C1,commodity,1802.36,1
1000078075,Categoria C2,commodity,879.2,2
1000078082,Categoria C1,commodity,2223.12,1
1000078082,Categoria C2,commodity,6634.82,2
1000078083,Categoria C1,commodity,2223.12,1
1000078083,Categoria C2,commodity,5711.66,2
1000078084,Categoria C1,commodity,2223.12,1
1000078084,Categoria C2,commodity,1086.44,2
1000078086,Categoria C1,commodity,2223.12,1
1000078086,Categoria C2,commodity,14958.96,2
1000078090,Categoria C1,commodity,1802.36,1
1000078090,Categoria C2,commodity,879.2,2
1000078097,Categoria C1,commodity,2223.12,1
1000078097,Categoria C2,commodity,14958.96,2
1000078098,Categoria C1,commodity,2223.12,1
1000078098,Categoria C2,commodity,1086.44,2
1000078099,Categoria C1,commodity,2223.12,1
1000078099,Categoria C2,commodity,6424.44,2
1000078110,Categoria C1,commodity,2223.12,1
1000078110,Categoria C2,commodity,1086.44,2
1000078114,Categoria C1,commodity,3410.04,1
1000078114,Categoria C2,commodity,9674.34,2
1000078120,Categoria C1,commodity,0.0,1
1000078120,Categoria C2,commodity,0.0,2
1000078121,Categoria C1,commodity,3410.04,1
1000078121,Categoria C2,commodity,34034.46,2
1000078126,Categoria C1,commodity,1802.36,1
1000078126,Categoria C2,commodity,14751.72,2
1000078127,Categoria C1,commodity,2223.12,1
1000078127,Categoria C2,commodity,6424.44,2
1000078135,Categoria C1,commodity,2223.12,1
1000078135,Categoria C2,commodity,6634.82,2
1000078136,Categoria C1,commodity,4546.72,1
1000078136,Categoria C2,commodity,24416.64,2
1000078137,Categoria C1,commodity,1802.36,1
1000078137,Categoria C2,commodity,879.2,2
1000078140,Categoria C1,commodity,3410.04,1
1000078140,Categoria C2,commodity,29409.24,2
1000078144,Categoria C1,commodity,1802.36,1
1000078144,Categoria C2,commodity,3548.2,2
1000078147,Categoria C1,commodity,1802.36,1
1000078147,Categoria C2,commodity,879.2,2
1000078151,Categoria C1,commodity,6820.08,1
1000078151,Categoria C2,commodity,40323.88,2
1000078152,Categoria C1,commodity,1802.36,1
1000078152,Categoria C2,commodity,879.2,2
1000078158,Categoria C1,commodity,2223.12,1
1000078158,Categoria C2,commodity,6424.44,2
1000078159,Categoria C1,commodity,9093.44,1
1000078159,Categoria C2,commodity,22940.84,2
1000078163,Categoria C1,commodity,2223.12,1
1000078163,Categoria C2,commodity,3862.2,2
1000078169,Categoria C1,commodity,2223.12,1
1000078169,Categoria C2,commodity,6424.44,2
1000078170,Categoria C1,commodity,3410.04,1
1000078170,Categoria C2,commodity,10914.64,2
1000078175,Categoria C1,commodity,1802.36,1
1000078175,Categoria C2,commodity,879.2,2
1000078182,Categoria C1,commodity,3410.04,1
1000078182,Categoria C2,commodity,29409.24,2
1000078185,Categoria C1,commodity,2223.12,1
1000078185,Categoria C2,commodity,7096.4,2
1000078192,Categoria C1,commodity,3410.04,1
1000078192,Categoria C2,commodity,20161.94,2
1000078194,Categoria C1,commodity,2223.12,1
1000078194,Categoria C2,commodity,6424.44,2
1000078200,Categoria C1,commodity,3410.04,1
1000078200,Categoria C2,commodity,1667.34,2
1000078203,Categoria C1,commodity,2223.12,1
1000078203,Categoria C2,commodity,12183.2,2
1000078212,Categoria C1,commodity,2223.12,1
1000078212,Categoria C2,commodity,16808.42,2
1000078214,Categoria C1,commodity,2223.12,1
1000078214,Categoria C2,commodity,6424.44,2
1000078220,Categoria C1,commodity,2223.12,1
1000078220,Categoria C2,commodity,6424.44,2
1000078226,Categoria C1,commodity,2223.12,1
1000078226,Categoria C2,commodity,6424.44,2
1000078227,Categoria C1,commodity,3410.04,1
1000078227,Categoria C2,commodity,9065.18,2
1000078233,Categoria C1,commodity,2223.12,1
1000078233,Categoria C2,commodity,21430.5,2
1000078239,Categoria C1,commodity,2223.12,1
1000078239,Categoria C2,commodity,6424.44,2
1000078242,Categoria C1,commodity,2223.12,1
1000078242,Categoria C2,commodity,10333.74,2
1000078244,Categoria C1,commodity,2223.12,1
1000078244,Categoria C2,commodity,6424.44,2
1000078247,Categoria C1,commodity,4546.72,1
1000078247,Categoria C2,commodity,2223.12,2
1000078249,Categoria C1,commodity,2223.12,1
1000078249,Categoria C2,commodity,6634.82,2
1000078251,Categoria C1,commodity,2223.12,1
1000078251,Categoria C2,commodity,6424.44,2
1000078252,Categoria C1,commodity,3410.04,1
1000078252,Categoria C2,commodity,9674.34,2
1000078255,Categoria C1,commodity,2223.12,1
1000078255,Categoria C2,commodity,8484.28,2
1000078256,Categoria C1,commodity,2223.12,1
1000078256,Categoria C2,commodity,6424.44,2
1000078257,Categoria C1,commodity,2223.12,1
1000078257,Categoria C2,commodity,19581.04,2
1000078260,Categoria C1,commodity,2223.12,1
1000078260,Categoria C2,commodity,7561.12,2
1000078261,Categoria C1,commodity,2223.12,1
1000078261,Categoria C2,commodity,6424.44,2
1000078263,Categoria C1,commodity,1802.36,1
1000078263,Categoria C2,commodity,879.2,2
1000078272,Categoria C1,commodity,3410.04,1
1000078272,Categoria C2,commodity,29409.24,2
1000078274,Categoria C1,commodity,3410.04,1
1000078274,Categoria C2,commodity,9991.48,2
1000078280,Categoria C1,commodity,1802.36,1
1000078280,Categoria C2,commodity,4578.12,2
1000078284,Categoria C1,commodity,2223.12,1
1000078284,Categoria C2,commodity,13015.3,2
1000078287,Categoria C1,commodity,1802.36,1
1000078287,Categoria C2,commodity,6427.58,2
1000078288,Categoria C1,commodity,2223.12,1
1000078288,Categoria C2,commodity,6634.82,2
1000078290,Categoria C1,commodity,1802.36,1
1000078290,Categoria C2,commodity,879.2,2
1000078297,Categoria C1,commodity,6820.08,1
1000078297,Categoria C2,commodity,40323.88,2
1000078299,Categoria C1,commodity,6820.08,1
1000078299,Categoria C2,commodity,22755.58,2
1000078303,Categoria C1,commodity,2223.12,1
1000078303,Categoria C2,commodity,1086.44,2
1000078304,Categoria C1,commodity,1802.36,1
1000078304,Categoria C2,commodity,12252.28,2
1000078305,Categoria C1,commodity,3410.04,1
1000078305,Categoria C2,commodity,7215.72,2
1000078306,Categoria C1,commodity,2223.12,1
1000078306,Categoria C2,commodity,3397.48,2
1000078307,Categoria C1,commodity,2223.12,1
1000078307,Categoria C2,commodity,6634.82,2
1000078311,Categoria C1,commodity,2223.12,1
1000078311,Categoria C2,commodity,5246.94,2
1000078317,Categoria C1,commodity,1802.36,1
1000078317,Categoria C2,commodity,3548.2,2
1000078320,Categoria C1,commodity,2223.12,1
1000078320,Categoria C2,commodity,6424.44,2
1000078323,Categoria C1,commodity,2223.12,1
1000078323,Categoria C2,commodity,6424.44,2
1000078324,Categoria C1,commodity,2223.12,1
1000078324,Categoria C2,commodity,10333.74,2
1000078331,Categoria C1,commodity,2223.12,1
1000078331,Categoria C2,commodity,15882.12,2
1000078332,Categoria C1,commodity,1802.36,1
1000078332,Categoria C2,commodity,879.2,2
1000078333,Categoria C1,commodity,2223.12,1
1000078333,Categoria C2,commodity,8484.28,2
1000078339,Categoria C1,commodity,2223.12,1
1000078339,Categoria C2,commodity,24206.26,2
1000078346,Categoria C1,commodity,2223.12,1
1000078346,Categoria C2,commodity,7561.12,2
1000078347,Categoria C1,commodity,2223.12,1
1000078347,Categoria C2,commodity,1086.44,2
1000078351,Categoria C1,commodity,2223.12,1
1000078351,Categoria C2,commodity,10333.74,2
1000078355,Categoria C1,commodity,2223.12,1
1000078355,Categoria C2,commodity,12183.2,2
1000078356,Categoria C1,commodity,1802.36,1
1000078356,Categoria C2,commodity,879.2,2
1000078358,Categoria C1,commodity,1802.36,1
1000078358,Categoria C2,commodity,879.2,2
1000078364,Categoria C1,commodity,3410.04,1
1000078364,Categoria C2,commodity,15539.86,2
1000078369,Categoria C1,commodity,1802.36,1
1000078369,Categoria C2,commodity,879.2,2
1000078372,Categoria C1,commodity,1802.36,1
1000078372,Categoria C2,commodity,6427.58,2
1000078373,Categoria C1,commodity,4546.72,1
1000078373,Categoria C2,commodity,2223.12,2
1000078374,Categoria C1,commodity,2223.12,1
1000078374,Categoria C2,commodity,3862.2,2
1000078377,Categoria C1,commodity,2223.12,1
1000078377,Categoria C2,commodity,15882.12,2
1000078379,Categoria C1,commodity,2223.12,1
1000078379,Categoria C2,commodity,14958.96,2
1000078381,Categoria C1,commodity,2223.12,1
1000078381,Categoria C2,commodity,1086.44,2
1000078382,Categoria C1,commodity,2223.12,1
1000078382,Categoria C2,commodity,9410.58,2
1000078383,Categoria C1,commodity,1802.36,1
1000078383,Categoria C2,commodity,879.2,2
1000078384,Categoria C1,commodity,3410.04,1
1000078384,Categoria C2,commodity,1667.34,2
1000078385,Categoria C1,commodity,3410.04,1
1000078385,Categoria C2,commodity,7215.72,2
1000078386,Categoria C1,commodity,3410.04,1
1000078386,Categoria C2,commodity,15539.86,2
1000078392,Categoria C1,commodity,2223.12,1
1000078392,Categoria C2,commodity,8484.28,2
1000078393,Categoria C1,commodity,3410.04,1
1000078393,Categoria C2,commodity,6474.68,2
1000078395,Categoria C1,commodity,1802.36,1
1000078395,Categoria C2,commodity,879.2,2
1000078400,Categoria C1,commodity,3410.04,1
1000078400,Categoria C2,commodity,9674.34,2
1000078406,Categoria C1,commodity,2223.12,1
1000078406,Categoria C2,commodity,6424.44,2
1000078407,Categoria C1,commodity,2223.12,1
1000078407,Categoria C2,commodity,14958.96,2
1000078409,Categoria C1,commodity,2223.12,1
1000078409,Categoria C2,commodity,6634.82,2
1000078411,Categoria C1,commodity,2223.12,1
1000078411,Categoria C2,commodity,1086.44,2
1000078414,Categoria C1,commodity,2223.12,1
1000078414,Categoria C2,commodity,6424.44,2
1000078422,Categoria C1,commodity,3410.04,1
1000078422,Categoria C2,commodity,1667.34,2
1000078423,Categoria C1,commodity,3410.04,1
1000078423,Categoria C2,commodity,15539.86,2
1000078424,Categoria C1,commodity,2223.12,1
1000078424,Categoria C2,commodity,6424.44,2
1000078425,Categoria C1,commodity,3410.04,1
1000078425,Categoria C2,commodity,9674.34,2
1000078427,Categoria C1,commodity,1802.36,1
1000078427,Categoria C2,commodity,2728.66,2
1000078429,Categoria C1,commodity,2223.12,1
1000078429,Categoria C2,commodity,4785.36,2
1000078430,Categoria C1,commodity,3410.04,1
1000078430,Categoria C2,commodity,5366.26,2
1000078433,Categoria C1,commodity,0.0,1
1000078433,Categoria C2,commodity,14704.62,2
1000078434,Categoria C1,commodity,2223.12,1
1000078434,Categoria C2,commodity,6634.82,2
1000078435,Categoria C1,commodity,3410.04,1
1000078435,Categoria C2,commodity,9674.34,2
1000078436,Categoria C1,commodity,1802.36,1
1000078436,Categoria C2,commodity,3548.2,2
1000078439,Categoria C1,commodity,1802.36,1
1000078439,Categoria C2,commodity,5504.42,2
1000078440,Categoria C1,commodity,2223.12,1
1000078440,Categoria C2,commodity,12183.2,2
1000078443,Categoria C1,commodity,5683.4,1
1000078443,Categoria C2,commodity,16123.9,2
1000078444,Categoria C1,commodity,2223.12,1
1000078444,Categoria C2,commodity,16990.54,2
1000078445,Categoria C1,commodity,2223.12,1
1000078445,Categoria C2,commodity,1086.44,2
1000078451,Categoria C1,commodity,2223.12,1
1000078451,Categoria C2,commodity,1086.44,2
1000078452,Categoria C1,commodity,1802.36,1
1000078452,Categoria C2,commodity,6427.58,2
1000078455,Categoria C1,commodity,2223.12,1
1000078455,Categoria C2,commodity,6424.44,2
1000078456,Categoria C1,commodity,2223.12,1
1000078456,Categoria C2,commodity,6424.44,2
1000078462,Categoria C1,commodity,3410.04,1
1000078462,Categoria C2,commodity,6292.56,2
1000078463,Categoria C1,commodity,2223.12,1
1000078463,Categoria C2,commodity,5711.66,2
1000078464,Categoria C1,commodity,2223.12,1
1000078464,Categoria C2,commodity,19581.04,2
1000078465,Categoria C1,commodity,3410.04,1
1000078465,Categoria C2,commodity,20161.94,2
1000078467,Categoria C1,commodity,2223.12,1
1000078467,Categoria C2,commodity,6424.44,2
1000078468,Categoria C1,commodity,2223.12,1
1000078468,Categoria C2,commodity,16808.42,2
1000078469,Categoria C1,commodity,3410.04,1
1000078469,Categoria C2,commodity,27559.78,2
1000078472,Categoria C1,commodity,1802.36,1
1000078472,Categoria C2,commodity,879.2,2
1000078475,Categoria C1,commodity,2223.12,1
1000078475,Categoria C2,commodity,10333.74,2
1000078480,Categoria C1,commodity,2223.12,1
1000078480,Categoria C2,commodity,6424.44,2
1000078481,Categoria C1,commodity,4546.72,1
1000078481,Categoria C2,commodity,11470.42,2
1000078484,Categoria C1,commodity,3410.04,1
1000078484,Categoria C2,commodity,9674.34,2
1000078487,Categoria C1,commodity,1802.36,1
1000078487,Categoria C2,commodity,2728.66,2
1000078490,Categoria C1,commodity,1802.36,1
1000078490,Categoria C2,commodity,3548.2,2
1000078491,Categoria C1,commodity,0.0,1
1000078491,Categoria C2,commodity,16274.62,2
1000078493,Categoria C1,commodity,2223.12,1
1000078493,Categoria C2,commodity,19581.04,2
1000078495,Categoria C1,commodity,3410.04,1
1000078495,Categoria C2,commodity,15539.86,2
1000078496,Categoria C1,commodity,2223.12,1
1000078496,Categoria C2,commodity,1086.44,2
1000078498,Categoria C1,commodity,2223.12,1
1000078498,Categoria C2,commodity,6424.44,2
1000078500,Categoria C1,commodity,1802.36,1
1000078500,Categoria C2,commodity,879.2,2
1000078502,Categoria C1,commodity,3410.04,1
1000078502,Categoria C2,commodity,9674.34,2
1000078508,Categoria C1,commodity,2223.12,1
1000078508,Categoria C2,commodity,1086.44,2
1000078513,Categoria C1,commodity,1802.36,1
1000078513,Categoria C2,commodity,3548.2,2
1000078518,Categoria C1,commodity,2223.12,1
1000078518,Categoria C2,commodity,2012.74,2
1000078520,Categoria C1,commodity,2223.12,1
1000078520,Categoria C2,commodity,19581.04,2
1000078521,Categoria C1,commodity,2223.12,1
1000078521,Categoria C2,commodity,6424.44,2
1000078522,Categoria C1,commodity,3410.04,1
1000078522,Categoria C2,commodity,7215.72,2
1000078523,Categoria C1,commodity,2223.12,1
1000078523,Categoria C2,commodity,12183.2,2
1000078524,Categoria C1,commodity,2223.12,1
1000078524,Categoria C2,commodity,3862.2,2
1000078526,Categoria C1,commodity,1802.36,1
1000078526,Categoria C2,commodity,879.2,2
1000078530,Categoria C1,commodity,2223.12,1
1000078530,Categoria C2,commodity,1086.44,2
1000078532,Categoria C1,commodity,3410.04,1
1000078532,Categoria C2,commodity,9674.34,2
1000078533,Categoria C1,commodity,2223.12,1
1000078533,Categoria C2,commodity,6424.44,2
1000078535,Categoria C1,commodity,2223.12,1
1000078535,Categoria C2,commodity,8484.28,2
1000078536,Categoria C1,commodity,0.0,1
1000078536,Categoria C2,commodity,0.0,2
1000078541,Categoria C1,commodity,3410.04,1
1000078541,Categoria C2,commodity,6292.56,2
1000078544,Categoria C1,commodity,2223.12,1
1000078544,Categoria C2,commodity,1086.44,2
1000078545,Categoria C1,commodity,4546.72,1
1000078545,Categoria C2,commodity,2223.12,2
1000078547,Categoria C1,commodity,2223.12,1
1000078547,Categoria C2,commodity,4323.78,2
1000078549,Categoria C1,commodity,0.0,1
1000078549,Categoria C2,commodity,16645.14,2
1000078562,Categoria C1,commodity,2223.12,1
1000078562,Categoria C2,commodity,1086.44,2
1000078566,Categoria C1,commodity,1802.36,1
1000078566,Categoria C2,commodity,37868.4,2
1000078569,Categoria C1,commodity,2223.12,1
1000078569,Categoria C2,commodity,1086.44,2
1000078575,Categoria C1,commodity,3410.04,1
1000078575,Categoria C2,commodity,3978.38,2
1000078576,Categoria C1,commodity,2223.12,1
1000078576,Categoria C2,commodity,1086.44,2
1000078584,Categoria C1,commodity,1802.36,1
1000078584,Categoria C2,commodity,3548.2,2
1000078586,Categoria C1,commodity,3410.04,1
1000078586,Categoria C2,commodity,7677.3,2
1000078587,Categoria C1,commodity,2223.12,1
1000078587,Categoria C2,commodity,8484.28,2
1000078590,Categoria C1,commodity,2223.12,1
1000078590,Categoria C2,commodity,9410.58,2
1000078593,Categoria C1,commodity,2223.12,1
1000078593,Categoria C2,commodity,6424.44,2
1000078595,Categoria C1,commodity,2223.12,1
1000078595,Categoria C2,commodity,6634.82,2
1000078596,Categoria C1,commodity,2223.12,1
1000078596,Categoria C2,commodity,19581.04,2
1000078609,Categoria C1,commodity,2223.12,1
1000078609,Categoria C2,commodity,9410.58,2
1000078612,Categoria C1,commodity,1802.36,1
1000078612,Categoria C2,commodity,3548.2,2
1000078614,Categoria C1,commodity,1802.36,1
1000078614,Categoria C2,commodity,879.2,2
1000078619,Categoria C1,commodity,2223.12,1
1000078619,Categoria C2,commodity,1086.44,2
1000078623,Categoria C1,commodity,1802.36,1
1000078623,Categoria C2,commodity,879.2,2
1000078625,Categoria C1,commodity,2223.12,1
1000078625,Categoria C2,commodity,6634.82,2
1000078629,Categoria C1,commodity,2223.12,1
1000078629,Categoria C2,commodity,8484.28,2
1000078632,Categoria C1,commodity,2223.12,1
1000078632,Categoria C2,commodity,8022.7,2
1000078633,Categoria C1,commodity,2223.12,1
1000078633,Categoria C2,commodity,19581.04,2
1000078634,Categoria C1,commodity,2223.12,1
1000078634,Categoria C2,commodity,1086.44,2
1000078639,Categoria C1,commodity,2223.12,1
1000078639,Categoria C2,commodity,5711.66,2
1000078647,Categoria C1,commodity,2223.12,1
1000078647,Categoria C2,commodity,1086.44,2
1000078656,Categoria C1,commodity,1802.36,1
1000078656,Categoria C2,commodity,8277.04,2
1000078657,Categoria C1,commodity,2223.12,1
1000078657,Categoria C2,commodity,2935.9,2
1000078658,Categoria C1,commodity,2223.12,1
1000078658,Categoria C2,commodity,6634.82,2
1000078659,Categoria C1,commodity,2223.12,1
1000078659,Categoria C2,commodity,6424.44,2
1000078661,Categoria C1,commodity,2223.12,1
1000078661,Categoria C2,commodity,10333.74,2
1000078672,Categoria C1,commodity,1802.36,1
1000078672,Categoria C2,commodity,879.2,2
1000078674,Categoria C1,commodity,2223.12,1
1000078674,Categoria C2,commodity,10333.74,2
1000078676,Categoria C1,commodity,2223.12,1
1000078676,Categoria C2,commodity,5711.66,2
1000078678,Categoria C1,commodity,2223.12,1
1000078678,Categoria C2,commodity,16808.42,2
1000078679,Categoria C1,commodity,2223.12,1
1000078679,Categoria C2,commodity,4785.36,2
1000078682,Categoria C1,commodity,2223.12,1
1000078682,Categoria C2,commodity,6424.44,2
1000078683,Categoria C1,commodity,2223.12,1
1000078683,Categoria C2,commodity,6424.44,2
1000078685,Categoria C1,commodity,2223.12,1
1000078685,Categoria C2,commodity,1086.44,2
1000078687,Categoria C1,commodity,2223.12,1
1000078687,Categoria C2,commodity,3397.48,2
1000078691,Categoria C1,commodity,2223.12,1
1000078691,Categoria C2,commodity,6424.44,2
1000078693,Categoria C1,commodity,2223.12,1
1000078693,Categoria C2,commodity,1086.44,2
1000078695,Categoria C1,commodity,2223.12,1
1000078695,Categoria C2,commodity,7561.12,2
1000078696,Categoria C1,commodity,1802.36,1
1000078696,Categoria C2,commodity,10126.5,2
1000078699,Categoria C1,commodity,3410.04,1
1000078699,Categoria C2,commodity,10914.64,2
1000078702,Categoria C1,commodity,2223.12,1
1000078702,Categoria C2,commodity,3397.48,2
1000078711,Categoria C1,commodity,2223.12,1
1000078711,Categoria C2,commodity,1086.44,2
1000078712,Categoria C1,commodity,1802.36,1
1000078712,Categoria C2,commodity,7815.46,2
1000078714,Categoria C1,commodity,2223.12,1
1000078714,Categoria C2,commodity,6424.44,2
1000078717,Categoria C1,commodity,1802.36,1
1000078717,Categoria C2,commodity,3548.2,2
1000078721,Categoria C1,commodity,2223.12,1
1000078721,Categoria C2,commodity,6424.44,2
1000078731,Categoria C1,commodity,2223.12,1
1000078731,Categoria C2,commodity,6424.44,2
1000078732,Categoria C1,commodity,2223.12,1
1000078732,Categoria C2,commodity,1086.44,2
1000078734,Categoria C1,commodity,3410.04,1
1000078734,Categoria C2,commodity,9674.34,2
1000078735,Categoria C1,commodity,2223.12,1
1000078735,Categoria C2,commodity,4785.36,2
1000078738,Categoria C1,commodity,1802.36,1
1000078738,Categoria C2,commodity,7353.88,2
1000078743,Categoria C1,commodity,1802.36,1
1000078743,Categoria C2,commodity,879.2,2
1000078744,Categoria C1,commodity,3410.04,1
1000078744,Categoria C2,commodity,7215.72,2
1000078746,Categoria C1,commodity,2223.12,1
1000078746,Categoria C2,commodity,1086.44,2
1000078753,Categoria C1,commodity,3410.04,1
1000078753,Categoria C2,commodity,8603.6,2
1000078754,Categoria C1,commodity,2223.12,1
1000078754,Categoria C2,commodity,1086.44,2
1000078757,Categoria C1,commodity,2223.12,1
1000078757,Categoria C2,commodity,10333.74,2
1000078761,Categoria C1,commodity,3410.04,1
1000078761,Categoria C2,commodity,9674.34,2
1000078762,Categoria C1,commodity,1802.36,1
1000078762,Categoria C2,commodity,879.2,2
1000078765,Categoria C1,commodity,3410.04,1
1000078765,Categoria C2,commodity,1667.34,2
1000078766,Categoria C1,commodity,1802.36,1
1000078766,Categoria C2,commodity,16136.46,2
1000078767,Categoria C1,commodity,2223.12,1
1000078767,Categoria C2,commodity,7096.4,2
1000078768,Categoria C1,commodity,2223.12,1
1000078768,Categoria C2,commodity,12644.78,2
1000078776,Categoria C1,commodity,2223.12,1
1000078776,Categoria C2,commodity,6424.44,2
1000078777,Categoria C1,commodity,2223.12,1
1000078777,Categoria C2,commodity,1086.44,2
1000078779,Categoria C1,commodity,2223.12,1
1000078779,Categoria C2,commodity,6424.44,2
1000078781,Categoria C1,commodity,2223.12,1
1000078781,Categoria C2,commodity,1086.44,2
1000078782,Categoria C1,commodity,1802.36,1
1000078782,Categoria C2,commodity,3548.2,2
1000078785,Categoria C1,commodity,2223.12,1
1000078785,Categoria C2,commodity,6424.44,2
1000078789,Categoria C1,commodity,2223.12,1
1000078789,Categoria C2,commodity,19581.04,2
1000078791,Categoria C1,commodity,2223.12,1
1000078791,Categoria C2,commodity,6424.44,2
1000078792,Categoria C1,commodity,2223.12,1
1000078792,Categoria C2,commodity,6424.44,2
1000078794,Categoria C1,commodity,1802.36,1
1000078794,Categoria C2,commodity,3548.2,2
1000078795,Categoria C1,commodity,2223.12,1
1000078795,Categoria C2,commodity,14958.96,2
1000078796,Categoria C1,commodity,3410.04,1
1000078796,Categoria C2,commodity,1667.34,2
1000078797,Categoria C1,commodity,3410.04,1
1000078797,Categoria C2,commodity,9674.34,2
1000078799,Categoria C1,commodity,2223.12,1
1000078799,Categoria C2,commodity,6424.44,2
1000078801,Categoria C1,commodity,2223.12,1
1000078801,Categoria C2,commodity,6424.44,2
1000078810,Categoria C1,commodity,1802.36,1
1000078810,Categoria C2,commodity,3548.2,2
1000078811,Categoria C1,commodity,2223.12,1
1000078811,Categoria C2,commodity,6424.44,2
1000078813,Categoria C1,commodity,3410.04,1
1000078813,Categoria C2,commodity,20161.94,2
1000078816,Categoria C1,commodity,3410.04,1
1000078816,Categoria C2,commodity,9674.34,2
1000078817,Categoria C1,commodity,2223.12,1
1000078817,Categoria C2,commodity,4323.78,2
1000078819,Categoria C1,commodity,1802.36,1
1000078819,Categoria C2,commodity,10035.44,2
1000078820,Categoria C1,commodity,2223.12,1
1000078820,Categoria C2,commodity,1086.44,2
1000078822,Categoria C1,commodity,2223.12,1
1000078822,Categoria C2,commodity,6424.44,2
1000078824,Categoria C1,commodity,3410.04,1
1000078824,Categoria C2,commodity,15539.86,2
1000078829,Categoria C1,commodity,2223.12,1
1000078829,Categoria C2,commodity,6424.44,2
1000078830,Categoria C1,commodity,3410.04,1
1000078830,Categoria C2,commodity,6292.56,2
1000078839,Categoria C1,commodity,0.0,1
1000078839,Categoria C2,commodity,11096.76,2
1000078840,Categoria C1,commodity,2223.12,1
1000078840,Categoria C2,commodity,6424.44,2
1000078843,Categoria C1,commodity,2223.12,1
1000078843,Categoria C2,commodity,6424.44,2
1000078850,Categoria C1,commodity,13640.16,1
1000078850,Categoria C2,commodity,20541.88,2
1000078853,Categoria C1,commodity,2223.12,1
1000078853,Categoria C2,commodity,6634.82,2
1000078857,Categoria C1,commodity,1802.36,1
1000078857,Categoria C2,commodity,879.2,2
1000078858,Categoria C1,commodity,1802.36,1
1000078858,Categoria C2,commodity,879.2,2
1000078863,Categoria C1,commodity,1802.36,1
1000078863,Categoria C2,commodity,1805.5,2
1000078865,Categoria C1,commodity,2223.12,1
1000078865,Categoria C2,commodity,12183.2,2
1000078869,Categoria C1,commodity,2223.12,1
1000078869,Categoria C2,commodity,6634.82,2
1000078880,Categoria C1,commodity,2223.12,1
1000078880,Categoria C2,commodity,17731.58,2
1000078882,Categoria C1,commodity,5683.4,1
1000078882,Categoria C2,commodity,30520.8,2
1000078883,Categoria C1,commodity,1802.36,1
1000078883,Categoria C2,commodity,879.2,2
1000078889,Categoria C1,commodity,2223.12,1
1000078889,Categoria C2,commodity,9410.58,2
1000078897,Categoria C1,commodity,1802.36,1
1000078897,Categoria C2,commodity,5504.42,2
1000078900,Categoria C1,commodity,2223.12,1
1000078900,Categoria C2,commodity,6634.82,2
1000078901,Categoria C1,commodity,1802.36,1
1000078901,Categoria C2,commodity,879.2,2
1000078905,Categoria C1,commodity,2223.12,1
1000078905,Categoria C2,commodity,6424.44,2
1000078909,Categoria C1,commodity,2223.12,1
1000078909,Categoria C2,commodity,6424.44,2
1000078910,Categoria C1,commodity,4546.72,1
1000078910,Categoria C2,commodity,2223.12,2
1000078911,Categoria C1,commodity,2223.12,1
1000078911,Categoria C2,commodity,2474.32,2
1000078915,Categoria C1,commodity,4546.72,1
1000078915,Categoria C2,commodity,29965.02,2
1000078917,Categoria C1,commodity,2223.12,1
1000078917,Categoria C2,commodity,6424.44,2
1000078918,Categoria C1,commodity,2223.12,1
1000078918,Categoria C2,commodity,6424.44,2
1000078919,Categoria C1,commodity,2223.12,1
1000078919,Categoria C2,commodity,10333.74,2
1000078921,Categoria C1,commodity,6820.08,1
1000078921,Categoria C2,commodity,40323.88,2
1000078930,Categoria C1,commodity,3410.04,1
1000078930,Categoria C2,commodity,20161.94,2
1000078934,Categoria C1,commodity,3410.04,1
1000078934,Categoria C2,commodity,10914.64,2
1000078935,Categoria C1,commodity,2223.12,1
1000078935,Categoria C2,commodity,6424.44,2
1000078936,Categoria C1,commodity,2223.12,1
1000078936,Categoria C2,commodity,5711.66,2
1000078940,Categoria C1,commodity,1802.36,1
1000078940,Categoria C2,commodity,8277.04,2
1000078942,Categoria C1,commodity,2223.12,1
1000078942,Categoria C2,commodity,1086.44,2
1000078946,Categoria C1,commodity,2223.12,1
1000078946,Categoria C2,commodity,6634.82,2
1000078951,Categoria C1,commodity,2223.12,1
1000078951,Categoria C2,commodity,6424.44,2
1000078954,Categoria C1,commodity,4546.72,1
1000078954,Categoria C2,commodity,12899.12,2
1000078957,Categoria C1,commodity,1802.36,1
1000078957,Categoria C2,commodity,21223.26,2
1000078959,Categoria C1,commodity,1802.36,1
1000078959,Categoria C2,commodity,5504.42,2
1000078961,Categoria C1,commodity,3410.04,1
1000078961,Categoria C2,commodity,1667.34,2
1000078966,Categoria C1,commodity,1802.36,1
1000078966,Categoria C2,commodity,3548.2,2
1000078967,Categoria C1,commodity,2223.12,1
1000078967,Categoria C2,commodity,19581.04,2
1000078968,Categoria C1,commodity,3410.04,1
1000078968,Categoria C2,commodity,6292.56,2
1000078969,Categoria C1,commodity,2223.12,1
1000078969,Categoria C2,commodity,5711.66,2
1000078976,Categoria C1,commodity,3410.04,1
1000078976,Categoria C2,commodity,9674.34,2
1000078980,Categoria C1,commodity,2223.12,1
1000078980,Categoria C2,commodity,10333.74,2
1000078981,Categoria C1,commodity,2223.12,1
1000078981,Categoria C2,commodity,10057.42,2
1000078990,Categoria C1,commodity,2223.12,1
1000078990,Categoria C2,commodity,8484.28,2
1000078992,Categoria C1,commodity,2223.12,1
1000078992,Categoria C2,commodity,6424.44,2
1000079001,Categoria C1,commodity,3410.04,1
1000079001,Categoria C2,commodity,8142.02,2
1000079002,Categoria C1,commodity,3410.04,1
1000079002,Categoria C2,commodity,9674.34,2
1000079006,Categoria C1,commodity,2223.12,1
1000079006,Categoria C2,commodity,4785.36,2
1000079008,Categoria C1,commodity,2223.12,1
1000079008,Categoria C2,commodity,10333.74,2
1000079009,Categoria C1,commodity,2223.12,1
1000079009,Categoria C2,commodity,8484.28,2
1000079012,Categoria C1,commodity,2223.12,1
1000079012,Categoria C2,commodity,6424.44,2
1000079013,Categoria C1,commodity,2223.12,1
1000079013,Categoria C2,commodity,6424.44,2
1000079014,Categoria C1,commodity,2223.12,1
1000079014,Categoria C2,commodity,1086.44,2
1000079021,Categoria C1,commodity,2223.12,1
1000079021,Categoria C2,commodity,19581.04,2
1000079022,Categoria C1,commodity,2223.12,1
1000079022,Categoria C2,commodity,1086.44,2
1000079023,Categoria C1,commodity,1802.36,1
1000079023,Categoria C2,commodity,879.2,2
1000079024,Categoria C1,commodity,2223.12,1
1000079024,Categoria C2,commodity,8484.28,2
1000079025,Categoria C1,commodity,3410.04,1
1000079025,Categoria C2,commodity,9674.34,2
1000079027,Categoria C1,commodity,3410.04,1
1000079027,Categoria C2,commodity,17850.9,2
1000079028,Categoria C1,commodity,2223.12,1
1000079028,Categoria C2,commodity,6424.44,2
1000079031,Categoria C1,commodity,2223.12,1
1000079031,Categoria C2,commodity,6424.44,2
1000079032,Categoria C1,commodity,2223.12,1
1000079032,Categoria C2,commodity,6424.44,2
1000079033,Categoria C1,commodity,1802.36,1
1000079033,Categoria C2,commodity,879.2,2
1000079036,Categoria C1,commodity,2223.12,1
1000079036,Categoria C2,commodity,10333.74,2
1000079037,Categoria C1,commodity,2223.12,1
1000079037,Categoria C2,commodity,10333.74,2
1000079039,Categoria C1,commodity,2223.12,1
1000079039,Categoria C2,commodity,8484.28,2
1000079040,Categoria C1,commodity,2223.12,1
1000079040,Categoria C2,commodity,1086.44,2
1000079045,Categoria C1,commodity,2223.12,1
1000079045,Categoria C2,commodity,3862.2,2
1000079046,Categoria C1,commodity,1802.36,1
1000079046,Categoria C2,commodity,3548.2,2
1000079047,Categoria C1,commodity,3410.04,1
1000079047,Categoria C2,commodity,20161.94,2
1000079048,Categoria C1,commodity,3410.04,1
1000079048,Categoria C2,commodity,24787.16,2
1000079051,Categoria C1,commodity,2223.12,1
1000079051,Categoria C2,commodity,6424.44,2
1000079052,Categoria C1,commodity,1802.36,1
1000079052,Categoria C2,commodity,879.2,2
1000079055,Categoria C1,commodity,1802.36,1
1000079055,Categoria C2,commodity,3548.2,2
1000079056,Categoria C1,commodity,2223.12,1
1000079056,Categoria C2,commodity,8484.28,2
1000079061,Categoria C1,commodity,0.0,1
1000079061,Categoria C2,commodity,15721.98,2
1000079062,Categoria C1,commodity,2223.12,1
1000079062,Categoria C2,commodity,6424.44,2
1000079063,Categoria C1,commodity,1802.36,1
1000079063,Categoria C2,commodity,879.2,2
1000079066,Categoria C1,commodity,2223.12,1
1000079066,Categoria C2,commodity,4785.36,2
1000079067,Categoria C1,commodity,2223.12,1
1000079067,Categoria C2,commodity,6424.44,2
1000079072,Categoria C1,commodity,2223.12,1
1000079072,Categoria C2,commodity,6424.44,2
1000079073,Categoria C1,commodity,3410.04,1
1000079073,Categoria C2,commodity,1667.34,2
1000079075,Categoria C1,commodity,2223.12,1
1000079075,Categoria C2,commodity,3862.2,2
1000079076,Categoria C1,commodity,2223.12,1
1000079076,Categoria C2,commodity,1086.44,2
1000079083,Categoria C1,commodity,2223.12,1
1000079083,Categoria C2,commodity,14958.96,2
1000079085,Categoria C1,commodity,1802.36,1
1000079085,Categoria C2,commodity,3548.2,2
1000079086,Categoria C1,commodity,2223.12,1
1000079086,Categoria C2,commodity,8484.28,2
1000079088,Categoria C1,commodity,6820.08,1
1000079088,Categoria C2,commodity,19348.68,2
1000079089,Categoria C1,commodity,3410.04,1
1000079089,Categoria C2,commodity,19885.62,2
1000079093,Categoria C1,commodity,1802.36,1
1000079093,Categoria C2,commodity,879.2,2
1000079096,Categoria C1,commodity,3410.04,1
1000079096,Categoria C2,commodity,12764.1,2
1000079098,Categoria C1,commodity,1802.36,1
1000079098,Categoria C2,commodity,879.2,2
1000079099,Categoria C1,commodity,2223.12,1
1000079099,Categoria C2,commodity,10333.74,2
1000079100,Categoria C1,commodity,2223.12,1
1000079100,Categoria C2,commodity,1086.44,2
1000079101,Categoria C1,commodity,3410.04,1
1000079101,Categoria C2,commodity,10914.64,2
1000079104,Categoria C1,commodity,2223.12,1
1000079104,Categoria C2,commodity,6424.44,2
1000079110,Categoria C1,commodity,2223.12,1
1000079110,Categoria C2,commodity,6424.44,2
1000079121,Categoria C1,commodity,1802.36,1
1000079121,Categoria C2,commodity,879.2,2
1000079124,Categoria C1,commodity,3410.04,1
1000079124,Categoria C2,commodity,9674.34,2
1000079135,Categoria C1,commodity,3410.04,1
1000079135,Categoria C2,commodity,9674.34,2
1000079138,Categoria C1,commodity,2223.12,1
1000079138,Categoria C2,commodity,9872.16,2
1000079142,Categoria C1,commodity,2223.12,1
1000079142,Categoria C2,commodity,4785.36,2
1000079143,Categoria C1,commodity,2223.12,1
1000079143,Categoria C2,commodity,6424.44,2
1000079144,Categoria C1,commodity,3410.04,1
1000079144,Categoria C2,commodity,6292.56,2
1000079145,Categoria C1,commodity,1802.36,1
1000079145,Categoria C2,commodity,3548.2,2
1000079151,Categoria C1,commodity,2223.12,1
1000079151,Categoria C2,commodity,6424.44,2
1000079153,Categoria C1,commodity,3410.04,1
1000079153,Categoria C2,commodity,3516.8,2
1000079156,Categoria C1,commodity,3410.04,1
1000079156,Categoria C2,commodity,7677.3,2
1000079158,Categoria C1,commodity,3410.04,1
1000079158,Categoria C2,commodity,10914.64,2
1000079159,Categoria C1,commodity,2223.12,1
1000079159,Categoria C2,commodity,6424.44,2
1000079168,Categoria C1,commodity,2223.12,1
1000079168,Categoria C2,commodity,6634.82,2
1000079170,Categoria C1,commodity,2223.12,1
1000079170,Categoria C2,commodity,6634.82,2
1000079171,Categoria C1,commodity,2223.12,1
1000079171,Categoria C2,commodity,7561.12,2
1000079173,Categoria C1,commodity,2223.12,1
1000079173,Categoria C2,commodity,8484.28,2
1000079174,Categoria C1,commodity,3410.04,1
1000079174,Categoria C2,commodity,3887.32,2
1000079179,Categoria C1,commodity,2223.12,1
1000079179,Categoria C2,commodity,6424.44,2
1000079181,Categoria C1,commodity,2223.12,1
1000079181,Categoria C2,commodity,6424.44,2
1000079185,Categoria C1,commodity,2223.12,1
1000079185,Categoria C2,commodity,6424.44,2
1000079189,Categoria C1,commodity,3410.04,1
1000079189,Categoria C2,commodity,29409.24,2
1000079190,Categoria C1,commodity,2223.12,1
1000079190,Categoria C2,commodity,6424.44,2
1000079192,Categoria C1,commodity,2223.12,1
1000079192,Categoria C2,commodity,10333.74,2
1000079195,Categoria C1,commodity,2223.12,1
1000079195,Categoria C2,commodity,6424.44,2
1000079197,Categoria C1,commodity,2223.12,1
1000079197,Categoria C2,commodity,10333.74,2
1000079200,Categoria C1,commodity,2223.12,1
1000079200,Categoria C2,commodity,9410.58,2
1000079204,Categoria C1,commodity,1802.36,1
1000079204,Categoria C2,commodity,879.2,2
1000079205,Categoria C1,commodity,2223.12,1
1000079205,Categoria C2,commodity,6424.44,2
1000079214,Categoria C1,commodity,2223.12,1
1000079214,Categoria C2,commodity,14958.96,2
1000079221,Categoria C1,commodity,1802.36,1
1000079221,Categoria C2,commodity,10126.5,2
1000079223,Categoria C1,commodity,2223.12,1
1000079223,Categoria C2,commodity,12183.2,2
1000079225,Categoria C1,commodity,2223.12,1
1000079225,Categoria C2,commodity,13109.5,2
1000079231,Categoria C1,commodity,3410.04,1
1000079231,Categoria C2,commodity,9674.34,2
1000079235,Categoria C1,commodity,2223.12,1
1000079235,Categoria C2,commodity,6424.44,2
1000079238,Categoria C1,commodity,2223.12,1
1000079238,Categoria C2,commodity,8484.28,2
1000079248,Categoria C1,commodity,2223.12,1
1000079248,Categoria C2,commodity,6424.44,2
1000079254,Categoria C1,commodity,2223.12,1
1000079254,Categoria C2,commodity,10333.74,2
1000079256,Categoria C1,commodity,2223.12,1
1000079256,Categoria C2,commodity,6424.44,2
1000079259,Categoria C1,commodity,2223.12,1
1000079259,Categoria C2,commodity,6424.44,2
1000079260,Categoria C1,commodity,2223.12,1
1000079260,Categoria C2,commodity,1086.44,2
1000079263,Categoria C1,commodity,2223.12,1
1000079263,Categoria C2,commodity,6424.44,2
1000079265,Categoria C1,commodity,2223.12,1
1000079265,Categoria C2,commodity,6424.44,2
1000079266,Categoria C1,commodity,3410.04,1
1000079266,Categoria C2,commodity,15539.86,2
1000079267,Categoria C1,commodity,2223.12,1
1000079267,Categoria C2,commodity,10333.74,2
1000079276,Categoria C1,commodity,2223.12,1
1000079276,Categoria C2,commodity,6424.44,2
1000079278,Categoria C1,commodity,4546.72,1
1000079278,Categoria C2,commodity,6848.34,2
1000079279,Categoria C1,commodity,2223.12,1
1000079279,Categoria C2,commodity,10333.74,2
1000079283,Categoria C1,commodity,3410.04,1
1000079283,Categoria C2,commodity,10914.64,2
1000079289,Categoria C1,commodity,2223.12,1
1000079289,Categoria C2,commodity,10333.74,2
1000079294,Categoria C1,commodity,2223.12,1
1000079294,Categoria C2,commodity,18102.1,2
1000079297,Categoria C1,commodity,2223.12,1
1000079297,Categoria C2,commodity,4785.36,2
1000079299,Categoria C1,commodity,3410.04,1
1000079299,Categoria C2,commodity,1667.34,2
1000079304,Categoria C1,commodity,2223.12,1
1000079304,Categoria C2,commodity,1086.44,2
1000079320,Categoria C1,commodity,1802.36,1
1000079320,Categoria C2,commodity,879.2,2
1000079321,Categoria C1,commodity,2223.12,1
1000079321,Categoria C2,commodity,6424.44,2
1000079322,Categoria C1,commodity,1802.36,1
1000079322,Categoria C2,commodity,5504.42,2
1000079328,Categoria C1,commodity,2223.12,1
1000079328,Categoria C2,commodity,7561.12,2
1000079329,Categoria C1,commodity,2223.12,1
1000079329,Categoria C2,commodity,6424.44,2
1000079332,Categoria C1,commodity,3410.04,1
1000079332,Categoria C2,commodity,6292.56,2
1000079335,Categoria C1,commodity,2223.12,1
1000079335,Categoria C2,commodity,6424.44,2
1000079336,Categoria C1,commodity,2223.12,1
1000079336,Categoria C2,commodity,2935.9,2
1000079338,Categoria C1,commodity,1802.36,1
1000079338,Categoria C2,commodity,6427.58,2
1000079340,Categoria C1,commodity,2223.12,1
1000079340,Categoria C2,commodity,10333.74,2
1000079341,Categoria C1,commodity,2223.12,1
1000079341,Categoria C2,commodity,10333.74,2
1000079345,Categoria C1,commodity,2223.12,1
1000079345,Categoria C2,commodity,10333.74,2
1000079347,Categoria C1,commodity,1802.36,1
1000079347,Categoria C2,commodity,970.26,2
1000079352,Categoria C1,commodity,1802.36,1
1000079352,Categoria C2,commodity,3654.96,2
1000079354,Categoria C1,commodity,2223.12,1
1000079354,Categoria C2,commodity,6424.44,2
1000079355,Categoria C1,commodity,2223.12,1
1000079355,Categoria C2,commodity,6424.44,2
1000079356,Categoria C1,commodity,3410.04,1
1000079356,Categoria C2,commodity,4443.1,2
1000079358,Categoria C1,commodity,2223.12,1
1000079358,Categoria C2,commodity,4785.36,2
1000079361,Categoria C1,commodity,4546.72,1
1000079361,Categoria C2,commodity,12899.12,2
1000079363,Categoria C1,commodity,3410.04,1
1000079363,Categoria C2,commodity,20902.98,2
1000079368,Categoria C1,commodity,1802.36,1
1000079368,Categoria C2,commodity,3548.2,2
1000079369,Categoria C1,commodity,2223.12,1
1000079369,Categoria C2,commodity,8484.28,2
1000079370,Categoria C1,commodity,1802.36,1
1000079370,Categoria C2,commodity,9203.34,2
1000079373,Categoria C1,commodity,2223.12,1
1000079373,Categoria C2,commodity,10333.74,2
1000079377,Categoria C1,commodity,2223.12,1
1000079377,Categoria C2,commodity,8022.7,2
1000079380,Categoria C1,commodity,1802.36,1
1000079380,Categoria C2,commodity,879.2,2
1000079384,Categoria C1,commodity,4546.72,1
1000079384,Categoria C2,commodity,12899.12,2
1000079387,Categoria C1,commodity,1802.36,1
1000079387,Categoria C2,commodity,879.2,2
1000079388,Categoria C1,commodity,2223.12,1
1000079388,Categoria C2,commodity,8022.7,2
1000079391,Categoria C1,commodity,1802.36,1
1000079391,Categoria C2,commodity,5504.42,2
1000079397,Categoria C1,commodity,2223.12,1
1000079397,Categoria C2,commodity,4785.36,2
1000079398,Categoria C1,commodity,1802.36,1
1000079398,Categoria C2,commodity,879.2,2
1000079399,Categoria C1,commodity,3410.04,1
1000079399,Categoria C2,commodity,11840.94,2
1000079400,Categoria C1,commodity,2223.12,1
1000079400,Categoria C2,commodity,1086.44,2
1000079403,Categoria C1,commodity,4546.72,1
1000079403,Categoria C2,commodity,12899.12,2
1000079404,Categoria C1,commodity,2223.12,1
1000079404,Categoria C2,commodity,8022.7,2
1000079406,Categoria C1,commodity,2223.12,1
1000079406,Categoria C2,commodity,8022.7,2
1000079410,Categoria C1,commodity,0.0,1
1000079410,Categoria C2,commodity,2775.76,2
1000079412,Categoria C1,commodity,3410.04,1
1000079412,Categoria C2,commodity,9674.34,2
1000079415,Categoria C1,commodity,9093.44,1
1000079415,Categoria C2,commodity,25798.24,2
1000079418,Categoria C1,commodity,3410.04,1
1000079418,Categoria C2,commodity,9991.48,2
1000079420,Categoria C1,commodity,3410.04,1
1000079420,Categoria C2,commodity,1667.34,2
1000079421,Categoria C1,commodity,2223.12,1
1000079421,Categoria C2,commodity,19581.04,2
1000079422,Categoria C1,commodity,2223.12,1
1000079422,Categoria C2,commodity,1086.44,2
1000079430,Categoria C1,commodity,1802.36,1
1000079430,Categoria C2,commodity,5504.42,2
1000079431,Categoria C1,commodity,3410.04,1
1000079431,Categoria C2,commodity,10914.64,2
1000079445,Categoria C1,commodity,1802.36,1
1000079445,Categoria C2,commodity,3548.2,2
1000079446,Categoria C1,commodity,2223.12,1
1000079446,Categoria C2,commodity,1086.44,2
1000079448,Categoria C1,commodity,2223.12,1
1000079448,Categoria C2,commodity,17731.58,2
1000079453,Categoria C1,commodity,2223.12,1
1000079453,Categoria C2,commodity,6424.44,2
1000079456,Categoria C1,commodity,2223.12,1
1000079456,Categoria C2,commodity,10333.74,2
1000079458,Categoria C1,commodity,2223.12,1
1000079458,Categoria C2,commodity,8484.28,2
1000079460,Categoria C1,commodity,2223.12,1
1000079460,Categoria C2,commodity,19581.04,2
1000079466,Categoria C1,commodity,3410.04,1
1000079466,Categoria C2,commodity,29409.24,2
1000079467,Categoria C1,commodity,2223.12,1
1000079467,Categoria C2,commodity,3397.48,2
1000079477,Categoria C1,commodity,2223.12,1
1000079477,Categoria C2,commodity,6424.44,2
1000079480,Categoria C1,commodity,1802.36,1
1000079480,Categoria C2,commodity,879.2,2
1000079481,Categoria C1,commodity,1802.36,1
1000079481,Categoria C2,commodity,7815.46,2
1000079581,Categoria C1,commodity,3410.04,1
1000079581,Categoria C2,commodity,10914.64,2
1000079582,Categoria C1,commodity,3410.04,1
1000079582,Categoria C2,commodity,61776.36,2
1000079583,Categoria C1,commodity,1802.36,1
1000079583,Categoria C2,commodity,879.2,2
1000079584,Categoria C1,commodity,3410.04,1
1000079584,Categoria C2,commodity,4443.1,2
1000079586,Categoria C1,commodity,3410.04,1
1000079586,Categoria C2,commodity,10914.64,2
1000079589,Categoria C1,commodity,2223.12,1
1000079589,Categoria C2,commodity,8484.28,2
1000079590,Categoria C1,commodity,3410.04,1
1000079590,Categoria C2,commodity,9674.34,2
1000079592,Categoria C1,commodity,3410.04,1
1000079592,Categoria C2,commodity,7215.72,2
1000079593,Categoria C1,commodity,2223.12,1
1000079593,Categoria C2,commodity,3397.48,2
1000079596,Categoria C1,commodity,3410.04,1
1000079596,Categoria C2,commodity,10914.64,2
1000079602,Categoria C1,commodity,2223.12,1
1000079602,Categoria C2,commodity,6424.44,2
1000079605,Categoria C1,commodity,2223.12,1
1000079605,Categoria C2,commodity,6424.44,2
1000079617,Categoria C1,commodity,1802.36,1
1000079617,Categoria C2,commodity,3548.2,2
1000079618,Categoria C1,commodity,2223.12,1
1000079618,Categoria C2,commodity,6424.44,2
1000079620,Categoria C1,commodity,2223.12,1
1000079620,Categoria C2,commodity,6424.44,2
1000079622,Categoria C1,commodity,2223.12,1
1000079622,Categoria C2,commodity,2935.9,2
1000079628,Categoria C1,commodity,2223.12,1
1000079628,Categoria C2,commodity,3862.2,2
1000079629,Categoria C1,commodity,2223.12,1
1000079629,Categoria C2,commodity,6424.44,2
1000079630,Categoria C1,commodity,1802.36,1
1000079630,Categoria C2,commodity,3548.2,2
1000079631,Categoria C1,commodity,1802.36,1
1000079631,Categoria C2,commodity,3548.2,2
1000079634,Categoria C1,commodity,1802.36,1
1000079634,Categoria C2,commodity,3548.2,2
1000079639,Categoria C1,commodity,2223.12,1
1000079639,Categoria C2,commodity,10333.74,2
1000079642,Categoria C1,commodity,4546.72,1
1000079642,Categoria C2,commodity,16095.64,2
1000079645,Categoria C1,commodity,2223.12,1
1000079645,Categoria C2,commodity,6424.44,2
1000079652,Categoria C1,commodity,1802.36,1
1000079652,Categoria C2,commodity,879.2,2
1000079661,Categoria C1,commodity,2223.12,1
1000079661,Categoria C2,commodity,8484.28,2
1000079666,Categoria C1,commodity,1802.36,1
1000079666,Categoria C2,commodity,3548.2,2
1000079668,Categoria C1,commodity,2223.12,1
1000079668,Categoria C2,commodity,6424.44,2
1000079674,Categoria C1,commodity,3410.04,1
1000079674,Categoria C2,commodity,24787.16,2
1000079675,Categoria C1,commodity,3410.04,1
1000079675,Categoria C2,commodity,29409.24,2
1000079676,Categoria C1,commodity,2223.12,1
1000079676,Categoria C2,commodity,4785.36,2
1000079678,Categoria C1,commodity,2223.12,1
1000079678,Categoria C2,commodity,6424.44,2
1000079679,Categoria C1,commodity,2223.12,1
1000079679,Categoria C2,commodity,19581.04,2
1000079680,Categoria C1,commodity,2223.12,1
1000079680,Categoria C2,commodity,2935.9,2
1000079684,Categoria C1,commodity,2223.12,1
1000079684,Categoria C2,commodity,10333.74,2
1000079687,Categoria C1,commodity,2223.12,1
1000079687,Categoria C2,commodity,6424.44,2
1000079688,Categoria C1,commodity,2223.12,1
1000079688,Categoria C2,commodity,6424.44,2
1000079691,Categoria C1,commodity,2223.12,1
1000079691,Categoria C2,commodity,6424.44,2
1000079692,Categoria C1,commodity,2223.12,1
1000079692,Categoria C2,commodity,8484.28,2
1000079694,Categoria C1,commodity,2223.12,1
1000079694,Categoria C2,commodity,6424.44,2
1000079699,Categoria C1,commodity,1802.36,1
1000079699,Categoria C2,commodity,5504.42,2
1000079701,Categoria C1,commodity,2223.12,1
1000079701,Categoria C2,commodity,4785.36,2
1000079703,Categoria C1,commodity,3410.04,1
1000079703,Categoria C2,commodity,9674.34,2
1000079704,Categoria C1,commodity,2223.12,1
1000079704,Categoria C2,commodity,2935.9,2
1000079707,Categoria C1,commodity,2223.12,1
1000079707,Categoria C2,commodity,8484.28,2
1000079710,Categoria C1,commodity,2223.12,1
1000079710,Categoria C2,commodity,5711.66,2
1000079712,Categoria C1,commodity,1802.36,1
1000079712,Categoria C2,commodity,879.2,2
1000079713,Categoria C1,commodity,2223.12,1
1000079713,Categoria C2,commodity,17731.58,2
1000079714,Categoria C1,commodity,1802.36,1
1000079714,Categoria C2,commodity,3654.96,2
1000079715,Categoria C1,commodity,2223.12,1
1000079715,Categoria C2,commodity,6424.44,2
1000079716,Categoria C1,commodity,2223.12,1
1000079716,Categoria C2,commodity,5711.66,2
1000079717,Categoria C1,commodity,1802.36,1
1000079717,Categoria C2,commodity,879.2,2
1000079719,Categoria C1,commodity,2223.12,1
1000079719,Categoria C2,commodity,4785.36,2
1000079720,Categoria C1,commodity,2223.12,1
1000079720,Categoria C2,commodity,1086.44,2
1000079722,Categoria C1,commodity,2223.12,1
1000079722,Categoria C2,commodity,6634.82,2
1000079723,Categoria C1,commodity,4546.72,1
1000079723,Categoria C2,commodity,12899.12,2
1000079724,Categoria C1,commodity,1802.36,1
1000079724,Categoria C2,commodity,3548.2,2
1000079729,Categoria C1,commodity,2223.12,1
1000079729,Categoria C2,commodity,6634.82,2
1000079734,Categoria C1,commodity,1802.36,1
1000079734,Categoria C2,commodity,4578.12,2
1000079739,Categoria C1,commodity,3410.04,1
1000079739,Categoria C2,commodity,3978.38,2
1000079742,Categoria C1,commodity,2223.12,1
1000079742,Categoria C2,commodity,5711.66,2
1000079745,Categoria C1,commodity,3410.04,1
1000079745,Categoria C2,commodity,9065.18,2
1000079746,Categoria C1,commodity,2223.12,1
1000079746,Categoria C2,commodity,3397.48,2
1000079747,Categoria C1,commodity,1802.36,1
1000079747,Categoria C2,commodity,2728.66,2
1000079751,Categoria C1,commodity,2223.12,1
1000079751,Categoria C2,commodity,1086.44,2
1000079753,Categoria C1,commodity,2223.12,1
1000079753,Categoria C2,commodity,12183.2,2
1000079756,Categoria C1,commodity,2223.12,1
1000079756,Categoria C2,commodity,6634.82,2
1000079757,Categoria C1,commodity,1802.36,1
1000079757,Categoria C2,commodity,879.2,2
1000079758,Categoria C1,commodity,3410.04,1
1000079758,Categoria C2,commodity,13690.4,2
1000079760,Categoria C1,commodity,1802.36,1
1000079760,Categoria C2,commodity,3548.2,2
1000079762,Categoria C1,commodity,2223.12,1
1000079762,Categoria C2,commodity,12183.2,2
1000079763,Categoria C1,commodity,2223.12,1
1000079763,Categoria C2,commodity,14958.96,2
1000079764,Categoria C1,commodity,2223.12,1
1000079764,Categoria C2,commodity,9410.58,2
1000079765,Categoria C1,commodity,2223.12,1
1000079765,Categoria C2,commodity,8484.28,2
1000079771,Categoria C1,commodity,2223.12,1
1000079771,Categoria C2,commodity,8022.7,2
1000079772,Categoria C1,commodity,1802.36,1
1000079772,Categoria C2,commodity,3548.2,2
1000079773,Categoria C1,commodity,2223.12,1
1000079773,Categoria C2,commodity,7561.12,2
1000079778,Categoria C1,commodity,2223.12,1
1000079778,Categoria C2,commodity,6424.44,2
1000079782,Categoria C1,commodity,2223.12,1
1000079782,Categoria C2,commodity,6634.82,2
1000079784,Categoria C1,commodity,2223.12,1
1000079784,Categoria C2,commodity,3397.48,2
1000079785,Categoria C1,commodity,1802.36,1
1000079785,Categoria C2,commodity,879.2,2
1000079786,Categoria C1,commodity,2223.12,1
1000079786,Categoria C2,commodity,6424.44,2
1000079787,Categoria C1,commodity,1802.36,1
1000079787,Categoria C2,commodity,11052.8,2
1000079789,Categoria C1,commodity,1802.36,1
1000079789,Categoria C2,commodity,879.2,2
1000079791,Categoria C1,commodity,4546.72,1
1000079791,Categoria C2,commodity,11470.42,2
1000079792,Categoria C1,commodity,2223.12,1
1000079792,Categoria C2,commodity,2012.74,2
1000079794,Categoria C1,commodity,2223.12,1
1000079794,Categoria C2,commodity,14958.96,2
1000079795,Categoria C1,commodity,2223.12,1
1000079795,Categoria C2,commodity,9410.58,2
1000079796,Categoria C1,commodity,1802.36,1
1000079796,Categoria C2,commodity,879.2,2
1000079798,Categoria C1,commodity,2223.12,1
1000079798,Categoria C2,commodity,8022.7,2
1000079799,Categoria C1,commodity,2223.12,1
1000079799,Categoria C2,commodity,10333.74,2
1000079807,Categoria C1,commodity,2223.12,1
1000079807,Categoria C2,commodity,2935.9,2
1000079810,Categoria C1,commodity,1802.36,1
1000079810,Categoria C2,commodity,10126.5,2
1000079811,Categoria C1,commodity,2223.12,1
1000079811,Categoria C2,commodity,6424.44,2
1000079812,Categoria C1,commodity,2223.12,1
1000079812,Categoria C2,commodity,6634.82,2
1000079814,Categoria C1,commodity,3410.04,1
1000079814,Categoria C2,commodity,4443.1,2
1000079815,Categoria C1,commodity,2223.12,1
1000079815,Categoria C2,commodity,5711.66,2
1000079817,Categoria C1,commodity,4546.72,1
1000079817,Categoria C2,commodity,39212.32,2
1000079818,Categoria C1,commodity,2223.12,1
1000079818,Categoria C2,commodity,10333.74,2
1000079823,Categoria C1,commodity,3410.04,1
1000079823,Categoria C2,commodity,9674.34,2
1000079828,Categoria C1,commodity,2223.12,1
1000079828,Categoria C2,commodity,8484.28,2
1000079829,Categoria C1,commodity,2223.12,1
1000079829,Categoria C2,commodity,6424.44,2
1000079833,Categoria C1,commodity,2223.12,1
1000079833,Categoria C2,commodity,10333.74,2
1000079834,Categoria C1,commodity,3410.04,1
1000079834,Categoria C2,commodity,9674.34,2
1000079836,Categoria C1,commodity,5683.4,1
1000079836,Categoria C2,commodity,21273.5,2
1000079837,Categoria C1,commodity,1802.36,1
1000079837,Categoria C2,commodity,3548.2,2
1000079838,Categoria C1,commodity,1802.36,1
1000079838,Categoria C2,commodity,9203.34,2
1000079844,Categoria C1,commodity,2223.12,1
1000079844,Categoria C2,commodity,6634.82,2
1000079848,Categoria C1,commodity,1802.36,1
1000079848,Categoria C2,commodity,3548.2,2
1000079850,Categoria C1,commodity,1802.36,1
1000079850,Categoria C2,commodity,879.2,2
1000079856,Categoria C1,commodity,1802.36,1
1000079856,Categoria C2,commodity,6427.58,2
1000079857,Categoria C1,commodity,2223.12,1
1000079857,Categoria C2,commodity,6634.82,2
1000079859,Categoria C1,commodity,6820.08,1
1000079859,Categoria C2,commodity,95807.68,2
1000079862,Categoria C1,commodity,2223.12,1
1000079862,Categoria C2,commodity,14958.96,2
1000079864,Categoria C1,commodity,1802.36,1
1000079864,Categoria C2,commodity,3548.2,2
1000079875,Categoria C1,commodity,1802.36,1
1000079875,Categoria C2,commodity,879.2,2
1000079879,Categoria C1,commodity,2223.12,1
1000079879,Categoria C2,commodity,1086.44,2
1000079882,Categoria C1,commodity,1802.36,1
1000079882,Categoria C2,commodity,2728.66,2
1000079883,Categoria C1,commodity,2223.12,1
1000079883,Categoria C2,commodity,6634.82,2
1000079886,Categoria C1,commodity,2223.12,1
1000079886,Categoria C2,commodity,8022.7,2
1000079889,Categoria C1,commodity,2223.12,1
1000079889,Categoria C2,commodity,7005.34,2
1000079894,Categoria C1,commodity,2223.12,1
1000079894,Categoria C2,commodity,12183.2,2
1000079896,Categoria C1,commodity,2223.12,1
1000079896,Categoria C2,commodity,8484.28,2
1000079899,Categoria C1,commodity,2223.12,1
1000079899,Categoria C2,commodity,6634.82,2
1000079900,Categoria C1,commodity,2223.12,1
1000079900,Categoria C2,commodity,10333.74,2
1000079903,Categoria C1,commodity,1802.36,1
1000079903,Categoria C2,commodity,3548.2,2
1000079904,Categoria C1,commodity,3410.04,1
1000079904,Categoria C2,commodity,6292.56,2
1000079912,Categoria C1,commodity,1802.36,1
1000079912,Categoria C2,commodity,10126.5,2
1000079916,Categoria C1,commodity,3410.04,1
1000079916,Categoria C2,commodity,8603.6,2
1000079919,Categoria C1,commodity,2223.12,1
1000079919,Categoria C2,commodity,6424.44,2
1000079920,Categoria C1,commodity,2223.12,1
1000079920,Categoria C2,commodity,9410.58,2
1000079925,Categoria C1,commodity,2223.12,1
1000079925,Categoria C2,commodity,8484.28,2
1000079926,Categoria C1,commodity,2223.12,1
1000079926,Categoria C2,commodity,19304.72,2
1000079928,Categoria C1,commodity,2223.12,1
1000079928,Categoria C2,commodity,10333.74,2
1000079930,Categoria C1,commodity,2223.12,1
1000079930,Categoria C2,commodity,1086.44,2
1000079934,Categoria C1,commodity,2223.12,1
1000079934,Categoria C2,commodity,3397.48,2
1000079940,Categoria C1,commodity,2223.12,1
1000079940,Categoria C2,commodity,5711.66,2
1000079944,Categoria C1,commodity,2223.12,1
1000079944,Categoria C2,commodity,6424.44,2
1000079945,Categoria C1,commodity,2223.12,1
1000079945,Categoria C2,commodity,6424.44,2
1000079949,Categoria C1,commodity,1802.36,1
1000079949,Categoria C2,commodity,3548.2,2
1000079954,Categoria C1,commodity,2223.12,1
1000079954,Categoria C2,commodity,10333.74,2
1000079960,Categoria C1,commodity,2223.12,1
1000079960,Categoria C2,commodity,6424.44,2
1000079961,Categoria C1,commodity,1802.36,1
1000079961,Categoria C2,commodity,2728.66,2
1000079971,Categoria C1,commodity,2223.12,1
1000079971,Categoria C2,commodity,9410.58,2
1000079973,Categoria C1,commodity,3410.04,1
1000079973,Categoria C2,commodity,22011.4,2
1000079975,Categoria C1,commodity,1802.36,1
1000079975,Categoria C2,commodity,879.2,2
1000079978,Categoria C1,commodity,2223.12,1
1000079978,Categoria C2,commodity,6424.44,2
1000079980,Categoria C1,commodity,2223.12,1
1000079980,Categoria C2,commodity,9410.58,2
1000079983,Categoria C1,commodity,2223.12,1
1000079983,Categoria C2,commodity,8484.28,2
1000079985,Categoria C1,commodity,3410.04,1
1000079985,Categoria C2,commodity,8603.6,2
1000079987,Categoria C1,commodity,2223.12,1
1000079987,Categoria C2,commodity,1086.44,2
1000079988,Categoria C1,commodity,2223.12,1
1000079988,Categoria C2,commodity,6634.82,2
1000079990,Categoria C1,commodity,2223.12,1
1000079990,Categoria C2,commodity,6424.44,2
1000079994,Categoria C1,commodity,2223.12,1
1000079994,Categoria C2,commodity,10333.74,2
1000079995,Categoria C1,commodity,2223.12,1
1000079995,Categoria C2,commodity,8022.7,2
1000079996,Categoria C1,commodity,2223.12,1
1000079996,Categoria C2,commodity,10333.74,2
1000079999,Categoria C1,commodity,2223.12,1
1000079999,Categoria C2,commodity,1086.44,2
1000080000,Categoria C1,commodity,2223.12,1
1000080000,Categoria C2,commodity,6634.82,2
1000080001,Categoria C1,commodity,2223.12,1
1000080001,Categoria C2,commodity,6424.44,2
1000080004,Categoria C1,commodity,2223.12,1
1000080004,Categoria C2,commodity,6424.44,2
1000080006,Categoria C1,commodity,3410.04,1
1000080006,Categoria C2,commodity,1667.34,2
1000080009,Categoria C1,commodity,1802.36,1
1000080009,Categoria C2,commodity,7353.88,2
1000080010,Categoria C1,commodity,2223.12,1
1000080010,Categoria C2,commodity,6424.44,2
1000080011,Categoria C1,commodity,3410.04,1
1000080011,Categoria C2,commodity,1667.34,2
1000080013,Categoria C1,commodity,2223.12,1
1000080013,Categoria C2,commodity,8484.28,2
1000080016,Categoria C1,commodity,2223.12,1
1000080016,Categoria C2,commodity,6424.44,2
1000080018,Categoria C1,commodity,2223.12,1
1000080018,Categoria C2,commodity,6424.44,2
1000080019,Categoria C1,commodity,1802.36,1
1000080019,Categoria C2,commodity,3548.2,2
1000080020,Categoria C1,commodity,2223.12,1
1000080020,Categoria C2,commodity,9872.16,2
1000080021,Categoria C1,commodity,1802.36,1
1000080021,Categoria C2,commodity,5504.42,2
1000080022,Categoria C1,commodity,1802.36,1
1000080022,Categoria C2,commodity,9203.34,2
1000080023,Categoria C1,commodity,2223.12,1
1000080023,Categoria C2,commodity,6424.44,2
1000080024,Categoria C1,commodity,3410.04,1
1000080024,Categoria C2,commodity,10914.64,2
1000080025,Categoria C1,commodity,2223.12,1
1000080025,Categoria C2,commodity,6424.44,2
1000080026,Categoria C1,commodity,1802.36,1
1000080026,Categoria C2,commodity,3548.2,2
1000080028,Categoria C1,commodity,2223.12,1
1000080028,Categoria C2,commodity,9410.58,2
1000080029,Categoria C1,commodity,1802.36,1
1000080029,Categoria C2,commodity,879.2,2
1000080032,Categoria C1,commodity,3410.04,1
1000080032,Categoria C2,commodity,9674.34,2
1000080036,Categoria C1,commodity,3410.04,1
1000080036,Categoria C2,commodity,10914.64,2
1000080038,Categoria C1,commodity,0.0,1
1000080038,Categoria C2,commodity,0.0,2
1000080041,Categoria C1,commodity,2223.12,1
1000080041,Categoria C2,commodity,10333.74,2
1000080043,Categoria C1,commodity,3410.04,1
1000080043,Categoria C2,commodity,9674.34,2
1000080045,Categoria C1,commodity,3410.04,1
1000080045,Categoria C2,commodity,10914.64,2
1000080046,Categoria C1,commodity,2223.12,1
1000080046,Categoria C2,commodity,6424.44,2
1000080048,Categoria C1,commodity,2223.12,1
1000080048,Categoria C2,commodity,6424.44,2
1000080049,Categoria C1,commodity,2223.12,1
1000080049,Categoria C2,commodity,14958.96,2
1000080051,Categoria C1,commodity,2223.12,1
1000080051,Categoria C2,commodity,8484.28,2
1000080054,Categoria C1,commodity,3410.04,1
1000080054,Categoria C2,commodity,9674.34,2
1000080055,Categoria C1,commodity,2223.12,1
1000080055,Categoria C2,commodity,3862.2,2
1000080060,Categoria C1,commodity,3410.04,1
1000080060,Categoria C2,commodity,29409.24,2
1000080063,Categoria C1,commodity,2223.12,1
1000080063,Categoria C2,commodity,10795.32,2
1000080064,Categoria C1,commodity,6820.08,1
1000080064,Categoria C2,commodity,19348.68,2
1000080065,Categoria C1,commodity,1802.36,1
1000080065,Categoria C2,commodity,10126.5,2
1000080066,Categoria C1,commodity,2223.12,1
1000080066,Categoria C2,commodity,6424.44,2
1000080069,Categoria C1,commodity,2223.12,1
1000080069,Categoria C2,commodity,6424.44,2
1000080070,Categoria C1,commodity,3410.04,1
1000080070,Categoria C2,commodity,9065.18,2
1000080071,Categoria C1,commodity,2223.12,1
1000080071,Categoria C2,commodity,8022.7,2
1000080072,Categoria C1,commodity,2223.12,1
1000080072,Categoria C2,commodity,8484.28,2
1000080073,Categoria C1,commodity,3410.04,1
1000080073,Categoria C2,commodity,1667.34,2
1000080077,Categoria C1,commodity,3410.04,1
1000080077,Categoria C2,commodity,10914.64,2
1000080082,Categoria C1,commodity,2223.12,1
1000080082,Categoria C2,commodity,6424.44,2
1000080084,Categoria C1,commodity,2223.12,1
1000080084,Categoria C2,commodity,12183.2,2
1000080086,Categoria C1,commodity,2223.12,1
1000080086,Categoria C2,commodity,5711.66,2
1000080087,Categoria C1,commodity,2223.12,1
1000080087,Categoria C2,commodity,6634.82,2
1000080089,Categoria C1,commodity,4546.72,1
1000080089,Categoria C2,commodity,48459.62,2
1000080090,Categoria C1,commodity,2223.12,1
1000080090,Categoria C2,commodity,6424.44,2
1000080092,Categoria C1,commodity,2223.12,1
1000080092,Categoria C2,commodity,8484.28,2
1000080093,Categoria C1,commodity,3410.04,1
1000080093,Categoria C2,commodity,29409.24,2
1000080094,Categoria C1,commodity,3410.04,1
1000080094,Categoria C2,commodity,9674.34,2
1000080095,Categoria C1,commodity,2223.12,1
1000080095,Categoria C2,commodity,8484.28,2
1000080097,Categoria C1,commodity,2223.12,1
1000080097,Categoria C2,commodity,9410.58,2
1000080102,Categoria C1,commodity,2223.12,1
1000080102,Categoria C2,commodity,11260.04,2
1000080103,Categoria C1,commodity,3410.04,1
1000080103,Categoria C2,commodity,12764.1,2
1000080104,Categoria C1,commodity,2223.12,1
1000080104,Categoria C2,commodity,8484.28,2
1000080105,Categoria C1,commodity,1802.36,1
1000080105,Categoria C2,commodity,11975.96,2
1000080108,Categoria C1,commodity,2223.12,1
1000080108,Categoria C2,commodity,7561.12,2
1000080110,Categoria C1,commodity,1802.36,1
1000080110,Categoria C2,commodity,879.2,2
1000080111,Categoria C1,commodity,2223.12,1
1000080111,Categoria C2,commodity,3397.48,2
1000080112,Categoria C1,commodity,1802.36,1
1000080112,Categoria C2,commodity,879.2,2
1000080114,Categoria C1,commodity,2223.12,1
1000080114,Categoria C2,commodity,6634.82,2
1000080115,Categoria C1,commodity,2223.12,1
1000080115,Categoria C2,commodity,1086.44,2
1000080116,Categoria C1,commodity,1802.36,1
1000080116,Categoria C2,commodity,970.26,2
1000080117,Categoria C1,commodity,3410.04,1
1000080117,Categoria C2,commodity,24787.16,2
1000080118,Categoria C1,commodity,3410.04,1
1000080118,Categoria C2,commodity,15539.86,2
1000080122,Categoria C1,commodity,2223.12,1
1000080122,Categoria C2,commodity,1086.44,2
1000080123,Categoria C1,commodity,2223.12,1
1000080123,Categoria C2,commodity,8484.28,2
1000080124,Categoria C1,commodity,1802.36,1
1000080124,Categoria C2,commodity,879.2,2
1000080126,Categoria C1,commodity,1802.36,1
1000080126,Categoria C2,commodity,5504.42,2
1000080127,Categoria C1,commodity,2223.12,1
1000080127,Categoria C2,commodity,4785.36,2
1000080128,Categoria C1,commodity,2223.12,1
1000080128,Categoria C2,commodity,3862.2,2
1000080130,Categoria C1,commodity,3410.04,1
1000080130,Categoria C2,commodity,1667.34,2
1000080132,Categoria C1,commodity,2223.12,1
1000080132,Categoria C2,commodity,10333.74,2
1000080133,Categoria C1,commodity,2223.12,1
1000080133,Categoria C2,commodity,10333.74,2
1000080137,Categoria C1,commodity,2223.12,1
1000080137,Categoria C2,commodity,3862.2,2
1000080138,Categoria C1,commodity,3410.04,1
1000080138,Categoria C2,commodity,29409.24,2
1000080141,Categoria C1,commodity,3410.04,1
1000080141,Categoria C2,commodity,20161.94,2
1000080142,Categoria C1,commodity,2223.12,1
1000080142,Categoria C2,commodity,6634.82,2
1000080145,Categoria C1,commodity,2223.12,1
1000080145,Categoria C2,commodity,6424.44,2
1000080147,Categoria C1,commodity,1802.36,1
1000080147,Categoria C2,commodity,3654.96,2
1000080148,Categoria C1,commodity,2223.12,1
1000080148,Categoria C2,commodity,24206.26,2
1000080151,Categoria C1,commodity,3410.04,1
1000080151,Categoria C2,commodity,9526.76,2
1000080152,Categoria C1,commodity,2223.12,1
1000080152,Categoria C2,commodity,6634.82,2
1000080154,Categoria C1,commodity,2223.12,1
1000080154,Categoria C2,commodity,6424.44,2
1000080161,Categoria C1,commodity,2223.12,1
1000080161,Categoria C2,commodity,6424.44,2
1000080165,Categoria C1,commodity,3410.04,1
1000080165,Categoria C2,commodity,15539.86,2
1000080166,Categoria C1,commodity,2223.12,1
1000080166,Categoria C2,commodity,10333.74,2
1000080167,Categoria C1,commodity,2223.12,1
1000080167,Categoria C2,commodity,1086.44,2
1000080171,Categoria C1,commodity,1802.36,1
1000080171,Categoria C2,commodity,879.2,2
1000080172,Categoria C1,commodity,2223.12,1
1000080172,Categoria C2,commodity,4785.36,2
1000080175,Categoria C1,commodity,2223.12,1
1000080175,Categoria C2,commodity,12183.2,2
1000080176,Categoria C1,commodity,1802.36,1
1000080176,Categoria C2,commodity,3548.2,2
1000080178,Categoria C1,commodity,2223.12,1
1000080178,Categoria C2,commodity,1086.44,2
1000080179,Categoria C1,commodity,3410.04,1
1000080179,Categoria C2,commodity,20161.94,2
1000080180,Categoria C1,commodity,2223.12,1
1000080180,Categoria C2,commodity,3862.2,2
1000080181,Categoria C1,commodity,2223.12,1
1000080181,Categoria C2,commodity,3397.48,2
1000080187,Categoria C1,commodity,4546.72,1
1000080187,Categoria C2,commodity,12899.12,2
1000080190,Categoria C1,commodity,2223.12,1
1000080190,Categoria C2,commodity,10333.74,2
1000080192,Categoria C1,commodity,2223.12,1
1000080192,Categoria C2,commodity,2012.74,2
1000080194,Categoria C1,commodity,2223.12,1
1000080194,Categoria C2,commodity,1086.44,2
1000080195,Categoria C1,commodity,4546.72,1
1000080195,Categoria C2,commodity,13319.88,2
1000080200,Categoria C1,commodity,1802.36,1
1000080200,Categoria C2,commodity,879.2,2
1000080202,Categoria C1,commodity,3410.04,1
1000080202,Categoria C2,commodity,10914.64,2
1000080203,Categoria C1,commodity,2223.12,1
1000080203,Categoria C2,commodity,10333.74,2
1000080207,Categoria C1,commodity,2223.12,1
1000080207,Categoria C2,commodity,10333.74,2
1000080212,Categoria C1,commodity,2223.12,1
1000080212,Categoria C2,commodity,10333.74,2
1000080214,Categoria C1,commodity,2223.12,1
1000080214,Categoria C2,commodity,1086.44,2
1000080215,Categoria C1,commodity,2223.12,1
1000080215,Categoria C2,commodity,6424.44,2
1000080216,Categoria C1,commodity,3410.04,1
1000080216,Categoria C2,commodity,10914.64,2
1000080217,Categoria C1,commodity,4546.72,1
1000080217,Categoria C2,commodity,20717.72,2
1000080221,Categoria C1,commodity,2223.12,1
1000080221,Categoria C2,commodity,6634.82,2
1000080222,Categoria C1,commodity,2223.12,1
1000080222,Categoria C2,commodity,10333.74,2
1000080226,Categoria C1,commodity,2223.12,1
1000080226,Categoria C2,commodity,1086.44,2
1000080227,Categoria C1,commodity,2223.12,1
1000080227,Categoria C2,commodity,10333.74,2
1000080231,Categoria C1,commodity,2223.12,1
1000080231,Categoria C2,commodity,8022.7,2
1000080232,Categoria C1,commodity,2223.12,1
1000080232,Categoria C2,commodity,6424.44,2
1000080237,Categoria C1,commodity,3410.04,1
1000080237,Categoria C2,commodity,7215.72,2
1000080238,Categoria C1,commodity,2223.12,1
1000080238,Categoria C2,commodity,3862.2,2
1000080239,Categoria C1,commodity,2223.12,1
1000080239,Categoria C2,commodity,5711.66,2
1000080240,Categoria C1,commodity,2223.12,1
1000080240,Categoria C2,commodity,1086.44,2
1000080241,Categoria C1,commodity,2223.12,1
1000080241,Categoria C2,commodity,6424.44,2
1000080242,Categoria C1,commodity,1802.36,1
1000080242,Categoria C2,commodity,5504.42,2
1000080243,Categoria C1,commodity,1802.36,1
1000080243,Categoria C2,commodity,879.2,2
1000080245,Categoria C1,commodity,2223.12,1
1000080245,Categoria C2,commodity,2935.9,2
1000080246,Categoria C1,commodity,2223.12,1
1000080246,Categoria C2,commodity,6634.82,2
1000080247,Categoria C1,commodity,1802.36,1
1000080247,Categoria C2,commodity,879.2,2
1000080250,Categoria C1,commodity,2223.12,1
1000080250,Categoria C2,commodity,4785.36,2
1000080251,Categoria C1,commodity,2223.12,1
1000080251,Categoria C2,commodity,10333.74,2
1000080252,Categoria C1,commodity,2223.12,1
1000080252,Categoria C2,commodity,6424.44,2
1000080255,Categoria C1,commodity,2223.12,1
1000080255,Categoria C2,commodity,7096.4,2
1000080256,Categoria C1,commodity,2223.12,1
1000080256,Categoria C2,commodity,6424.44,2
1000080259,Categoria C1,commodity,2223.12,1
1000080259,Categoria C2,commodity,6424.44,2
1000080261,Categoria C1,commodity,1802.36,1
1000080261,Categoria C2,commodity,879.2,2
1000080262,Categoria C1,commodity,3410.04,1
1000080262,Categoria C2,commodity,10914.64,2
1000080263,Categoria C1,commodity,3410.04,1
1000080263,Categoria C2,commodity,7215.72,2
1000080265,Categoria C1,commodity,3410.04,1
1000080265,Categoria C2,commodity,15539.86,2
1000080266,Categoria C1,commodity,3410.04,1
1000080266,Categoria C2,commodity,10914.64,2
1000080267,Categoria C1,commodity,3410.04,1
1000080267,Categoria C2,commodity,7215.72,2
1000080268,Categoria C1,commodity,1802.36,1
1000080268,Categoria C2,commodity,5504.42,2
1000080269,Categoria C1,commodity,2223.12,1
1000080269,Categoria C2,commodity,3862.2,2
1000080271,Categoria C1,commodity,1802.36,1
1000080271,Categoria C2,commodity,7444.94,2
1000080273,Categoria C1,commodity,2223.12,1
1000080273,Categoria C2,commodity,7561.12,2
1000080274,Categoria C1,commodity,2223.12,1
1000080274,Categoria C2,commodity,6424.44,2
1000080275,Categoria C1,commodity,2223.12,1
1000080275,Categoria C2,commodity,4785.36,2
1000080277,Categoria C1,commodity,2223.12,1
1000080277,Categoria C2,commodity,10333.74,2
1000080280,Categoria C1,commodity,2223.12,1
1000080280,Categoria C2,commodity,1086.44,2
1000080281,Categoria C1,commodity,2223.12,1
1000080281,Categoria C2,commodity,6424.44,2
1000080285,Categoria C1,commodity,2223.12,1
1000080285,Categoria C2,commodity,4785.36,2
1000080287,Categoria C1,commodity,3410.04,1
1000080287,Categoria C2,commodity,9674.34,2
1000080288,Categoria C1,commodity,1802.36,1
1000080288,Categoria C2,commodity,14751.72,2
1000080289,Categoria C1,commodity,2223.12,1
1000080289,Categoria C2,commodity,5711.66,2
1000080291,Categoria C1,commodity,1802.36,1
1000080291,Categoria C2,commodity,10126.5,2
1000080292,Categoria C1,commodity,2223.12,1
1000080292,Categoria C2,commodity,8484.28,2
1000080295,Categoria C1,commodity,1802.36,1
1000080295,Categoria C2,commodity,6427.58,2
1000080296,Categoria C1,commodity,2223.12,1
1000080296,Categoria C2,commodity,8484.28,2
1000080297,Categoria C1,commodity,1802.36,1
1000080297,Categoria C2,commodity,879.2,2
1000080298,Categoria C1,commodity,2223.12,1
1000080298,Categoria C2,commodity,6424.44,2
1000080299,Categoria C1,commodity,2223.12,1
1000080299,Categoria C2,commodity,6424.44,2
1000080301,Categoria C1,commodity,9093.44,1
1000080301,Categoria C2,commodity,32188.14,2
1000080304,Categoria C1,commodity,2223.12,1
1000080304,Categoria C2,commodity,4785.36,2
1000080305,Categoria C1,commodity,2223.12,1
1000080305,Categoria C2,commodity,8022.7,2
1000080307,Categoria C1,commodity,2223.12,1
1000080307,Categoria C2,commodity,8022.7,2
1000080308,Categoria C1,commodity,2223.12,1
1000080308,Categoria C2,commodity,6424.44,2
1000080313,Categoria C1,commodity,2223.12,1
1000080313,Categoria C2,commodity,6424.44,2
1000080316,Categoria C1,commodity,1802.36,1
1000080316,Categoria C2,commodity,879.2,2
1000080317,Categoria C1,commodity,3410.04,1
1000080317,Categoria C2,commodity,29409.24,2
1000080320,Categoria C1,commodity,2223.12,1
1000080320,Categoria C2,commodity,6634.82,2
1000080321,Categoria C1,commodity,3410.04,1
1000080321,Categoria C2,commodity,29409.24,2
1000080322,Categoria C1,commodity,1802.36,1
1000080322,Categoria C2,commodity,1805.5,2
1000080323,Categoria C1,commodity,1802.36,1
1000080323,Categoria C2,commodity,1987.62,2
1000080324,Categoria C1,commodity,2223.12,1
1000080324,Categoria C2,commodity,1086.44,2
1000080325,Categoria C1,commodity,2223.12,1
1000080325,Categoria C2,commodity,12183.2,2
1000080337,Categoria C1,commodity,1802.36,1
1000080337,Categoria C2,commodity,879.2,2
1000080338,Categoria C1,commodity,2223.12,1
1000080338,Categoria C2,commodity,6424.44,2
1000080340,Categoria C1,commodity,2223.12,1
1000080340,Categoria C2,commodity,4785.36,2
1000080341,Categoria C1,commodity,2223.12,1
1000080341,Categoria C2,commodity,2935.9,2
1000080343,Categoria C1,commodity,2223.12,1
1000080343,Categoria C2,commodity,6424.44,2
1000080344,Categoria C1,commodity,2223.12,1
1000080344,Categoria C2,commodity,5711.66,2
1000080348,Categoria C1,commodity,3410.04,1
1000080348,Categoria C2,commodity,7215.72,2
1000080350,Categoria C1,commodity,2223.12,1
1000080350,Categoria C2,commodity,2935.9,2
1000080355,Categoria C1,commodity,2223.12,1
1000080355,Categoria C2,commodity,10333.74,2
1000080357,Categoria C1,commodity,2223.12,1
1000080357,Categoria C2,commodity,6424.44,2
1000080364,Categoria C1,commodity,2223.12,1
1000080364,Categoria C2,commodity,8484.28,2
1000080365,Categoria C1,commodity,2223.12,1
1000080365,Categoria C2,commodity,10333.74,2
1000080373,Categoria C1,commodity,2223.12,1
1000080373,Categoria C2,commodity,6424.44,2
1000080375,Categoria C1,commodity,2223.12,1
1000080375,Categoria C2,commodity,1086.44,2
1000080377,Categoria C1,commodity,1802.36,1
1000080377,Categoria C2,commodity,4116.54,2
1000080379,Categoria C1,commodity,1802.36,1
1000080379,Categoria C2,commodity,8277.04,2
1000080380,Categoria C1,commodity,1802.36,1
1000080380,Categoria C2,commodity,4578.12,2
1000080381,Categoria C1,commodity,3410.04,1
1000080381,Categoria C2,commodity,6292.56,2
1000080382,Categoria C1,commodity,3410.04,1
1000080382,Categoria C2,commodity,15539.86,2
1000080383,Categoria C1,commodity,2223.12,1
1000080383,Categoria C2,commodity,6424.44,2
1000080384,Categoria C1,commodity,2223.12,1
1000080384,Categoria C2,commodity,1086.44,2
1000080386,Categoria C1,commodity,2223.12,1
1000080386,Categoria C2,commodity,6424.44,2
1000080387,Categoria C1,commodity,2223.12,1
1000080387,Categoria C2,commodity,3862.2,2
1000080389,Categoria C1,commodity,2223.12,1
1000080389,Categoria C2,commodity,10333.74,2
1000080390,Categoria C1,commodity,2223.12,1
1000080390,Categoria C2,commodity,8484.28,2
1000080391,Categoria C1,commodity,2223.12,1
1000080391,Categoria C2,commodity,10333.74,2
1000080395,Categoria C1,commodity,2223.12,1
1000080395,Categoria C2,commodity,1086.44,2
1000080397,Categoria C1,commodity,3410.04,1
1000080397,Categoria C2,commodity,2593.64,2
1000080399,Categoria C1,commodity,4546.72,1
1000080399,Categoria C2,commodity,9620.96,2
1000080400,Categoria C1,commodity,3410.04,1
1000080400,Categoria C2,commodity,9674.34,2
1000080401,Categoria C1,commodity,2223.12,1
1000080401,Categoria C2,commodity,10333.74,2
1000080402,Categoria C1,commodity,1802.36,1
1000080402,Categoria C2,commodity,5504.42,2
1000080403,Categoria C1,commodity,1802.36,1
1000080403,Categoria C2,commodity,5504.42,2
1000080409,Categoria C1,commodity,3410.04,1
1000080409,Categoria C2,commodity,18312.48,2
1000080411,Categoria C1,commodity,1802.36,1
1000080411,Categoria C2,commodity,3190.24,2
1000080412,Categoria C1,commodity,1802.36,1
1000080412,Categoria C2,commodity,5504.42,2
1000080413,Categoria C1,commodity,2223.12,1
1000080413,Categoria C2,commodity,8484.28,2
1000080417,Categoria C1,commodity,3410.04,1
1000080417,Categoria C2,commodity,9674.34,2
1000080418,Categoria C1,commodity,1802.36,1
1000080418,Categoria C2,commodity,879.2,2
1000080419,Categoria C1,commodity,2223.12,1
1000080419,Categoria C2,commodity,3953.26,2
1000080421,Categoria C1,commodity,2223.12,1
1000080421,Categoria C2,commodity,1086.44,2
1000080424,Categoria C1,commodity,2223.12,1
1000080424,Categoria C2,commodity,1086.44,2
1000080425,Categoria C1,commodity,2223.12,1
1000080425,Categoria C2,commodity,6424.44,2
1000080427,Categoria C1,commodity,1802.36,1
1000080427,Categoria C2,commodity,6427.58,2
1000080429,Categoria C1,commodity,2223.12,1
1000080429,Categoria C2,commodity,5711.66,2
1000080432,Categoria C1,commodity,2223.12,1
1000080432,Categoria C2,commodity,8484.28,2
1000080433,Categoria C1,commodity,5683.4,1
1000080433,Categoria C2,commodity,16123.9,2
1000080434,Categoria C1,commodity,2223.12,1
1000080434,Categoria C2,commodity,6424.44,2
1000080436,Categoria C1,commodity,3410.04,1
1000080436,Categoria C2,commodity,15539.86,2
1000080437,Categoria C1,commodity,2223.12,1
1000080437,Categoria C2,commodity,2935.9,2
1000080438,Categoria C1,commodity,2223.12,1
1000080438,Categoria C2,commodity,2935.9,2
1000080441,Categoria C1,commodity,2223.12,1
1000080441,Categoria C2,commodity,8484.28,2
1000080442,Categoria C1,commodity,3410.04,1
1000080442,Categoria C2,commodity,9674.34,2
1000080443,Categoria C1,commodity,3410.04,1
1000080443,Categoria C2,commodity,10914.64,2
1000080446,Categoria C1,commodity,2223.12,1
1000080446,Categoria C2,commodity,1086.44,2
1000080449,Categoria C1,commodity,2223.12,1
1000080449,Categoria C2,commodity,6634.82,2
1000080454,Categoria C1,commodity,3410.04,1
1000080454,Categoria C2,commodity,29409.24,2
1000080455,Categoria C1,commodity,2223.12,1
1000080455,Categoria C2,commodity,1086.44,2
1000080456,Categoria C1,commodity,2223.12,1
1000080456,Categoria C2,commodity,6424.44,2
1000080459,Categoria C1,commodity,2223.12,1
1000080459,Categoria C2,commodity,33453.56,2
1000080460,Categoria C1,commodity,2223.12,1
1000080460,Categoria C2,commodity,42700.86,2
1000080461,Categoria C1,commodity,2223.12,1
1000080461,Categoria C2,commodity,5711.66,2
1000080462,Categoria C1,commodity,1802.36,1
1000080462,Categoria C2,commodity,879.2,2
1000080463,Categoria C1,commodity,1802.36,1
1000080463,Categoria C2,commodity,879.2,2
1000080466,Categoria C1,commodity,1802.36,1
1000080466,Categoria C2,commodity,5039.7,2
1000080467,Categoria C1,commodity,2223.12,1
1000080467,Categoria C2,commodity,1086.44,2
1000080470,Categoria C1,commodity,2223.12,1
1000080470,Categoria C2,commodity,6634.82,2
1000080471,Categoria C1,commodity,2223.12,1
1000080471,Categoria C2,commodity,10333.74,2
1000080472,Categoria C1,commodity,3410.04,1
1000080472,Categoria C2,commodity,10914.64,2
1000080475,Categoria C1,commodity,1802.36,1
1000080475,Categoria C2,commodity,2728.66,2
1000080476,Categoria C1,commodity,2223.12,1
1000080476,Categoria C2,commodity,6424.44,2
1000080477,Categoria C1,commodity,2223.12,1
1000080477,Categoria C2,commodity,10333.74,2
1000080478,Categoria C1,commodity,2223.12,1
1000080478,Categoria C2,commodity,6634.82,2
1000080480,Categoria C1,commodity,2223.12,1
1000080480,Categoria C2,commodity,1086.44,2
1000080483,Categoria C1,commodity,2223.12,1
1000080483,Categoria C2,commodity,6424.44,2
1000080486,Categoria C1,commodity,1802.36,1
1000080486,Categoria C2,commodity,2267.08,2
1000080487,Categoria C1,commodity,2223.12,1
1000080487,Categoria C2,commodity,10333.74,2
1000080488,Categoria C1,commodity,2223.12,1
1000080488,Categoria C2,commodity,8484.28,2
1000080491,Categoria C1,commodity,2223.12,1
1000080491,Categoria C2,commodity,6424.44,2
1000080492,Categoria C1,commodity,1802.36,1
1000080492,Categoria C2,commodity,1805.5,2
1000080494,Categoria C1,commodity,2223.12,1
1000080494,Categoria C2,commodity,10333.74,2
1000080495,Categoria C1,commodity,4546.72,1
1000080495,Categoria C2,commodity,29965.02,2
1000080497,Categoria C1,commodity,2223.12,1
1000080497,Categoria C2,commodity,10333.74,2
1000080499,Categoria C1,commodity,3410.04,1
1000080499,Categoria C2,commodity,4443.1,2
1000080500,Categoria C1,commodity,1802.36,1
1000080500,Categoria C2,commodity,5504.42,2
1000080502,Categoria C1,commodity,2223.12,1
1000080502,Categoria C2,commodity,1086.44,2
1000080503,Categoria C1,commodity,2223.12,1
1000080503,Categoria C2,commodity,1086.44,2
1000080505,Categoria C1,commodity,2223.12,1
1000080505,Categoria C2,commodity,6424.44,2
1000080508,Categoria C1,commodity,3410.04,1
1000080508,Categoria C2,commodity,9674.34,2
1000080509,Categoria C1,commodity,1802.36,1
1000080509,Categoria C2,commodity,10126.5,2
1000080510,Categoria C1,commodity,1802.36,1
1000080510,Categoria C2,commodity,3548.2,2
1000080513,Categoria C1,commodity,2223.12,1
1000080513,Categoria C2,commodity,6424.44,2
1000080514,Categoria C1,commodity,3410.04,1
1000080514,Categoria C2,commodity,10914.64,2
1000080516,Categoria C1,commodity,2223.12,1
1000080516,Categoria C2,commodity,8484.28,2
1000080517,Categoria C1,commodity,3410.04,1
1000080517,Categoria C2,commodity,10914.64,2
1000080518,Categoria C1,commodity,2223.12,1
1000080518,Categoria C2,commodity,1456.96,2
1000080519,Categoria C1,commodity,2223.12,1
1000080519,Categoria C2,commodity,3862.2,2
1000080521,Categoria C1,commodity,2223.12,1
1000080521,Categoria C2,commodity,6634.82,2
1000080522,Categoria C1,commodity,2223.12,1
1000080522,Categoria C2,commodity,9410.58,2
1000080526,Categoria C1,commodity,2223.12,1
1000080526,Categoria C2,commodity,10333.74,2
1000080530,Categoria C1,commodity,1802.36,1
1000080530,Categoria C2,commodity,3548.2,2
1000080531,Categoria C1,commodity,2223.12,1
1000080531,Categoria C2,commodity,6424.44,2
1000080534,Categoria C1,commodity,2223.12,1
1000080534,Categoria C2,commodity,1086.44,2
1000080539,Categoria C1,commodity,2223.12,1
1000080539,Categoria C2,commodity,2012.74,2
1000080541,Categoria C1,commodity,2223.12,1
1000080541,Categoria C2,commodity,3397.48,2
1000080544,Categoria C1,commodity,0.0,1
1000080544,Categoria C2,commodity,2775.76,2
1000080545,Categoria C1,commodity,2223.12,1
1000080545,Categoria C2,commodity,12644.78,2
1000080548,Categoria C1,commodity,2223.12,1
1000080548,Categoria C2,commodity,1086.44,2
1000080549,Categoria C1,commodity,2223.12,1
1000080549,Categoria C2,commodity,6424.44,2
1000080550,Categoria C1,commodity,2223.12,1
1000080550,Categoria C2,commodity,6634.82,2
1000080553,Categoria C1,commodity,2223.12,1
1000080553,Categoria C2,commodity,6424.44,2
1000080557,Categoria C1,commodity,1802.36,1
1000080557,Categoria C2,commodity,6427.58,2
1000080560,Categoria C1,commodity,2223.12,1
1000080560,Categoria C2,commodity,6424.44,2
1000080565,Categoria C1,commodity,1802.36,1
1000080565,Categoria C2,commodity,879.2,2
1000080567,Categoria C1,commodity,2223.12,1
1000080567,Categoria C2,commodity,1086.44,2
1000080569,Categoria C1,commodity,0.0,1
1000080569,Categoria C2,commodity,1387.88,2
1000080570,Categoria C1,commodity,3410.04,1
1000080570,Categoria C2,commodity,9674.34,2
1000080574,Categoria C1,commodity,1802.36,1
1000080574,Categoria C2,commodity,1805.5,2
1000080575,Categoria C1,commodity,2223.12,1
1000080575,Categoria C2,commodity,10333.74,2
1000080576,Categoria C1,commodity,2223.12,1
1000080576,Categoria C2,commodity,19581.04,2
1000080577,Categoria C1,commodity,6820.08,1
1000080577,Categoria C2,commodity,40323.88,2
1000080578,Categoria C1,commodity,3410.04,1
1000080578,Categoria C2,commodity,10914.64,2
1000080580,Categoria C1,commodity,2223.12,1
1000080580,Categoria C2,commodity,6424.44,2
1000080581,Categoria C1,commodity,3410.04,1
1000080581,Categoria C2,commodity,8142.02,2
1000080583,Categoria C1,commodity,2223.12,1
1000080583,Categoria C2,commodity,10333.74,2
1000080584,Categoria C1,commodity,2223.12,1
1000080584,Categoria C2,commodity,6424.44,2
1000080585,Categoria C1,commodity,1802.36,1
1000080585,Categoria C2,commodity,4578.12,2
1000080589,Categoria C1,commodity,2223.12,1
1000080589,Categoria C2,commodity,6424.44,2
1000080594,Categoria C1,commodity,2223.12,1
1000080594,Categoria C2,commodity,14958.96,2
1000080596,Categoria C1,commodity,2223.12,1
1000080596,Categoria C2,commodity,6424.44,2
1000080597,Categoria C1,commodity,3410.04,1
1000080597,Categoria C2,commodity,8142.02,2
1000080598,Categoria C1,commodity,3410.04,1
1000080598,Categoria C2,commodity,9065.18,2
1000080600,Categoria C1,commodity,1802.36,1
1000080600,Categoria C2,commodity,10126.5,2
1000080603,Categoria C1,commodity,3410.04,1
1000080603,Categoria C2,commodity,1667.34,2
1000080605,Categoria C1,commodity,2223.12,1
1000080605,Categoria C2,commodity,6424.44,2
1000080606,Categoria C1,commodity,3410.04,1
1000080606,Categoria C2,commodity,15539.86,2
1000080611,Categoria C1,commodity,3410.04,1
1000080611,Categoria C2,commodity,15539.86,2
1000080612,Categoria C1,commodity,1802.36,1
1000080612,Categoria C2,commodity,3654.96,2
1000080613,Categoria C1,commodity,3410.04,1
1000080613,Categoria C2,commodity,8142.02,2
1000080615,Categoria C1,commodity,2223.12,1
1000080615,Categoria C2,commodity,5711.66,2
1000080619,Categoria C1,commodity,2223.12,1
1000080619,Categoria C2,commodity,9872.16,2
1000080620,Categoria C1,commodity,2223.12,1
1000080620,Categoria C2,commodity,19581.04,2
1000080625,Categoria C1,commodity,2223.12,1
1000080625,Categoria C2,commodity,9410.58,2
1000080627,Categoria C1,commodity,2223.12,1
1000080627,Categoria C2,commodity,4970.62,2
1000080629,Categoria C1,commodity,2223.12,1
1000080629,Categoria C2,commodity,10333.74,2
1000080632,Categoria C1,commodity,2223.12,1
1000080632,Categoria C2,commodity,9686.9,2
1000080634,Categoria C1,commodity,2223.12,1
1000080634,Categoria C2,commodity,5711.66,2
1000080635,Categoria C1,commodity,3410.04,1
1000080635,Categoria C2,commodity,1667.34,2
1000080641,Categoria C1,commodity,2223.12,1
1000080641,Categoria C2,commodity,1086.44,2
1000080646,Categoria C1,commodity,1802.36,1
1000080646,Categoria C2,commodity,879.2,2
1000080648,Categoria C1,commodity,3410.04,1
1000080648,Categoria C2,commodity,12764.1,2
1000080650,Categoria C1,commodity,2223.12,1
1000080650,Categoria C2,commodity,6424.44,2
1000080653,Categoria C1,commodity,2223.12,1
1000080653,Categoria C2,commodity,11260.04,2
1000080660,Categoria C1,commodity,4546.72,1
1000080660,Categoria C2,commodity,11470.42,2
1000080661,Categoria C1,commodity,1802.36,1
1000080661,Categoria C2,commodity,11975.96,2
1000080666,Categoria C1,commodity,2223.12,1
1000080666,Categoria C2,commodity,6424.44,2
1000080667,Categoria C1,commodity,2223.12,1
1000080667,Categoria C2,commodity,6634.82,2
1000080668,Categoria C1,commodity,2223.12,1
1000080668,Categoria C2,commodity,6424.44,2
1000080669,Categoria C1,commodity,2223.12,1
1000080669,Categoria C2,commodity,1086.44,2
1000080670,Categoria C1,commodity,2223.12,1
1000080670,Categoria C2,commodity,3862.2,2
1000080672,Categoria C1,commodity,2223.12,1
1000080672,Categoria C2,commodity,6634.82,2
1000080676,Categoria C1,commodity,2223.12,1
1000080676,Categoria C2,commodity,6424.44,2
1000080678,Categoria C1,commodity,4546.72,1
1000080678,Categoria C2,commodity,2223.12,2
1000080681,Categoria C1,commodity,3410.04,1
1000080681,Categoria C2,commodity,9991.48,2
1000080682,Categoria C1,commodity,2223.12,1
1000080682,Categoria C2,commodity,28828.34,2
1000080686,Categoria C1,commodity,0.0,1
1000080686,Categoria C2,commodity,0.0,2
1000080688,Categoria C1,commodity,2223.12,1
1000080688,Categoria C2,commodity,3862.2,2
1000080690,Categoria C1,commodity,3410.04,1
1000080690,Categoria C2,commodity,5366.26,2
1000080691,Categoria C1,commodity,4546.72,1
1000080691,Categoria C2,commodity,2223.12,2
1000080692,Categoria C1,commodity,3410.04,1
1000080692,Categoria C2,commodity,15539.86,2
1000080693,Categoria C1,commodity,3410.04,1
1000080693,Categoria C2,commodity,9674.34,2
1000080696,Categoria C1,commodity,2223.12,1
1000080696,Categoria C2,commodity,11721.62,2
1000080697,Categoria C1,commodity,2223.12,1
1000080697,Categoria C2,commodity,6634.82,2
1000080698,Categoria C1,commodity,2223.12,1
1000080698,Categoria C2,commodity,1086.44,2
1000080699,Categoria C1,commodity,2223.12,1
1000080699,Categoria C2,commodity,6424.44,2
1000080700,Categoria C1,commodity,3410.04,1
1000080700,Categoria C2,commodity,7215.72,2
1000080702,Categoria C1,commodity,2223.12,1
1000080702,Categoria C2,commodity,1086.44,2
1000080703,Categoria C1,commodity,1802.36,1
1000080703,Categoria C2,commodity,879.2,2
1000080705,Categoria C1,commodity,3410.04,1
1000080705,Categoria C2,commodity,4443.1,2
1000080707,Categoria C1,commodity,3410.04,1
1000080707,Categoria C2,commodity,9674.34,2
1000080708,Categoria C1,commodity,2223.12,1
1000080708,Categoria C2,commodity,7561.12,2
1000080709,Categoria C1,commodity,2223.12,1
1000080709,Categoria C2,commodity,10333.74,2
1000080711,Categoria C1,commodity,2223.12,1
1000080711,Categoria C2,commodity,3862.2,2
1000080712,Categoria C1,commodity,3410.04,1
1000080712,Categoria C2,commodity,1667.34,2
1000080714,Categoria C1,commodity,3410.04,1
1000080714,Categoria C2,commodity,1667.34,2
1000080718,Categoria C1,commodity,3410.04,1
1000080718,Categoria C2,commodity,9991.48,2
1000080721,Categoria C1,commodity,2223.12,1
1000080721,Categoria C2,commodity,56570.24,2
1000080724,Categoria C1,commodity,4546.72,1
1000080724,Categoria C2,commodity,2223.12,2
1000080725,Categoria C1,commodity,2223.12,1
1000080725,Categoria C2,commodity,1086.44,2
1000080726,Categoria C1,commodity,2223.12,1
1000080726,Categoria C2,commodity,19581.04,2
1000080728,Categoria C1,commodity,3410.04,1
1000080728,Categoria C2,commodity,34034.46,2
1000080731,Categoria C1,commodity,1802.36,1
1000080731,Categoria C2,commodity,1805.5,2
1000080732,Categoria C1,commodity,3410.04,1
1000080732,Categoria C2,commodity,10914.64,2
1000080735,Categoria C1,commodity,2223.12,1
1000080735,Categoria C2,commodity,6424.44,2
1000080736,Categoria C1,commodity,1802.36,1
1000080736,Categoria C2,commodity,879.2,2
1000080737,Categoria C1,commodity,2223.12,1
1000080737,Categoria C2,commodity,6424.44,2
1000080738,Categoria C1,commodity,2223.12,1
1000080738,Categoria C2,commodity,7096.4,2
1000080739,Categoria C1,commodity,3410.04,1
1000080739,Categoria C2,commodity,10914.64,2
1000080744,Categoria C1,commodity,4546.72,1
1000080744,Categoria C2,commodity,7771.5,2
1000080745,Categoria C1,commodity,2223.12,1
1000080745,Categoria C2,commodity,6424.44,2
1000080750,Categoria C1,commodity,2223.12,1
1000080750,Categoria C2,commodity,6424.44,2
1000080751,Categoria C1,commodity,1802.36,1
1000080751,Categoria C2,commodity,879.2,2
1000080754,Categoria C1,commodity,2223.12,1
1000080754,Categoria C2,commodity,8484.28,2
1000080760,Categoria C1,commodity,3410.04,1
1000080760,Categoria C2,commodity,10914.64,2
1000080764,Categoria C1,commodity,2223.12,1
1000080764,Categoria C2,commodity,6424.44,2
1000080767,Categoria C1,commodity,2223.12,1
1000080767,Categoria C2,commodity,6424.44,2
1000080769,Categoria C1,commodity,3410.04,1
1000080769,Categoria C2,commodity,7677.3,2
1000080771,Categoria C1,commodity,2223.12,1
1000080771,Categoria C2,commodity,1086.44,2
1000080772,Categoria C1,commodity,3410.04,1
1000080772,Categoria C2,commodity,7215.72,2
1000080773,Categoria C1,commodity,3410.04,1
1000080773,Categoria C2,commodity,9674.34,2
1000080774,Categoria C1,commodity,2223.12,1
1000080774,Categoria C2,commodity,6424.44,2
1000080775,Categoria C1,commodity,3410.04,1
1000080775,Categoria C2,commodity,6292.56,2
1000080778,Categoria C1,commodity,1802.36,1
1000080778,Categoria C2,commodity,879.2,2
1000080779,Categoria C1,commodity,1802.36,1
1000080779,Categoria C2,commodity,879.2,2
1000080780,Categoria C1,commodity,3410.04,1
1000080780,Categoria C2,commodity,8142.02,2
1000080786,Categoria C1,commodity,1802.36,1
1000080786,Categoria C2,commodity,879.2,2
1000080787,Categoria C1,commodity,3410.04,1
1000080787,Categoria C2,commodity,15539.86,2
1000080788,Categoria C1,commodity,4546.72,1
1000080788,Categoria C2,commodity,11470.42,2
1000080789,Categoria C1,commodity,3410.04,1
1000080789,Categoria C2,commodity,8142.02,2
1000080790,Categoria C1,commodity,3410.04,1
1000080790,Categoria C2,commodity,10914.64,2
1000080791,Categoria C1,commodity,2223.12,1
1000080791,Categoria C2,commodity,7096.4,2
1000080793,Categoria C1,commodity,2223.12,1
1000080793,Categoria C2,commodity,5711.66,2
1000080795,Categoria C1,commodity,2223.12,1
1000080795,Categoria C2,commodity,3862.2,2
1000080797,Categoria C1,commodity,2223.12,1
1000080797,Categoria C2,commodity,6424.44,2
1000080800,Categoria C1,commodity,1802.36,1
1000080800,Categoria C2,commodity,3548.2,2
1000080803,Categoria C1,commodity,2223.12,1
1000080803,Categoria C2,commodity,7096.4,2
1000080804,Categoria C1,commodity,2223.12,1
1000080804,Categoria C2,commodity,6634.82,2
1000080806,Categoria C1,commodity,2223.12,1
1000080806,Categoria C2,commodity,3397.48,2
1000080807,Categoria C1,commodity,3410.04,1
1000080807,Categoria C2,commodity,9674.34,2
1000080809,Categoria C1,commodity,3410.04,1
1000080809,Categoria C2,commodity,9674.34,2
1000080812,Categoria C1,commodity,2223.12,1
1000080812,Categoria C2,commodity,6424.44,2
1000080813,Categoria C1,commodity,3410.04,1
1000080813,Categoria C2,commodity,10914.64,2
1000080816,Categoria C1,commodity,2223.12,1
1000080816,Categoria C2,commodity,1086.44,2
1000080818,Categoria C1,commodity,2223.12,1
1000080818,Categoria C2,commodity,6424.44,2
1000080819,Categoria C1,commodity,2223.12,1
1000080819,Categoria C2,commodity,6634.82,2
1000080823,Categoria C1,commodity,1802.36,1
1000080823,Categoria C2,commodity,2728.66,2
1000080824,Categoria C1,commodity,3410.04,1
1000080824,Categoria C2,commodity,8603.6,2
1000080825,Categoria C1,commodity,3410.04,1
1000080825,Categoria C2,commodity,33108.16,2
1000080828,Categoria C1,commodity,2223.12,1
1000080828,Categoria C2,commodity,1086.44,2
1000080829,Categoria C1,commodity,3410.04,1
1000080829,Categoria C2,commodity,9674.34,2
1000080830,Categoria C1,commodity,2223.12,1
1000080830,Categoria C2,commodity,1086.44,2
1000080831,Categoria C1,commodity,2223.12,1
1000080831,Categoria C2,commodity,19581.04,2
1000080833,Categoria C1,commodity,2223.12,1
1000080833,Categoria C2,commodity,6424.44,2
1000080834,Categoria C1,commodity,2223.12,1
1000080834,Categoria C2,commodity,1086.44,2
1000080836,Categoria C1,commodity,2223.12,1
1000080836,Categoria C2,commodity,6634.82,2
1000080841,Categoria C1,commodity,3410.04,1
1000080841,Categoria C2,commodity,10914.64,2
1000080842,Categoria C1,commodity,3410.04,1
1000080842,Categoria C2,commodity,9065.18,2
1000080843,Categoria C1,commodity,1802.36,1
1000080843,Categoria C2,commodity,970.26,2
1000080845,Categoria C1,commodity,2223.12,1
1000080845,Categoria C2,commodity,10333.74,2
1000080847,Categoria C1,commodity,1802.36,1
1000080847,Categoria C2,commodity,879.2,2
1000080848,Categoria C1,commodity,2223.12,1
1000080848,Categoria C2,commodity,6424.44,2
1000080850,Categoria C1,commodity,2223.12,1
1000080850,Categoria C2,commodity,1086.44,2
1000080853,Categoria C1,commodity,2223.12,1
1000080853,Categoria C2,commodity,6424.44,2
1000080855,Categoria C1,commodity,3410.04,1
1000080855,Categoria C2,commodity,15539.86,2
1000080857,Categoria C1,commodity,3410.04,1
1000080857,Categoria C2,commodity,1667.34,2
1000080858,Categoria C1,commodity,4546.72,1
1000080858,Categoria C2,commodity,48459.62,2
1000080859,Categoria C1,commodity,3410.04,1
1000080859,Categoria C2,commodity,43281.76,2
1000080860,Categoria C1,commodity,4546.72,1
1000080860,Categoria C2,commodity,8233.08,2
1000080861,Categoria C1,commodity,2223.12,1
1000080861,Categoria C2,commodity,1086.44,2
1000080863,Categoria C1,commodity,2223.12,1
1000080863,Categoria C2,commodity,6424.44,2
1000080865,Categoria C1,commodity,2223.12,1
1000080865,Categoria C2,commodity,6424.44,2
1000080866,Categoria C1,commodity,2223.12,1
1000080866,Categoria C2,commodity,5711.66,2
1000080867,Categoria C1,commodity,2223.12,1
1000080867,Categoria C2,commodity,1086.44,2
1000080871,Categoria C1,commodity,2223.12,1
1000080871,Categoria C2,commodity,6424.44,2
1000080872,Categoria C1,commodity,2223.12,1
1000080872,Categoria C2,commodity,4785.36,2
1000080873,Categoria C1,commodity,2223.12,1
1000080873,Categoria C2,commodity,6424.44,2
1000080874,Categoria C1,commodity,2223.12,1
1000080874,Categoria C2,commodity,10333.74,2
1000080877,Categoria C1,commodity,2223.12,1
1000080877,Categoria C2,commodity,1086.44,2
1000080878,Categoria C1,commodity,1802.36,1
1000080878,Categoria C2,commodity,879.2,2
1000080879,Categoria C1,commodity,0.0,1
1000080879,Categoria C2,commodity,27741.9,2
1000080881,Categoria C1,commodity,2223.12,1
1000080881,Categoria C2,commodity,10333.74,2
1000080884,Categoria C1,commodity,1802.36,1
1000080884,Categoria C2,commodity,6427.58,2
1000080885,Categoria C1,commodity,2223.12,1
1000080885,Categoria C2,commodity,6424.44,2
1000080887,Categoria C1,commodity,2223.12,1
1000080887,Categoria C2,commodity,14958.96,2
1000080890,Categoria C1,commodity,2223.12,1
1000080890,Categoria C2,commodity,3862.2,2
1000080891,Categoria C1,commodity,2223.12,1
1000080891,Categoria C2,commodity,2935.9,2
1000080895,Categoria C1,commodity,1802.36,1
1000080895,Categoria C2,commodity,879.2,2
1000080896,Categoria C1,commodity,1802.36,1
1000080896,Categoria C2,commodity,879.2,2
1000080898,Categoria C1,commodity,2223.12,1
1000080898,Categoria C2,commodity,10333.74,2
1000080899,Categoria C1,commodity,4546.72,1
1000080899,Categoria C2,commodity,31814.48,2
1000080900,Categoria C1,commodity,3410.04,1
1000080900,Categoria C2,commodity,15539.86,2
1000080904,Categoria C1,commodity,3410.04,1
1000080904,Categoria C2,commodity,7215.72,2
1000080905,Categoria C1,commodity,1802.36,1
1000080905,Categoria C2,commodity,10126.5,2
1000080906,Categoria C1,commodity,2223.12,1
1000080906,Categoria C2,commodity,9410.58,2
1000080908,Categoria C1,commodity,2223.12,1
1000080908,Categoria C2,commodity,10333.74,2
1000080909,Categoria C1,commodity,1802.36,1
1000080909,Categoria C2,commodity,10126.5,2
1000080910,Categoria C1,commodity,2223.12,1
1000080910,Categoria C2,commodity,6424.44,2
1000080911,Categoria C1,commodity,2223.12,1
1000080911,Categoria C2,commodity,6424.44,2
1000080912,Categoria C1,commodity,2223.12,1
1000080912,Categoria C2,commodity,10333.74,2
1000080913,Categoria C1,commodity,2223.12,1
1000080913,Categoria C2,commodity,10333.74,2
1000080914,Categoria C1,commodity,1802.36,1
1000080914,Categoria C2,commodity,3548.2,2
1000080915,Categoria C1,commodity,2223.12,1
1000080915,Categoria C2,commodity,11260.04,2
1000080916,Categoria C1,commodity,2223.12,1
1000080916,Categoria C2,commodity,7096.4,2
1000080919,Categoria C1,commodity,2223.12,1
1000080919,Categoria C2,commodity,6424.44,2
1000080920,Categoria C1,commodity,2223.12,1
1000080920,Categoria C2,commodity,6634.82,2
1000080921,Categoria C1,commodity,2223.12,1
1000080921,Categoria C2,commodity,9410.58,2
1000080922,Categoria C1,commodity,1802.36,1
1000080922,Categoria C2,commodity,1805.5,2
1000080924,Categoria C1,commodity,1802.36,1
1000080924,Categoria C2,commodity,4578.12,2
1000080926,Categoria C1,commodity,3410.04,1
1000080926,Categoria C2,commodity,9674.34,2
1000080927,Categoria C1,commodity,2223.12,1
1000080927,Categoria C2,commodity,10333.74,2
1000080928,Categoria C1,commodity,2223.12,1
1000080928,Categoria C2,commodity,6634.82,2
1000080929,Categoria C1,commodity,1802.36,1
1000080929,Categoria C2,commodity,879.2,2
1000080930,Categoria C1,commodity,1802.36,1
1000080930,Categoria C2,commodity,879.2,2
1000080931,Categoria C1,commodity,3410.04,1
1000080931,Categoria C2,commodity,29409.24,2
1000080932,Categoria C1,commodity,3410.04,1
1000080932,Categoria C2,commodity,1667.34,2
1000080934,Categoria C1,commodity,2223.12,1
1000080934,Categoria C2,commodity,5711.66,2
1000080936,Categoria C1,commodity,3410.04,1
1000080936,Categoria C2,commodity,10914.64,2
1000080937,Categoria C1,commodity,2223.12,1
1000080937,Categoria C2,commodity,6424.44,2
1000080938,Categoria C1,commodity,3410.04,1
1000080938,Categoria C2,commodity,20161.94,2
1000080939,Categoria C1,commodity,1802.36,1
1000080939,Categoria C2,commodity,3654.96,2
1000080940,Categoria C1,commodity,1802.36,1
1000080940,Categoria C2,commodity,879.2,2
1000080941,Categoria C1,commodity,2223.12,1
1000080941,Categoria C2,commodity,10795.32,2
1000080942,Categoria C1,commodity,3410.04,1
1000080942,Categoria C2,commodity,10914.64,2
1000080943,Categoria C1,commodity,3410.04,1
1000080943,Categoria C2,commodity,20161.94,2
1000080944,Categoria C1,commodity,2223.12,1
1000080944,Categoria C2,commodity,6424.44,2
1000080945,Categoria C1,commodity,3410.04,1
1000080945,Categoria C2,commodity,15539.86,2
1000080948,Categoria C1,commodity,1802.36,1
1000080948,Categoria C2,commodity,1805.5,2
1000080949,Categoria C1,commodity,2223.12,1
1000080949,Categoria C2,commodity,10889.52,2
1000080950,Categoria C1,commodity,3410.04,1
1000080950,Categoria C2,commodity,9674.34,2
1000080952,Categoria C1,commodity,1802.36,1
1000080952,Categoria C2,commodity,4578.12,2
1000080954,Categoria C1,commodity,2223.12,1
1000080954,Categoria C2,commodity,6424.44,2
1000080959,Categoria C1,commodity,2223.12,1
1000080959,Categoria C2,commodity,14958.96,2
1000080960,Categoria C1,commodity,1802.36,1
1000080960,Categoria C2,commodity,1805.5,2
1000080962,Categoria C1,commodity,2223.12,1
1000080962,Categoria C2,commodity,1086.44,2
1000080963,Categoria C1,commodity,3410.04,1
1000080963,Categoria C2,commodity,20161.94,2
1000080966,Categoria C1,commodity,3410.04,1
1000080966,Categoria C2,commodity,7215.72,2
1000080967,Categoria C1,commodity,2223.12,1
1000080967,Categoria C2,commodity,14958.96,2
1000080968,Categoria C1,commodity,2223.12,1
1000080968,Categoria C2,commodity,8484.28,2
1000080969,Categoria C1,commodity,3410.04,1
1000080969,Categoria C2,commodity,10914.64,2
1000080972,Categoria C1,commodity,3410.04,1
1000080972,Categoria C2,commodity,7215.72,2
1000080974,Categoria C1,commodity,2223.12,1
1000080974,Categoria C2,commodity,9410.58,2
1000080976,Categoria C1,commodity,2223.12,1
1000080976,Categoria C2,commodity,28828.34,2
1000080977,Categoria C1,commodity,2223.12,1
1000080977,Categoria C2,commodity,3397.48,2
1000080978,Categoria C1,commodity,2223.12,1
1000080978,Categoria C2,commodity,6424.44,2
1000080980,Categoria C1,commodity,2223.12,1
1000080980,Categoria C2,commodity,6424.44,2
1000080981,Categoria C1,commodity,2223.12,1
1000080981,Categoria C2,commodity,10333.74,2
1000080982,Categoria C1,commodity,2223.12,1
1000080982,Categoria C2,commodity,1086.44,2
1000080986,Categoria C1,commodity,4546.72,1
1000080986,Categoria C2,commodity,17018.8,2
1000080988,Categoria C1,commodity,2223.12,1
1000080988,Categoria C2,commodity,6424.44,2
1000080991,Categoria C1,commodity,2223.12,1
1000080991,Categoria C2,commodity,6424.44,2
1000080992,Categoria C1,commodity,2223.12,1
1000080992,Categoria C2,commodity,1086.44,2
1000080994,Categoria C1,commodity,1802.36,1
1000080994,Categoria C2,commodity,4578.12,2
1000080996,Categoria C1,commodity,2223.12,1
1000080996,Categoria C2,commodity,12368.46,2
1000080997,Categoria C1,commodity,2223.12,1
1000080997,Categoria C2,commodity,2012.74,2
1000080998,Categoria C1,commodity,2223.12,1
1000080998,Categoria C2,commodity,6634.82,2
1000080999,Categoria C1,commodity,3410.04,1
1000080999,Categoria C2,commodity,6292.56,2
1000081000,Categoria C1,commodity,1802.36,1
1000081000,Categoria C2,commodity,879.2,2
1000081004,Categoria C1,commodity,3410.04,1
1000081004,Categoria C2,commodity,7215.72,2
1000081005,Categoria C1,commodity,3410.04,1
1000081005,Categoria C2,commodity,14984.08,2
1000081006,Categoria C1,commodity,2223.12,1
1000081006,Categoria C2,commodity,5711.66,2
1000081008,Categoria C1,commodity,3410.04,1
1000081008,Categoria C2,commodity,66398.44,2
1000081009,Categoria C1,commodity,3410.04,1
1000081009,Categoria C2,commodity,7215.72,2
1000081010,Categoria C1,commodity,2223.12,1
1000081010,Categoria C2,commodity,7096.4,2
1000081011,Categoria C1,commodity,2223.12,1
1000081011,Categoria C2,commodity,6424.44,2
1000081012,Categoria C1,commodity,2223.12,1
1000081012,Categoria C2,commodity,6424.44,2
1000081013,Categoria C1,commodity,1802.36,1
1000081013,Categoria C2,commodity,1805.5,2
1000081014,Categoria C1,commodity,3410.04,1
1000081014,Categoria C2,commodity,7677.3,2
1000081015,Categoria C1,commodity,2223.12,1
1000081015,Categoria C2,commodity,6634.82,2
1000081016,Categoria C1,commodity,3410.04,1
1000081016,Categoria C2,commodity,1667.34,2
1000081017,Categoria C1,commodity,1802.36,1
1000081017,Categoria C2,commodity,970.26,2
1000081018,Categoria C1,commodity,2223.12,1
1000081018,Categoria C2,commodity,10333.74,2
1000081020,Categoria C1,commodity,1802.36,1
1000081020,Categoria C2,commodity,879.2,2
1000081025,Categoria C1,commodity,3410.04,1
1000081025,Categoria C2,commodity,1667.34,2
1000081026,Categoria C1,commodity,2223.12,1
1000081026,Categoria C2,commodity,10333.74,2
1000081027,Categoria C1,commodity,1802.36,1
1000081027,Categoria C2,commodity,879.2,2
1000081028,Categoria C1,commodity,3410.04,1
1000081028,Categoria C2,commodity,9674.34,2
1000081029,Categoria C1,commodity,3410.04,1
1000081029,Categoria C2,commodity,10914.64,2
1000081030,Categoria C1,commodity,2223.12,1
1000081030,Categoria C2,commodity,10333.74,2
1000081031,Categoria C1,commodity,2223.12,1
1000081031,Categoria C2,commodity,8022.7,2
1000081032,Categoria C1,commodity,2223.12,1
1000081032,Categoria C2,commodity,5711.66,2
1000081034,Categoria C1,commodity,2223.12,1
1000081034,Categoria C2,commodity,6424.44,2
1000081035,Categoria C1,commodity,3410.04,1
1000081035,Categoria C2,commodity,9674.34,2
1000081036,Categoria C1,commodity,2223.12,1
1000081036,Categoria C2,commodity,9410.58,2
1000081038,Categoria C1,commodity,2223.12,1
1000081038,Categoria C2,commodity,5711.66,2
1000081039,Categoria C1,commodity,2223.12,1
1000081039,Categoria C2,commodity,19581.04,2
1000081040,Categoria C1,commodity,2223.12,1
1000081040,Categoria C2,commodity,1086.44,2
1000081041,Categoria C1,commodity,2223.12,1
1000081041,Categoria C2,commodity,1086.44,2
1000081043,Categoria C1,commodity,3410.04,1
1000081043,Categoria C2,commodity,29409.24,2
1000081044,Categoria C1,commodity,2223.12,1
1000081044,Categoria C2,commodity,1086.44,2
1000081047,Categoria C1,commodity,2223.12,1
1000081047,Categoria C2,commodity,6424.44,2
1000081048,Categoria C1,commodity,2223.12,1
1000081048,Categoria C2,commodity,5711.66,2
1000081050,Categoria C1,commodity,3410.04,1
1000081050,Categoria C2,commodity,5827.84,2
1000081053,Categoria C1,commodity,3410.04,1
1000081053,Categoria C2,commodity,8142.02,2
1000081057,Categoria C1,commodity,2223.12,1
1000081057,Categoria C2,commodity,4785.36,2
1000081058,Categoria C1,commodity,2223.12,1
1000081058,Categoria C2,commodity,19581.04,2
1000081059,Categoria C1,commodity,2223.12,1
1000081059,Categoria C2,commodity,3862.2,2
1000081060,Categoria C1,commodity,0.0,1
1000081060,Categoria C2,commodity,91.06,2
1000081061,Categoria C1,commodity,2223.12,1
1000081061,Categoria C2,commodity,6424.44,2
1000081062,Categoria C1,commodity,2223.12,1
1000081062,Categoria C2,commodity,10333.74,2
1000081063,Categoria C1,commodity,2223.12,1
1000081063,Categoria C2,commodity,6424.44,2
1000081065,Categoria C1,commodity,2223.12,1
1000081065,Categoria C2,commodity,6424.44,2
1000081066,Categoria C1,commodity,2223.12,1
1000081066,Categoria C2,commodity,6634.82,2
1000081067,Categoria C1,commodity,1802.36,1
1000081067,Categoria C2,commodity,879.2,2
1000081068,Categoria C1,commodity,2223.12,1
1000081068,Categoria C2,commodity,1086.44,2
1000081069,Categoria C1,commodity,2223.12,1
1000081069,Categoria C2,commodity,8022.7,2
1000081070,Categoria C1,commodity,1802.36,1
1000081070,Categoria C2,commodity,3654.96,2
1000081074,Categoria C1,commodity,2223.12,1
1000081074,Categoria C2,commodity,6424.44,2
1000081076,Categoria C1,commodity,3410.04,1
1000081076,Categoria C2,commodity,9065.18,2
1000081077,Categoria C1,commodity,0.0,1
1000081077,Categoria C2,commodity,4625.22,2
1000081078,Categoria C1,commodity,1802.36,1
1000081078,Categoria C2,commodity,1805.5,2
1000081080,Categoria C1,commodity,3410.04,1
1000081080,Categoria C2,commodity,20161.94,2
1000081081,Categoria C1,commodity,6820.08,1
1000081081,Categoria C2,commodity,31076.58,2
1000081082,Categoria C1,commodity,2223.12,1
1000081082,Categoria C2,commodity,6424.44,2
1000081084,Categoria C1,commodity,2223.12,1
1000081084,Categoria C2,commodity,8484.28,2
1000081085,Categoria C1,commodity,2223.12,1
1000081085,Categoria C2,commodity,14958.96,2
1000081086,Categoria C1,commodity,3410.04,1
1000081086,Categoria C2,commodity,7215.72,2
1000081088,Categoria C1,commodity,1802.36,1
1000081088,Categoria C2,commodity,2728.66,2
1000081089,Categoria C1,commodity,2223.12,1
1000081089,Categoria C2,commodity,1271.7,2
1000081090,Categoria C1,commodity,2223.12,1
1000081090,Categoria C2,commodity,6424.44,2
1000081091,Categoria C1,commodity,2223.12,1
1000081091,Categoria C2,commodity,2935.9,2
1000081092,Categoria C1,commodity,1802.36,1
1000081092,Categoria C2,commodity,3548.2,2
1000081093,Categoria C1,commodity,3410.04,1
1000081093,Categoria C2,commodity,9991.48,2
1000081096,Categoria C1,commodity,3410.04,1
1000081096,Categoria C2,commodity,15539.86,2
1000081097,Categoria C1,commodity,4546.72,1
1000081097,Categoria C2,commodity,7771.5,2
1000081098,Categoria C1,commodity,2223.12,1
1000081098,Categoria C2,commodity,3862.2,2
1000081101,Categoria C1,commodity,3410.04,1
1000081101,Categoria C2,commodity,8142.02,2
1000081102,Categoria C1,commodity,3410.04,1
1000081102,Categoria C2,commodity,7215.72,2
1000081103,Categoria C1,commodity,2223.12,1
1000081103,Categoria C2,commodity,5711.66,2
1000081104,Categoria C1,commodity,2223.12,1
1000081104,Categoria C2,commodity,6634.82,2
1000081105,Categoria C1,commodity,3410.04,1
1000081105,Categoria C2,commodity,9991.48,2
1000081106,Categoria C1,commodity,2223.12,1
1000081106,Categoria C2,commodity,6424.44,2
1000081114,Categoria C1,commodity,2223.12,1
1000081114,Categoria C2,commodity,1086.44,2
1000081115,Categoria C1,commodity,6820.08,1
1000081115,Categoria C2,commodity,3334.68,2
1000081117,Categoria C1,commodity,2223.12,1
1000081117,Categoria C2,commodity,6424.44,2
1000081118,Categoria C1,commodity,2223.12,1
1000081118,Categoria C2,commodity,1086.44,2
1000081119,Categoria C1,commodity,1802.36,1
1000081119,Categoria C2,commodity,879.2,2
1000081120,Categoria C1,commodity,2223.12,1
1000081120,Categoria C2,commodity,9410.58,2
1000081121,Categoria C1,commodity,1802.36,1
1000081121,Categoria C2,commodity,970.26,2
1000081126,Categoria C1,commodity,3410.04,1
1000081126,Categoria C2,commodity,8142.02,2
1000081128,Categoria C1,commodity,2223.12,1
1000081128,Categoria C2,commodity,1086.44,2
1000081130,Categoria C1,commodity,2223.12,1
1000081130,Categoria C2,commodity,10333.74,2
1000081131,Categoria C1,commodity,2223.12,1
1000081131,Categoria C2,commodity,5711.66,2
1000081134,Categoria C1,commodity,2223.12,1
1000081134,Categoria C2,commodity,6424.44,2
1000081135,Categoria C1,commodity,2223.12,1
1000081135,Categoria C2,commodity,8484.28,2
1000081140,Categoria C1,commodity,2223.12,1
1000081140,Categoria C2,commodity,1086.44,2
1000081141,Categoria C1,commodity,1802.36,1
1000081141,Categoria C2,commodity,879.2,2
1000081142,Categoria C1,commodity,1802.36,1
1000081142,Categoria C2,commodity,879.2,2
1000081143,Categoria C1,commodity,3410.04,1
1000081143,Categoria C2,commodity,7215.72,2
1000081144,Categoria C1,commodity,2223.12,1
1000081144,Categoria C2,commodity,9410.58,2
1000081145,Categoria C1,commodity,2223.12,1
1000081145,Categoria C2,commodity,6634.82,2
1000081148,Categoria C1,commodity,1802.36,1
1000081148,Categoria C2,commodity,879.2,2
1000081149,Categoria C1,commodity,9093.44,1
1000081149,Categoria C2,commodity,50682.74,2
1000081150,Categoria C1,commodity,2223.12,1
1000081150,Categoria C2,commodity,5711.66,2
1000081151,Categoria C1,commodity,2223.12,1
1000081151,Categoria C2,commodity,1271.7,2
1000081152,Categoria C1,commodity,2223.12,1
1000081152,Categoria C2,commodity,6424.44,2
1000081155,Categoria C1,commodity,2223.12,1
1000081155,Categoria C2,commodity,10333.74,2
1000081156,Categoria C1,commodity,2223.12,1
1000081156,Categoria C2,commodity,7561.12,2
1000081158,Categoria C1,commodity,2223.12,1
1000081158,Categoria C2,commodity,10333.74,2
1000081159,Categoria C1,commodity,2223.12,1
1000081159,Categoria C2,commodity,14958.96,2
1000081160,Categoria C1,commodity,2223.12,1
1000081160,Categoria C2,commodity,10333.74,2
1000081161,Categoria C1,commodity,3410.04,1
1000081161,Categoria C2,commodity,6292.56,2
1000081162,Categoria C1,commodity,2223.12,1
1000081162,Categoria C2,commodity,9410.58,2
1000081165,Categoria C1,commodity,4546.72,1
1000081165,Categoria C2,commodity,11470.42,2
1000081166,Categoria C1,commodity,2223.12,1
1000081166,Categoria C2,commodity,5711.66,2
1000081169,Categoria C1,commodity,2223.12,1
1000081169,Categoria C2,commodity,6634.82,2
1000081170,Categoria C1,commodity,3410.04,1
1000081170,Categoria C2,commodity,9991.48,2
1000081171,Categoria C1,commodity,4546.72,1
1000081171,Categoria C2,commodity,20717.72,2
1000081172,Categoria C1,commodity,2223.12,1
1000081172,Categoria C2,commodity,3397.48,2
1000081174,Categoria C1,commodity,2223.12,1
1000081174,Categoria C2,commodity,1086.44,2
1000081175,Categoria C1,commodity,1802.36,1
1000081175,Categoria C2,commodity,2728.66,2
1000081176,Categoria C1,commodity,3410.04,1
1000081176,Categoria C2,commodity,13690.4,2
1000081177,Categoria C1,commodity,2223.12,1
1000081177,Categoria C2,commodity,10333.74,2
1000081179,Categoria C1,commodity,2223.12,1
1000081179,Categoria C2,commodity,12183.2,2
1000081180,Categoria C1,commodity,1802.36,1
1000081180,Categoria C2,commodity,1805.5,2
1000081181,Categoria C1,commodity,2223.12,1
1000081181,Categoria C2,commodity,6634.82,2
1000081182,Categoria C1,commodity,2223.12,1
1000081182,Categoria C2,commodity,5711.66,2
1000081183,Categoria C1,commodity,3410.04,1
1000081183,Categoria C2,commodity,7677.3,2
1000081187,Categoria C1,commodity,2223.12,1
1000081187,Categoria C2,commodity,10333.74,2
1000081188,Categoria C1,commodity,2223.12,1
1000081188,Categoria C2,commodity,10333.74,2
1000081189,Categoria C1,commodity,1802.36,1
1000081189,Categoria C2,commodity,970.26,2
1000081190,Categoria C1,commodity,3410.04,1
1000081190,Categoria C2,commodity,10914.64,2
1000081191,Categoria C1,commodity,2223.12,1
1000081191,Categoria C2,commodity,7561.12,2
1000081194,Categoria C1,commodity,1802.36,1
1000081194,Categoria C2,commodity,4578.12,2
1000081197,Categoria C1,commodity,2223.12,1
1000081197,Categoria C2,commodity,6424.44,2
1000081198,Categoria C1,commodity,1802.36,1
1000081198,Categoria C2,commodity,17524.34,2
1000081199,Categoria C1,commodity,3410.04,1
1000081199,Categoria C2,commodity,12764.1,2
1000081200,Categoria C1,commodity,1802.36,1
1000081200,Categoria C2,commodity,879.2,2
1000081203,Categoria C1,commodity,4546.72,1
1000081203,Categoria C2,commodity,7771.5,2
1000081206,Categoria C1,commodity,3410.04,1
1000081206,Categoria C2,commodity,9674.34,2
1000081208,Categoria C1,commodity,3410.04,1
1000081208,Categoria C2,commodity,10914.64,2
1000081210,Categoria C1,commodity,1802.36,1
1000081210,Categoria C2,commodity,879.2,2
1000081211,Categoria C1,commodity,1802.36,1
1000081211,Categoria C2,commodity,879.2,2
1000081212,Categoria C1,commodity,1802.36,1
1000081212,Categoria C2,commodity,7353.88,2
1000081213,Categoria C1,commodity,2223.12,1
1000081213,Categoria C2,commodity,9872.16,2
1000081215,Categoria C1,commodity,2223.12,1
1000081215,Categoria C2,commodity,1086.44,2
1000081216,Categoria C1,commodity,2223.12,1
1000081216,Categoria C2,commodity,10333.74,2
1000081217,Categoria C1,commodity,1802.36,1
1000081217,Categoria C2,commodity,879.2,2
1000081220,Categoria C1,commodity,2223.12,1
1000081220,Categoria C2,commodity,5711.66,2
1000081221,Categoria C1,commodity,3410.04,1
1000081221,Categoria C2,commodity,1667.34,2
1000081223,Categoria C1,commodity,2223.12,1
1000081223,Categoria C2,commodity,14958.96,2
1000081224,Categoria C1,commodity,9093.44,1
1000081224,Categoria C2,commodity,32188.14,2
1000081225,Categoria C1,commodity,1802.36,1
1000081225,Categoria C2,commodity,879.2,2
1000081229,Categoria C1,commodity,2223.12,1
1000081229,Categoria C2,commodity,3862.2,2
1000081232,Categoria C1,commodity,0.0,1
1000081232,Categoria C2,commodity,6474.68,2
1000081233,Categoria C1,commodity,2223.12,1
1000081233,Categoria C2,commodity,1086.44,2
1000081236,Categoria C1,commodity,2223.12,1
1000081236,Categoria C2,commodity,17270.0,2
1000081237,Categoria C1,commodity,2223.12,1
1000081237,Categoria C2,commodity,4785.36,2
1000081238,Categoria C1,commodity,3410.04,1
1000081238,Categoria C2,commodity,8142.02,2
1000081239,Categoria C1,commodity,1802.36,1
1000081239,Categoria C2,commodity,5504.42,2
1000081241,Categoria C1,commodity,2223.12,1
1000081241,Categoria C2,commodity,6424.44,2
1000081242,Categoria C1,commodity,1802.36,1
1000081242,Categoria C2,commodity,879.2,2
1000081245,Categoria C1,commodity,2223.12,1
1000081245,Categoria C2,commodity,1086.44,2
1000081246,Categoria C1,commodity,2223.12,1
1000081246,Categoria C2,commodity,6634.82,2
1000081248,Categoria C1,commodity,2223.12,1
1000081248,Categoria C2,commodity,6424.44,2
1000081250,Categoria C1,commodity,1802.36,1
1000081250,Categoria C2,commodity,879.2,2
1000081253,Categoria C1,commodity,2223.12,1
1000081253,Categoria C2,commodity,6424.44,2
1000081255,Categoria C1,commodity,2223.12,1
1000081255,Categoria C2,commodity,3397.48,2
1000081258,Categoria C1,commodity,2223.12,1
1000081258,Categoria C2,commodity,6424.44,2
1000081259,Categoria C1,commodity,2223.12,1
1000081259,Categoria C2,commodity,6424.44,2
1000081260,Categoria C1,commodity,2223.12,1
1000081260,Categoria C2,commodity,1086.44,2
1000081262,Categoria C1,commodity,1802.36,1
1000081262,Categoria C2,commodity,879.2,2
1000081263,Categoria C1,commodity,2223.12,1
1000081263,Categoria C2,commodity,6424.44,2
1000081264,Categoria C1,commodity,3410.04,1
1000081264,Categoria C2,commodity,9065.18,2
1000081265,Categoria C1,commodity,2223.12,1
1000081265,Categoria C2,commodity,6424.44,2
1000081268,Categoria C1,commodity,2223.12,1
1000081268,Categoria C2,commodity,6424.44,2
1000081270,Categoria C1,commodity,2223.12,1
1000081270,Categoria C2,commodity,1086.44,2
1000081271,Categoria C1,commodity,3410.04,1
1000081271,Categoria C2,commodity,7215.72,2
1000081272,Categoria C1,commodity,3410.04,1
1000081272,Categoria C2,commodity,1667.34,2
1000081275,Categoria C1,commodity,2223.12,1
1000081275,Categoria C2,commodity,1086.44,2
1000081279,Categoria C1,commodity,2223.12,1
1000081279,Categoria C2,commodity,6424.44,2
1000081280,Categoria C1,commodity,4546.72,1
1000081280,Categoria C2,commodity,11470.42,2
1000081281,Categoria C1,commodity,2223.12,1
1000081281,Categoria C2,commodity,9592.7,2
1000081284,Categoria C1,commodity,0.0,1
1000081284,Categoria C2,commodity,4625.22,2
1000081285,Categoria C1,commodity,1802.36,1
1000081285,Categoria C2,commodity,879.2,2
1000081286,Categoria C1,commodity,1802.36,1
1000081286,Categoria C2,commodity,2728.66,2
1000081287,Categoria C1,commodity,2223.12,1
1000081287,Categoria C2,commodity,1086.44,2
1000081290,Categoria C1,commodity,3410.04,1
1000081290,Categoria C2,commodity,1667.34,2
1000081291,Categoria C1,commodity,3410.04,1
1000081291,Categoria C2,commodity,9674.34,2
1000081292,Categoria C1,commodity,2223.12,1
1000081292,Categoria C2,commodity,2935.9,2
1000081293,Categoria C1,commodity,1802.36,1
1000081293,Categoria C2,commodity,879.2,2
1000081299,Categoria C1,commodity,2223.12,1
1000081299,Categoria C2,commodity,1086.44,2
1000081300,Categoria C1,commodity,1802.36,1
1000081300,Categoria C2,commodity,879.2,2
1000081301,Categoria C1,commodity,2223.12,1
1000081301,Categoria C2,commodity,6634.82,2
1000081302,Categoria C1,commodity,2223.12,1
1000081302,Categoria C2,commodity,5711.66,2
1000081303,Categoria C1,commodity,2223.12,1
1000081303,Categoria C2,commodity,9410.58,2
1000081305,Categoria C1,commodity,2223.12,1
1000081305,Categoria C2,commodity,1086.44,2
1000081309,Categoria C1,commodity,2223.12,1
1000081309,Categoria C2,commodity,6424.44,2
1000081311,Categoria C1,commodity,2223.12,1
1000081311,Categoria C2,commodity,5711.66,2
1000081313,Categoria C1,commodity,2223.12,1
1000081313,Categoria C2,commodity,5711.66,2
1000081314,Categoria C1,commodity,2223.12,1
1000081314,Categoria C2,commodity,10333.74,2
1000081315,Categoria C1,commodity,2223.12,1
1000081315,Categoria C2,commodity,1086.44,2
1000081316,Categoria C1,commodity,3410.04,1
1000081316,Categoria C2,commodity,9991.48,2
1000081321,Categoria C1,commodity,2223.12,1
1000081321,Categoria C2,commodity,3862.2,2
1000081322,Categoria C1,commodity,2223.12,1
1000081322,Categoria C2,commodity,8484.28,2
1000081323,Categoria C1,commodity,2223.12,1
1000081323,Categoria C2,commodity,6634.82,2
1000081324,Categoria C1,commodity,2223.12,1
1000081324,Categoria C2,commodity,6424.44,2
1000081326,Categoria C1,commodity,2223.12,1
1000081326,Categoria C2,commodity,1086.44,2
1000081327,Categoria C1,commodity,3410.04,1
1000081327,Categoria C2,commodity,1667.34,2
1000081328,Categoria C1,commodity,1802.36,1
1000081328,Categoria C2,commodity,879.2,2
1000081329,Categoria C1,commodity,3410.04,1
1000081329,Categoria C2,commodity,6292.56,2
1000081331,Categoria C1,commodity,3410.04,1
1000081331,Categoria C2,commodity,24787.16,2
1000081332,Categoria C1,commodity,2223.12,1
1000081332,Categoria C2,commodity,6424.44,2
1000081333,Categoria C1,commodity,3410.04,1
1000081333,Categoria C2,commodity,20161.94,2
1000081335,Categoria C1,commodity,2223.12,1
1000081335,Categoria C2,commodity,6424.44,2
1000081336,Categoria C1,commodity,2223.12,1
1000081336,Categoria C2,commodity,10333.74,2
1000081338,Categoria C1,commodity,3410.04,1
1000081338,Categoria C2,commodity,9674.34,2
1000081341,Categoria C1,commodity,4546.72,1
1000081341,Categoria C2,commodity,11470.42,2
1000081342,Categoria C1,commodity,2223.12,1
1000081342,Categoria C2,commodity,6424.44,2
1000081343,Categoria C1,commodity,2223.12,1
1000081343,Categoria C2,commodity,6424.44,2
1000081344,Categoria C1,commodity,2223.12,1
1000081344,Categoria C2,commodity,10333.74,2
1000081346,Categoria C1,commodity,3410.04,1
1000081346,Categoria C2,commodity,20161.94,2
1000081347,Categoria C1,commodity,2223.12,1
1000081347,Categoria C2,commodity,1086.44,2
1000081349,Categoria C1,commodity,3410.04,1
1000081349,Categoria C2,commodity,7215.72,2
1000081350,Categoria C1,commodity,1802.36,1
1000081350,Categoria C2,commodity,879.2,2
1000081354,Categoria C1,commodity,3410.04,1
1000081354,Categoria C2,commodity,12764.1,2
1000081355,Categoria C1,commodity,3410.04,1
1000081355,Categoria C2,commodity,9991.48,2
1000081356,Categoria C1,commodity,3410.04,1
1000081356,Categoria C2,commodity,4443.1,2
1000081357,Categoria C1,commodity,4546.72,1
1000081357,Categoria C2,commodity,11470.42,2
1000081358,Categoria C1,commodity,2223.12,1
1000081358,Categoria C2,commodity,10704.26,2
1000081359,Categoria C1,commodity,2223.12,1
1000081359,Categoria C2,commodity,12183.2,2
1000081361,Categoria C1,commodity,2223.12,1
1000081361,Categoria C2,commodity,12183.2,2
1000081362,Categoria C1,commodity,3410.04,1
1000081362,Categoria C2,commodity,9674.34,2
1000081364,Categoria C1,commodity,4546.72,1
1000081364,Categoria C2,commodity,12899.12,2
1000081365,Categoria C1,commodity,1802.36,1
1000081365,Categoria C2,commodity,879.2,2
1000081366,Categoria C1,commodity,3410.04,1
1000081366,Categoria C2,commodity,12764.1,2
1000081368,Categoria C1,commodity,3410.04,1
1000081368,Categoria C2,commodity,10914.64,2
1000081369,Categoria C1,commodity,3410.04,1
1000081369,Categoria C2,commodity,1667.34,2
1000081370,Categoria C1,commodity,0.0,1
1000081370,Categoria C2,commodity,6474.68,2
1000081371,Categoria C1,commodity,4546.72,1
1000081371,Categoria C2,commodity,16095.64,2
1000081372,Categoria C1,commodity,2223.12,1
1000081372,Categoria C2,commodity,8484.28,2
1000081374,Categoria C1,commodity,2223.12,1
1000081374,Categoria C2,commodity,6424.44,2
1000081375,Categoria C1,commodity,1802.36,1
1000081375,Categoria C2,commodity,3548.2,2
1000081379,Categoria C1,commodity,1802.36,1
1000081379,Categoria C2,commodity,879.2,2
1000081380,Categoria C1,commodity,2223.12,1
1000081380,Categoria C2,commodity,6634.82,2
1000081381,Categoria C1,commodity,3410.04,1
1000081381,Categoria C2,commodity,10914.64,2
1000081382,Categoria C1,commodity,3410.04,1
1000081382,Categoria C2,commodity,9674.34,2
1000081383,Categoria C1,commodity,0.0,1
1000081383,Categoria C2,commodity,0.0,2
1000081384,Categoria C1,commodity,2223.12,1
1000081384,Categoria C2,commodity,6424.44,2
1000081386,Categoria C1,commodity,3410.04,1
1000081386,Categoria C2,commodity,10914.64,2
1000081387,Categoria C1,commodity,2223.12,1
1000081387,Categoria C2,commodity,6634.82,2
1000081388,Categoria C1,commodity,1802.36,1
1000081388,Categoria C2,commodity,3548.2,2
1000081389,Categoria C1,commodity,3410.04,1
1000081389,Categoria C2,commodity,15539.86,2
1000081391,Categoria C1,commodity,1802.36,1
1000081391,Categoria C2,commodity,19373.8,2
1000081396,Categoria C1,commodity,3410.04,1
1000081396,Categoria C2,commodity,29409.24,2
1000081398,Categoria C1,commodity,2223.12,1
1000081398,Categoria C2,commodity,10333.74,2
1000081399,Categoria C1,commodity,2223.12,1
1000081399,Categoria C2,commodity,6424.44,2
1000081404,Categoria C1,commodity,3410.04,1
1000081404,Categoria C2,commodity,9674.34,2
1000081405,Categoria C1,commodity,2223.12,1
1000081405,Categoria C2,commodity,14958.96,2
1000081406,Categoria C1,commodity,3410.04,1
1000081406,Categoria C2,commodity,1667.34,2
1000081409,Categoria C1,commodity,2223.12,1
1000081409,Categoria C2,commodity,6424.44,2
1000081410,Categoria C1,commodity,3410.04,1
1000081410,Categoria C2,commodity,9674.34,2
1000081413,Categoria C1,commodity,2223.12,1
1000081413,Categoria C2,commodity,1086.44,2
1000081414,Categoria C1,commodity,3410.04,1
1000081414,Categoria C2,commodity,15539.86,2
1000081415,Categoria C1,commodity,2223.12,1
1000081415,Categoria C2,commodity,6634.82,2
1000081416,Categoria C1,commodity,2223.12,1
1000081416,Categoria C2,commodity,5711.66,2
1000081417,Categoria C1,commodity,3410.04,1
1000081417,Categoria C2,commodity,10914.64,2
1000081418,Categoria C1,commodity,4546.72,1
1000081418,Categoria C2,commodity,85448.82,2
1000081419,Categoria C1,commodity,2223.12,1
1000081419,Categoria C2,commodity,10333.74,2
1000081420,Categoria C1,commodity,2223.12,1
1000081420,Categoria C2,commodity,6634.82,2
1000081421,Categoria C1,commodity,3410.04,1
1000081421,Categoria C2,commodity,8142.02,2
1000081424,Categoria C1,commodity,2223.12,1
1000081424,Categoria C2,commodity,5711.66,2
1000081425,Categoria C1,commodity,2223.12,1
1000081425,Categoria C2,commodity,1086.44,2
1000081426,Categoria C1,commodity,4546.72,1
1000081426,Categoria C2,commodity,2223.12,2
1000081429,Categoria C1,commodity,1802.36,1
1000081429,Categoria C2,commodity,879.2,2
1000081430,Categoria C1,commodity,2223.12,1
1000081430,Categoria C2,commodity,6634.82,2
1000081433,Categoria C1,commodity,2223.12,1
1000081433,Categoria C2,commodity,8022.7,2
1000081434,Categoria C1,commodity,1802.36,1
1000081434,Categoria C2,commodity,7353.88,2
1000081435,Categoria C1,commodity,3410.04,1
1000081435,Categoria C2,commodity,10914.64,2
1000081436,Categoria C1,commodity,3410.04,1
1000081436,Categoria C2,commodity,6292.56,2
1000081437,Categoria C1,commodity,3410.04,1
1000081437,Categoria C2,commodity,5366.26,2
1000081438,Categoria C1,commodity,2223.12,1
1000081438,Categoria C2,commodity,3862.2,2
1000081439,Categoria C1,commodity,3410.04,1
1000081439,Categoria C2,commodity,1667.34,2
1000081440,Categoria C1,commodity,3410.04,1
1000081440,Categoria C2,commodity,8603.6,2
1000081445,Categoria C1,commodity,1802.36,1
1000081445,Categoria C2,commodity,3548.2,2
1000081446,Categoria C1,commodity,2223.12,1
1000081446,Categoria C2,commodity,2935.9,2
1000081448,Categoria C1,commodity,3410.04,1
1000081448,Categoria C2,commodity,1667.34,2
1000081452,Categoria C1,commodity,1802.36,1
1000081452,Categoria C2,commodity,879.2,2
1000081454,Categoria C1,commodity,3410.04,1
1000081454,Categoria C2,commodity,20161.94,2
1000081456,Categoria C1,commodity,2223.12,1
1000081456,Categoria C2,commodity,6424.44,2
1000081460,Categoria C1,commodity,1802.36,1
1000081460,Categoria C2,commodity,3654.96,2
1000081461,Categoria C1,commodity,2223.12,1
1000081461,Categoria C2,commodity,9410.58,2
1000081462,Categoria C1,commodity,2223.12,1
1000081462,Categoria C2,commodity,5711.66,2
1000081463,Categoria C1,commodity,2223.12,1
1000081463,Categoria C2,commodity,6424.44,2
1000081464,Categoria C1,commodity,2223.12,1
1000081464,Categoria C2,commodity,1086.44,2
1000081465,Categoria C1,commodity,2223.12,1
1000081465,Categoria C2,commodity,24206.26,2
1000081466,Categoria C1,commodity,4546.72,1
1000081466,Categoria C2,commodity,12899.12,2
1000081468,Categoria C1,commodity,2223.12,1
1000081468,Categoria C2,commodity,5711.66,2
1000081469,Categoria C1,commodity,2223.12,1
1000081469,Categoria C2,commodity,8484.28,2
1000081472,Categoria C1,commodity,1802.36,1
1000081472,Categoria C2,commodity,3190.24,2
1000081473,Categoria C1,commodity,2223.12,1
1000081473,Categoria C2,commodity,6424.44,2
1000081474,Categoria C1,commodity,2223.12,1
1000081474,Categoria C2,commodity,5711.66,2
1000081475,Categoria C1,commodity,2223.12,1
1000081475,Categoria C2,commodity,11165.84,2
1000081476,Categoria C1,commodity,3410.04,1
1000081476,Categoria C2,commodity,10914.64,2
1000081478,Categoria C1,commodity,2223.12,1
1000081478,Categoria C2,commodity,5711.66,2
1000081479,Categoria C1,commodity,2223.12,1
1000081479,Categoria C2,commodity,6634.82,2
1000081480,Categoria C1,commodity,2223.12,1
1000081480,Categoria C2,commodity,6424.44,2
1000081481,Categoria C1,commodity,1802.36,1
1000081481,Categoria C2,commodity,879.2,2
1000081482,Categoria C1,commodity,2223.12,1
1000081482,Categoria C2,commodity,5711.66,2
1000081483,Categoria C1,commodity,2223.12,1
1000081483,Categoria C2,commodity,1086.44,2
1000081484,Categoria C1,commodity,3410.04,1
1000081484,Categoria C2,commodity,9065.18,2
1000081487,Categoria C1,commodity,2223.12,1
1000081487,Categoria C2,commodity,1086.44,2
1000081489,Categoria C1,commodity,2223.12,1
1000081489,Categoria C2,commodity,1086.44,2
1000081490,Categoria C1,commodity,1802.36,1
1000081490,Categoria C2,commodity,28621.1,2
1000081492,Categoria C1,commodity,2223.12,1
1000081492,Categoria C2,commodity,10333.74,2
1000081494,Categoria C1,commodity,3410.04,1
1000081494,Categoria C2,commodity,7215.72,2
1000081495,Categoria C1,commodity,2223.12,1
1000081495,Categoria C2,commodity,5711.66,2
1000081496,Categoria C1,commodity,2223.12,1
1000081496,Categoria C2,commodity,1086.44,2
1000081497,Categoria C1,commodity,2223.12,1
1000081497,Categoria C2,commodity,7561.12,2
1000081498,Categoria C1,commodity,2223.12,1
1000081498,Categoria C2,commodity,15882.12,2
1000081499,Categoria C1,commodity,2223.12,1
1000081499,Categoria C2,commodity,19581.04,2
1000081500,Categoria C1,commodity,2223.12,1
1000081500,Categoria C2,commodity,6424.44,2
1000081501,Categoria C1,commodity,2223.12,1
1000081501,Categoria C2,commodity,6424.44,2
1000081502,Categoria C1,commodity,3410.04,1
1000081502,Categoria C2,commodity,6292.56,2
1000081504,Categoria C1,commodity,2223.12,1
1000081504,Categoria C2,commodity,6173.24,2
1000081505,Categoria C1,commodity,2223.12,1
1000081505,Categoria C2,commodity,1086.44,2
1000081506,Categoria C1,commodity,2223.12,1
1000081506,Categoria C2,commodity,6634.82,2
1000081507,Categoria C1,commodity,2223.12,1
1000081507,Categoria C2,commodity,5711.66,2
1000081508,Categoria C1,commodity,3410.04,1
1000081508,Categoria C2,commodity,1667.34,2
1000081509,Categoria C1,commodity,1802.36,1
1000081509,Categoria C2,commodity,2728.66,2
1000081510,Categoria C1,commodity,2223.12,1
1000081510,Categoria C2,commodity,1086.44,2
1000081512,Categoria C1,commodity,1802.36,1
1000081512,Categoria C2,commodity,879.2,2
1000081513,Categoria C1,commodity,2223.12,1
1000081513,Categoria C2,commodity,6634.82,2
1000081514,Categoria C1,commodity,2223.12,1
1000081514,Categoria C2,commodity,6634.82,2
1000081515,Categoria C1,commodity,3410.04,1
1000081515,Categoria C2,commodity,9991.48,2
1000081518,Categoria C1,commodity,3410.04,1
1000081518,Categoria C2,commodity,9674.34,2
1000081519,Categoria C1,commodity,3410.04,1
1000081519,Categoria C2,commodity,5827.84,2
1000081520,Categoria C1,commodity,3410.04,1
1000081520,Categoria C2,commodity,29409.24,2
1000081521,Categoria C1,commodity,2223.12,1
1000081521,Categoria C2,commodity,36226.18,2
1000081522,Categoria C1,commodity,2223.12,1
1000081522,Categoria C2,commodity,1086.44,2
1000081523,Categoria C1,commodity,2223.12,1
1000081523,Categoria C2,commodity,6634.82,2
1000081525,Categoria C1,commodity,3410.04,1
1000081525,Categoria C2,commodity,9991.48,2
1000081526,Categoria C1,commodity,3410.04,1
1000081526,Categoria C2,commodity,1667.34,2
1000081527,Categoria C1,commodity,2223.12,1
1000081527,Categoria C2,commodity,24206.26,2
1000081528,Categoria C1,commodity,2223.12,1
1000081528,Categoria C2,commodity,7561.12,2
1000081529,Categoria C1,commodity,2223.12,1
1000081529,Categoria C2,commodity,12644.78,2
1000081531,Categoria C1,commodity,2223.12,1
1000081531,Categoria C2,commodity,1086.44,2
1000081532,Categoria C1,commodity,3410.04,1
1000081532,Categoria C2,commodity,9674.34,2
1000081533,Categoria C1,commodity,4546.72,1
1000081533,Categoria C2,commodity,15169.34,2
1000081536,Categoria C1,commodity,3410.04,1
1000081536,Categoria C2,commodity,94140.34,2
1000081537,Categoria C1,commodity,2223.12,1
1000081537,Categoria C2,commodity,5711.66,2
1000081538,Categoria C1,commodity,2223.12,1
1000081538,Categoria C2,commodity,5711.66,2
1000081540,Categoria C1,commodity,2223.12,1
1000081540,Categoria C2,commodity,10333.74,2
1000081541,Categoria C1,commodity,2223.12,1
1000081541,Categoria C2,commodity,1086.44,2
1000081542,Categoria C1,commodity,2223.12,1
1000081542,Categoria C2,commodity,10333.74,2
1000081543,Categoria C1,commodity,2223.12,1
1000081543,Categoria C2,commodity,1086.44,2
1000081545,Categoria C1,commodity,3410.04,1
1000081545,Categoria C2,commodity,9991.48,2
1000081547,Categoria C1,commodity,1802.36,1
1000081547,Categoria C2,commodity,879.2,2
1000081548,Categoria C1,commodity,2223.12,1
1000081548,Categoria C2,commodity,1086.44,2
1000081549,Categoria C1,commodity,2223.12,1
1000081549,Categoria C2,commodity,1086.44,2
1000081551,Categoria C1,commodity,2223.12,1
1000081551,Categoria C2,commodity,10333.74,2
1000081552,Categoria C1,commodity,2223.12,1
1000081552,Categoria C2,commodity,3397.48,2
1000081553,Categoria C1,commodity,2223.12,1
1000081553,Categoria C2,commodity,1086.44,2
1000081554,Categoria C1,commodity,3410.04,1
1000081554,Categoria C2,commodity,1667.34,2
1000081556,Categoria C1,commodity,2223.12,1
1000081556,Categoria C2,commodity,6424.44,2
1000081557,Categoria C1,commodity,2223.12,1
1000081557,Categoria C2,commodity,1086.44,2
1000081558,Categoria C1,commodity,2223.12,1
1000081558,Categoria C2,commodity,8484.28,2
1000081560,Categoria C1,commodity,2223.12,1
1000081560,Categoria C2,commodity,6634.82,2
1000081562,Categoria C1,commodity,2223.12,1
1000081562,Categoria C2,commodity,3862.2,2
1000081563,Categoria C1,commodity,2223.12,1
1000081563,Categoria C2,commodity,5246.94,2
1000081564,Categoria C1,commodity,2223.12,1
1000081564,Categoria C2,commodity,10610.06,2
1000081565,Categoria C1,commodity,2223.12,1
1000081565,Categoria C2,commodity,7561.12,2
1000081566,Categoria C1,commodity,3410.04,1
1000081566,Categoria C2,commodity,8142.02,2
1000081567,Categoria C1,commodity,2223.12,1
1000081567,Categoria C2,commodity,10333.74,2
1000081569,Categoria C1,commodity,2223.12,1
1000081569,Categoria C2,commodity,5711.66,2
1000081571,Categoria C1,commodity,2223.12,1
1000081571,Categoria C2,commodity,5711.66,2
1000081572,Categoria C1,commodity,2223.12,1
1000081572,Categoria C2,commodity,10333.74,2
1000081574,Categoria C1,commodity,3410.04,1
1000081574,Categoria C2,commodity,9065.18,2
1000081575,Categoria C1,commodity,2223.12,1
1000081575,Categoria C2,commodity,5711.66,2
1000081576,Categoria C1,commodity,3410.04,1
1000081576,Categoria C2,commodity,1667.34,2
1000081579,Categoria C1,commodity,2223.12,1
1000081579,Categoria C2,commodity,10333.74,2
1000081580,Categoria C1,commodity,2223.12,1
1000081580,Categoria C2,commodity,13109.5,2
1000081581,Categoria C1,commodity,2223.12,1
1000081581,Categoria C2,commodity,6634.82,2
1000081588,Categoria C1,commodity,2223.12,1
1000081588,Categoria C2,commodity,6634.82,2
1000081590,Categoria C1,commodity,2223.12,1
1000081590,Categoria C2,commodity,5711.66,2
1000081593,Categoria C1,commodity,1802.36,1
1000081593,Categoria C2,commodity,970.26,2
1000081594,Categoria C1,commodity,3410.04,1
1000081594,Categoria C2,commodity,1667.34,2
1000081597,Categoria C1,commodity,2223.12,1
1000081597,Categoria C2,commodity,5711.66,2
1000081598,Categoria C1,commodity,3410.04,1
1000081598,Categoria C2,commodity,18312.48,2
1000081599,Categoria C1,commodity,1802.36,1
1000081599,Categoria C2,commodity,879.2,2
1000081600,Categoria C1,commodity,2223.12,1
1000081600,Categoria C2,commodity,8484.28,2
1000081601,Categoria C1,commodity,2223.12,1
1000081601,Categoria C2,commodity,1086.44,2
1000081602,Categoria C1,commodity,2223.12,1
1000081602,Categoria C2,commodity,3862.2,2
1000081604,Categoria C1,commodity,5683.4,1
1000081604,Categoria C2,commodity,12026.2,2
1000081605,Categoria C1,commodity,3410.04,1
1000081605,Categoria C2,commodity,9674.34,2
1000081606,Categoria C1,commodity,4546.72,1
1000081606,Categoria C2,commodity,6848.34,2
1000081607,Categoria C1,commodity,1802.36,1
1000081607,Categoria C2,commodity,879.2,2
1000081608,Categoria C1,commodity,2223.12,1
1000081608,Categoria C2,commodity,5711.66,2
1000081609,Categoria C1,commodity,3410.04,1
1000081609,Categoria C2,commodity,10914.64,2
1000081610,Categoria C1,commodity,2223.12,1
1000081610,Categoria C2,commodity,5711.66,2
1000081611,Categoria C1,commodity,1802.36,1
1000081611,Categoria C2,commodity,3654.96,2
1000081614,Categoria C1,commodity,0.0,1
1000081614,Categoria C2,commodity,0.0,2
1000081615,Categoria C1,commodity,1802.36,1
1000081615,Categoria C2,commodity,879.2,2
1000081616,Categoria C1,commodity,3410.04,1
1000081616,Categoria C2,commodity,8603.6,2
1000081621,Categoria C1,commodity,2223.12,1
1000081621,Categoria C2,commodity,1086.44,2
1000081622,Categoria C1,commodity,3410.04,1
1000081622,Categoria C2,commodity,9674.34,2
1000081623,Categoria C1,commodity,2223.12,1
1000081623,Categoria C2,commodity,19581.04,2
1000081624,Categoria C1,commodity,3410.04,1
1000081624,Categoria C2,commodity,15539.86,2
1000081629,Categoria C1,commodity,2223.12,1
1000081629,Categoria C2,commodity,1086.44,2
1000081630,Categoria C1,commodity,2223.12,1
1000081630,Categoria C2,commodity,6424.44,2
1000081633,Categoria C1,commodity,2223.12,1
1000081633,Categoria C2,commodity,6634.82,2
1000081634,Categoria C1,commodity,2223.12,1
1000081634,Categoria C2,commodity,1086.44,2
1000081635,Categoria C1,commodity,2223.12,1
1000081635,Categoria C2,commodity,8484.28,2
1000081636,Categoria C1,commodity,1802.36,1
1000081636,Categoria C2,commodity,879.2,2
1000081637,Categoria C1,commodity,2223.12,1
1000081637,Categoria C2,commodity,8484.28,2
1000081638,Categoria C1,commodity,2223.12,1
1000081638,Categoria C2,commodity,6424.44,2
1000081639,Categoria C1,commodity,2223.12,1
1000081639,Categoria C2,commodity,1086.44,2
1000081640,Categoria C1,commodity,3410.04,1
1000081640,Categoria C2,commodity,12764.1,2
1000081642,Categoria C1,commodity,3410.04,1
1000081642,Categoria C2,commodity,15539.86,2
1000081643,Categoria C1,commodity,2223.12,1
1000081643,Categoria C2,commodity,8669.54,2
1000081645,Categoria C1,commodity,2223.12,1
1000081645,Categoria C2,commodity,5711.66,2
1000081648,Categoria C1,commodity,1802.36,1
1000081648,Categoria C2,commodity,879.2,2
1000081651,Categoria C1,commodity,2223.12,1
1000081651,Categoria C2,commodity,10333.74,2
1000081652,Categoria C1,commodity,0.0,1
1000081652,Categoria C2,commodity,4625.22,2
1000081654,Categoria C1,commodity,2223.12,1
1000081654,Categoria C2,commodity,7561.12,2
1000081658,Categoria C1,commodity,2223.12,1
1000081658,Categoria C2,commodity,1086.44,2
1000081660,Categoria C1,commodity,2223.12,1
1000081660,Categoria C2,commodity,6424.44,2
1000081661,Categoria C1,commodity,2223.12,1
1000081661,Categoria C2,commodity,6424.44,2
1000081662,Categoria C1,commodity,2223.12,1
1000081662,Categoria C2,commodity,10333.74,2
1000081663,Categoria C1,commodity,1802.36,1
1000081663,Categoria C2,commodity,5504.42,2
1000081664,Categoria C1,commodity,3410.04,1
1000081664,Categoria C2,commodity,15539.86,2
1000081670,Categoria C1,commodity,2223.12,1
1000081670,Categoria C2,commodity,5711.66,2
1000081672,Categoria C1,commodity,2223.12,1
1000081672,Categoria C2,commodity,6424.44,2
1000081673,Categoria C1,commodity,3410.04,1
1000081673,Categoria C2,commodity,12764.1,2
1000081674,Categoria C1,commodity,2223.12,1
1000081674,Categoria C2,commodity,6424.44,2
1000081675,Categoria C1,commodity,2223.12,1
1000081675,Categoria C2,commodity,8484.28,2
1000081677,Categoria C1,commodity,2223.12,1
1000081677,Categoria C2,commodity,6424.44,2
1000081678,Categoria C1,commodity,2223.12,1
1000081678,Categoria C2,commodity,6634.82,2
1000081680,Categoria C1,commodity,5683.4,1
1000081680,Categoria C2,commodity,21273.5,2
1000081681,Categoria C1,commodity,2223.12,1
1000081681,Categoria C2,commodity,1086.44,2
1000081682,Categoria C1,commodity,2223.12,1
1000081682,Categoria C2,commodity,6424.44,2
1000081683,Categoria C1,commodity,3410.04,1
1000081683,Categoria C2,commodity,10914.64,2
1000081684,Categoria C1,commodity,3410.04,1
1000081684,Categoria C2,commodity,1667.34,2
1000081686,Categoria C1,commodity,2223.12,1
1000081686,Categoria C2,commodity,1086.44,2
1000081687,Categoria C1,commodity,2223.12,1
1000081687,Categoria C2,commodity,9410.58,2
1000081689,Categoria C1,commodity,2223.12,1
1000081689,Categoria C2,commodity,10333.74,2
1000081690,Categoria C1,commodity,3410.04,1
1000081690,Categoria C2,commodity,10914.64,2
1000081691,Categoria C1,commodity,1802.36,1
1000081691,Categoria C2,commodity,879.2,2
1000081692,Categoria C1,commodity,2223.12,1
1000081692,Categoria C2,commodity,10333.74,2
1000081693,Categoria C1,commodity,2223.12,1
1000081693,Categoria C2,commodity,7561.12,2
1000081694,Categoria C1,commodity,1802.36,1
1000081694,Categoria C2,commodity,4578.12,2
1000081695,Categoria C1,commodity,2223.12,1
1000081695,Categoria C2,commodity,10333.74,2
1000081696,Categoria C1,commodity,2223.12,1
1000081696,Categoria C2,commodity,5711.66,2
1000081697,Categoria C1,commodity,2223.12,1
1000081697,Categoria C2,commodity,1086.44,2
1000081698,Categoria C1,commodity,1802.36,1
1000081698,Categoria C2,commodity,879.2,2
1000081699,Categoria C1,commodity,2223.12,1
1000081699,Categoria C2,commodity,10333.74,2
1000081700,Categoria C1,commodity,2223.12,1
1000081700,Categoria C2,commodity,8022.7,2
1000081701,Categoria C1,commodity,2223.12,1
1000081701,Categoria C2,commodity,6634.82,2
1000081702,Categoria C1,commodity,2223.12,1
1000081702,Categoria C2,commodity,6424.44,2
1000081703,Categoria C1,commodity,0.0,1
1000081703,Categoria C2,commodity,9247.3,2
1000081704,Categoria C1,commodity,2223.12,1
1000081704,Categoria C2,commodity,6634.82,2
1000081705,Categoria C1,commodity,2223.12,1
1000081705,Categoria C2,commodity,6424.44,2
1000081707,Categoria C1,commodity,2223.12,1
1000081707,Categoria C2,commodity,1086.44,2
1000081708,Categoria C1,commodity,2223.12,1
1000081708,Categoria C2,commodity,1086.44,2
1000081709,Categoria C1,commodity,2223.12,1
1000081709,Categoria C2,commodity,3862.2,2
1000081710,Categoria C1,commodity,3410.04,1
1000081710,Categoria C2,commodity,29409.24,2
1000081711,Categoria C1,commodity,3410.04,1
1000081711,Categoria C2,commodity,1667.34,2
1000081712,Categoria C1,commodity,3410.04,1
1000081712,Categoria C2,commodity,7677.3,2
1000081713,Categoria C1,commodity,2223.12,1
1000081713,Categoria C2,commodity,1086.44,2
1000081714,Categoria C1,commodity,1802.36,1
1000081714,Categoria C2,commodity,879.2,2
1000081715,Categoria C1,commodity,2223.12,1
1000081715,Categoria C2,commodity,6424.44,2
1000081716,Categoria C1,commodity,2223.12,1
1000081716,Categoria C2,commodity,8484.28,2
1000081717,Categoria C1,commodity,2223.12,1
1000081717,Categoria C2,commodity,5711.66,2
1000081719,Categoria C1,commodity,2223.12,1
1000081719,Categoria C2,commodity,10333.74,2
1000081720,Categoria C1,commodity,1802.36,1
1000081720,Categoria C2,commodity,879.2,2
1000081721,Categoria C1,commodity,3410.04,1
1000081721,Categoria C2,commodity,1667.34,2
1000081723,Categoria C1,commodity,2223.12,1
1000081723,Categoria C2,commodity,6424.44,2
1000081724,Categoria C1,commodity,2223.12,1
1000081724,Categoria C2,commodity,1086.44,2
1000081725,Categoria C1,commodity,2223.12,1
1000081725,Categoria C2,commodity,5711.66,2
1000081727,Categoria C1,commodity,2223.12,1
1000081727,Categoria C2,commodity,9410.58,2
1000081729,Categoria C1,commodity,2223.12,1
1000081729,Categoria C2,commodity,6424.44,2
1000081730,Categoria C1,commodity,2223.12,1
1000081730,Categoria C2,commodity,6424.44,2
1000081731,Categoria C1,commodity,2223.12,1
1000081731,Categoria C2,commodity,5711.66,2
1000081732,Categoria C1,commodity,2223.12,1
1000081732,Categoria C2,commodity,1086.44,2
1000081733,Categoria C1,commodity,2223.12,1
1000081733,Categoria C2,commodity,8484.28,2
1000081735,Categoria C1,commodity,5683.4,1
1000081735,Categoria C2,commodity,30520.8,2
1000081736,Categoria C1,commodity,2223.12,1
1000081736,Categoria C2,commodity,7561.12,2
1000081738,Categoria C1,commodity,5683.4,1
1000081738,Categoria C2,commodity,16123.9,2
1000081739,Categoria C1,commodity,3410.04,1
1000081739,Categoria C2,commodity,9674.34,2
1000081740,Categoria C1,commodity,3410.04,1
1000081740,Categoria C2,commodity,9674.34,2
1000081741,Categoria C1,commodity,3410.04,1
1000081741,Categoria C2,commodity,9674.34,2
1000081743,Categoria C1,commodity,3410.04,1
1000081743,Categoria C2,commodity,9674.34,2
1000081746,Categoria C1,commodity,2223.12,1
1000081746,Categoria C2,commodity,10333.74,2
1000081747,Categoria C1,commodity,3410.04,1
1000081747,Categoria C2,commodity,10914.64,2
1000081748,Categoria C1,commodity,2223.12,1
1000081748,Categoria C2,commodity,11165.84,2
1000081749,Categoria C1,commodity,3410.04,1
1000081749,Categoria C2,commodity,9674.34,2
1000081750,Categoria C1,commodity,2223.12,1
1000081750,Categoria C2,commodity,7561.12,2
1000081751,Categoria C1,commodity,2223.12,1
1000081751,Categoria C2,commodity,5711.66,2
1000081752,Categoria C1,commodity,2223.12,1
1000081752,Categoria C2,commodity,8484.28,2
1000081753,Categoria C1,commodity,3410.04,1
1000081753,Categoria C2,commodity,15539.86,2
1000081754,Categoria C1,commodity,3410.04,1
1000081754,Categoria C2,commodity,15539.86,2
1000081755,Categoria C1,commodity,2223.12,1
1000081755,Categoria C2,commodity,1086.44,2
1000081756,Categoria C1,commodity,2223.12,1
1000081756,Categoria C2,commodity,8022.7,2
1000081757,Categoria C1,commodity,3410.04,1
1000081757,Categoria C2,commodity,9674.34,2
1000081758,Categoria C1,commodity,2223.12,1
1000081758,Categoria C2,commodity,8022.7,2
1000081759,Categoria C1,commodity,1802.36,1
1000081759,Categoria C2,commodity,3654.96,2
1000081761,Categoria C1,commodity,2223.12,1
1000081761,Categoria C2,commodity,3862.2,2
1000081763,Categoria C1,commodity,3410.04,1
1000081763,Categoria C2,commodity,9674.34,2
1000081764,Categoria C1,commodity,2223.12,1
1000081764,Categoria C2,commodity,6424.44,2
1000081765,Categoria C1,commodity,3410.04,1
1000081765,Categoria C2,commodity,8142.02,2
1000081766,Categoria C1,commodity,3410.04,1
1000081766,Categoria C2,commodity,9991.48,2
1000081767,Categoria C1,commodity,3410.04,1
1000081767,Categoria C2,commodity,1667.34,2
1000081768,Categoria C1,commodity,1802.36,1
1000081768,Categoria C2,commodity,879.2,2
1000081769,Categoria C1,commodity,4546.72,1
1000081769,Categoria C2,commodity,11470.42,2
1000081771,Categoria C1,commodity,2223.12,1
1000081771,Categoria C2,commodity,9410.58,2
1000081772,Categoria C1,commodity,2223.12,1
1000081772,Categoria C2,commodity,1086.44,2
1000081776,Categoria C1,commodity,26143.64,1
1000081776,Categoria C2,commodity,12782.94,2
1000081777,Categoria C1,commodity,2223.12,1
1000081777,Categoria C2,commodity,6634.82,2
1000081778,Categoria C1,commodity,2223.12,1
1000081778,Categoria C2,commodity,10333.74,2
1000081779,Categoria C1,commodity,2223.12,1
1000081779,Categoria C2,commodity,10333.74,2
1000081781,Categoria C1,commodity,3410.04,1
1000081781,Categoria C2,commodity,9065.18,2
1000081782,Categoria C1,commodity,2223.12,1
1000081782,Categoria C2,commodity,6424.44,2
1000081785,Categoria C1,commodity,2223.12,1
1000081785,Categoria C2,commodity,9410.58,2
1000081788,Categoria C1,commodity,2223.12,1
1000081788,Categoria C2,commodity,21430.5,2
1000081789,Categoria C1,commodity,2223.12,1
1000081789,Categoria C2,commodity,4785.36,2
1000081790,Categoria C1,commodity,2223.12,1
1000081790,Categoria C2,commodity,10333.74,2
1000081791,Categoria C1,commodity,3410.04,1
1000081791,Categoria C2,commodity,9674.34,2
1000081792,Categoria C1,commodity,2223.12,1
1000081792,Categoria C2,commodity,3397.48,2
1000081793,Categoria C1,commodity,2223.12,1
1000081793,Categoria C2,commodity,1086.44,2
1000081795,Categoria C1,commodity,3410.04,1
1000081795,Categoria C2,commodity,9991.48,2
1000081797,Categoria C1,commodity,2223.12,1
1000081797,Categoria C2,commodity,2474.32,2
1000081798,Categoria C1,commodity,0.0,1
1000081798,Categoria C2,commodity,185.26,2
1000081799,Categoria C1,commodity,2223.12,1
1000081799,Categoria C2,commodity,1086.44,2
1000081801,Categoria C1,commodity,0.0,1
1000081801,Categoria C2,commodity,3698.92,2
1000081802,Categoria C1,commodity,2223.12,1
1000081802,Categoria C2,commodity,1086.44,2
1000081804,Categoria C1,commodity,3410.04,1
1000081804,Categoria C2,commodity,1667.34,2
1000081805,Categoria C1,commodity,3410.04,1
1000081805,Categoria C2,commodity,1667.34,2
1000081806,Categoria C1,commodity,2223.12,1
1000081806,Categoria C2,commodity,6424.44,2
1000081808,Categoria C1,commodity,2223.12,1
1000081808,Categoria C2,commodity,6424.44,2
1000081810,Categoria C1,commodity,4546.72,1
1000081810,Categoria C2,commodity,2223.12,2
1000081811,Categoria C1,commodity,2223.12,1
1000081811,Categoria C2,commodity,6634.82,2
1000081813,Categoria C1,commodity,2223.12,1
1000081813,Categoria C2,commodity,8484.28,2
1000081814,Categoria C1,commodity,1802.36,1
1000081814,Categoria C2,commodity,4578.12,2
1000081815,Categoria C1,commodity,4546.72,1
1000081815,Categoria C2,commodity,2223.12,2
1000081816,Categoria C1,commodity,2223.12,1
1000081816,Categoria C2,commodity,7561.12,2
1000081817,Categoria C1,commodity,2223.12,1
1000081817,Categoria C2,commodity,10333.74,2
1000081818,Categoria C1,commodity,2223.12,1
1000081818,Categoria C2,commodity,5711.66,2
1000081819,Categoria C1,commodity,3410.04,1
1000081819,Categoria C2,commodity,1667.34,2
1000081820,Categoria C1,commodity,5683.4,1
1000081820,Categoria C2,commodity,10176.74,2
1000081822,Categoria C1,commodity,2223.12,1
1000081822,Categoria C2,commodity,10333.74,2
1000081823,Categoria C1,commodity,3410.04,1
1000081823,Categoria C2,commodity,3978.38,2
1000081824,Categoria C1,commodity,2223.12,1
1000081824,Categoria C2,commodity,8484.28,2
1000081826,Categoria C1,commodity,2223.12,1
1000081826,Categoria C2,commodity,1086.44,2
1000081827,Categoria C1,commodity,2223.12,1
1000081827,Categoria C2,commodity,6424.44,2
1000081828,Categoria C1,commodity,2223.12,1
1000081828,Categoria C2,commodity,9410.58,2
1000081829,Categoria C1,commodity,2223.12,1
1000081829,Categoria C2,commodity,6424.44,2
1000081830,Categoria C1,commodity,3410.04,1
1000081830,Categoria C2,commodity,1667.34,2
1000081831,Categoria C1,commodity,2223.12,1
1000081831,Categoria C2,commodity,8484.28,2
1000081832,Categoria C1,commodity,1802.36,1
1000081832,Categoria C2,commodity,879.2,2
1000081833,Categoria C1,commodity,2223.12,1
1000081833,Categoria C2,commodity,4785.36,2
1000081835,Categoria C1,commodity,2223.12,1
1000081835,Categoria C2,commodity,6424.44,2
1000081838,Categoria C1,commodity,2223.12,1
1000081838,Categoria C2,commodity,1086.44,2
1000081839,Categoria C1,commodity,2223.12,1
1000081839,Categoria C2,commodity,1086.44,2
1000081840,Categoria C1,commodity,3410.04,1
1000081840,Categoria C2,commodity,9065.18,2
1000081842,Categoria C1,commodity,3410.04,1
1000081842,Categoria C2,commodity,11840.94,2
1000081843,Categoria C1,commodity,2223.12,1
1000081843,Categoria C2,commodity,8484.28,2
1000081846,Categoria C1,commodity,3410.04,1
1000081846,Categoria C2,commodity,12764.1,2
1000081847,Categoria C1,commodity,2223.12,1
1000081847,Categoria C2,commodity,8484.28,2
1000081848,Categoria C1,commodity,2223.12,1
1000081848,Categoria C2,commodity,1086.44,2
1000081849,Categoria C1,commodity,2223.12,1
1000081849,Categoria C2,commodity,12183.2,2
1000081850,Categoria C1,commodity,2223.12,1
1000081850,Categoria C2,commodity,6424.44,2
1000081851,Categoria C1,commodity,2223.12,1
1000081851,Categoria C2,commodity,10333.74,2
1000081852,Categoria C1,commodity,2223.12,1
1000081852,Categoria C2,commodity,1086.44,2
1000081853,Categoria C1,commodity,5683.4,1
1000081853,Categoria C2,commodity,49015.4,2
1000081854,Categoria C1,commodity,1802.36,1
1000081854,Categoria C2,commodity,970.26,2
1000081855,Categoria C1,commodity,3410.04,1
1000081855,Categoria C2,commodity,1667.34,2
1000081857,Categoria C1,commodity,1802.36,1
1000081857,Categoria C2,commodity,879.2,2
1000081858,Categoria C1,commodity,1802.36,1
1000081858,Categoria C2,commodity,879.2,2
1000081860,Categoria C1,commodity,2223.12,1
1000081860,Categoria C2,commodity,6634.82,2
1000081861,Categoria C1,commodity,2223.12,1
1000081861,Categoria C2,commodity,10333.74,2
1000081862,Categoria C1,commodity,2223.12,1
1000081862,Categoria C2,commodity,1086.44,2
1000081863,Categoria C1,commodity,3410.04,1
1000081863,Categoria C2,commodity,6292.56,2
1000081864,Categoria C1,commodity,3410.04,1
1000081864,Categoria C2,commodity,1667.34,2
1000081867,Categoria C1,commodity,1802.36,1
1000081867,Categoria C2,commodity,970.26,2
1000081868,Categoria C1,commodity,1802.36,1
1000081868,Categoria C2,commodity,3654.96,2
1000081869,Categoria C1,commodity,2223.12,1
1000081869,Categoria C2,commodity,6424.44,2
1000081870,Categoria C1,commodity,2223.12,1
1000081870,Categoria C2,commodity,6424.44,2
1000081872,Categoria C1,commodity,2223.12,1
1000081872,Categoria C2,commodity,3397.48,2
1000081873,Categoria C1,commodity,3410.04,1
1000081873,Categoria C2,commodity,1667.34,2
1000081874,Categoria C1,commodity,1802.36,1
1000081874,Categoria C2,commodity,3548.2,2
1000081875,Categoria C1,commodity,2223.12,1
1000081875,Categoria C2,commodity,10333.74,2
1000081877,Categoria C1,commodity,2223.12,1
1000081877,Categoria C2,commodity,2935.9,2
1000081878,Categoria C1,commodity,1802.36,1
1000081878,Categoria C2,commodity,3654.96,2
1000081881,Categoria C1,commodity,4546.72,1
1000081881,Categoria C2,commodity,2223.12,2
1000081882,Categoria C1,commodity,3410.04,1
1000081882,Categoria C2,commodity,1667.34,2
1000081883,Categoria C1,commodity,3410.04,1
1000081883,Categoria C2,commodity,1667.34,2
1000081884,Categoria C1,commodity,2223.12,1
1000081884,Categoria C2,commodity,2935.9,2
1000081885,Categoria C1,commodity,2223.12,1
1000081885,Categoria C2,commodity,8484.28,2
1000081887,Categoria C1,commodity,1802.36,1
1000081887,Categoria C2,commodity,4578.12,2
1000081889,Categoria C1,commodity,2223.12,1
1000081889,Categoria C2,commodity,1086.44,2
1000081891,Categoria C1,commodity,2223.12,1
1000081891,Categoria C2,commodity,6634.82,2
1000081893,Categoria C1,commodity,2223.12,1
1000081893,Categoria C2,commodity,1086.44,2
1000081894,Categoria C1,commodity,3410.04,1
1000081894,Categoria C2,commodity,8142.02,2
1000081900,Categoria C1,commodity,2223.12,1
1000081900,Categoria C2,commodity,10333.74,2
1000081902,Categoria C1,commodity,3410.04,1
1000081902,Categoria C2,commodity,1667.34,2
1000081905,Categoria C1,commodity,1802.36,1
1000081905,Categoria C2,commodity,879.2,2
1000081906,Categoria C1,commodity,2223.12,1
1000081906,Categoria C2,commodity,6634.82,2
1000081908,Categoria C1,commodity,2223.12,1
1000081908,Categoria C2,commodity,9410.58,2
1000081909,Categoria C1,commodity,2223.12,1
1000081909,Categoria C2,commodity,5711.66,2
1000081910,Categoria C1,commodity,4546.72,1
1000081910,Categoria C2,commodity,12899.12,2
1000081911,Categoria C1,commodity,2223.12,1
1000081911,Categoria C2,commodity,5711.66,2
1000081912,Categoria C1,commodity,1802.36,1
1000081912,Categoria C2,commodity,3654.96,2
1000081913,Categoria C1,commodity,2223.12,1
1000081913,Categoria C2,commodity,8484.28,2
1000081914,Categoria C1,commodity,2223.12,1
1000081914,Categoria C2,commodity,6634.82,2
1000081915,Categoria C1,commodity,2223.12,1
1000081915,Categoria C2,commodity,10333.74,2
1000081916,Categoria C1,commodity,3410.04,1
1000081916,Categoria C2,commodity,15539.86,2
1000081917,Categoria C1,commodity,2223.12,1
1000081917,Categoria C2,commodity,10333.74,2
1000081918,Categoria C1,commodity,2223.12,1
1000081918,Categoria C2,commodity,5711.66,2
1000081919,Categoria C1,commodity,2223.12,1
1000081919,Categoria C2,commodity,6424.44,2
1000081920,Categoria C1,commodity,2223.12,1
1000081920,Categoria C2,commodity,6634.82,2
1000081921,Categoria C1,commodity,2223.12,1
1000081921,Categoria C2,commodity,6634.82,2
1000081922,Categoria C1,commodity,3410.04,1
1000081922,Categoria C2,commodity,7215.72,2
1000081923,Categoria C1,commodity,2223.12,1
1000081923,Categoria C2,commodity,5711.66,2
1000081924,Categoria C1,commodity,2223.12,1
1000081924,Categoria C2,commodity,1086.44,2
1000081925,Categoria C1,commodity,1802.36,1
1000081925,Categoria C2,commodity,879.2,2
1000081926,Categoria C1,commodity,2223.12,1
1000081926,Categoria C2,commodity,1086.44,2
1000081928,Categoria C1,commodity,3410.04,1
1000081928,Categoria C2,commodity,1667.34,2
1000081930,Categoria C1,commodity,1802.36,1
1000081930,Categoria C2,commodity,3654.96,2
1000081931,Categoria C1,commodity,2223.12,1
1000081931,Categoria C2,commodity,14958.96,2
1000081932,Categoria C1,commodity,3410.04,1
1000081932,Categoria C2,commodity,20161.94,2
1000081933,Categoria C1,commodity,2223.12,1
1000081933,Categoria C2,commodity,6634.82,2
1000081935,Categoria C1,commodity,2223.12,1
1000081935,Categoria C2,commodity,10333.74,2
1000081936,Categoria C1,commodity,2223.12,1
1000081936,Categoria C2,commodity,1086.44,2
1000081938,Categoria C1,commodity,2223.12,1
1000081938,Categoria C2,commodity,6424.44,2
1000081940,Categoria C1,commodity,2223.12,1
1000081940,Categoria C2,commodity,1086.44,2
1000081941,Categoria C1,commodity,2223.12,1
1000081941,Categoria C2,commodity,1086.44,2
1000081942,Categoria C1,commodity,1802.36,1
1000081942,Categoria C2,commodity,5504.42,2
1000081943,Categoria C1,commodity,2223.12,1
1000081943,Categoria C2,commodity,6424.44,2
1000081944,Categoria C1,commodity,2223.12,1
1000081944,Categoria C2,commodity,6424.44,2
1000081946,Categoria C1,commodity,1802.36,1
1000081946,Categoria C2,commodity,879.2,2
1000081947,Categoria C1,commodity,2223.12,1
1000081947,Categoria C2,commodity,1086.44,2
1000081948,Categoria C1,commodity,2223.12,1
1000081948,Categoria C2,commodity,6424.44,2
1000081951,Categoria C1,commodity,2223.12,1
1000081951,Categoria C2,commodity,10333.74,2
1000081952,Categoria C1,commodity,2223.12,1
1000081952,Categoria C2,commodity,1086.44,2
1000081953,Categoria C1,commodity,3410.04,1
1000081953,Categoria C2,commodity,9065.18,2
1000081954,Categoria C1,commodity,1802.36,1
1000081954,Categoria C2,commodity,879.2,2
1000081955,Categoria C1,commodity,1802.36,1
1000081955,Categoria C2,commodity,8277.04,2
1000081956,Categoria C1,commodity,2223.12,1
1000081956,Categoria C2,commodity,9410.58,2
1000081957,Categoria C1,commodity,1802.36,1
1000081957,Categoria C2,commodity,879.2,2
1000081959,Categoria C1,commodity,3410.04,1
1000081959,Categoria C2,commodity,7215.72,2
1000081960,Categoria C1,commodity,2223.12,1
1000081960,Categoria C2,commodity,14032.66,2
1000081961,Categoria C1,commodity,2223.12,1
1000081961,Categoria C2,commodity,1086.44,2
1000081962,Categoria C1,commodity,4546.72,1
1000081962,Categoria C2,commodity,20717.72,2
1000081964,Categoria C1,commodity,2223.12,1
1000081964,Categoria C2,commodity,8484.28,2
1000081965,Categoria C1,commodity,2223.12,1
1000081965,Categoria C2,commodity,6424.44,2
1000081968,Categoria C1,commodity,2223.12,1
1000081968,Categoria C2,commodity,1086.44,2
1000081969,Categoria C1,commodity,2223.12,1
1000081969,Categoria C2,commodity,6424.44,2
1000081970,Categoria C1,commodity,1802.36,1
1000081970,Categoria C2,commodity,879.2,2
1000081971,Categoria C1,commodity,2223.12,1
1000081971,Categoria C2,commodity,1086.44,2
1000081972,Categoria C1,commodity,2223.12,1
1000081972,Categoria C2,commodity,6424.44,2
1000081973,Categoria C1,commodity,3410.04,1
1000081973,Categoria C2,commodity,5366.26,2
1000081974,Categoria C1,commodity,2223.12,1
1000081974,Categoria C2,commodity,1086.44,2
1000081975,Categoria C1,commodity,2223.12,1
1000081975,Categoria C2,commodity,12644.78,2
1000081976,Categoria C1,commodity,2223.12,1
1000081976,Categoria C2,commodity,6424.44,2
1000081977,Categoria C1,commodity,2223.12,1
1000081977,Categoria C2,commodity,8484.28,2
1000081979,Categoria C1,commodity,3410.04,1
1000081979,Categoria C2,commodity,6292.56,2
1000081980,Categoria C1,commodity,2223.12,1
1000081980,Categoria C2,commodity,10333.74,2
1000081981,Categoria C1,commodity,2223.12,1
1000081981,Categoria C2,commodity,6424.44,2
1000081983,Categoria C1,commodity,6820.08,1
1000081983,Categoria C2,commodity,56045.86,2
1000081984,Categoria C1,commodity,2223.12,1
1000081984,Categoria C2,commodity,1086.44,2
1000081985,Categoria C1,commodity,2223.12,1
1000081985,Categoria C2,commodity,3397.48,2
1000081986,Categoria C1,commodity,1802.36,1
1000081986,Categoria C2,commodity,970.26,2
1000081987,Categoria C1,commodity,3410.04,1
1000081987,Categoria C2,commodity,9674.34,2
1000081988,Categoria C1,commodity,3410.04,1
1000081988,Categoria C2,commodity,24787.16,2
1000081989,Categoria C1,commodity,1802.36,1
1000081989,Categoria C2,commodity,970.26,2
1000081990,Categoria C1,commodity,2223.12,1
1000081990,Categoria C2,commodity,10333.74,2
1000081991,Categoria C1,commodity,3410.04,1
1000081991,Categoria C2,commodity,10453.06,2
1000081992,Categoria C1,commodity,2223.12,1
1000081992,Categoria C2,commodity,8945.86,2
1000081993,Categoria C1,commodity,3410.04,1
1000081993,Categoria C2,commodity,1667.34,2
1000081999,Categoria C1,commodity,3410.04,1
1000081999,Categoria C2,commodity,9674.34,2
1000082000,Categoria C1,commodity,1802.36,1
1000082000,Categoria C2,commodity,879.2,2
1000082001,Categoria C1,commodity,3410.04,1
1000082001,Categoria C2,commodity,18312.48,2
1000082002,Categoria C1,commodity,2223.12,1
1000082002,Categoria C2,commodity,5711.66,2
1000082003,Categoria C1,commodity,3410.04,1
1000082003,Categoria C2,commodity,9674.34,2
1000082006,Categoria C1,commodity,1802.36,1
1000082006,Categoria C2,commodity,5504.42,2
1000082007,Categoria C1,commodity,3410.04,1
1000082007,Categoria C2,commodity,1667.34,2
1000082008,Categoria C1,commodity,2223.12,1
1000082008,Categoria C2,commodity,10242.68,2
1000082009,Categoria C1,commodity,5683.4,1
1000082009,Categoria C2,commodity,16123.9,2
1000082010,Categoria C1,commodity,1802.36,1
1000082010,Categoria C2,commodity,879.2,2
1000082012,Categoria C1,commodity,3410.04,1
1000082012,Categoria C2,commodity,57151.14,2
1000082014,Categoria C1,commodity,3410.04,1
1000082014,Categoria C2,commodity,3516.8,2
1000082015,Categoria C1,commodity,2223.12,1
1000082015,Categoria C2,commodity,6424.44,2
1000082016,Categoria C1,commodity,1802.36,1
1000082016,Categoria C2,commodity,10126.5,2
1000082017,Categoria C1,commodity,1802.36,1
1000082017,Categoria C2,commodity,3190.24,2
1000082018,Categoria C1,commodity,3410.04,1
1000082018,Categoria C2,commodity,9674.34,2
1000082019,Categoria C1,commodity,2223.12,1
1000082019,Categoria C2,commodity,17731.58,2
1000082020,Categoria C1,commodity,3410.04,1
1000082020,Categoria C2,commodity,10914.64,2
1000082021,Categoria C1,commodity,2223.12,1
1000082021,Categoria C2,commodity,1086.44,2
1000082022,Categoria C1,commodity,1802.36,1
1000082022,Categoria C2,commodity,6427.58,2
1000082023,Categoria C1,commodity,2223.12,1
1000082023,Categoria C2,commodity,9963.22,2
1000082024,Categoria C1,commodity,3410.04,1
1000082024,Categoria C2,commodity,1667.34,2
1000082025,Categoria C1,commodity,2223.12,1
1000082025,Categoria C2,commodity,6634.82,2
1000082026,Categoria C1,commodity,3410.04,1
1000082026,Categoria C2,commodity,29409.24,2
1000082027,Categoria C1,commodity,2223.12,1
1000082027,Categoria C2,commodity,9410.58,2
1000082028,Categoria C1,commodity,2223.12,1
1000082028,Categoria C2,commodity,1086.44,2
1000082029,Categoria C1,commodity,2223.12,1
1000082029,Categoria C2,commodity,6424.44,2
1000082030,Categoria C1,commodity,1802.36,1
1000082030,Categoria C2,commodity,3548.2,2
1000082031,Categoria C1,commodity,4546.72,1
1000082031,Categoria C2,commodity,20717.72,2
1000082032,Categoria C1,commodity,1802.36,1
1000082032,Categoria C2,commodity,970.26,2
1000082033,Categoria C1,commodity,3410.04,1
1000082033,Categoria C2,commodity,6292.56,2
1000082034,Categoria C1,commodity,2223.12,1
1000082034,Categoria C2,commodity,1086.44,2
1000082035,Categoria C1,commodity,2223.12,1
1000082035,Categoria C2,commodity,1086.44,2
1000082036,Categoria C1,commodity,2223.12,1
1000082036,Categoria C2,commodity,6424.44,2
1000082037,Categoria C1,commodity,1802.36,1
1000082037,Categoria C2,commodity,970.26,2
1000082038,Categoria C1,commodity,4546.72,1
1000082038,Categoria C2,commodity,12899.12,2
1000082039,Categoria C1,commodity,3410.04,1
1000082039,Categoria C2,commodity,1667.34,2
1000082040,Categoria C1,commodity,2223.12,1
1000082040,Categoria C2,commodity,5711.66,2
1000082041,Categoria C1,commodity,3410.04,1
1000082041,Categoria C2,commodity,9674.34,2
1000082042,Categoria C1,commodity,2223.12,1
1000082042,Categoria C2,commodity,1086.44,2
1000082043,Categoria C1,commodity,3410.04,1
1000082043,Categoria C2,commodity,15539.86,2
1000082044,Categoria C1,commodity,3410.04,1
1000082044,Categoria C2,commodity,1667.34,2
1000082045,Categoria C1,commodity,2223.12,1
1000082045,Categoria C2,commodity,2935.9,2
1000082047,Categoria C1,commodity,2223.12,1
1000082047,Categoria C2,commodity,3862.2,2
1000082048,Categoria C1,commodity,3410.04,1
1000082048,Categoria C2,commodity,10914.64,2
1000082049,Categoria C1,commodity,2223.12,1
1000082049,Categoria C2,commodity,1086.44,2
1000082050,Categoria C1,commodity,2223.12,1
1000082050,Categoria C2,commodity,10333.74,2
1000082051,Categoria C1,commodity,1802.36,1
1000082051,Categoria C2,commodity,2728.66,2
1000082052,Categoria C1,commodity,2223.12,1
1000082052,Categoria C2,commodity,6634.82,2
1000082053,Categoria C1,commodity,4546.72,1
1000082053,Categoria C2,commodity,16095.64,2
1000082054,Categoria C1,commodity,3410.04,1
1000082054,Categoria C2,commodity,1667.34,2
1000082056,Categoria C1,commodity,2223.12,1
1000082056,Categoria C2,commodity,1086.44,2
1000082058,Categoria C1,commodity,0.0,1
1000082058,Categoria C2,commodity,6474.68,2
1000082059,Categoria C1,commodity,1802.36,1
1000082059,Categoria C2,commodity,3548.2,2
1000082061,Categoria C1,commodity,3410.04,1
1000082061,Categoria C2,commodity,1667.34,2
1000082065,Categoria C1,commodity,2223.12,1
1000082065,Categoria C2,commodity,9410.58,2
1000082067,Categoria C1,commodity,2223.12,1
1000082067,Categoria C2,commodity,1086.44,2
1000082069,Categoria C1,commodity,2223.12,1
1000082069,Categoria C2,commodity,28828.34,2
1000082070,Categoria C1,commodity,2223.12,1
1000082070,Categoria C2,commodity,6424.44,2
1000082071,Categoria C1,commodity,3410.04,1
1000082071,Categoria C2,commodity,10453.06,2
1000082080,Categoria C1,commodity,2223.12,1
1000082080,Categoria C2,commodity,5711.66,2
1000082081,Categoria C1,commodity,3410.04,1
1000082081,Categoria C2,commodity,10914.64,2
1000082082,Categoria C1,commodity,2223.12,1
1000082082,Categoria C2,commodity,1086.44,2
1000082084,Categoria C1,commodity,2223.12,1
1000082084,Categoria C2,commodity,10333.74,2
1000082085,Categoria C1,commodity,1802.36,1
1000082085,Categoria C2,commodity,879.2,2
1000082087,Categoria C1,commodity,3410.04,1
1000082087,Categoria C2,commodity,5366.26,2
1000082088,Categoria C1,commodity,2223.12,1
1000082088,Categoria C2,commodity,3862.2,2
1000082089,Categoria C1,commodity,2223.12,1
1000082089,Categoria C2,commodity,1086.44,2
1000082090,Categoria C1,commodity,1802.36,1
1000082090,Categoria C2,commodity,879.2,2
1000082091,Categoria C1,commodity,2223.12,1
1000082091,Categoria C2,commodity,1086.44,2
1000082092,Categoria C1,commodity,3410.04,1
1000082092,Categoria C2,commodity,38656.54,2
1000082093,Categoria C1,commodity,4546.72,1
1000082093,Categoria C2,commodity,2223.12,2
1000082097,Categoria C1,commodity,3410.04,1
1000082097,Categoria C2,commodity,10914.64,2
1000082098,Categoria C1,commodity,0.0,1
1000082098,Categoria C2,commodity,9247.3,2
1000082101,Categoria C1,commodity,2223.12,1
1000082101,Categoria C2,commodity,1086.44,2
1000082102,Categoria C1,commodity,2223.12,1
1000082102,Categoria C2,commodity,6424.44,2
1000082103,Categoria C1,commodity,3410.04,1
1000082103,Categoria C2,commodity,1667.34,2
1000082104,Categoria C1,commodity,2223.12,1
1000082104,Categoria C2,commodity,5711.66,2
1000082105,Categoria C1,commodity,2223.12,1
1000082105,Categoria C2,commodity,1086.44,2
1000082106,Categoria C1,commodity,2223.12,1
1000082106,Categoria C2,commodity,3862.2,2
1000082107,Categoria C1,commodity,3410.04,1
1000082107,Categoria C2,commodity,7215.72,2
1000082108,Categoria C1,commodity,4546.72,1
1000082108,Categoria C2,commodity,20717.72,2
1000082109,Categoria C1,commodity,1802.36,1
1000082109,Categoria C2,commodity,4578.12,2
1000082111,Categoria C1,commodity,2223.12,1
1000082111,Categoria C2,commodity,6424.44,2
1000082112,Categoria C1,commodity,1802.36,1
1000082112,Categoria C2,commodity,879.2,2
1000082113,Categoria C1,commodity,3410.04,1
1000082113,Categoria C2,commodity,15539.86,2
1000082115,Categoria C1,commodity,3410.04,1
1000082115,Categoria C2,commodity,1667.34,2
1000082116,Categoria C1,commodity,2223.12,1
1000082116,Categoria C2,commodity,6424.44,2
1000082120,Categoria C1,commodity,3410.04,1
1000082120,Categoria C2,commodity,15539.86,2
1000082121,Categoria C1,commodity,2223.12,1
1000082121,Categoria C2,commodity,6424.44,2
1000082122,Categoria C1,commodity,3410.04,1
1000082122,Categoria C2,commodity,20161.94,2
1000082123,Categoria C1,commodity,1802.36,1
1000082123,Categoria C2,commodity,5504.42,2
1000082125,Categoria C1,commodity,2223.12,1
1000082125,Categoria C2,commodity,10333.74,2
1000082127,Categoria C1,commodity,1802.36,1
1000082127,Categoria C2,commodity,7815.46,2
1000082128,Categoria C1,commodity,3410.04,1
1000082128,Categoria C2,commodity,1667.34,2
1000082129,Categoria C1,commodity,2223.12,1
1000082129,Categoria C2,commodity,6424.44,2
1000082131,Categoria C1,commodity,2223.12,1
1000082131,Categoria C2,commodity,10242.68,2
1000082132,Categoria C1,commodity,2223.12,1
1000082132,Categoria C2,commodity,1086.44,2
1000082133,Categoria C1,commodity,2223.12,1
1000082133,Categoria C2,commodity,1086.44,2
1000082134,Categoria C1,commodity,2223.12,1
1000082134,Categoria C2,commodity,5711.66,2
1000082135,Categoria C1,commodity,3410.04,1
1000082135,Categoria C2,commodity,1667.34,2
1000082136,Categoria C1,commodity,2223.12,1
1000082136,Categoria C2,commodity,3397.48,2
1000082137,Categoria C1,commodity,9093.44,1
1000082137,Categoria C2,commodity,25798.24,2
1000082138,Categoria C1,commodity,1802.36,1
1000082138,Categoria C2,commodity,970.26,2
1000082139,Categoria C1,commodity,1802.36,1
1000082139,Categoria C2,commodity,879.2,2
1000082141,Categoria C1,commodity,2223.12,1
1000082141,Categoria C2,commodity,1086.44,2
1000082142,Categoria C1,commodity,2223.12,1
1000082142,Categoria C2,commodity,7561.12,2
1000082143,Categoria C1,commodity,2223.12,1
1000082143,Categoria C2,commodity,19581.04,2
1000082145,Categoria C1,commodity,3410.04,1
1000082145,Categoria C2,commodity,8142.02,2
1000082146,Categoria C1,commodity,2223.12,1
1000082146,Categoria C2,commodity,1086.44,2
1000082147,Categoria C1,commodity,1802.36,1
1000082147,Categoria C2,commodity,879.2,2
1000082152,Categoria C1,commodity,2223.12,1
1000082152,Categoria C2,commodity,3862.2,2
1000082154,Categoria C1,commodity,2223.12,1
1000082154,Categoria C2,commodity,6424.44,2
1000082155,Categoria C1,commodity,3410.04,1
1000082155,Categoria C2,commodity,9674.34,2
1000082156,Categoria C1,commodity,3410.04,1
1000082156,Categoria C2,commodity,2775.76,2
1000082157,Categoria C1,commodity,3410.04,1
1000082157,Categoria C2,commodity,1667.34,2
1000082165,Categoria C1,commodity,2223.12,1
1000082165,Categoria C2,commodity,6424.44,2
1000082166,Categoria C1,commodity,2223.12,1
1000082166,Categoria C2,commodity,8484.28,2
1000082167,Categoria C1,commodity,2223.12,1
1000082167,Categoria C2,commodity,1086.44,2
1000082170,Categoria C1,commodity,3410.04,1
1000082170,Categoria C2,commodity,1667.34,2
1000082171,Categoria C1,commodity,3410.04,1
1000082171,Categoria C2,commodity,9674.34,2
1000082172,Categoria C1,commodity,3410.04,1
1000082172,Categoria C2,commodity,1667.34,2
1000082174,Categoria C1,commodity,2223.12,1
1000082174,Categoria C2,commodity,1086.44,2
1000082175,Categoria C1,commodity,2223.12,1
1000082175,Categoria C2,commodity,9410.58,2
1000082176,Categoria C1,commodity,2223.12,1
1000082176,Categoria C2,commodity,1086.44,2
1000082177,Categoria C1,commodity,3410.04,1
1000082177,Categoria C2,commodity,20161.94,2
1000082179,Categoria C1,commodity,1802.36,1
1000082179,Categoria C2,commodity,3548.2,2
1000082180,Categoria C1,commodity,2223.12,1
1000082180,Categoria C2,commodity,9410.58,2
1000082182,Categoria C1,commodity,2223.12,1
1000082182,Categoria C2,commodity,3397.48,2
1000082183,Categoria C1,commodity,2223.12,1
1000082183,Categoria C2,commodity,1086.44,2
1000082184,Categoria C1,commodity,4546.72,1
1000082184,Categoria C2,commodity,25342.94,2
1000082185,Categoria C1,commodity,2223.12,1
1000082185,Categoria C2,commodity,1086.44,2
1000082186,Categoria C1,commodity,1802.36,1
1000082186,Categoria C2,commodity,5504.42,2
1000082187,Categoria C1,commodity,2223.12,1
1000082187,Categoria C2,commodity,6634.82,2
1000082188,Categoria C1,commodity,3410.04,1
1000082188,Categoria C2,commodity,29409.24,2
1000082189,Categoria C1,commodity,4546.72,1
1000082189,Categoria C2,commodity,29965.02,2
1000082190,Categoria C1,commodity,3410.04,1
1000082190,Categoria C2,commodity,1667.34,2
1000082191,Categoria C1,commodity,3410.04,1
1000082191,Categoria C2,commodity,1667.34,2
1000082192,Categoria C1,commodity,4546.72,1
1000082192,Categoria C2,commodity,20717.72,2
1000082193,Categoria C1,commodity,2223.12,1
1000082193,Categoria C2,commodity,6424.44,2
1000082194,Categoria C1,commodity,2223.12,1
1000082194,Categoria C2,commodity,8022.7,2
1000082195,Categoria C1,commodity,2223.12,1
1000082195,Categoria C2,commodity,1086.44,2
1000082197,Categoria C1,commodity,2223.12,1
1000082197,Categoria C2,commodity,8484.28,2
1000082198,Categoria C1,commodity,2223.12,1
1000082198,Categoria C2,commodity,6424.44,2
1000082199,Categoria C1,commodity,2223.12,1
1000082199,Categoria C2,commodity,6424.44,2
1000082202,Categoria C1,commodity,2223.12,1
1000082202,Categoria C2,commodity,7561.12,2
1000082203,Categoria C1,commodity,1802.36,1
1000082203,Categoria C2,commodity,879.2,2
1000082205,Categoria C1,commodity,3410.04,1
1000082205,Categoria C2,commodity,4443.1,2
1000082206,Categoria C1,commodity,2223.12,1
1000082206,Categoria C2,commodity,6634.82,2
1000082207,Categoria C1,commodity,2223.12,1
1000082207,Categoria C2,commodity,1086.44,2
1000082208,Categoria C1,commodity,3410.04,1
1000082208,Categoria C2,commodity,12764.1,2
1000082210,Categoria C1,commodity,2223.12,1
1000082210,Categoria C2,commodity,10333.74,2
1000082212,Categoria C1,commodity,2223.12,1
1000082212,Categoria C2,commodity,1086.44,2
1000082213,Categoria C1,commodity,3410.04,1
1000082213,Categoria C2,commodity,9674.34,2
1000082214,Categoria C1,commodity,2223.12,1
1000082214,Categoria C2,commodity,1086.44,2
1000082215,Categoria C1,commodity,3410.04,1
1000082215,Categoria C2,commodity,9674.34,2
1000082216,Categoria C1,commodity,2223.12,1
1000082216,Categoria C2,commodity,1086.44,2
1000082217,Categoria C1,commodity,1802.36,1
1000082217,Categoria C2,commodity,5504.42,2
1000082218,Categoria C1,commodity,3410.04,1
1000082218,Categoria C2,commodity,29409.24,2
1000082219,Categoria C1,commodity,2223.12,1
1000082219,Categoria C2,commodity,1086.44,2
1000082230,Categoria C1,commodity,2223.12,1
1000082230,Categoria C2,commodity,6634.82,2
1000082231,Categoria C1,commodity,2223.12,1
1000082231,Categoria C2,commodity,10333.74,2
1000082232,Categoria C1,commodity,2223.12,1
1000082232,Categoria C2,commodity,6424.44,2
1000082234,Categoria C1,commodity,3410.04,1
1000082234,Categoria C2,commodity,5366.26,2
1000082235,Categoria C1,commodity,2223.12,1
1000082235,Categoria C2,commodity,1086.44,2
1000082237,Categoria C1,commodity,2223.12,1
1000082237,Categoria C2,commodity,1086.44,2
1000082238,Categoria C1,commodity,1802.36,1
1000082238,Categoria C2,commodity,5504.42,2
1000082239,Categoria C1,commodity,2223.12,1
1000082239,Categoria C2,commodity,10333.74,2
1000082240,Categoria C1,commodity,3410.04,1
1000082240,Categoria C2,commodity,1667.34,2
1000082241,Categoria C1,commodity,4546.72,1
1000082241,Categoria C2,commodity,2223.12,2
1000082242,Categoria C1,commodity,4546.72,1
1000082242,Categoria C2,commodity,2223.12,2
1000082243,Categoria C1,commodity,4546.72,1
1000082243,Categoria C2,commodity,2223.12,2
1000082244,Categoria C1,commodity,4546.72,1
1000082244,Categoria C2,commodity,2223.12,2
1000082245,Categoria C1,commodity,4546.72,1
1000082245,Categoria C2,commodity,2223.12,2
1000082247,Categoria C1,commodity,4546.72,1
1000082247,Categoria C2,commodity,11470.42,2
1000082248,Categoria C1,commodity,6820.08,1
1000082248,Categoria C2,commodity,3334.68,2
1000082250,Categoria C1,commodity,1802.36,1
1000082250,Categoria C2,commodity,3548.2,2
1000082253,Categoria C1,commodity,3410.04,1
1000082253,Categoria C2,commodity,1667.34,2
1000082256,Categoria C1,commodity,3410.04,1
1000082256,Categoria C2,commodity,1667.34,2
1000082257,Categoria C1,commodity,3410.04,1
1000082257,Categoria C2,commodity,15539.86,2
1000082258,Categoria C1,commodity,4546.72,1
1000082258,Categoria C2,commodity,2223.12,2
1000082259,Categoria C1,commodity,2223.12,1
1000082259,Categoria C2,commodity,9410.58,2
1000082260,Categoria C1,commodity,2223.12,1
1000082260,Categoria C2,commodity,1086.44,2
1000082261,Categoria C1,commodity,3410.04,1
1000082261,Categoria C2,commodity,3978.38,2
1000082263,Categoria C1,commodity,1802.36,1
1000082263,Categoria C2,commodity,879.2,2
1000082264,Categoria C1,commodity,3410.04,1
1000082264,Categoria C2,commodity,20161.94,2
1000082266,Categoria C1,commodity,2223.12,1
1000082266,Categoria C2,commodity,1086.44,2
1000082267,Categoria C1,commodity,5683.4,1
1000082267,Categoria C2,commodity,2778.9,2
1000082269,Categoria C1,commodity,3410.04,1
1000082269,Categoria C2,commodity,6754.14,2
1000082270,Categoria C1,commodity,2223.12,1
1000082270,Categoria C2,commodity,8022.7,2
1000082271,Categoria C1,commodity,2223.12,1
1000082271,Categoria C2,commodity,5711.66,2
1000082272,Categoria C1,commodity,2223.12,1
1000082272,Categoria C2,commodity,10333.74,2
1000082273,Categoria C1,commodity,5683.4,1
1000082273,Categoria C2,commodity,14801.96,2
1000082274,Categoria C1,commodity,3410.04,1
1000082274,Categoria C2,commodity,1667.34,2
1000082275,Categoria C1,commodity,1802.36,1
1000082275,Categoria C2,commodity,3548.2,2
1000082276,Categoria C1,commodity,2223.12,1
1000082276,Categoria C2,commodity,1086.44,2
1000082277,Categoria C1,commodity,3410.04,1
1000082277,Categoria C2,commodity,10914.64,2
1000082278,Categoria C1,commodity,3410.04,1
1000082278,Categoria C2,commodity,1667.34,2
1000082279,Categoria C1,commodity,2223.12,1
1000082279,Categoria C2,commodity,7561.12,2
1000082282,Categoria C1,commodity,3410.04,1
1000082282,Categoria C2,commodity,10914.64,2
1000082283,Categoria C1,commodity,2223.12,1
1000082283,Categoria C2,commodity,1086.44,2
1000082285,Categoria C1,commodity,2223.12,1
1000082285,Categoria C2,commodity,6424.44,2
1000082287,Categoria C1,commodity,3410.04,1
1000082287,Categoria C2,commodity,1667.34,2
1000082288,Categoria C1,commodity,6820.08,1
1000082288,Categoria C2,commodity,3334.68,2
1000082290,Categoria C1,commodity,2223.12,1
1000082290,Categoria C2,commodity,6424.44,2
1000082292,Categoria C1,commodity,6820.08,1
1000082292,Categoria C2,commodity,21829.28,2
1000082293,Categoria C1,commodity,3410.04,1
1000082293,Categoria C2,commodity,1667.34,2
1000082294,Categoria C1,commodity,2223.12,1
1000082294,Categoria C2,commodity,1086.44,2
1000082295,Categoria C1,commodity,3410.04,1
1000082295,Categoria C2,commodity,1667.34,2
1000082296,Categoria C1,commodity,3410.04,1
1000082296,Categoria C2,commodity,1667.34,2
1000082298,Categoria C1,commodity,2223.12,1
1000082298,Categoria C2,commodity,8484.28,2
1000082300,Categoria C1,commodity,4546.72,1
1000082300,Categoria C2,commodity,20717.72,2
1000082303,Categoria C1,commodity,2223.12,1
1000082303,Categoria C2,commodity,1086.44,2
1000082304,Categoria C1,commodity,2223.12,1
1000082304,Categoria C2,commodity,1086.44,2
1000082307,Categoria C1,commodity,5683.4,1
1000082307,Categoria C2,commodity,2778.9,2
1000082311,Categoria C1,commodity,3410.04,1
1000082311,Categoria C2,commodity,15539.86,2
1000082312,Categoria C1,commodity,4546.72,1
1000082312,Categoria C2,commodity,11470.42,2
1000082314,Categoria C1,commodity,2223.12,1
1000082314,Categoria C2,commodity,6424.44,2
1000082315,Categoria C1,commodity,2223.12,1
1000082315,Categoria C2,commodity,6424.44,2
1000082316,Categoria C1,commodity,3410.04,1
1000082316,Categoria C2,commodity,6292.56,2
1000082319,Categoria C1,commodity,3410.04,1
1000082319,Categoria C2,commodity,6292.56,2
1000082320,Categoria C1,commodity,2223.12,1
1000082320,Categoria C2,commodity,1086.44,2
1000082321,Categoria C1,commodity,4546.72,1
1000082321,Categoria C2,commodity,20717.72,2
1000082322,Categoria C1,commodity,3410.04,1
1000082322,Categoria C2,commodity,1667.34,2
1000082323,Categoria C1,commodity,2223.12,1
1000082323,Categoria C2,commodity,4785.36,2
1000082324,Categoria C1,commodity,3410.04,1
1000082324,Categoria C2,commodity,7215.72,2
1000082325,Categoria C1,commodity,0.0,1
1000082325,Categoria C2,commodity,0.0,2
1000082326,Categoria C1,commodity,4546.72,1
1000082326,Categoria C2,commodity,2223.12,2
1000082327,Categoria C1,commodity,2223.12,1
1000082327,Categoria C2,commodity,3862.2,2
1000082330,Categoria C1,commodity,0.0,1
1000082330,Categoria C2,commodity,0.0,2
1000082331,Categoria C1,commodity,2223.12,1
1000082331,Categoria C2,commodity,1086.44,2
1000082332,Categoria C1,commodity,2223.12,1
1000082332,Categoria C2,commodity,6424.44,2
1000082333,Categoria C1,commodity,2223.12,1
1000082333,Categoria C2,commodity,6424.44,2
1000082334,Categoria C1,commodity,1802.36,1
1000082334,Categoria C2,commodity,879.2,2
1000082335,Categoria C1,commodity,2223.12,1
1000082335,Categoria C2,commodity,1086.44,2
1000082336,Categoria C1,commodity,2223.12,1
1000082336,Categoria C2,commodity,16808.42,2
1000082337,Categoria C1,commodity,3410.04,1
1000082337,Categoria C2,commodity,20161.94,2
1000082338,Categoria C1,commodity,3410.04,1
1000082338,Categoria C2,commodity,1667.34,2
1000082339,Categoria C1,commodity,3410.04,1
1000082339,Categoria C2,commodity,9674.34,2
1000082340,Categoria C1,commodity,4546.72,1
1000082340,Categoria C2,commodity,12899.12,2
1000082341,Categoria C1,commodity,1802.36,1
1000082341,Categoria C2,commodity,879.2,2
1000082343,Categoria C1,commodity,4546.72,1
1000082343,Categoria C2,commodity,12899.12,2
1000082345,Categoria C1,commodity,2223.12,1
1000082345,Categoria C2,commodity,8484.28,2
1000082349,Categoria C1,commodity,3410.04,1
1000082349,Categoria C2,commodity,20161.94,2
1000082350,Categoria C1,commodity,1802.36,1
1000082350,Categoria C2,commodity,879.2,2
1000082351,Categoria C1,commodity,1802.36,1
1000082351,Categoria C2,commodity,879.2,2
1000082354,Categoria C1,commodity,1802.36,1
1000082354,Categoria C2,commodity,879.2,2
1000082355,Categoria C1,commodity,2223.12,1
1000082355,Categoria C2,commodity,6424.44,2
1000082357,Categoria C1,commodity,2223.12,1
1000082357,Categoria C2,commodity,10333.74,2
1000082358,Categoria C1,commodity,3410.04,1
1000082358,Categoria C2,commodity,1667.34,2
1000082359,Categoria C1,commodity,3410.04,1
1000082359,Categoria C2,commodity,1667.34,2
1000082360,Categoria C1,commodity,2223.12,1
1000082360,Categoria C2,commodity,1086.44,2
1000082361,Categoria C1,commodity,2223.12,1
1000082361,Categoria C2,commodity,10333.74,2
1000082364,Categoria C1,commodity,2223.12,1
1000082364,Categoria C2,commodity,1086.44,2
1000082365,Categoria C1,commodity,4546.72,1
1000082365,Categoria C2,commodity,2223.12,2
1000082366,Categoria C1,commodity,0.0,1
1000082366,Categoria C2,commodity,1849.46,2
1000082367,Categoria C1,commodity,3410.04,1
1000082367,Categoria C2,commodity,9065.18,2
1000082368,Categoria C1,commodity,2223.12,1
1000082368,Categoria C2,commodity,1086.44,2
1000082369,Categoria C1,commodity,2223.12,1
1000082369,Categoria C2,commodity,6634.82,2
1000082371,Categoria C1,commodity,2223.12,1
1000082371,Categoria C2,commodity,14958.96,2
1000082372,Categoria C1,commodity,3410.04,1
1000082372,Categoria C2,commodity,9065.18,2
1000082373,Categoria C1,commodity,3410.04,1
1000082373,Categoria C2,commodity,10914.64,2
1000082375,Categoria C1,commodity,2223.12,1
1000082375,Categoria C2,commodity,1086.44,2
1000082376,Categoria C1,commodity,2223.12,1
1000082376,Categoria C2,commodity,3862.2,2
1000082377,Categoria C1,commodity,0.0,1
1000082377,Categoria C2,commodity,0.0,2
1000082381,Categoria C1,commodity,2223.12,1
1000082381,Categoria C2,commodity,1086.44,2
1000082382,Categoria C1,commodity,5683.4,1
1000082382,Categoria C2,commodity,12026.2,2
1000082383,Categoria C1,commodity,2223.12,1
1000082383,Categoria C2,commodity,1086.44,2
1000082384,Categoria C1,commodity,2223.12,1
1000082384,Categoria C2,commodity,8484.28,2
1000082385,Categoria C1,commodity,2223.12,1
1000082385,Categoria C2,commodity,1086.44,2
1000082388,Categoria C1,commodity,2223.12,1
1000082388,Categoria C2,commodity,1086.44,2
1000082389,Categoria C1,commodity,4546.72,1
1000082389,Categoria C2,commodity,2223.12,2
1000082390,Categoria C1,commodity,2223.12,1
1000082390,Categoria C2,commodity,1086.44,2
1000082391,Categoria C1,commodity,6820.08,1
1000082391,Categoria C2,commodity,21829.28,2
1000082392,Categoria C1,commodity,2223.12,1
1000082392,Categoria C2,commodity,1086.44,2
1000082393,Categoria C1,commodity,2223.12,1
1000082393,Categoria C2,commodity,1086.44,2
1000082394,Categoria C1,commodity,2223.12,1
1000082394,Categoria C2,commodity,8484.28,2
1000082396,Categoria C1,commodity,4546.72,1
1000082396,Categoria C2,commodity,2223.12,2
1000082397,Categoria C1,commodity,2223.12,1
1000082397,Categoria C2,commodity,5711.66,2
1000082398,Categoria C1,commodity,1802.36,1
1000082398,Categoria C2,commodity,879.2,2
1000082399,Categoria C1,commodity,3410.04,1
1000082399,Categoria C2,commodity,7215.72,2
1000082400,Categoria C1,commodity,3410.04,1
1000082400,Categoria C2,commodity,1667.34,2
1000082401,Categoria C1,commodity,2223.12,1
1000082401,Categoria C2,commodity,1086.44,2
1000082402,Categoria C1,commodity,2223.12,1
1000082402,Categoria C2,commodity,1086.44,2
1000082403,Categoria C1,commodity,2223.12,1
1000082403,Categoria C2,commodity,8484.28,2
1000082405,Categoria C1,commodity,3410.04,1
1000082405,Categoria C2,commodity,9674.34,2
1000082407,Categoria C1,commodity,2223.12,1
1000082407,Categoria C2,commodity,5711.66,2
1000082408,Categoria C1,commodity,3410.04,1
1000082408,Categoria C2,commodity,1667.34,2
1000082409,Categoria C1,commodity,2223.12,1
1000082409,Categoria C2,commodity,1086.44,2
1000082410,Categoria C1,commodity,2223.12,1
1000082410,Categoria C2,commodity,1086.44,2
1000082411,Categoria C1,commodity,3410.04,1
1000082411,Categoria C2,commodity,1667.34,2
1000082412,Categoria C1,commodity,2223.12,1
1000082412,Categoria C2,commodity,10333.74,2
1000082413,Categoria C1,commodity,3410.04,1
1000082413,Categoria C2,commodity,6292.56,2
1000082414,Categoria C1,commodity,2223.12,1
1000082414,Categoria C2,commodity,1086.44,2
1000082417,Categoria C1,commodity,2223.12,1
1000082417,Categoria C2,commodity,5711.66,2
1000082418,Categoria C1,commodity,2223.12,1
1000082418,Categoria C2,commodity,1086.44,2
1000082420,Categoria C1,commodity,2223.12,1
1000082420,Categoria C2,commodity,1086.44,2
1000082425,Categoria C1,commodity,4546.72,1
1000082425,Categoria C2,commodity,16095.64,2
1000082426,Categoria C1,commodity,2223.12,1
1000082426,Categoria C2,commodity,8022.7,2
1000082429,Categoria C1,commodity,5683.4,1
1000082429,Categoria C2,commodity,16651.42,2
1000082431,Categoria C1,commodity,2223.12,1
1000082431,Categoria C2,commodity,7561.12,2
1000082432,Categoria C1,commodity,1802.36,1
1000082432,Categoria C2,commodity,8277.04,2
1000082435,Categoria C1,commodity,3410.04,1
1000082435,Categoria C2,commodity,1667.34,2
1000082437,Categoria C1,commodity,2223.12,1
1000082437,Categoria C2,commodity,10333.74,2
1000082442,Categoria C1,commodity,3410.04,1
1000082442,Categoria C2,commodity,7215.72,2
1000082445,Categoria C1,commodity,3410.04,1
1000082445,Categoria C2,commodity,1667.34,2
1000082447,Categoria C1,commodity,4546.72,1
1000082447,Categoria C2,commodity,2223.12,2
1000082448,Categoria C1,commodity,3410.04,1
1000082448,Categoria C2,commodity,1667.34,2
1000082450,Categoria C1,commodity,2223.12,1
1000082450,Categoria C2,commodity,1086.44,2
1000082451,Categoria C1,commodity,2223.12,1
1000082451,Categoria C2,commodity,11260.04,2
1000082452,Categoria C1,commodity,3410.04,1
1000082452,Categoria C2,commodity,17850.9,2
1000082453,Categoria C1,commodity,3410.04,1
1000082453,Categoria C2,commodity,29409.24,2
1000082454,Categoria C1,commodity,3410.04,1
1000082454,Categoria C2,commodity,7215.72,2
1000082456,Categoria C1,commodity,2223.12,1
1000082456,Categoria C2,commodity,6424.44,2
1000082457,Categoria C1,commodity,2223.12,1
1000082457,Categoria C2,commodity,1086.44,2
1000082458,Categoria C1,commodity,2223.12,1
1000082458,Categoria C2,commodity,1086.44,2
1000082460,Categoria C1,commodity,5683.4,1
1000082460,Categoria C2,commodity,2778.9,2
1000082461,Categoria C1,commodity,2223.12,1
1000082461,Categoria C2,commodity,1086.44,2
1000082462,Categoria C1,commodity,2223.12,1
1000082462,Categoria C2,commodity,1086.44,2
1000082463,Categoria C1,commodity,1802.36,1
1000082463,Categoria C2,commodity,7353.88,2
1000082464,Categoria C1,commodity,1802.36,1
1000082464,Categoria C2,commodity,23999.02,2
1000082466,Categoria C1,commodity,1802.36,1
1000082466,Categoria C2,commodity,879.2,2
1000082467,Categoria C1,commodity,4546.72,1
1000082467,Categoria C2,commodity,8697.8,2
1000082468,Categoria C1,commodity,1802.36,1
1000082468,Categoria C2,commodity,879.2,2
1000082469,Categoria C1,commodity,2223.12,1
1000082469,Categoria C2,commodity,1086.44,2
1000082471,Categoria C1,commodity,3410.04,1
1000082471,Categoria C2,commodity,1667.34,2
1000082472,Categoria C1,commodity,2223.12,1
1000082472,Categoria C2,commodity,1086.44,2
1000082473,Categoria C1,commodity,1802.36,1
1000082473,Categoria C2,commodity,879.2,2
1000082474,Categoria C1,commodity,2223.12,1
1000082474,Categoria C2,commodity,1086.44,2
1000082476,Categoria C1,commodity,2223.12,1
1000082476,Categoria C2,commodity,6424.44,2
1000082477,Categoria C1,commodity,3410.04,1
1000082477,Categoria C2,commodity,1667.34,2
1000082478,Categoria C1,commodity,3410.04,1
1000082478,Categoria C2,commodity,1667.34,2
1000082479,Categoria C1,commodity,2223.12,1
1000082479,Categoria C2,commodity,2935.9,2
1000082480,Categoria C1,commodity,3410.04,1
1000082480,Categoria C2,commodity,9065.18,2
1000082481,Categoria C1,commodity,2223.12,1
1000082481,Categoria C2,commodity,5711.66,2
1000082482,Categoria C1,commodity,3410.04,1
1000082482,Categoria C2,commodity,29409.24,2
1000082483,Categoria C1,commodity,2223.12,1
1000082483,Categoria C2,commodity,10333.74,2
1000082484,Categoria C1,commodity,1802.36,1
1000082484,Categoria C2,commodity,5504.42,2
1000082485,Categoria C1,commodity,4546.72,1
1000082485,Categoria C2,commodity,2223.12,2
1000082486,Categoria C1,commodity,2223.12,1
1000082486,Categoria C2,commodity,6424.44,2
1000082490,Categoria C1,commodity,2223.12,1
1000082490,Categoria C2,commodity,1086.44,2
1000082491,Categoria C1,commodity,2223.12,1
1000082491,Categoria C2,commodity,7561.12,2
1000082492,Categoria C1,commodity,3410.04,1
1000082492,Categoria C2,commodity,1667.34,2
1000082493,Categoria C1,commodity,1802.36,1
1000082493,Categoria C2,commodity,879.2,2
1000082494,Categoria C1,commodity,4546.72,1
1000082494,Categoria C2,commodity,7771.5,2
1000082495,Categoria C1,commodity,2223.12,1
1000082495,Categoria C2,commodity,8484.28,2
1000082496,Categoria C1,commodity,3410.04,1
1000082496,Categoria C2,commodity,10914.64,2
1000082497,Categoria C1,commodity,2223.12,1
1000082497,Categoria C2,commodity,8484.28,2
1000082499,Categoria C1,commodity,4546.72,1
1000082499,Categoria C2,commodity,2223.12,2
1000082500,Categoria C1,commodity,2223.12,1
1000082500,Categoria C2,commodity,1086.44,2
1000082501,Categoria C1,commodity,2223.12,1
1000082501,Categoria C2,commodity,6424.44,2
1000082502,Categoria C1,commodity,2223.12,1
1000082502,Categoria C2,commodity,1086.44,2
1000082503,Categoria C1,commodity,2223.12,1
1000082503,Categoria C2,commodity,3862.2,2
1000082505,Categoria C1,commodity,1802.36,1
1000082505,Categoria C2,commodity,879.2,2
1000082506,Categoria C1,commodity,3410.04,1
1000082506,Categoria C2,commodity,57151.14,2
1000082507,Categoria C1,commodity,2223.12,1
1000082507,Categoria C2,commodity,3862.2,2
1000082509,Categoria C1,commodity,1802.36,1
1000082509,Categoria C2,commodity,7353.88,2
1000082510,Categoria C1,commodity,4546.72,1
1000082510,Categoria C2,commodity,2223.12,2
1000082511,Categoria C1,commodity,3410.04,1
1000082511,Categoria C2,commodity,1667.34,2
1000082512,Categoria C1,commodity,4546.72,1
1000082512,Categoria C2,commodity,2223.12,2
1000082513,Categoria C1,commodity,2223.12,1
1000082513,Categoria C2,commodity,1086.44,2
1000082514,Categoria C1,commodity,4546.72,1
1000082514,Categoria C2,commodity,2223.12,2
1000082519,Categoria C1,commodity,3410.04,1
1000082519,Categoria C2,commodity,1667.34,2
1000082520,Categoria C1,commodity,1802.36,1
1000082520,Categoria C2,commodity,879.2,2
1000082522,Categoria C1,commodity,2223.12,1
1000082522,Categoria C2,commodity,10333.74,2
1000082523,Categoria C1,commodity,1802.36,1
1000082523,Categoria C2,commodity,879.2,2
1000082524,Categoria C1,commodity,2223.12,1
1000082524,Categoria C2,commodity,24206.26,2
1000082526,Categoria C1,commodity,1802.36,1
1000082526,Categoria C2,commodity,879.2,2
1000082527,Categoria C1,commodity,2223.12,1
1000082527,Categoria C2,commodity,6634.82,2
1000082529,Categoria C1,commodity,2223.12,1
1000082529,Categoria C2,commodity,10333.74,2
1000082530,Categoria C1,commodity,2223.12,1
1000082530,Categoria C2,commodity,12183.2,2
1000082531,Categoria C1,commodity,2223.12,1
1000082531,Categoria C2,commodity,1086.44,2
1000082533,Categoria C1,commodity,3410.04,1
1000082533,Categoria C2,commodity,1667.34,2
1000082534,Categoria C1,commodity,3410.04,1
1000082534,Categoria C2,commodity,9065.18,2
1000082535,Categoria C1,commodity,1802.36,1
1000082535,Categoria C2,commodity,879.2,2
1000082536,Categoria C1,commodity,3410.04,1
1000082536,Categoria C2,commodity,1667.34,2
1000082537,Categoria C1,commodity,2223.12,1
1000082537,Categoria C2,commodity,10333.74,2
1000082538,Categoria C1,commodity,3410.04,1
1000082538,Categoria C2,commodity,24787.16,2
1000082539,Categoria C1,commodity,2223.12,1
1000082539,Categoria C2,commodity,1086.44,2
1000082540,Categoria C1,commodity,2223.12,1
1000082540,Categoria C2,commodity,1086.44,2
1000082541,Categoria C1,commodity,2223.12,1
1000082541,Categoria C2,commodity,6424.44,2
1000082543,Categoria C1,commodity,1802.36,1
1000082543,Categoria C2,commodity,879.2,2
1000082545,Categoria C1,commodity,1802.36,1
1000082545,Categoria C2,commodity,879.2,2
1000082549,Categoria C1,commodity,2223.12,1
1000082549,Categoria C2,commodity,1086.44,2
1000082550,Categoria C1,commodity,1802.36,1
1000082550,Categoria C2,commodity,879.2,2
1000082552,Categoria C1,commodity,1802.36,1
1000082552,Categoria C2,commodity,879.2,2
1000082560,Categoria C1,commodity,2223.12,1
1000082560,Categoria C2,commodity,1086.44,2
1000082562,Categoria C1,commodity,2223.12,1
1000082562,Categoria C2,commodity,10333.74,2
1000082563,Categoria C1,commodity,1802.36,1
1000082563,Categoria C2,commodity,2728.66,2
1000082564,Categoria C1,commodity,2223.12,1
1000082564,Categoria C2,commodity,12183.2,2
1000082565,Categoria C1,commodity,2223.12,1
1000082565,Categoria C2,commodity,1086.44,2
1000082566,Categoria C1,commodity,3410.04,1
1000082566,Categoria C2,commodity,1667.34,2
1000082567,Categoria C1,commodity,2223.12,1
1000082567,Categoria C2,commodity,1086.44,2
1000082568,Categoria C1,commodity,1802.36,1
1000082568,Categoria C2,commodity,879.2,2
1000082569,Categoria C1,commodity,4546.72,1
1000082569,Categoria C2,commodity,2223.12,2
1000082570,Categoria C1,commodity,3410.04,1
1000082570,Categoria C2,commodity,15539.86,2
1000082571,Categoria C1,commodity,2223.12,1
1000082571,Categoria C2,commodity,10333.74,2
1000082572,Categoria C1,commodity,2223.12,1
1000082572,Categoria C2,commodity,1086.44,2
1000082573,Categoria C1,commodity,1802.36,1
1000082573,Categoria C2,commodity,1805.5,2
1000082574,Categoria C1,commodity,2223.12,1
1000082574,Categoria C2,commodity,1086.44,2
1000082575,Categoria C1,commodity,2223.12,1
1000082575,Categoria C2,commodity,5711.66,2
1000082576,Categoria C1,commodity,2223.12,1
1000082576,Categoria C2,commodity,8022.7,2
1000082577,Categoria C1,commodity,2223.12,1
1000082577,Categoria C2,commodity,10333.74,2
1000082578,Categoria C1,commodity,3410.04,1
1000082578,Categoria C2,commodity,9065.18,2
1000082579,Categoria C1,commodity,3410.04,1
1000082579,Categoria C2,commodity,9674.34,2
1000082581,Categoria C1,commodity,3410.04,1
1000082581,Categoria C2,commodity,1667.34,2
1000082583,Categoria C1,commodity,2223.12,1
1000082583,Categoria C2,commodity,10333.74,2
1000082587,Categoria C1,commodity,2223.12,1
1000082587,Categoria C2,commodity,10333.74,2
1000082589,Categoria C1,commodity,2223.12,1
1000082589,Categoria C2,commodity,6424.44,2
1000082590,Categoria C1,commodity,2223.12,1
1000082590,Categoria C2,commodity,1086.44,2
1000082591,Categoria C1,commodity,1802.36,1
1000082591,Categoria C2,commodity,879.2,2
1000082593,Categoria C1,commodity,3410.04,1
1000082593,Categoria C2,commodity,9991.48,2
1000082594,Categoria C1,commodity,3410.04,1
1000082594,Categoria C2,commodity,9674.34,2
1000082595,Categoria C1,commodity,2223.12,1
1000082595,Categoria C2,commodity,6424.44,2
1000082596,Categoria C1,commodity,2223.12,1
1000082596,Categoria C2,commodity,6424.44,2
1000082597,Categoria C1,commodity,0.0,1
1000082597,Categoria C2,commodity,18494.6,2
1000082598,Categoria C1,commodity,3410.04,1
1000082598,Categoria C2,commodity,1667.34,2
1000082599,Categoria C1,commodity,2223.12,1
1000082599,Categoria C2,commodity,10333.74,2
1000082600,Categoria C1,commodity,2223.12,1
1000082600,Categoria C2,commodity,8484.28,2
1000082601,Categoria C1,commodity,2223.12,1
1000082601,Categoria C2,commodity,2935.9,2
1000082603,Categoria C1,commodity,4546.72,1
1000082603,Categoria C2,commodity,6848.34,2
1000082606,Categoria C1,commodity,2223.12,1
1000082606,Categoria C2,commodity,6424.44,2
1000082607,Categoria C1,commodity,3410.04,1
1000082607,Categoria C2,commodity,9674.34,2
1000082612,Categoria C1,commodity,2223.12,1
1000082612,Categoria C2,commodity,4785.36,2
1000082613,Categoria C1,commodity,2223.12,1
1000082613,Categoria C2,commodity,8022.7,2
1000082615,Categoria C1,commodity,1802.36,1
1000082615,Categoria C2,commodity,3548.2,2
1000082616,Categoria C1,commodity,3410.04,1
1000082616,Categoria C2,commodity,1667.34,2
1000082620,Categoria C1,commodity,2223.12,1
1000082620,Categoria C2,commodity,1086.44,2
1000082621,Categoria C1,commodity,1802.36,1
1000082621,Categoria C2,commodity,879.2,2
1000082623,Categoria C1,commodity,2223.12,1
1000082623,Categoria C2,commodity,1086.44,2
1000082625,Categoria C1,commodity,2223.12,1
1000082625,Categoria C2,commodity,4323.78,2
1000082626,Categoria C1,commodity,4546.72,1
1000082626,Categoria C2,commodity,9620.96,2
1000082627,Categoria C1,commodity,2223.12,1
1000082627,Categoria C2,commodity,1086.44,2
1000082629,Categoria C1,commodity,1802.36,1
1000082629,Categoria C2,commodity,879.2,2
1000082630,Categoria C1,commodity,2223.12,1
1000082630,Categoria C2,commodity,1086.44,2
1000082641,Categoria C1,commodity,2223.12,1
1000082641,Categoria C2,commodity,10333.74,2
1000082642,Categoria C1,commodity,2223.12,1
1000082642,Categoria C2,commodity,1086.44,2
1000082643,Categoria C1,commodity,1802.36,1
1000082643,Categoria C2,commodity,879.2,2
1000082644,Categoria C1,commodity,2223.12,1
1000082644,Categoria C2,commodity,3862.2,2
1000082645,Categoria C1,commodity,3410.04,1
1000082645,Categoria C2,commodity,1667.34,2
1000082647,Categoria C1,commodity,2223.12,1
1000082647,Categoria C2,commodity,6424.44,2
1000082648,Categoria C1,commodity,3410.04,1
1000082648,Categoria C2,commodity,20161.94,2
1000082649,Categoria C1,commodity,4546.72,1
1000082649,Categoria C2,commodity,16095.64,2
1000082650,Categoria C1,commodity,2223.12,1
1000082650,Categoria C2,commodity,6424.44,2
1000082651,Categoria C1,commodity,3410.04,1
1000082651,Categoria C2,commodity,1667.34,2
1000082652,Categoria C1,commodity,2223.12,1
1000082652,Categoria C2,commodity,12183.2,2
1000082653,Categoria C1,commodity,1802.36,1
1000082653,Categoria C2,commodity,7815.46,2
1000082654,Categoria C1,commodity,1802.36,1
1000082654,Categoria C2,commodity,879.2,2
1000082655,Categoria C1,commodity,2223.12,1
1000082655,Categoria C2,commodity,6424.44,2
1000082656,Categoria C1,commodity,2223.12,1
1000082656,Categoria C2,commodity,1086.44,2
1000082658,Categoria C1,commodity,3410.04,1
1000082658,Categoria C2,commodity,1667.34,2
1000082659,Categoria C1,commodity,2223.12,1
1000082659,Categoria C2,commodity,1086.44,2
1000082661,Categoria C1,commodity,1802.36,1
1000082661,Categoria C2,commodity,2728.66,2
1000082662,Categoria C1,commodity,5683.4,1
1000082662,Categoria C2,commodity,2778.9,2
1000082664,Categoria C1,commodity,2223.12,1
1000082664,Categoria C2,commodity,6424.44,2
1000082665,Categoria C1,commodity,6820.08,1
1000082665,Categoria C2,commodity,40323.88,2
1000082666,Categoria C1,commodity,2223.12,1
1000082666,Categoria C2,commodity,6424.44,2
1000082667,Categoria C1,commodity,2223.12,1
1000082667,Categoria C2,commodity,1086.44,2
1000082668,Categoria C1,commodity,2223.12,1
1000082668,Categoria C2,commodity,14958.96,2
1000082669,Categoria C1,commodity,4546.72,1
1000082669,Categoria C2,commodity,2223.12,2
1000082670,Categoria C1,commodity,2223.12,1
1000082670,Categoria C2,commodity,8484.28,2
1000082671,Categoria C1,commodity,1802.36,1
1000082671,Categoria C2,commodity,879.2,2
1000082672,Categoria C1,commodity,2223.12,1
1000082672,Categoria C2,commodity,2935.9,2
1000082673,Categoria C1,commodity,2223.12,1
1000082673,Categoria C2,commodity,8022.7,2
1000082674,Categoria C1,commodity,1802.36,1
1000082674,Categoria C2,commodity,879.2,2
1000082676,Categoria C1,commodity,2223.12,1
1000082676,Categoria C2,commodity,8484.28,2
1000082677,Categoria C1,commodity,1802.36,1
1000082677,Categoria C2,commodity,6427.58,2
1000082679,Categoria C1,commodity,1802.36,1
1000082679,Categoria C2,commodity,879.2,2
1000082680,Categoria C1,commodity,2223.12,1
1000082680,Categoria C2,commodity,10333.74,2
1000082681,Categoria C1,commodity,2223.12,1
1000082681,Categoria C2,commodity,6424.44,2
1000082682,Categoria C1,commodity,2223.12,1
1000082682,Categoria C2,commodity,10333.74,2
1000082683,Categoria C1,commodity,2223.12,1
1000082683,Categoria C2,commodity,10333.74,2
1000082684,Categoria C1,commodity,4546.72,1
1000082684,Categoria C2,commodity,29965.02,2
1000082685,Categoria C1,commodity,2223.12,1
1000082685,Categoria C2,commodity,3862.2,2
1000082687,Categoria C1,commodity,3410.04,1
1000082687,Categoria C2,commodity,1667.34,2
1000082688,Categoria C1,commodity,2223.12,1
1000082688,Categoria C2,commodity,1086.44,2
1000082689,Categoria C1,commodity,3410.04,1
1000082689,Categoria C2,commodity,15539.86,2
1000082690,Categoria C1,commodity,2223.12,1
1000082690,Categoria C2,commodity,42700.86,2
1000082691,Categoria C1,commodity,2223.12,1
1000082691,Categoria C2,commodity,6424.44,2
1000082692,Categoria C1,commodity,5683.4,1
1000082692,Categoria C2,commodity,12026.2,2
1000082694,Categoria C1,commodity,4546.72,1
1000082694,Categoria C2,commodity,29965.02,2
1000082696,Categoria C1,commodity,3410.04,1
1000082696,Categoria C2,commodity,6292.56,2
1000082699,Categoria C1,commodity,2223.12,1
1000082699,Categoria C2,commodity,1086.44,2
1000082701,Categoria C1,commodity,1802.36,1
1000082701,Categoria C2,commodity,2728.66,2
1000082703,Categoria C1,commodity,2223.12,1
1000082703,Categoria C2,commodity,4785.36,2
1000082704,Categoria C1,commodity,2223.12,1
1000082704,Categoria C2,commodity,3862.2,2
1000082705,Categoria C1,commodity,3410.04,1
1000082705,Categoria C2,commodity,8142.02,2
1000082706,Categoria C1,commodity,3410.04,1
1000082706,Categoria C2,commodity,1667.34,2
1000082708,Categoria C1,commodity,4546.72,1
1000082708,Categoria C2,commodity,2223.12,2
1000082709,Categoria C1,commodity,3410.04,1
1000082709,Categoria C2,commodity,9674.34,2
1000082711,Categoria C1,commodity,2223.12,1
1000082711,Categoria C2,commodity,2935.9,2
1000082712,Categoria C1,commodity,1802.36,1
1000082712,Categoria C2,commodity,4578.12,2
1000082713,Categoria C1,commodity,4546.72,1
1000082713,Categoria C2,commodity,2223.12,2
1000082714,Categoria C1,commodity,1802.36,1
1000082714,Categoria C2,commodity,879.2,2
1000082715,Categoria C1,commodity,3410.04,1
1000082715,Categoria C2,commodity,1667.34,2
1000082716,Categoria C1,commodity,3410.04,1
1000082716,Categoria C2,commodity,10914.64,2
1000082717,Categoria C1,commodity,2223.12,1
1000082717,Categoria C2,commodity,1086.44,2
1000082718,Categoria C1,commodity,0.0,1
1000082718,Categoria C2,commodity,2775.76,2
1000082719,Categoria C1,commodity,2223.12,1
1000082719,Categoria C2,commodity,1086.44,2
1000082720,Categoria C1,commodity,2223.12,1
1000082720,Categoria C2,commodity,3397.48,2
1000082721,Categoria C1,commodity,4546.72,1
1000082721,Categoria C2,commodity,7771.5,2
1000082722,Categoria C1,commodity,4546.72,1
1000082722,Categoria C2,commodity,7771.5,2
1000082724,Categoria C1,commodity,3410.04,1
1000082724,Categoria C2,commodity,15539.86,2
1000082726,Categoria C1,commodity,2223.12,1
1000082726,Categoria C2,commodity,1086.44,2
1000082727,Categoria C1,commodity,3410.04,1
1000082727,Categoria C2,commodity,1667.34,2
1000082728,Categoria C1,commodity,2223.12,1
1000082728,Categoria C2,commodity,1086.44,2
1000082731,Categoria C1,commodity,2223.12,1
1000082731,Categoria C2,commodity,6634.82,2
1000082732,Categoria C1,commodity,2223.12,1
1000082732,Categoria C2,commodity,6424.44,2
1000082733,Categoria C1,commodity,1802.36,1
1000082733,Categoria C2,commodity,879.2,2
1000082734,Categoria C1,commodity,3410.04,1
1000082734,Categoria C2,commodity,9674.34,2
1000082736,Categoria C1,commodity,1802.36,1
1000082736,Categoria C2,commodity,5504.42,2
1000082737,Categoria C1,commodity,2223.12,1
1000082737,Categoria C2,commodity,1086.44,2
1000082740,Categoria C1,commodity,2223.12,1
1000082740,Categoria C2,commodity,1086.44,2
1000082742,Categoria C1,commodity,6820.08,1
1000082742,Categoria C2,commodity,3334.68,2
1000082743,Categoria C1,commodity,2223.12,1
1000082743,Categoria C2,commodity,6634.82,2
1000082744,Categoria C1,commodity,2223.12,1
1000082744,Categoria C2,commodity,1086.44,2
1000082745,Categoria C1,commodity,1802.36,1
1000082745,Categoria C2,commodity,7815.46,2
1000082747,Categoria C1,commodity,2223.12,1
1000082747,Categoria C2,commodity,1086.44,2
1000082748,Categoria C1,commodity,2223.12,1
1000082748,Categoria C2,commodity,1086.44,2
1000082749,Categoria C1,commodity,1802.36,1
1000082749,Categoria C2,commodity,879.2,2
1000082750,Categoria C1,commodity,3410.04,1
1000082750,Categoria C2,commodity,1667.34,2
1000082751,Categoria C1,commodity,1802.36,1
1000082751,Categoria C2,commodity,65610.3,2
1000082752,Categoria C1,commodity,1802.36,1
1000082752,Categoria C2,commodity,879.2,2
1000082754,Categoria C1,commodity,4546.72,1
1000082754,Categoria C2,commodity,2223.12,2
1000082755,Categoria C1,commodity,1802.36,1
1000082755,Categoria C2,commodity,879.2,2
1000082756,Categoria C1,commodity,2223.12,1
1000082756,Categoria C2,commodity,6634.82,2
1000082757,Categoria C1,commodity,1802.36,1
1000082757,Categoria C2,commodity,4578.12,2
1000082758,Categoria C1,commodity,5683.4,1
1000082758,Categoria C2,commodity,39768.1,2
1000082759,Categoria C1,commodity,3410.04,1
1000082759,Categoria C2,commodity,38656.54,2
1000082760,Categoria C1,commodity,3410.04,1
1000082760,Categoria C2,commodity,6292.56,2
1000082761,Categoria C1,commodity,3410.04,1
1000082761,Categoria C2,commodity,15539.86,2
1000082762,Categoria C1,commodity,3410.04,1
1000082762,Categoria C2,commodity,1667.34,2
1000082763,Categoria C1,commodity,2223.12,1
1000082763,Categoria C2,commodity,1086.44,2
1000082764,Categoria C1,commodity,2223.12,1
1000082764,Categoria C2,commodity,1086.44,2
1000082765,Categoria C1,commodity,2223.12,1
1000082765,Categoria C2,commodity,2935.9,2
1000082766,Categoria C1,commodity,3410.04,1
1000082766,Categoria C2,commodity,9674.34,2
1000082767,Categoria C1,commodity,1802.36,1
1000082767,Categoria C2,commodity,3548.2,2
1000082768,Categoria C1,commodity,2223.12,1
1000082768,Categoria C2,commodity,1086.44,2
1000082769,Categoria C1,commodity,2223.12,1
1000082769,Categoria C2,commodity,8484.28,2
1000082770,Categoria C1,commodity,2223.12,1
1000082770,Categoria C2,commodity,6424.44,2
1000082771,Categoria C1,commodity,2223.12,1
1000082771,Categoria C2,commodity,6424.44,2
1000082772,Categoria C1,commodity,3410.04,1
1000082772,Categoria C2,commodity,1667.34,2
1000082773,Categoria C1,commodity,1802.36,1
1000082773,Categoria C2,commodity,879.2,2
1000082774,Categoria C1,commodity,2223.12,1
1000082774,Categoria C2,commodity,1086.44,2
1000082775,Categoria C1,commodity,3410.04,1
1000082775,Categoria C2,commodity,1667.34,2
1000082776,Categoria C1,commodity,2223.12,1
1000082776,Categoria C2,commodity,12183.2,2
1000082777,Categoria C1,commodity,3410.04,1
1000082777,Categoria C2,commodity,18312.48,2
1000082779,Categoria C1,commodity,2223.12,1
1000082779,Categoria C2,commodity,1086.44,2
1000082780,Categoria C1,commodity,2223.12,1
1000082780,Categoria C2,commodity,6424.44,2
1000082781,Categoria C1,commodity,2223.12,1
1000082781,Categoria C2,commodity,1086.44,2
1000082782,Categoria C1,commodity,2223.12,1
1000082782,Categoria C2,commodity,4785.36,2
1000082783,Categoria C1,commodity,2223.12,1
1000082783,Categoria C2,commodity,1086.44,2
1000082784,Categoria C1,commodity,4546.72,1
1000082784,Categoria C2,commodity,2223.12,2
1000082785,Categoria C1,commodity,2223.12,1
1000082785,Categoria C2,commodity,6424.44,2
1000082786,Categoria C1,commodity,2223.12,1
1000082786,Categoria C2,commodity,6424.44,2
1000082787,Categoria C1,commodity,2223.12,1
1000082787,Categoria C2,commodity,1086.44,2
1000082789,Categoria C1,commodity,3410.04,1
1000082789,Categoria C2,commodity,1667.34,2
1000082792,Categoria C1,commodity,1802.36,1
1000082792,Categoria C2,commodity,879.2,2
1000082793,Categoria C1,commodity,2223.12,1
1000082793,Categoria C2,commodity,8484.28,2
1000082794,Categoria C1,commodity,2223.12,1
1000082794,Categoria C2,commodity,1086.44,2
1000082795,Categoria C1,commodity,3410.04,1
1000082795,Categoria C2,commodity,1667.34,2
1000100000,Categoria C1,commodity,2223.12,1
1000100000,Categoria C2,commodity,1086.44,2
1000100002,Categoria C1,commodity,2223.12,1
1000100002,Categoria C2,commodity,10333.74,2
1000100003,Categoria C1,commodity,2223.12,1
1000100003,Categoria C2,commodity,1086.44,2
1000100005,Categoria C1,commodity,2223.12,1
1000100005,Categoria C2,commodity,1086.44,2
1000100006,Categoria C1,commodity,2223.12,1
1000100006,Categoria C2,commodity,10333.74,2
1000100007,Categoria C1,commodity,2223.12,1
1000100007,Categoria C2,commodity,1086.44,2
1000100008,Categoria C1,commodity,1802.36,1
1000100008,Categoria C2,commodity,879.2,2
1000100010,Categoria C1,commodity,3410.04,1
1000100010,Categoria C2,commodity,9065.18,2
1000100011,Categoria C1,commodity,3410.04,1
1000100011,Categoria C2,commodity,10914.64,2
1000100015,Categoria C1,commodity,2223.12,1
1000100015,Categoria C2,commodity,1086.44,2
1000100017,Categoria C1,commodity,2223.12,1
1000100017,Categoria C2,commodity,1086.44,2
1000100018,Categoria C1,commodity,3410.04,1
1000100018,Categoria C2,commodity,1667.34,2
1000100020,Categoria C1,commodity,2223.12,1
1000100020,Categoria C2,commodity,14958.96,2
1000100021,Categoria C1,commodity,1802.36,1
1000100021,Categoria C2,commodity,879.2,2
1000100022,Categoria C1,commodity,2223.12,1
1000100022,Categoria C2,commodity,14958.96,2
1000100023,Categoria C1,commodity,2223.12,1
1000100023,Categoria C2,commodity,1086.44,2
1000100024,Categoria C1,commodity,2223.12,1
1000100024,Categoria C2,commodity,10333.74,2
1000100030,Categoria C1,commodity,2223.12,1
1000100030,Categoria C2,commodity,10333.74,2
1000100031,Categoria C1,commodity,1802.36,1
1000100031,Categoria C2,commodity,3548.2,2
1000100032,Categoria C1,commodity,3410.04,1
1000100032,Categoria C2,commodity,10914.64,2
1000100034,Categoria C1,commodity,2223.12,1
1000100034,Categoria C2,commodity,5711.66,2
1000100035,Categoria C1,commodity,1802.36,1
1000100035,Categoria C2,commodity,3654.96,2
1000100037,Categoria C1,commodity,3410.04,1
1000100037,Categoria C2,commodity,29409.24,2
1000100042,Categoria C1,commodity,4546.72,1
1000100042,Categoria C2,commodity,20717.72,2
1000100043,Categoria C1,commodity,2223.12,1
1000100043,Categoria C2,commodity,5711.66,2
1000100044,Categoria C1,commodity,2223.12,1
1000100044,Categoria C2,commodity,1086.44,2
1000100053,Categoria C1,commodity,2223.12,1
1000100053,Categoria C2,commodity,1086.44,2
1000100054,Categoria C1,commodity,2223.12,1
1000100054,Categoria C2,commodity,1086.44,2
1000100055,Categoria C1,commodity,2223.12,1
1000100055,Categoria C2,commodity,1086.44,2
1000100056,Categoria C1,commodity,2223.12,1
1000100056,Categoria C2,commodity,1086.44,2
1000100057,Categoria C1,commodity,3410.04,1
1000100057,Categoria C2,commodity,10914.64,2
1000100058,Categoria C1,commodity,2223.12,1
1000100058,Categoria C2,commodity,14958.96,2
1000100059,Categoria C1,commodity,2223.12,1
1000100059,Categoria C2,commodity,1086.44,2
1000100060,Categoria C1,commodity,2223.12,1
1000100060,Categoria C2,commodity,1086.44,2
1000100061,Categoria C1,commodity,2223.12,1
1000100061,Categoria C2,commodity,14958.96,2
1000100062,Categoria C1,commodity,2223.12,1
1000100062,Categoria C2,commodity,1086.44,2
1000100063,Categoria C1,commodity,1802.36,1
1000100063,Categoria C2,commodity,879.2,2
1000100066,Categoria C1,commodity,2223.12,1
1000100066,Categoria C2,commodity,1086.44,2
1000100067,Categoria C1,commodity,3410.04,1
1000100067,Categoria C2,commodity,22011.4,2
1000100068,Categoria C1,commodity,4546.72,1
1000100068,Categoria C2,commodity,2223.12,2
1000100069,Categoria C1,commodity,2223.12,1
1000100069,Categoria C2,commodity,1086.44,2
1000100071,Categoria C1,commodity,3410.04,1
1000100071,Categoria C2,commodity,1667.34,2
1000100072,Categoria C1,commodity,3410.04,1
1000100072,Categoria C2,commodity,1667.34,2
1000100073,Categoria C1,commodity,2223.12,1
1000100073,Categoria C2,commodity,1086.44,2
1000100074,Categoria C1,commodity,3410.04,1
1000100074,Categoria C2,commodity,1667.34,2
1000100075,Categoria C1,commodity,4546.72,1
1000100075,Categoria C2,commodity,2223.12,2
1000100076,Categoria C1,commodity,3410.04,1
1000100076,Categoria C2,commodity,13225.68,2
1000100077,Categoria C1,commodity,1802.36,1
1000100077,Categoria C2,commodity,879.2,2
1000100078,Categoria C1,commodity,3410.04,1
1000100078,Categoria C2,commodity,1667.34,2
1000100079,Categoria C1,commodity,1802.36,1
1000100079,Categoria C2,commodity,879.2,2
1000100084,Categoria C1,commodity,3410.04,1
1000100084,Categoria C2,commodity,1667.34,2
1000100085,Categoria C1,commodity,2223.12,1
1000100085,Categoria C2,commodity,1086.44,2
1000100086,Categoria C1,commodity,3410.04,1
1000100086,Categoria C2,commodity,1667.34,2
1000100087,Categoria C1,commodity,3410.04,1
1000100087,Categoria C2,commodity,15539.86,2
1000100088,Categoria C1,commodity,2223.12,1
1000100088,Categoria C2,commodity,1086.44,2
1000100089,Categoria C1,commodity,4546.72,1
1000100089,Categoria C2,commodity,2223.12,2
1000100090,Categoria C1,commodity,2223.12,1
1000100090,Categoria C2,commodity,1086.44,2
1000100091,Categoria C1,commodity,3410.04,1
1000100091,Categoria C2,commodity,1667.34,2
1000100096,Categoria C1,commodity,1802.36,1
1000100096,Categoria C2,commodity,879.2,2
1000100100,Categoria C1,commodity,2223.12,1
1000100100,Categoria C2,commodity,1086.44,2
1000100102,Categoria C1,commodity,2223.12,1
1000100102,Categoria C2,commodity,1086.44,2
1000100103,Categoria C1,commodity,2223.12,1
1000100103,Categoria C2,commodity,1086.44,2
1000100104,Categoria C1,commodity,3410.04,1
1000100104,Categoria C2,commodity,1667.34,2
1000100107,Categoria C1,commodity,5683.4,1
1000100107,Categoria C2,commodity,2778.9,2
1000100110,Categoria C1,commodity,3410.04,1
1000100110,Categoria C2,commodity,1667.34,2
1000100112,Categoria C1,commodity,2223.12,1
1000100112,Categoria C2,commodity,1086.44,2
1000100114,Categoria C1,commodity,3410.04,1
1000100114,Categoria C2,commodity,1667.34,2
1000100115,Categoria C1,commodity,3410.04,1
1000100115,Categoria C2,commodity,1667.34,2
1000100116,Categoria C1,commodity,4546.72,1
1000100116,Categoria C2,commodity,2223.12,2
1000100120,Categoria C1,commodity,2223.12,1
1000100120,Categoria C2,commodity,1086.44,2
1000100122,Categoria C1,commodity,3410.04,1
1000100122,Categoria C2,commodity,1667.34,2
1000100123,Categoria C1,commodity,2223.12,1
1000100123,Categoria C2,commodity,1086.44,2
1000100125,Categoria C1,commodity,17050.2,1
1000100125,Categoria C2,commodity,8336.7,2
1000100128,Categoria C1,commodity,4546.72,1
1000100128,Categoria C2,commodity,2223.12,2
1000100129,Categoria C1,commodity,2223.12,1
1000100129,Categoria C2,commodity,8484.28,2
1000100130,Categoria C1,commodity,2223.12,1
1000100130,Categoria C2,commodity,1086.44,2
1000100131,Categoria C1,commodity,2223.12,1
1000100131,Categoria C2,commodity,1086.44,2
1000100137,Categoria C1,commodity,4546.72,1
1000100137,Categoria C2,commodity,2223.12,2
1000100138,Categoria C1,commodity,2223.12,1
1000100138,Categoria C2,commodity,1086.44,2
1000100139,Categoria C1,commodity,2223.12,1
1000100139,Categoria C2,commodity,1086.44,2
1000100140,Categoria C1,commodity,2223.12,1
1000100140,Categoria C2,commodity,1086.44,2
1000100141,Categoria C1,commodity,5683.4,1
1000100141,Categoria C2,commodity,2778.9,2
1000100142,Categoria C1,commodity,2223.12,1
1000100142,Categoria C2,commodity,1086.44,2
1000100143,Categoria C1,commodity,1802.36,1
1000100143,Categoria C2,commodity,879.2,2
1000100144,Categoria C1,commodity,2223.12,1
1000100144,Categoria C2,commodity,1086.44,2
1000100145,Categoria C1,commodity,3410.04,1
1000100145,Categoria C2,commodity,1667.34,2
1000100146,Categoria C1,commodity,2223.12,1
1000100146,Categoria C2,commodity,1086.44,2
1000100149,Categoria C1,commodity,4546.72,1
1000100149,Categoria C2,commodity,2223.12,2
1000100150,Categoria C1,commodity,3410.04,1
1000100150,Categoria C2,commodity,1667.34,2
1000100152,Categoria C1,commodity,2223.12,1
1000100152,Categoria C2,commodity,1086.44,2
1000100154,Categoria C1,commodity,2223.12,1
1000100154,Categoria C2,commodity,1086.44,2
1000100155,Categoria C1,commodity,2223.12,1
1000100155,Categoria C2,commodity,1086.44,2
1000100156,Categoria C1,commodity,2223.12,1
1000100156,Categoria C2,commodity,1086.44,2
1000100157,Categoria C1,commodity,2223.12,1
1000100157,Categoria C2,commodity,1086.44,2
1000100158,Categoria C1,commodity,2223.12,1
1000100158,Categoria C2,commodity,6634.82,2
1000100159,Categoria C1,commodity,2223.12,1
1000100159,Categoria C2,commodity,1086.44,2
1000100160,Categoria C1,commodity,4546.72,1
1000100160,Categoria C2,commodity,2223.12,2
1000100161,Categoria C1,commodity,4546.72,1
1000100161,Categoria C2,commodity,2223.12,2
1000100162,Categoria C1,commodity,1802.36,1
1000100162,Categoria C2,commodity,879.2,2
1000100163,Categoria C1,commodity,2223.12,1
1000100163,Categoria C2,commodity,1086.44,2
1000100165,Categoria C1,commodity,2223.12,1
1000100165,Categoria C2,commodity,1086.44,2
1000100166,Categoria C1,commodity,2223.12,1
1000100166,Categoria C2,commodity,1086.44,2
1000100167,Categoria C1,commodity,2223.12,1
1000100167,Categoria C2,commodity,1086.44,2
1000100168,Categoria C1,commodity,1802.36,1
1000100168,Categoria C2,commodity,4578.12,2
1000100169,Categoria C1,commodity,3410.04,1
1000100169,Categoria C2,commodity,1667.34,2
1000100170,Categoria C1,commodity,4546.72,1
1000100170,Categoria C2,commodity,2223.12,2
1000100171,Categoria C1,commodity,3410.04,1
1000100171,Categoria C2,commodity,1667.34,2
1000100172,Categoria C1,commodity,3410.04,1
1000100172,Categoria C2,commodity,1667.34,2
1000100173,Categoria C1,commodity,2223.12,1
1000100173,Categoria C2,commodity,1086.44,2
1000100174,Categoria C1,commodity,3410.04,1
1000100174,Categoria C2,commodity,1667.34,2
1000100175,Categoria C1,commodity,4546.72,1
1000100175,Categoria C2,commodity,2223.12,2
1000100176,Categoria C1,commodity,2223.12,1
1000100176,Categoria C2,commodity,1086.44,2
1000100177,Categoria C1,commodity,1802.36,1
1000100177,Categoria C2,commodity,879.2,2
1000100178,Categoria C1,commodity,3410.04,1
1000100178,Categoria C2,commodity,1667.34,2
1000100179,Categoria C1,commodity,2223.12,1
1000100179,Categoria C2,commodity,2474.32,2
1000100180,Categoria C1,commodity,3410.04,1
1000100180,Categoria C2,commodity,1667.34,2
1000100181,Categoria C1,commodity,2223.12,1
1000100181,Categoria C2,commodity,1086.44,2
1000100182,Categoria C1,commodity,1802.36,1
1000100182,Categoria C2,commodity,879.2,2
1000100184,Categoria C1,commodity,1802.36,1
1000100184,Categoria C2,commodity,879.2,2
1000100185,Categoria C1,commodity,1802.36,1
1000100185,Categoria C2,commodity,879.2,2
1000100186,Categoria C1,commodity,1802.36,1
1000100186,Categoria C2,commodity,879.2,2
1000100187,Categoria C1,commodity,2223.12,1
1000100187,Categoria C2,commodity,1086.44,2
1000100188,Categoria C1,commodity,4546.72,1
1000100188,Categoria C2,commodity,2223.12,2
1000100189,Categoria C1,commodity,4546.72,1
1000100189,Categoria C2,commodity,2223.12,2
1000100190,Categoria C1,commodity,3410.04,1
1000100190,Categoria C2,commodity,1667.34,2
1000100191,Categoria C1,commodity,2223.12,1
1000100191,Categoria C2,commodity,1086.44,2
1000100192,Categoria C1,commodity,2223.12,1
1000100192,Categoria C2,commodity,1086.44,2
1000100193,Categoria C1,commodity,3410.04,1
1000100193,Categoria C2,commodity,1667.34,2
1000100196,Categoria C1,commodity,3410.04,1
1000100196,Categoria C2,commodity,1667.34,2
1000100197,Categoria C1,commodity,2223.12,1
1000100197,Categoria C2,commodity,1086.44,2
1000100198,Categoria C1,commodity,2223.12,1
1000100198,Categoria C2,commodity,1086.44,2
1000100200,Categoria C1,commodity,3410.04,1
1000100200,Categoria C2,commodity,1667.34,2
1000100201,Categoria C1,commodity,3410.04,1
1000100201,Categoria C2,commodity,1667.34,2
1000100202,Categoria C1,commodity,2223.12,1
1000100202,Categoria C2,commodity,1086.44,2
1000100203,Categoria C1,commodity,2223.12,1
1000100203,Categoria C2,commodity,1086.44,2
1000100204,Categoria C1,commodity,2223.12,1
1000100204,Categoria C2,commodity,1086.44,2
1000100206,Categoria C1,commodity,2223.12,1
1000100206,Categoria C2,commodity,1086.44,2
1000100207,Categoria C1,commodity,2223.12,1
1000100207,Categoria C2,commodity,1086.44,2
1000100210,Categoria C1,commodity,1802.36,1
1000100210,Categoria C2,commodity,879.2,2
1000100211,Categoria C1,commodity,3410.04,1
1000100211,Categoria C2,commodity,1667.34,2
1000100212,Categoria C1,commodity,2223.12,1
1000100212,Categoria C2,commodity,1086.44,2
1000100213,Categoria C1,commodity,4546.72,1
1000100213,Categoria C2,commodity,2223.12,2
1000100215,Categoria C1,commodity,4546.72,1
1000100215,Categoria C2,commodity,2223.12,2
1000100217,Categoria C1,commodity,0.0,1
1000100217,Categoria C2,commodity,0.0,2
1000100218,Categoria C1,commodity,2223.12,1
1000100218,Categoria C2,commodity,1086.44,2
1000100220,Categoria C1,commodity,3410.04,1
1000100220,Categoria C2,commodity,1667.34,2
1000100221,Categoria C1,commodity,3410.04,1
1000100221,Categoria C2,commodity,1667.34,2
1000100222,Categoria C1,commodity,3410.04,1
1000100222,Categoria C2,commodity,1667.34,2
1000100223,Categoria C1,commodity,1802.36,1
1000100223,Categoria C2,commodity,879.2,2
1000100224,Categoria C1,commodity,4546.72,1
1000100224,Categoria C2,commodity,2223.12,2
1000100225,Categoria C1,commodity,2223.12,1
1000100225,Categoria C2,commodity,1086.44,2
1000100227,Categoria C1,commodity,4546.72,1
1000100227,Categoria C2,commodity,2223.12,2
1000100229,Categoria C1,commodity,2223.12,1
1000100229,Categoria C2,commodity,1086.44,2
1000100230,Categoria C1,commodity,2223.12,1
1000100230,Categoria C2,commodity,1086.44,2
1000100231,Categoria C1,commodity,1802.36,1
1000100231,Categoria C2,commodity,879.2,2
1000100232,Categoria C1,commodity,6820.08,1
1000100232,Categoria C2,commodity,3334.68,2
1000100234,Categoria C1,commodity,2223.12,1
1000100234,Categoria C2,commodity,1086.44,2
1000100235,Categoria C1,commodity,1802.36,1
1000100235,Categoria C2,commodity,879.2,2
1000100236,Categoria C1,commodity,2223.12,1
1000100236,Categoria C2,commodity,1086.44,2
1000100237,Categoria C1,commodity,1802.36,1
1000100237,Categoria C2,commodity,879.2,2
1000100239,Categoria C1,commodity,2223.12,1
1000100239,Categoria C2,commodity,1086.44,2
1000100240,Categoria C1,commodity,3410.04,1
1000100240,Categoria C2,commodity,1667.34,2
1000100243,Categoria C1,commodity,3410.04,1
1000100243,Categoria C2,commodity,1667.34,2
1000100244,Categoria C1,commodity,3410.04,1
1000100244,Categoria C2,commodity,1667.34,2
1000100245,Categoria C1,commodity,2223.12,1
1000100245,Categoria C2,commodity,10333.74,2
1000100246,Categoria C1,commodity,2223.12,1
1000100246,Categoria C2,commodity,1086.44,2
1000100247,Categoria C1,commodity,2223.12,1
1000100247,Categoria C2,commodity,1086.44,2
1000100249,Categoria C1,commodity,2223.12,1
1000100249,Categoria C2,commodity,1086.44,2
1000100250,Categoria C1,commodity,2223.12,1
1000100250,Categoria C2,commodity,1086.44,2
1000100251,Categoria C1,commodity,3410.04,1
1000100251,Categoria C2,commodity,1667.34,2
1000100252,Categoria C1,commodity,1802.36,1
1000100252,Categoria C2,commodity,879.2,2
1000100253,Categoria C1,commodity,3410.04,1
1000100253,Categoria C2,commodity,1667.34,2
1000100254,Categoria C1,commodity,3410.04,1
1000100254,Categoria C2,commodity,1667.34,2
1000100255,Categoria C1,commodity,4546.72,1
1000100255,Categoria C2,commodity,2223.12,2
1000100256,Categoria C1,commodity,2223.12,1
1000100256,Categoria C2,commodity,1086.44,2
1000100258,Categoria C1,commodity,2223.12,1
1000100258,Categoria C2,commodity,1086.44,2
1000100260,Categoria C1,commodity,4546.72,1
1000100260,Categoria C2,commodity,2223.12,2
1000100262,Categoria C1,commodity,4546.72,1
1000100262,Categoria C2,commodity,2223.12,2
1000100263,Categoria C1,commodity,3410.04,1
1000100263,Categoria C2,commodity,1667.34,2
1000100265,Categoria C1,commodity,3410.04,1
1000100265,Categoria C2,commodity,1667.34,2
1000100267,Categoria C1,commodity,1802.36,1
1000100267,Categoria C2,commodity,879.2,2
1000100268,Categoria C1,commodity,2223.12,1
1000100268,Categoria C2,commodity,1086.44,2
1000100269,Categoria C1,commodity,1802.36,1
1000100269,Categoria C2,commodity,879.2,2
1000100273,Categoria C1,commodity,4546.72,1
1000100273,Categoria C2,commodity,2223.12,2
1000100274,Categoria C1,commodity,2223.12,1
1000100274,Categoria C2,commodity,1086.44,2
1000100276,Categoria C1,commodity,3410.04,1
1000100276,Categoria C2,commodity,1667.34,2
1000100277,Categoria C1,commodity,3410.04,1
1000100277,Categoria C2,commodity,1667.34,2
1000100278,Categoria C1,commodity,4546.72,1
1000100278,Categoria C2,commodity,2223.12,2
1000100279,Categoria C1,commodity,3410.04,1
1000100279,Categoria C2,commodity,1667.34,2
1000100281,Categoria C1,commodity,3410.04,1
1000100281,Categoria C2,commodity,1667.34,2
1000100282,Categoria C1,commodity,3410.04,1
1000100282,Categoria C2,commodity,1667.34,2
1000100283,Categoria C1,commodity,3410.04,1
1000100283,Categoria C2,commodity,1667.34,2
1000100284,Categoria C1,commodity,3410.04,1
1000100284,Categoria C2,commodity,1667.34,2
1000100285,Categoria C1,commodity,1802.36,1
1000100285,Categoria C2,commodity,879.2,2
1000100286,Categoria C1,commodity,2223.12,1
1000100286,Categoria C2,commodity,1086.44,2
1000100287,Categoria C1,commodity,3410.04,1
1000100287,Categoria C2,commodity,1667.34,2
1000100288,Categoria C1,commodity,2223.12,1
1000100288,Categoria C2,commodity,1086.44,2
1000100289,Categoria C1,commodity,2223.12,1
1000100289,Categoria C2,commodity,1086.44,2
1000100290,Categoria C1,commodity,3410.04,1
1000100290,Categoria C2,commodity,1667.34,2
1000100291,Categoria C1,commodity,2223.12,1
1000100291,Categoria C2,commodity,1086.44,2
1000100292,Categoria C1,commodity,2223.12,1
1000100292,Categoria C2,commodity,1086.44,2
1000100294,Categoria C1,commodity,1802.36,1
1000100294,Categoria C2,commodity,879.2,2
1000100296,Categoria C1,commodity,3410.04,1
1000100296,Categoria C2,commodity,1667.34,2
1000100297,Categoria C1,commodity,3410.04,1
1000100297,Categoria C2,commodity,1667.34,2
1000100298,Categoria C1,commodity,4546.72,1
1000100298,Categoria C2,commodity,2223.12,2
1000100299,Categoria C1,commodity,3410.04,1
1000100299,Categoria C2,commodity,1667.34,2
1000100301,Categoria C1,commodity,3410.04,1
1000100301,Categoria C2,commodity,1667.34,2
1000100302,Categoria C1,commodity,1802.36,1
1000100302,Categoria C2,commodity,879.2,2
1000100303,Categoria C1,commodity,2223.12,1
1000100303,Categoria C2,commodity,1086.44,2
1000100304,Categoria C1,commodity,2223.12,1
1000100304,Categoria C2,commodity,1086.44,2
1000100305,Categoria C1,commodity,3410.04,1
1000100305,Categoria C2,commodity,1667.34,2
1000100306,Categoria C1,commodity,3410.04,1
1000100306,Categoria C2,commodity,1667.34,2
1000100310,Categoria C1,commodity,3410.04,1
1000100310,Categoria C2,commodity,1667.34,2
1000100313,Categoria C1,commodity,2223.12,1
1000100313,Categoria C2,commodity,1086.44,2
1000100314,Categoria C1,commodity,3410.04,1
1000100314,Categoria C2,commodity,1667.34,2
1000100315,Categoria C1,commodity,2223.12,1
1000100315,Categoria C2,commodity,1086.44,2
1000100316,Categoria C1,commodity,2223.12,1
1000100316,Categoria C2,commodity,1086.44,2
1000100317,Categoria C1,commodity,3410.04,1
1000100317,Categoria C2,commodity,1667.34,2
1000100320,Categoria C1,commodity,3410.04,1
1000100320,Categoria C2,commodity,1667.34,2
1000100321,Categoria C1,commodity,2223.12,1
1000100321,Categoria C2,commodity,1086.44,2
1000100322,Categoria C1,commodity,2223.12,1
1000100322,Categoria C2,commodity,1086.44,2
1000100323,Categoria C1,commodity,2223.12,1
1000100323,Categoria C2,commodity,1086.44,2
1000100324,Categoria C1,commodity,2223.12,1
1000100324,Categoria C2,commodity,1086.44,2
1000100326,Categoria C1,commodity,1802.36,1
1000100326,Categoria C2,commodity,879.2,2
1000100327,Categoria C1,commodity,3410.04,1
1000100327,Categoria C2,commodity,1667.34,2
1000100329,Categoria C1,commodity,2223.12,1
1000100329,Categoria C2,commodity,1086.44,2
1000100330,Categoria C1,commodity,2223.12,1
1000100330,Categoria C2,commodity,1086.44,2
1000100331,Categoria C1,commodity,2223.12,1
1000100331,Categoria C2,commodity,1086.44,2
1000100332,Categoria C1,commodity,1802.36,1
1000100332,Categoria C2,commodity,879.2,2
1000100334,Categoria C1,commodity,1802.36,1
1000100334,Categoria C2,commodity,879.2,2
1000100335,Categoria C1,commodity,2223.12,1
1000100335,Categoria C2,commodity,1086.44,2
1000100337,Categoria C1,commodity,3410.04,1
1000100337,Categoria C2,commodity,1667.34,2
1000100338,Categoria C1,commodity,2223.12,1
1000100338,Categoria C2,commodity,1086.44,2
1000100339,Categoria C1,commodity,2223.12,1
1000100339,Categoria C2,commodity,1086.44,2
1000100340,Categoria C1,commodity,2223.12,1
1000100340,Categoria C2,commodity,1086.44,2
1000100342,Categoria C1,commodity,1802.36,1
1000100342,Categoria C2,commodity,879.2,2
1000100351,Categoria C1,commodity,3410.04,1
1000100351,Categoria C2,commodity,1667.34,2
1000100352,Categoria C1,commodity,2223.12,1
1000100352,Categoria C2,commodity,1086.44,2
1000100355,Categoria C1,commodity,3410.04,1
1000100355,Categoria C2,commodity,1667.34,2
1000100357,Categoria C1,commodity,1802.36,1
1000100357,Categoria C2,commodity,879.2,2
1000100361,Categoria C1,commodity,2223.12,1
1000100361,Categoria C2,commodity,1086.44,2
1000100365,Categoria C1,commodity,2223.12,1
1000100365,Categoria C2,commodity,1086.44,2
1000100366,Categoria C1,commodity,3410.04,1
1000100366,Categoria C2,commodity,1667.34,2
1000100370,Categoria C1,commodity,2223.12,1
1000100370,Categoria C2,commodity,1086.44,2
1000100371,Categoria C1,commodity,3410.04,1
1000100371,Categoria C2,commodity,1667.34,2
1000100373,Categoria C1,commodity,3410.04,1
1000100373,Categoria C2,commodity,1667.34,2
1000100374,Categoria C1,commodity,1802.36,1
1000100374,Categoria C2,commodity,879.2,2
1000100375,Categoria C1,commodity,3410.04,1
1000100375,Categoria C2,commodity,1667.34,2
1000100378,Categoria C1,commodity,2223.12,1
1000100378,Categoria C2,commodity,1086.44,2
1000100379,Categoria C1,commodity,2223.12,1
1000100379,Categoria C2,commodity,1086.44,2
1000100380,Categoria C1,commodity,2223.12,1
1000100380,Categoria C2,commodity,1086.44,2
1000100381,Categoria C1,commodity,4546.72,1
1000100381,Categoria C2,commodity,2223.12,2
1000100382,Categoria C1,commodity,2223.12,1
1000100382,Categoria C2,commodity,1086.44,2
1000100383,Categoria C1,commodity,0.0,1
1000100383,Categoria C2,commodity,0.0,2
1000100384,Categoria C1,commodity,2223.12,1
1000100384,Categoria C2,commodity,1086.44,2
1000100385,Categoria C1,commodity,2223.12,1
1000100385,Categoria C2,commodity,1086.44,2
1000100386,Categoria C1,commodity,3410.04,1
1000100386,Categoria C2,commodity,1667.34,2
1000100387,Categoria C1,commodity,3410.04,1
1000100387,Categoria C2,commodity,1667.34,2
1000100388,Categoria C1,commodity,3410.04,1
1000100388,Categoria C2,commodity,1667.34,2
1000100389,Categoria C1,commodity,2223.12,1
1000100389,Categoria C2,commodity,1086.44,2
1000100390,Categoria C1,commodity,3410.04,1
1000100390,Categoria C2,commodity,1667.34,2
1000100391,Categoria C1,commodity,3410.04,1
1000100391,Categoria C2,commodity,1667.34,2
1000100393,Categoria C1,commodity,4546.72,1
1000100393,Categoria C2,commodity,2223.12,2
1000100396,Categoria C1,commodity,1802.36,1
1000100396,Categoria C2,commodity,879.2,2
1000100397,Categoria C1,commodity,1802.36,1
1000100397,Categoria C2,commodity,879.2,2
1000100398,Categoria C1,commodity,2223.12,1
1000100398,Categoria C2,commodity,1086.44,2
1000100399,Categoria C1,commodity,1802.36,1
1000100399,Categoria C2,commodity,879.2,2
1000100400,Categoria C1,commodity,3410.04,1
1000100400,Categoria C2,commodity,1667.34,2
1000100401,Categoria C1,commodity,3410.04,1
1000100401,Categoria C2,commodity,1667.34,2
1000100403,Categoria C1,commodity,2223.12,1
1000100403,Categoria C2,commodity,1086.44,2
1000100404,Categoria C1,commodity,3410.04,1
1000100404,Categoria C2,commodity,1667.34,2
1000100405,Categoria C1,commodity,2223.12,1
1000100405,Categoria C2,commodity,1086.44,2
1000100406,Categoria C1,commodity,1802.36,1
1000100406,Categoria C2,commodity,879.2,2
1000100407,Categoria C1,commodity,2223.12,1
1000100407,Categoria C2,commodity,1086.44,2
1000100408,Categoria C1,commodity,2223.12,1
1000100408,Categoria C2,commodity,1086.44,2
1000100410,Categoria C1,commodity,2223.12,1
1000100410,Categoria C2,commodity,1086.44,2
1000100411,Categoria C1,commodity,3410.04,1
1000100411,Categoria C2,commodity,1667.34,2
1000100416,Categoria C1,commodity,2223.12,1
1000100416,Categoria C2,commodity,1086.44,2
1000100417,Categoria C1,commodity,3410.04,1
1000100417,Categoria C2,commodity,1667.34,2
1000100418,Categoria C1,commodity,2223.12,1
1000100418,Categoria C2,commodity,1086.44,2
1000100419,Categoria C1,commodity,2223.12,1
1000100419,Categoria C2,commodity,1086.44,2
1000100420,Categoria C1,commodity,2223.12,1
1000100420,Categoria C2,commodity,1086.44,2
1000100421,Categoria C1,commodity,1802.36,1
1000100421,Categoria C2,commodity,879.2,2
1000100422,Categoria C1,commodity,2223.12,1
1000100422,Categoria C2,commodity,1086.44,2
1000100423,Categoria C1,commodity,2223.12,1
1000100423,Categoria C2,commodity,1086.44,2
1000100424,Categoria C1,commodity,2223.12,1
1000100424,Categoria C2,commodity,1086.44,2
1000100425,Categoria C1,commodity,3410.04,1
1000100425,Categoria C2,commodity,1667.34,2
1000100426,Categoria C1,commodity,0.0,1
1000100426,Categoria C2,commodity,0.0,2
1000100427,Categoria C1,commodity,2223.12,1
1000100427,Categoria C2,commodity,1086.44,2
1000100428,Categoria C1,commodity,3410.04,1
1000100428,Categoria C2,commodity,1667.34,2
1000100429,Categoria C1,commodity,2223.12,1
1000100429,Categoria C2,commodity,1086.44,2
1000100431,Categoria C1,commodity,2223.12,1
1000100431,Categoria C2,commodity,1086.44,2
1000100432,Categoria C1,commodity,1802.36,1
1000100432,Categoria C2,commodity,879.2,2
1000100433,Categoria C1,commodity,3410.04,1
1000100433,Categoria C2,commodity,1667.34,2
1000100438,Categoria C1,commodity,3410.04,1
1000100438,Categoria C2,commodity,1667.34,2
1000100439,Categoria C1,commodity,3410.04,1
1000100439,Categoria C2,commodity,1667.34,2
1000100440,Categoria C1,commodity,1802.36,1
1000100440,Categoria C2,commodity,879.2,2
1000100441,Categoria C1,commodity,2223.12,1
1000100441,Categoria C2,commodity,1086.44,2
1000100443,Categoria C1,commodity,2223.12,1
1000100443,Categoria C2,commodity,1086.44,2
1000100444,Categoria C1,commodity,1802.36,1
1000100444,Categoria C2,commodity,879.2,2
1000100445,Categoria C1,commodity,2223.12,1
1000100445,Categoria C2,commodity,1086.44,2
1000100446,Categoria C1,commodity,4546.72,1
1000100446,Categoria C2,commodity,2223.12,2
1000100447,Categoria C1,commodity,2223.12,1
1000100447,Categoria C2,commodity,1086.44,2
1000100448,Categoria C1,commodity,2223.12,1
1000100448,Categoria C2,commodity,1086.44,2
1000100449,Categoria C1,commodity,3410.04,1
1000100449,Categoria C2,commodity,1667.34,2
1000100453,Categoria C1,commodity,3410.04,1
1000100453,Categoria C2,commodity,1667.34,2
1000100455,Categoria C1,commodity,3410.04,1
1000100455,Categoria C2,commodity,1667.34,2
1000100456,Categoria C1,commodity,2223.12,1
1000100456,Categoria C2,commodity,1086.44,2
1000100458,Categoria C1,commodity,3410.04,1
1000100458,Categoria C2,commodity,1667.34,2
1000100460,Categoria C1,commodity,5683.4,1
1000100460,Categoria C2,commodity,2778.9,2
1000100461,Categoria C1,commodity,1802.36,1
1000100461,Categoria C2,commodity,879.2,2
1000100463,Categoria C1,commodity,2223.12,1
1000100463,Categoria C2,commodity,1086.44,2
1000100465,Categoria C1,commodity,3410.04,1
1000100465,Categoria C2,commodity,1667.34,2
1000100466,Categoria C1,commodity,2223.12,1
1000100466,Categoria C2,commodity,1086.44,2
1000100467,Categoria C1,commodity,4546.72,1
1000100467,Categoria C2,commodity,2223.12,2
1000100468,Categoria C1,commodity,3410.04,1
1000100468,Categoria C2,commodity,1667.34,2
1000100471,Categoria C1,commodity,2223.12,1
1000100471,Categoria C2,commodity,1086.44,2
1000100474,Categoria C1,commodity,3410.04,1
1000100474,Categoria C2,commodity,1667.34,2
1000100478,Categoria C1,commodity,1802.36,1
1000100478,Categoria C2,commodity,879.2,2
1000100479,Categoria C1,commodity,2223.12,1
1000100479,Categoria C2,commodity,1086.44,2
1000100481,Categoria C1,commodity,2223.12,1
1000100481,Categoria C2,commodity,1086.44,2
1000100482,Categoria C1,commodity,2223.12,1
1000100482,Categoria C2,commodity,1086.44,2
1000100483,Categoria C1,commodity,3410.04,1
1000100483,Categoria C2,commodity,1667.34,2
1000100484,Categoria C1,commodity,2223.12,1
1000100484,Categoria C2,commodity,1086.44,2
1000100485,Categoria C1,commodity,2223.12,1
1000100485,Categoria C2,commodity,1086.44,2
1000100486,Categoria C1,commodity,2223.12,1
1000100486,Categoria C2,commodity,1086.44,2
1000100488,Categoria C1,commodity,1802.36,1
1000100488,Categoria C2,commodity,879.2,2
1000100491,Categoria C1,commodity,1802.36,1
1000100491,Categoria C2,commodity,879.2,2
1000100492,Categoria C1,commodity,1802.36,1
1000100492,Categoria C2,commodity,879.2,2
1000100493,Categoria C1,commodity,2223.12,1
1000100493,Categoria C2,commodity,1086.44,2
1000100494,Categoria C1,commodity,2223.12,1
1000100494,Categoria C2,commodity,1086.44,2
1000100495,Categoria C1,commodity,3410.04,1
1000100495,Categoria C2,commodity,1667.34,2
1000100497,Categoria C1,commodity,2223.12,1
1000100497,Categoria C2,commodity,1086.44,2
1000100498,Categoria C1,commodity,2223.12,1
1000100498,Categoria C2,commodity,1086.44,2
1000100499,Categoria C1,commodity,3410.04,1
1000100499,Categoria C2,commodity,1667.34,2
1000100500,Categoria C1,commodity,2223.12,1
1000100500,Categoria C2,commodity,1086.44,2
1000100502,Categoria C1,commodity,3410.04,1
1000100502,Categoria C2,commodity,1667.34,2
1000100503,Categoria C1,commodity,1802.36,1
1000100503,Categoria C2,commodity,879.2,2
1000100504,Categoria C1,commodity,1802.36,1
1000100504,Categoria C2,commodity,879.2,2
1000100505,Categoria C1,commodity,1802.36,1
1000100505,Categoria C2,commodity,879.2,2
1000100506,Categoria C1,commodity,3410.04,1
1000100506,Categoria C2,commodity,1667.34,2
1000100507,Categoria C1,commodity,3410.04,1
1000100507,Categoria C2,commodity,1667.34,2
1000100508,Categoria C1,commodity,2223.12,1
1000100508,Categoria C2,commodity,1086.44,2
1000100509,Categoria C1,commodity,4546.72,1
1000100509,Categoria C2,commodity,2223.12,2
1000100510,Categoria C1,commodity,1802.36,1
1000100510,Categoria C2,commodity,879.2,2
1000100511,Categoria C1,commodity,0.0,1
1000100511,Categoria C2,commodity,0.0,2
1000100512,Categoria C1,commodity,3410.04,1
1000100512,Categoria C2,commodity,1667.34,2
1000100513,Categoria C1,commodity,4546.72,1
1000100513,Categoria C2,commodity,2223.12,2
1000100515,Categoria C1,commodity,2223.12,1
1000100515,Categoria C2,commodity,1086.44,2
1000100516,Categoria C1,commodity,2223.12,1
1000100516,Categoria C2,commodity,1086.44,2
1000100517,Categoria C1,commodity,1802.36,1
1000100517,Categoria C2,commodity,879.2,2
1000100518,Categoria C1,commodity,2223.12,1
1000100518,Categoria C2,commodity,1086.44,2
1000100519,Categoria C1,commodity,2223.12,1
1000100519,Categoria C2,commodity,1086.44,2
1000100520,Categoria C1,commodity,4546.72,1
1000100520,Categoria C2,commodity,2223.12,2
1000100521,Categoria C1,commodity,1802.36,1
1000100521,Categoria C2,commodity,879.2,2
1000100522,Categoria C1,commodity,3410.04,1
1000100522,Categoria C2,commodity,1667.34,2
1000100524,Categoria C1,commodity,3410.04,1
1000100524,Categoria C2,commodity,1667.34,2
1000100525,Categoria C1,commodity,2223.12,1
1000100525,Categoria C2,commodity,1086.44,2
1000100526,Categoria C1,commodity,1802.36,1
1000100526,Categoria C2,commodity,879.2,2
1000100528,Categoria C1,commodity,3410.04,1
1000100528,Categoria C2,commodity,1667.34,2
1000100529,Categoria C1,commodity,2223.12,1
1000100529,Categoria C2,commodity,1086.44,2
1000100531,Categoria C1,commodity,2223.12,1
1000100531,Categoria C2,commodity,1086.44,2
1000100534,Categoria C1,commodity,2223.12,1
1000100534,Categoria C2,commodity,1086.44,2
1000100535,Categoria C1,commodity,2223.12,1
1000100535,Categoria C2,commodity,1086.44,2
1000100537,Categoria C1,commodity,1802.36,1
1000100537,Categoria C2,commodity,879.2,2
1000100538,Categoria C1,commodity,3410.04,1
1000100538,Categoria C2,commodity,1667.34,2
1000100540,Categoria C1,commodity,5683.4,1
1000100540,Categoria C2,commodity,2778.9,2
1000100541,Categoria C1,commodity,2223.12,1
1000100541,Categoria C2,commodity,1086.44,2
1000100542,Categoria C1,commodity,3410.04,1
1000100542,Categoria C2,commodity,1667.34,2
1000100543,Categoria C1,commodity,2223.12,1
1000100543,Categoria C2,commodity,1086.44,2
1000100544,Categoria C1,commodity,3410.04,1
1000100544,Categoria C2,commodity,1667.34,2
1000100545,Categoria C1,commodity,2223.12,1
1000100545,Categoria C2,commodity,1086.44,2
1000100546,Categoria C1,commodity,3410.04,1
1000100546,Categoria C2,commodity,1667.34,2
1000100553,Categoria C1,commodity,3410.04,1
1000100553,Categoria C2,commodity,1667.34,2
1000100554,Categoria C1,commodity,2223.12,1
1000100554,Categoria C2,commodity,1086.44,2
1000100555,Categoria C1,commodity,2223.12,1
1000100555,Categoria C2,commodity,1086.44,2
1000100556,Categoria C1,commodity,3410.04,1
1000100556,Categoria C2,commodity,1667.34,2
1000100557,Categoria C1,commodity,2223.12,1
1000100557,Categoria C2,commodity,1086.44,2
1000100558,Categoria C1,commodity,1802.36,1
1000100558,Categoria C2,commodity,879.2,2
1000100559,Categoria C1,commodity,2223.12,1
1000100559,Categoria C2,commodity,1086.44,2
1000100560,Categoria C1,commodity,3410.04,1
1000100560,Categoria C2,commodity,1667.34,2
1000100561,Categoria C1,commodity,3410.04,1
1000100561,Categoria C2,commodity,1667.34,2
1000100562,Categoria C1,commodity,2223.12,1
1000100562,Categoria C2,commodity,1086.44,2
1000100563,Categoria C1,commodity,3410.04,1
1000100563,Categoria C2,commodity,1667.34,2
1000100564,Categoria C1,commodity,4546.72,1
1000100564,Categoria C2,commodity,2223.12,2
1000100565,Categoria C1,commodity,1802.36,1
1000100565,Categoria C2,commodity,879.2,2
1000100566,Categoria C1,commodity,3410.04,1
1000100566,Categoria C2,commodity,1667.34,2
1000100567,Categoria C1,commodity,2223.12,1
1000100567,Categoria C2,commodity,1086.44,2
1000100568,Categoria C1,commodity,3410.04,1
1000100568,Categoria C2,commodity,1667.34,2
1000100570,Categoria C1,commodity,2223.12,1
1000100570,Categoria C2,commodity,1086.44,2
1000100571,Categoria C1,commodity,2223.12,1
1000100571,Categoria C2,commodity,1086.44,2
1000100572,Categoria C1,commodity,3410.04,1
1000100572,Categoria C2,commodity,1667.34,2
1000100575,Categoria C1,commodity,2223.12,1
1000100575,Categoria C2,commodity,1086.44,2
1000100576,Categoria C1,commodity,3410.04,1
1000100576,Categoria C2,commodity,1667.34,2
1000100577,Categoria C1,commodity,2223.12,1
1000100577,Categoria C2,commodity,1086.44,2
1000100578,Categoria C1,commodity,2223.12,1
1000100578,Categoria C2,commodity,1086.44,2
1000100580,Categoria C1,commodity,3410.04,1
1000100580,Categoria C2,commodity,1667.34,2
1000100581,Categoria C1,commodity,4546.72,1
1000100581,Categoria C2,commodity,2223.12,2
1000100582,Categoria C1,commodity,2223.12,1
1000100582,Categoria C2,commodity,1086.44,2
1000100583,Categoria C1,commodity,1802.36,1
1000100583,Categoria C2,commodity,879.2,2
1000100584,Categoria C1,commodity,1802.36,1
1000100584,Categoria C2,commodity,879.2,2
1000100585,Categoria C1,commodity,2223.12,1
1000100585,Categoria C2,commodity,1086.44,2
1000100586,Categoria C1,commodity,3410.04,1
1000100586,Categoria C2,commodity,1667.34,2
1000100587,Categoria C1,commodity,3410.04,1
1000100587,Categoria C2,commodity,1667.34,2
1000100588,Categoria C1,commodity,0.0,1
1000100588,Categoria C2,commodity,0.0,2
1000100589,Categoria C1,commodity,2223.12,1
1000100589,Categoria C2,commodity,1086.44,2
1000100590,Categoria C1,commodity,2223.12,1
1000100590,Categoria C2,commodity,1086.44,2
1000100591,Categoria C1,commodity,2223.12,1
1000100591,Categoria C2,commodity,1086.44,2
1000100592,Categoria C1,commodity,3410.04,1
1000100592,Categoria C2,commodity,1667.34,2
1000100593,Categoria C1,commodity,2223.12,1
1000100593,Categoria C2,commodity,1086.44,2
1000100595,Categoria C1,commodity,5683.4,1
1000100595,Categoria C2,commodity,2778.9,2
1000100596,Categoria C1,commodity,3410.04,1
1000100596,Categoria C2,commodity,1667.34,2
1000100597,Categoria C1,commodity,3410.04,1
1000100597,Categoria C2,commodity,1667.34,2
1000100598,Categoria C1,commodity,2223.12,1
1000100598,Categoria C2,commodity,1086.44,2
1000100599,Categoria C1,commodity,1802.36,1
1000100599,Categoria C2,commodity,879.2,2
1000100600,Categoria C1,commodity,3410.04,1
1000100600,Categoria C2,commodity,1667.34,2
1000100601,Categoria C1,commodity,2223.12,1
1000100601,Categoria C2,commodity,1086.44,2
1000100602,Categoria C1,commodity,2223.12,1
1000100602,Categoria C2,commodity,1086.44,2
1000100603,Categoria C1,commodity,0.0,1
1000100603,Categoria C2,commodity,0.0,2
1000100604,Categoria C1,commodity,6820.08,1
1000100604,Categoria C2,commodity,3334.68,2
1000100605,Categoria C1,commodity,3410.04,1
1000100605,Categoria C2,commodity,1667.34,2
1000100606,Categoria C1,commodity,2223.12,1
1000100606,Categoria C2,commodity,1086.44,2
1000100608,Categoria C1,commodity,3410.04,1
1000100608,Categoria C2,commodity,1667.34,2
1000100609,Categoria C1,commodity,1802.36,1
1000100609,Categoria C2,commodity,879.2,2
1000100610,Categoria C1,commodity,1802.36,1
1000100610,Categoria C2,commodity,879.2,2
1000100611,Categoria C1,commodity,3410.04,1
1000100611,Categoria C2,commodity,1667.34,2
1000100612,Categoria C1,commodity,2223.12,1
1000100612,Categoria C2,commodity,1086.44,2
1000100613,Categoria C1,commodity,3410.04,1
1000100613,Categoria C2,commodity,1667.34,2
1000100614,Categoria C1,commodity,2223.12,1
1000100614,Categoria C2,commodity,1086.44,2
1000100615,Categoria C1,commodity,2223.12,1
1000100615,Categoria C2,commodity,1086.44,2
1000100616,Categoria C1,commodity,2223.12,1
1000100616,Categoria C2,commodity,1086.44,2
1000100617,Categoria C1,commodity,3410.04,1
1000100617,Categoria C2,commodity,1667.34,2
1000100618,Categoria C1,commodity,3410.04,1
1000100618,Categoria C2,commodity,1667.34,2
1000100619,Categoria C1,commodity,2223.12,1
1000100619,Categoria C2,commodity,1086.44,2
1000100620,Categoria C1,commodity,2223.12,1
1000100620,Categoria C2,commodity,1086.44,2
1000100621,Categoria C1,commodity,3410.04,1
1000100621,Categoria C2,commodity,1667.34,2
1000100622,Categoria C1,commodity,2223.12,1
1000100622,Categoria C2,commodity,1086.44,2
1000100623,Categoria C1,commodity,2223.12,1
1000100623,Categoria C2,commodity,1086.44,2
1000100624,Categoria C1,commodity,5683.4,1
1000100624,Categoria C2,commodity,2778.9,2
1000100625,Categoria C1,commodity,3410.04,1
1000100625,Categoria C2,commodity,1667.34,2
1000100626,Categoria C1,commodity,2223.12,1
1000100626,Categoria C2,commodity,1086.44,2
1000100627,Categoria C1,commodity,3410.04,1
1000100627,Categoria C2,commodity,1667.34,2
1000100631,Categoria C1,commodity,1802.36,1
1000100631,Categoria C2,commodity,879.2,2
1000100632,Categoria C1,commodity,3410.04,1
1000100632,Categoria C2,commodity,1667.34,2
1000100633,Categoria C1,commodity,3410.04,1
1000100633,Categoria C2,commodity,1667.34,2
1000100634,Categoria C1,commodity,3410.04,1
1000100634,Categoria C2,commodity,1667.34,2
1000100635,Categoria C1,commodity,2223.12,1
1000100635,Categoria C2,commodity,1086.44,2
1000100636,Categoria C1,commodity,4546.72,1
1000100636,Categoria C2,commodity,2223.12,2
1000100637,Categoria C1,commodity,3410.04,1
1000100637,Categoria C2,commodity,1667.34,2
1000100638,Categoria C1,commodity,3410.04,1
1000100638,Categoria C2,commodity,1667.34,2
1000100639,Categoria C1,commodity,2223.12,1
1000100639,Categoria C2,commodity,1086.44,2
1000100640,Categoria C1,commodity,2223.12,1
1000100640,Categoria C2,commodity,1086.44,2
1000100641,Categoria C1,commodity,3410.04,1
1000100641,Categoria C2,commodity,1667.34,2
1000100642,Categoria C1,commodity,3410.04,1
1000100642,Categoria C2,commodity,1667.34,2
1000100643,Categoria C1,commodity,1802.36,1
1000100643,Categoria C2,commodity,879.2,2
1000100644,Categoria C1,commodity,1802.36,1
1000100644,Categoria C2,commodity,879.2,2
1000100645,Categoria C1,commodity,3410.04,1
1000100645,Categoria C2,commodity,1667.34,2
1000100646,Categoria C1,commodity,3410.04,1
1000100646,Categoria C2,commodity,1667.34,2
1000100648,Categoria C1,commodity,2223.12,1
1000100648,Categoria C2,commodity,1086.44,2
1000100649,Categoria C1,commodity,2223.12,1
1000100649,Categoria C2,commodity,1086.44,2
1000100650,Categoria C1,commodity,2223.12,1
1000100650,Categoria C2,commodity,1086.44,2
1000100652,Categoria C1,commodity,2223.12,1
1000100652,Categoria C2,commodity,1086.44,2
1000100653,Categoria C1,commodity,3410.04,1
1000100653,Categoria C2,commodity,1667.34,2
1000100654,Categoria C1,commodity,2223.12,1
1000100654,Categoria C2,commodity,1086.44,2
1000100655,Categoria C1,commodity,2223.12,1
1000100655,Categoria C2,commodity,1086.44,2
1000100656,Categoria C1,commodity,3410.04,1
1000100656,Categoria C2,commodity,1667.34,2
1000100657,Categoria C1,commodity,4546.72,1
1000100657,Categoria C2,commodity,2223.12,2
1000100658,Categoria C1,commodity,3410.04,1
1000100658,Categoria C2,commodity,1667.34,2
1000100659,Categoria C1,commodity,2223.12,1
1000100659,Categoria C2,commodity,1086.44,2
1000100660,Categoria C1,commodity,1802.36,1
1000100660,Categoria C2,commodity,879.2,2
1000100661,Categoria C1,commodity,2223.12,1
1000100661,Categoria C2,commodity,1086.44,2
1000100662,Categoria C1,commodity,0.0,1
1000100662,Categoria C2,commodity,0.0,2
1000100663,Categoria C1,commodity,0.0,1
1000100663,Categoria C2,commodity,0.0,2
1000100664,Categoria C1,commodity,0.0,1
1000100664,Categoria C2,commodity,0.0,2
1000100667,Categoria C1,commodity,0.0,1
1000100667,Categoria C2,commodity,0.0,2
1000100668,Categoria C1,commodity,0.0,1
1000100668,Categoria C2,commodity,0.0,2
1000100669,Categoria C1,commodity,0.0,1
1000100669,Categoria C2,commodity,0.0,2
1000100671,Categoria C1,commodity,0.0,1
1000100671,Categoria C2,commodity,0.0,2
1000100672,Categoria C1,commodity,0.0,1
1000100672,Categoria C2,commodity,0.0,2
1000100673,Categoria C1,commodity,0.0,1
1000100673,Categoria C2,commodity,0.0,2
1000100675,Categoria C1,commodity,0.0,1
1000100675,Categoria C2,commodity,0.0,2
1000100676,Categoria C1,commodity,2223.12,1
1000100676,Categoria C2,commodity,1086.44,2
1000100679,Categoria C1,commodity,0.0,1
1000100679,Categoria C2,commodity,0.0,2
1000100680,Categoria C1,commodity,0.0,1
1000100680,Categoria C2,commodity,0.0,2
1000100681,Categoria C1,commodity,0.0,1
1000100681,Categoria C2,commodity,0.0,2
1000100682,Categoria C1,commodity,2223.12,1
1000100682,Categoria C2,commodity,1086.44,2
1000100683,Categoria C1,commodity,0.0,1
1000100683,Categoria C2,commodity,0.0,2
1000100684,Categoria C1,commodity,3410.04,1
1000100684,Categoria C2,commodity,1667.34,2
1000100685,Categoria C1,commodity,0.0,1
1000100685,Categoria C2,commodity,0.0,2
1000100686,Categoria C1,commodity,0.0,1
1000100686,Categoria C2,commodity,0.0,2
1000100689,Categoria C1,commodity,0.0,1
1000100689,Categoria C2,commodity,0.0,2
1000100690,Categoria C1,commodity,0.0,1
1000100690,Categoria C2,commodity,0.0,2
1000100692,Categoria C1,commodity,0.0,1
1000100692,Categoria C2,commodity,0.0,2
1000100693,Categoria C1,commodity,0.0,1
1000100693,Categoria C2,commodity,0.0,2
1000100694,Categoria C1,commodity,0.0,1
1000100694,Categoria C2,commodity,0.0,2
1000100695,Categoria C1,commodity,0.0,1
1000100695,Categoria C2,commodity,0.0,2
1000100697,Categoria C1,commodity,0.0,1
1000100697,Categoria C2,commodity,0.0,2
1000100698,Categoria C1,commodity,0.0,1
1000100698,Categoria C2,commodity,0.0,2
1000100699,Categoria C1,commodity,0.0,1
1000100699,Categoria C2,commodity,0.0,2
1000100701,Categoria C1,commodity,0.0,1
1000100701,Categoria C2,commodity,0.0,2
1000100702,Categoria C1,commodity,0.0,1
1000100702,Categoria C2,commodity,0.0,2
1000100703,Categoria C1,commodity,0.0,1
1000100703,Categoria C2,commodity,0.0,2
1000100704,Categoria C1,commodity,0.0,1
1000100704,Categoria C2,commodity,0.0,2
1000100705,Categoria C1,commodity,0.0,1
1000100705,Categoria C2,commodity,0.0,2
1000100706,Categoria C1,commodity,0.0,1
1000100706,Categoria C2,commodity,0.0,2
1000100707,Categoria C1,commodity,0.0,1
1000100707,Categoria C2,commodity,0.0,2
1000100708,Categoria C1,commodity,0.0,1
1000100708,Categoria C2,commodity,0.0,2
1000100711,Categoria C1,commodity,0.0,1
1000100711,Categoria C2,commodity,0.0,2
1000100712,Categoria C1,commodity,0.0,1
1000100712,Categoria C2,commodity,0.0,2
1000100713,Categoria C1,commodity,0.0,1
1000100713,Categoria C2,commodity,0.0,2
1000100714,Categoria C1,commodity,0.0,1
1000100714,Categoria C2,commodity,0.0,2
1000100715,Categoria C1,commodity,0.0,1
1000100715,Categoria C2,commodity,0.0,2
1000100717,Categoria C1,commodity,0.0,1
1000100717,Categoria C2,commodity,0.0,2
1000100718,Categoria C1,commodity,0.0,1
1000100718,Categoria C2,commodity,0.0,2
1000100719,Categoria C1,commodity,0.0,1
1000100719,Categoria C2,commodity,0.0,2
1000100720,Categoria C1,commodity,0.0,1
1000100720,Categoria C2,commodity,0.0,2
1000100721,Categoria C1,commodity,3410.04,1
1000100721,Categoria C2,commodity,1667.34,2
1000100722,Categoria C1,commodity,0.0,1
1000100722,Categoria C2,commodity,0.0,2
1000100723,Categoria C1,commodity,3410.04,1
1000100723,Categoria C2,commodity,1667.34,2
1000100724,Categoria C1,commodity,0.0,1
1000100724,Categoria C2,commodity,0.0,2
1000100725,Categoria C1,commodity,2223.12,1
1000100725,Categoria C2,commodity,1086.44,2
1000100726,Categoria C1,commodity,0.0,1
1000100726,Categoria C2,commodity,0.0,2
1000100727,Categoria C1,commodity,0.0,1
1000100727,Categoria C2,commodity,0.0,2
1000100728,Categoria C1,commodity,0.0,1
1000100728,Categoria C2,commodity,0.0,2
1000100729,Categoria C1,commodity,2223.12,1
1000100729,Categoria C2,commodity,1086.44,2
1000100753,Categoria C1,commodity,2223.12,1
1000100753,Categoria C2,commodity,1086.44,2
1000100754,Categoria C1,commodity,2223.12,1
1000100754,Categoria C2,commodity,1086.44,2
1000100756,Categoria C1,commodity,3410.04,1
1000100756,Categoria C2,commodity,1667.34,2
1000100757,Categoria C1,commodity,2223.12,1
1000100757,Categoria C2,commodity,1086.44,2
1000100761,Categoria C1,commodity,2223.12,1
1000100761,Categoria C2,commodity,1086.44,2
1000100762,Categoria C1,commodity,2223.12,1
1000100762,Categoria C2,commodity,1086.44,2
1000100764,Categoria C1,commodity,2223.12,1
1000100764,Categoria C2,commodity,1086.44,2
1000100768,Categoria C1,commodity,2223.12,1
1000100768,Categoria C2,commodity,1086.44,2
1000100769,Categoria C1,commodity,2223.12,1
1000100769,Categoria C2,commodity,1086.44,2
1000100776,Categoria C1,commodity,2223.12,1
1000100776,Categoria C2,commodity,1086.44,2
1000100780,Categoria C1,commodity,2223.12,1
1000100780,Categoria C2,commodity,1086.44,2
1000100783,Categoria C1,commodity,2223.12,1
1000100783,Categoria C2,commodity,1086.44,2
1000100787,Categoria C1,commodity,2223.12,1
1000100787,Categoria C2,commodity,1086.44,2
1000100791,Categoria C1,commodity,4546.72,1
1000100791,Categoria C2,commodity,2223.12,2
1000100793,Categoria C1,commodity,3410.04,1
1000100793,Categoria C2,commodity,1667.34,2
1000100797,Categoria C1,commodity,2223.12,1
1000100797,Categoria C2,commodity,1086.44,2
1000100798,Categoria C1,commodity,3410.04,1
1000100798,Categoria C2,commodity,1667.34,2
1000100799,Categoria C1,commodity,3410.04,1
1000100799,Categoria C2,commodity,1667.34,2
1000100804,Categoria C1,commodity,2223.12,1
1000100804,Categoria C2,commodity,1086.44,2
1000100806,Categoria C1,commodity,3410.04,1
1000100806,Categoria C2,commodity,1667.34,2
1000100811,Categoria C1,commodity,2223.12,1
1000100811,Categoria C2,commodity,1086.44,2
1000100815,Categoria C1,commodity,2223.12,1
1000100815,Categoria C2,commodity,1086.44,2
1000100816,Categoria C1,commodity,0.0,1
1000100816,Categoria C2,commodity,0.0,2
1000100824,Categoria C1,commodity,3410.04,1
1000100824,Categoria C2,commodity,1667.34,2
1000100827,Categoria C1,commodity,2223.12,1
1000100827,Categoria C2,commodity,1086.44,2
1000100828,Categoria C1,commodity,2223.12,1
1000100828,Categoria C2,commodity,1086.44,2
1000100829,Categoria C1,commodity,2223.12,1
1000100829,Categoria C2,commodity,1086.44,2
1000100830,Categoria C1,commodity,3410.04,1
1000100830,Categoria C2,commodity,1667.34,2
1000100831,Categoria C1,commodity,2223.12,1
1000100831,Categoria C2,commodity,1086.44,2
1000100832,Categoria C1,commodity,2223.12,1
1000100832,Categoria C2,commodity,1086.44,2
1000100837,Categoria C1,commodity,2223.12,1
1000100837,Categoria C2,commodity,1086.44,2
1000100838,Categoria C1,commodity,2223.12,1
1000100838,Categoria C2,commodity,1086.44,2
1000100839,Categoria C1,commodity,2223.12,1
1000100839,Categoria C2,commodity,1086.44,2
1000100840,Categoria C1,commodity,2223.12,1
1000100840,Categoria C2,commodity,1086.44,2
1000100841,Categoria C1,commodity,2223.12,1
1000100841,Categoria C2,commodity,1086.44,2
1000100842,Categoria C1,commodity,3410.04,1
1000100842,Categoria C2,commodity,1667.34,2
1000100844,Categoria C1,commodity,2223.12,1
1000100844,Categoria C2,commodity,1086.44,2
1000100846,Categoria C1,commodity,2223.12,1
1000100846,Categoria C2,commodity,1086.44,2
1000100852,Categoria C1,commodity,2223.12,1
1000100852,Categoria C2,commodity,1086.44,2
1000100866,Categoria C1,commodity,2223.12,1
1000100866,Categoria C2,commodity,1086.44,2
1000100870,Categoria C1,commodity,2223.12,1
1000100870,Categoria C2,commodity,1086.44,2
1000100871,Categoria C1,commodity,2223.12,1
1000100871,Categoria C2,commodity,1086.44,2
1000100874,Categoria C1,commodity,2223.12,1
1000100874,Categoria C2,commodity,1086.44,2
1000100875,Categoria C1,commodity,2223.12,1
1000100875,Categoria C2,commodity,1086.44,2
1000100876,Categoria C1,commodity,2223.12,1
1000100876,Categoria C2,commodity,1086.44,2
1000100882,Categoria C1,commodity,2223.12,1
1000100882,Categoria C2,commodity,1086.44,2
1000100885,Categoria C1,commodity,2223.12,1
1000100885,Categoria C2,commodity,1086.44,2
1000100888,Categoria C1,commodity,2223.12,1
1000100888,Categoria C2,commodity,1086.44,2
1000100894,Categoria C1,commodity,2223.12,1
1000100894,Categoria C2,commodity,1086.44,2
1000100895,Categoria C1,commodity,2223.12,1
1000100895,Categoria C2,commodity,1086.44,2
1000100896,Categoria C1,commodity,2223.12,1
1000100896,Categoria C2,commodity,1086.44,2
1000100900,Categoria C1,commodity,1802.36,1
1000100900,Categoria C2,commodity,879.2,2
1000100901,Categoria C1,commodity,2223.12,1
1000100901,Categoria C2,commodity,1086.44,2
1000100902,Categoria C1,commodity,2223.12,1
1000100902,Categoria C2,commodity,1086.44,2
1000100909,Categoria C1,commodity,1802.36,1
1000100909,Categoria C2,commodity,879.2,2
1000100910,Categoria C1,commodity,3410.04,1
1000100910,Categoria C2,commodity,1667.34,2
1000100911,Categoria C1,commodity,2223.12,1
1000100911,Categoria C2,commodity,1086.44,2
1000100912,Categoria C1,commodity,2223.12,1
1000100912,Categoria C2,commodity,1086.44,2
1000100913,Categoria C1,commodity,1802.36,1
1000100913,Categoria C2,commodity,879.2,2
1000100914,Categoria C1,commodity,2223.12,1
1000100914,Categoria C2,commodity,1086.44,2
1000100915,Categoria C1,commodity,1802.36,1
1000100915,Categoria C2,commodity,879.2,2
1000100916,Categoria C1,commodity,2223.12,1
1000100916,Categoria C2,commodity,1086.44,2
1000100917,Categoria C1,commodity,4546.72,1
1000100917,Categoria C2,commodity,2223.12,2
1000100918,Categoria C1,commodity,3410.04,1
1000100918,Categoria C2,commodity,1667.34,2
1000100919,Categoria C1,commodity,2223.12,1
1000100919,Categoria C2,commodity,1086.44,2
1000100920,Categoria C1,commodity,3410.04,1
1000100920,Categoria C2,commodity,1667.34,2
1000100921,Categoria C1,commodity,6820.08,1
1000100921,Categoria C2,commodity,3334.68,2
1000100923,Categoria C1,commodity,3410.04,1
1000100923,Categoria C2,commodity,1667.34,2
1000100924,Categoria C1,commodity,3410.04,1
1000100924,Categoria C2,commodity,1667.34,2
1000100925,Categoria C1,commodity,3410.04,1
1000100925,Categoria C2,commodity,1667.34,2
1000100927,Categoria C1,commodity,3410.04,1
1000100927,Categoria C2,commodity,1667.34,2
1000100928,Categoria C1,commodity,2223.12,1
1000100928,Categoria C2,commodity,1086.44,2
1000100929,Categoria C1,commodity,3410.04,1
1000100929,Categoria C2,commodity,1667.34,2
1000100930,Categoria C1,commodity,20460.24,1
1000100930,Categoria C2,commodity,10004.04,2
1000100931,Categoria C1,commodity,3410.04,1
1000100931,Categoria C2,commodity,1667.34,2
1000100932,Categoria C1,commodity,3410.04,1
1000100932,Categoria C2,commodity,1667.34,2
1000100933,Categoria C1,commodity,2223.12,1
1000100933,Categoria C2,commodity,1086.44,2
1000100934,Categoria C1,commodity,3410.04,1
1000100934,Categoria C2,commodity,1667.34,2
1000100937,Categoria C1,commodity,2223.12,1
1000100937,Categoria C2,commodity,1086.44,2
1000100939,Categoria C1,commodity,4546.72,1
1000100939,Categoria C2,commodity,2223.12,2
1000100940,Categoria C1,commodity,2223.12,1
1000100940,Categoria C2,commodity,1086.44,2
1000100941,Categoria C1,commodity,2223.12,1
1000100941,Categoria C2,commodity,1086.44,2
1000100943,Categoria C1,commodity,1802.36,1
1000100943,Categoria C2,commodity,879.2,2
1000100944,Categoria C1,commodity,3410.04,1
1000100944,Categoria C2,commodity,1667.34,2
1000100947,Categoria C1,commodity,1802.36,1
1000100947,Categoria C2,commodity,879.2,2
1000100949,Categoria C1,commodity,2223.12,1
1000100949,Categoria C2,commodity,1086.44,2
1000100950,Categoria C1,commodity,3410.04,1
1000100950,Categoria C2,commodity,1667.34,2
1000100951,Categoria C1,commodity,3410.04,1
1000100951,Categoria C2,commodity,1667.34,2
1000100953,Categoria C1,commodity,2223.12,1
1000100953,Categoria C2,commodity,1086.44,2
1000100954,Categoria C1,commodity,2223.12,1
1000100954,Categoria C2,commodity,1086.44,2
1000100955,Categoria C1,commodity,2223.12,1
1000100955,Categoria C2,commodity,1086.44,2
1000100957,Categoria C1,commodity,1802.36,1
1000100957,Categoria C2,commodity,879.2,2
1000100958,Categoria C1,commodity,3410.04,1
1000100958,Categoria C2,commodity,1667.34,2
1000100960,Categoria C1,commodity,3410.04,1
1000100960,Categoria C2,commodity,1667.34,2
1000100961,Categoria C1,commodity,3410.04,1
1000100961,Categoria C2,commodity,1667.34,2
1000100962,Categoria C1,commodity,2223.12,1
1000100962,Categoria C2,commodity,1086.44,2
1000100963,Categoria C1,commodity,3410.04,1
1000100963,Categoria C2,commodity,1667.34,2
1000100964,Categoria C1,commodity,0.0,1
1000100964,Categoria C2,commodity,0.0,2
1000100966,Categoria C1,commodity,2223.12,1
1000100966,Categoria C2,commodity,1086.44,2
1000100967,Categoria C1,commodity,0.0,1
1000100967,Categoria C2,commodity,0.0,2
1000100968,Categoria C1,commodity,2223.12,1
1000100968,Categoria C2,commodity,1086.44,2
1000100969,Categoria C1,commodity,2223.12,1
1000100969,Categoria C2,commodity,1086.44,2
1000100972,Categoria C1,commodity,2223.12,1
1000100972,Categoria C2,commodity,1086.44,2
1000100973,Categoria C1,commodity,2223.12,1
1000100973,Categoria C2,commodity,1086.44,2
1000100974,Categoria C1,commodity,3410.04,1
1000100974,Categoria C2,commodity,1667.34,2
1000100975,Categoria C1,commodity,3410.04,1
1000100975,Categoria C2,commodity,1667.34,2
1000100976,Categoria C1,commodity,2223.12,1
1000100976,Categoria C2,commodity,1086.44,2
1000100977,Categoria C1,commodity,1802.36,1
1000100977,Categoria C2,commodity,879.2,2
1000100979,Categoria C1,commodity,2223.12,1
1000100979,Categoria C2,commodity,1086.44,2
1000100980,Categoria C1,commodity,2223.12,1
1000100980,Categoria C2,commodity,1086.44,2
1000100981,Categoria C1,commodity,3410.04,1
1000100981,Categoria C2,commodity,1667.34,2
1000100982,Categoria C1,commodity,1802.36,1
1000100982,Categoria C2,commodity,879.2,2
1000100983,Categoria C1,commodity,2223.12,1
1000100983,Categoria C2,commodity,1086.44,2
1000100984,Categoria C1,commodity,2223.12,1
1000100984,Categoria C2,commodity,1086.44,2
1000100985,Categoria C1,commodity,3410.04,1
1000100985,Categoria C2,commodity,1667.34,2
1000100986,Categoria C1,commodity,2223.12,1
1000100986,Categoria C2,commodity,1086.44,2
1000100987,Categoria C1,commodity,2223.12,1
1000100987,Categoria C2,commodity,1086.44,2
1000100989,Categoria C1,commodity,2223.12,1
1000100989,Categoria C2,commodity,1086.44,2
1000100990,Categoria C1,commodity,2223.12,1
1000100990,Categoria C2,commodity,1086.44,2
1000100991,Categoria C1,commodity,2223.12,1
1000100991,Categoria C2,commodity,1086.44,2
1000100992,Categoria C1,commodity,3410.04,1
1000100992,Categoria C2,commodity,1667.34,2
1000100993,Categoria C1,commodity,2223.12,1
1000100993,Categoria C2,commodity,1086.44,2
1000100994,Categoria C1,commodity,4546.72,1
1000100994,Categoria C2,commodity,2223.12,2
1000100995,Categoria C1,commodity,2223.12,1
1000100995,Categoria C2,commodity,1086.44,2
1000100996,Categoria C1,commodity,3410.04,1
1000100996,Categoria C2,commodity,1667.34,2
1000100997,Categoria C1,commodity,2223.12,1
1000100997,Categoria C2,commodity,1086.44,2
1000100998,Categoria C1,commodity,2223.12,1
1000100998,Categoria C2,commodity,1086.44,2
1000100999,Categoria C1,commodity,3410.04,1
1000100999,Categoria C2,commodity,1667.34,2
1000101001,Categoria C1,commodity,2223.12,1
1000101001,Categoria C2,commodity,1086.44,2
1000101002,Categoria C1,commodity,3410.04,1
1000101002,Categoria C2,commodity,1667.34,2
1000101004,Categoria C1,commodity,4546.72,1
1000101004,Categoria C2,commodity,2223.12,2
1000101005,Categoria C1,commodity,1802.36,1
1000101005,Categoria C2,commodity,879.2,2
1000101006,Categoria C1,commodity,1802.36,1
1000101006,Categoria C2,commodity,879.2,2
1000101007,Categoria C1,commodity,2223.12,1
1000101007,Categoria C2,commodity,1086.44,2
1000101008,Categoria C1,commodity,5683.4,1
1000101008,Categoria C2,commodity,2778.9,2
1000101009,Categoria C1,commodity,2223.12,1
1000101009,Categoria C2,commodity,1086.44,2
1000101010,Categoria C1,commodity,2223.12,1
1000101010,Categoria C2,commodity,1086.44,2
1000101012,Categoria C1,commodity,3410.04,1
1000101012,Categoria C2,commodity,1667.34,2
1000101013,Categoria C1,commodity,2223.12,1
1000101013,Categoria C2,commodity,1086.44,2
1000101014,Categoria C1,commodity,2223.12,1
1000101014,Categoria C2,commodity,1086.44,2
1000101015,Categoria C1,commodity,1802.36,1
1000101015,Categoria C2,commodity,879.2,2
1000101016,Categoria C1,commodity,3410.04,1
1000101016,Categoria C2,commodity,1667.34,2
1000101018,Categoria C1,commodity,4546.72,1
1000101018,Categoria C2,commodity,2223.12,2
1000101019,Categoria C1,commodity,2223.12,1
1000101019,Categoria C2,commodity,1086.44,2
1000101020,Categoria C1,commodity,2223.12,1
1000101020,Categoria C2,commodity,1086.44,2
1000101021,Categoria C1,commodity,3410.04,1
1000101021,Categoria C2,commodity,1667.34,2
1000101022,Categoria C1,commodity,3410.04,1
1000101022,Categoria C2,commodity,1667.34,2
1000101023,Categoria C1,commodity,2223.12,1
1000101023,Categoria C2,commodity,1086.44,2
1000101024,Categoria C1,commodity,0.0,1
1000101024,Categoria C2,commodity,0.0,2
1000101025,Categoria C1,commodity,2223.12,1
1000101025,Categoria C2,commodity,1086.44,2
1000101026,Categoria C1,commodity,2223.12,1
1000101026,Categoria C2,commodity,1086.44,2
1000101027,Categoria C1,commodity,2223.12,1
1000101027,Categoria C2,commodity,1086.44,2
1000101028,Categoria C1,commodity,2223.12,1
1000101028,Categoria C2,commodity,1086.44,2
1000101029,Categoria C1,commodity,2223.12,1
1000101029,Categoria C2,commodity,1086.44,2
1000101030,Categoria C1,commodity,3410.04,1
1000101030,Categoria C2,commodity,1667.34,2
1000101031,Categoria C1,commodity,2223.12,1
1000101031,Categoria C2,commodity,1086.44,2
1000101032,Categoria C1,commodity,2223.12,1
1000101032,Categoria C2,commodity,1086.44,2
1000101033,Categoria C1,commodity,3410.04,1
1000101033,Categoria C2,commodity,1667.34,2
1000101035,Categoria C1,commodity,4546.72,1
1000101035,Categoria C2,commodity,2223.12,2
1000101036,Categoria C1,commodity,4546.72,1
1000101036,Categoria C2,commodity,2223.12,2
1000101037,Categoria C1,commodity,0.0,1
1000101037,Categoria C2,commodity,0.0,2
1000101038,Categoria C1,commodity,2223.12,1
1000101038,Categoria C2,commodity,1086.44,2
1000101039,Categoria C1,commodity,3410.04,1
1000101039,Categoria C2,commodity,1667.34,2
1000101040,Categoria C1,commodity,3410.04,1
1000101040,Categoria C2,commodity,1667.34,2
1000101041,Categoria C1,commodity,2223.12,1
1000101041,Categoria C2,commodity,1086.44,2
1000101042,Categoria C1,commodity,2223.12,1
1000101042,Categoria C2,commodity,1086.44,2
1000101043,Categoria C1,commodity,1802.36,1
1000101043,Categoria C2,commodity,879.2,2
1000101044,Categoria C1,commodity,0.0,1
1000101044,Categoria C2,commodity,0.0,2
1000101045,Categoria C1,commodity,2223.12,1
1000101045,Categoria C2,commodity,1086.44,2
1000101047,Categoria C1,commodity,2223.12,1
1000101047,Categoria C2,commodity,1086.44,2
1000101049,Categoria C1,commodity,3410.04,1
1000101049,Categoria C2,commodity,1667.34,2
1000101050,Categoria C1,commodity,1802.36,1
1000101050,Categoria C2,commodity,879.2,2
1000101051,Categoria C1,commodity,3410.04,1
1000101051,Categoria C2,commodity,1667.34,2
1000101052,Categoria C1,commodity,2223.12,1
1000101052,Categoria C2,commodity,1086.44,2
1000101053,Categoria C1,commodity,1802.36,1
1000101053,Categoria C2,commodity,879.2,2
1000101054,Categoria C1,commodity,2223.12,1
1000101054,Categoria C2,commodity,1086.44,2
1000101055,Categoria C1,commodity,3410.04,1
1000101055,Categoria C2,commodity,1667.34,2
1000101056,Categoria C1,commodity,1802.36,1
1000101056,Categoria C2,commodity,879.2,2
1000101057,Categoria C1,commodity,2223.12,1
1000101057,Categoria C2,commodity,1086.44,2
1000101058,Categoria C1,commodity,2223.12,1
1000101058,Categoria C2,commodity,1086.44,2
1000101059,Categoria C1,commodity,2223.12,1
1000101059,Categoria C2,commodity,1086.44,2
1000101061,Categoria C1,commodity,3410.04,1
1000101061,Categoria C2,commodity,1667.34,2
1000101062,Categoria C1,commodity,2223.12,1
1000101062,Categoria C2,commodity,1086.44,2
1000101063,Categoria C1,commodity,3410.04,1
1000101063,Categoria C2,commodity,1667.34,2
1000101065,Categoria C1,commodity,2223.12,1
1000101065,Categoria C2,commodity,1086.44,2
1000101066,Categoria C1,commodity,2223.12,1
1000101066,Categoria C2,commodity,1086.44,2
1000101067,Categoria C1,commodity,2223.12,1
1000101067,Categoria C2,commodity,1086.44,2
1000101068,Categoria C1,commodity,2223.12,1
1000101068,Categoria C2,commodity,1086.44,2
1000101069,Categoria C1,commodity,2223.12,1
1000101069,Categoria C2,commodity,1086.44,2
1000101070,Categoria C1,commodity,2223.12,1
1000101070,Categoria C2,commodity,1086.44,2
1000101071,Categoria C1,commodity,2223.12,1
1000101071,Categoria C2,commodity,1086.44,2
1000101073,Categoria C1,commodity,3410.04,1
1000101073,Categoria C2,commodity,1667.34,2
1000101074,Categoria C1,commodity,4546.72,1
1000101074,Categoria C2,commodity,2223.12,2
1000101075,Categoria C1,commodity,4546.72,1
1000101075,Categoria C2,commodity,2223.12,2
1000101076,Categoria C1,commodity,2223.12,1
1000101076,Categoria C2,commodity,1086.44,2
1000101077,Categoria C1,commodity,1802.36,1
1000101077,Categoria C2,commodity,879.2,2
1000101078,Categoria C1,commodity,1802.36,1
1000101078,Categoria C2,commodity,879.2,2
1000101079,Categoria C1,commodity,2223.12,1
1000101079,Categoria C2,commodity,1086.44,2
1000101080,Categoria C1,commodity,2223.12,1
1000101080,Categoria C2,commodity,1086.44,2
1000101081,Categoria C1,commodity,2223.12,1
1000101081,Categoria C2,commodity,1086.44,2
1000101082,Categoria C1,commodity,3410.04,1
1000101082,Categoria C2,commodity,1667.34,2
1000101083,Categoria C1,commodity,2223.12,1
1000101083,Categoria C2,commodity,1086.44,2
1000101084,Categoria C1,commodity,2223.12,1
1000101084,Categoria C2,commodity,1086.44,2
1000101085,Categoria C1,commodity,2223.12,1
1000101085,Categoria C2,commodity,1086.44,2
1000101086,Categoria C1,commodity,3410.04,1
1000101086,Categoria C2,commodity,1667.34,2
1000101087,Categoria C1,commodity,1802.36,1
1000101087,Categoria C2,commodity,879.2,2
1000101088,Categoria C1,commodity,4546.72,1
1000101088,Categoria C2,commodity,2223.12,2
1000101089,Categoria C1,commodity,1802.36,1
1000101089,Categoria C2,commodity,879.2,2
1000101090,Categoria C1,commodity,3410.04,1
1000101090,Categoria C2,commodity,1667.34,2
1000101091,Categoria C1,commodity,4546.72,1
1000101091,Categoria C2,commodity,2223.12,2
1000101092,Categoria C1,commodity,2223.12,1
1000101092,Categoria C2,commodity,1086.44,2
1000101093,Categoria C1,commodity,3410.04,1
1000101093,Categoria C2,commodity,1667.34,2
1000101094,Categoria C1,commodity,3410.04,1
1000101094,Categoria C2,commodity,1667.34,2
1000101095,Categoria C1,commodity,3410.04,1
1000101095,Categoria C2,commodity,1667.34,2
1000101097,Categoria C1,commodity,2223.12,1
1000101097,Categoria C2,commodity,1086.44,2
1000101098,Categoria C1,commodity,3410.04,1
1000101098,Categoria C2,commodity,1667.34,2
1000101099,Categoria C1,commodity,2223.12,1
1000101099,Categoria C2,commodity,1086.44,2
1000101100,Categoria C1,commodity,3410.04,1
1000101100,Categoria C2,commodity,1667.34,2
1000101101,Categoria C1,commodity,1802.36,1
1000101101,Categoria C2,commodity,879.2,2
1000101102,Categoria C1,commodity,3410.04,1
1000101102,Categoria C2,commodity,1667.34,2
1000101103,Categoria C1,commodity,2223.12,1
1000101103,Categoria C2,commodity,1086.44,2
1000101104,Categoria C1,commodity,2223.12,1
1000101104,Categoria C2,commodity,1086.44,2
1000101105,Categoria C1,commodity,2223.12,1
1000101105,Categoria C2,commodity,1086.44,2
1000101106,Categoria C1,commodity,1802.36,1
1000101106,Categoria C2,commodity,879.2,2
1000101107,Categoria C1,commodity,2223.12,1
1000101107,Categoria C2,commodity,1086.44,2
1000101108,Categoria C1,commodity,2223.12,1
1000101108,Categoria C2,commodity,1086.44,2
1000101109,Categoria C1,commodity,2223.12,1
1000101109,Categoria C2,commodity,1086.44,2
1000101110,Categoria C1,commodity,4546.72,1
1000101110,Categoria C2,commodity,2223.12,2
1000101111,Categoria C1,commodity,1802.36,1
1000101111,Categoria C2,commodity,879.2,2
1000101112,Categoria C1,commodity,3410.04,1
1000101112,Categoria C2,commodity,1667.34,2
1000101113,Categoria C1,commodity,2223.12,1
1000101113,Categoria C2,commodity,1086.44,2
1000101114,Categoria C1,commodity,2223.12,1
1000101114,Categoria C2,commodity,1086.44,2
1000101115,Categoria C1,commodity,3410.04,1
1000101115,Categoria C2,commodity,1667.34,2
1000101116,Categoria C1,commodity,2223.12,1
1000101116,Categoria C2,commodity,1086.44,2
1000101117,Categoria C1,commodity,2223.12,1
1000101117,Categoria C2,commodity,1086.44,2
1000101118,Categoria C1,commodity,2223.12,1
1000101118,Categoria C2,commodity,1086.44,2
1000101119,Categoria C1,commodity,6820.08,1
1000101119,Categoria C2,commodity,3334.68,2
1000101120,Categoria C1,commodity,3410.04,1
1000101120,Categoria C2,commodity,1667.34,2
1000101121,Categoria C1,commodity,3410.04,1
1000101121,Categoria C2,commodity,1667.34,2
1000101122,Categoria C1,commodity,3410.04,1
1000101122,Categoria C2,commodity,1667.34,2
1000101124,Categoria C1,commodity,2223.12,1
1000101124,Categoria C2,commodity,1086.44,2
1000101125,Categoria C1,commodity,0.0,1
1000101125,Categoria C2,commodity,0.0,2
1000101126,Categoria C1,commodity,2223.12,1
1000101126,Categoria C2,commodity,1086.44,2
1000101127,Categoria C1,commodity,5683.4,1
1000101127,Categoria C2,commodity,2778.9,2
1000101128,Categoria C1,commodity,4546.72,1
1000101128,Categoria C2,commodity,2223.12,2
1000101129,Categoria C1,commodity,2223.12,1
1000101129,Categoria C2,commodity,1086.44,2
1000101132,Categoria C1,commodity,4546.72,1
1000101132,Categoria C2,commodity,2223.12,2
1000101134,Categoria C1,commodity,2223.12,1
1000101134,Categoria C2,commodity,1086.44,2
1000101135,Categoria C1,commodity,2223.12,1
1000101135,Categoria C2,commodity,1086.44,2
1000101137,Categoria C1,commodity,2223.12,1
1000101137,Categoria C2,commodity,1086.44,2
1000101138,Categoria C1,commodity,2223.12,1
1000101138,Categoria C2,commodity,1086.44,2
1000101140,Categoria C1,commodity,2223.12,1
1000101140,Categoria C2,commodity,1086.44,2
1000101141,Categoria C1,commodity,1802.36,1
1000101141,Categoria C2,commodity,879.2,2
1000101142,Categoria C1,commodity,2223.12,1
1000101142,Categoria C2,commodity,1086.44,2
1000101147,Categoria C1,commodity,1802.36,1
1000101147,Categoria C2,commodity,879.2,2
1000101149,Categoria C1,commodity,1802.36,1
1000101149,Categoria C2,commodity,879.2,2
1000101150,Categoria C1,commodity,2223.12,1
1000101150,Categoria C2,commodity,1086.44,2
1000101151,Categoria C1,commodity,3410.04,1
1000101151,Categoria C2,commodity,1667.34,2
1000101152,Categoria C1,commodity,3410.04,1
1000101152,Categoria C2,commodity,1667.34,2
1000101154,Categoria C1,commodity,2223.12,1
1000101154,Categoria C2,commodity,1086.44,2
1000101155,Categoria C1,commodity,3410.04,1
1000101155,Categoria C2,commodity,1667.34,2
1000101156,Categoria C1,commodity,1802.36,1
1000101156,Categoria C2,commodity,879.2,2
1000101157,Categoria C1,commodity,2223.12,1
1000101157,Categoria C2,commodity,1086.44,2
1000101158,Categoria C1,commodity,2223.12,1
1000101158,Categoria C2,commodity,1086.44,2
1000101159,Categoria C1,commodity,2223.12,1
1000101159,Categoria C2,commodity,1086.44,2
1000101161,Categoria C1,commodity,2223.12,1
1000101161,Categoria C2,commodity,1086.44,2
1000101164,Categoria C1,commodity,2223.12,1
1000101164,Categoria C2,commodity,1086.44,2
1000101167,Categoria C1,commodity,3410.04,1
1000101167,Categoria C2,commodity,1667.34,2
1000101168,Categoria C1,commodity,2223.12,1
1000101168,Categoria C2,commodity,1086.44,2
1000101169,Categoria C1,commodity,2223.12,1
1000101169,Categoria C2,commodity,1086.44,2
1000101170,Categoria C1,commodity,2223.12,1
1000101170,Categoria C2,commodity,1086.44,2
1000101171,Categoria C1,commodity,2223.12,1
1000101171,Categoria C2,commodity,1086.44,2
1000101172,Categoria C1,commodity,2223.12,1
1000101172,Categoria C2,commodity,1086.44,2
1000101176,Categoria C1,commodity,3410.04,1
1000101176,Categoria C2,commodity,1667.34,2
1000101177,Categoria C1,commodity,3410.04,1
1000101177,Categoria C2,commodity,1667.34,2
1000101178,Categoria C1,commodity,3410.04,1
1000101178,Categoria C2,commodity,1667.34,2
1000101181,Categoria C1,commodity,2223.12,1
1000101181,Categoria C2,commodity,1086.44,2
1000101182,Categoria C1,commodity,6820.08,1
1000101182,Categoria C2,commodity,3334.68,2
1000101183,Categoria C1,commodity,2223.12,1
1000101183,Categoria C2,commodity,1086.44,2
1000101184,Categoria C1,commodity,2223.12,1
1000101184,Categoria C2,commodity,1086.44,2
1000101185,Categoria C1,commodity,3410.04,1
1000101185,Categoria C2,commodity,1667.34,2
1000101186,Categoria C1,commodity,4546.72,1
1000101186,Categoria C2,commodity,2223.12,2
1000101187,Categoria C1,commodity,2223.12,1
1000101187,Categoria C2,commodity,1086.44,2
1000101188,Categoria C1,commodity,2223.12,1
1000101188,Categoria C2,commodity,1086.44,2
1000101189,Categoria C1,commodity,3410.04,1
1000101189,Categoria C2,commodity,1667.34,2
1000101190,Categoria C1,commodity,5683.4,1
1000101190,Categoria C2,commodity,2778.9,2
1000101191,Categoria C1,commodity,5683.4,1
1000101191,Categoria C2,commodity,2778.9,2
1000101192,Categoria C1,commodity,4546.72,1
1000101192,Categoria C2,commodity,2223.12,2
1000101194,Categoria C1,commodity,4546.72,1
1000101194,Categoria C2,commodity,2223.12,2
1000101195,Categoria C1,commodity,0.0,1
1000101195,Categoria C2,commodity,0.0,2
1000101196,Categoria C1,commodity,2223.12,1
1000101196,Categoria C2,commodity,1086.44,2
1000101197,Categoria C1,commodity,3410.04,1
1000101197,Categoria C2,commodity,1667.34,2
1000101198,Categoria C1,commodity,3410.04,1
1000101198,Categoria C2,commodity,1667.34,2
1000101199,Categoria C1,commodity,4546.72,1
1000101199,Categoria C2,commodity,2223.12,2
1000101201,Categoria C1,commodity,1802.36,1
1000101201,Categoria C2,commodity,879.2,2
1000101202,Categoria C1,commodity,2223.12,1
1000101202,Categoria C2,commodity,1086.44,2
1000101203,Categoria C1,commodity,2223.12,1
1000101203,Categoria C2,commodity,1086.44,2
1000101204,Categoria C1,commodity,5683.4,1
1000101204,Categoria C2,commodity,2778.9,2
1000101207,Categoria C1,commodity,2223.12,1
1000101207,Categoria C2,commodity,1086.44,2
1000101208,Categoria C1,commodity,2223.12,1
1000101208,Categoria C2,commodity,1086.44,2
1000101209,Categoria C1,commodity,2223.12,1
1000101209,Categoria C2,commodity,1086.44,2
1000101211,Categoria C1,commodity,2223.12,1
1000101211,Categoria C2,commodity,1086.44,2
1000101212,Categoria C1,commodity,1802.36,1
1000101212,Categoria C2,commodity,879.2,2
1000101213,Categoria C1,commodity,3410.04,1
1000101213,Categoria C2,commodity,1667.34,2
1000101214,Categoria C1,commodity,1802.36,1
1000101214,Categoria C2,commodity,879.2,2
1000101215,Categoria C1,commodity,2223.12,1
1000101215,Categoria C2,commodity,1086.44,2
1000101216,Categoria C1,commodity,2223.12,1
1000101216,Categoria C2,commodity,1086.44,2
1000101217,Categoria C1,commodity,4546.72,1
1000101217,Categoria C2,commodity,2223.12,2
1000101218,Categoria C1,commodity,2223.12,1
1000101218,Categoria C2,commodity,1086.44,2
1000101219,Categoria C1,commodity,2223.12,1
1000101219,Categoria C2,commodity,1086.44,2
1000101220,Categoria C1,commodity,3410.04,1
1000101220,Categoria C2,commodity,1667.34,2
1000101221,Categoria C1,commodity,2223.12,1
1000101221,Categoria C2,commodity,1086.44,2
1000101222,Categoria C1,commodity,1802.36,1
1000101222,Categoria C2,commodity,879.2,2
1000101223,Categoria C1,commodity,2223.12,1
1000101223,Categoria C2,commodity,1086.44,2
1000101224,Categoria C1,commodity,2223.12,1
1000101224,Categoria C2,commodity,1086.44,2
1000101225,Categoria C1,commodity,3410.04,1
1000101225,Categoria C2,commodity,1667.34,2
1000101226,Categoria C1,commodity,3410.04,1
1000101226,Categoria C2,commodity,1667.34,2
1000101227,Categoria C1,commodity,1802.36,1
1000101227,Categoria C2,commodity,879.2,2
1000101229,Categoria C1,commodity,3410.04,1
1000101229,Categoria C2,commodity,1667.34,2
1000101230,Categoria C1,commodity,1802.36,1
1000101230,Categoria C2,commodity,879.2,2
1000101231,Categoria C1,commodity,2223.12,1
1000101231,Categoria C2,commodity,1086.44,2
1000101232,Categoria C1,commodity,2223.12,1
1000101232,Categoria C2,commodity,1086.44,2
1000101233,Categoria C1,commodity,2223.12,1
1000101233,Categoria C2,commodity,1086.44,2
1000101234,Categoria C1,commodity,3410.04,1
1000101234,Categoria C2,commodity,1667.34,2
1000101235,Categoria C1,commodity,4546.72,1
1000101235,Categoria C2,commodity,2223.12,2
1000101236,Categoria C1,commodity,2223.12,1
1000101236,Categoria C2,commodity,1086.44,2
1000101237,Categoria C1,commodity,3410.04,1
1000101237,Categoria C2,commodity,1667.34,2
1000101238,Categoria C1,commodity,2223.12,1
1000101238,Categoria C2,commodity,1086.44,2
1000101239,Categoria C1,commodity,2223.12,1
1000101239,Categoria C2,commodity,1086.44,2
1000101240,Categoria C1,commodity,2223.12,1
1000101240,Categoria C2,commodity,1086.44,2
1000101242,Categoria C1,commodity,2223.12,1
1000101242,Categoria C2,commodity,1086.44,2
1000101243,Categoria C1,commodity,2223.12,1
1000101243,Categoria C2,commodity,1086.44,2
1000101244,Categoria C1,commodity,0.0,1
1000101244,Categoria C2,commodity,0.0,2
1000101245,Categoria C1,commodity,2223.12,1
1000101245,Categoria C2,commodity,1086.44,2
1000101246,Categoria C1,commodity,2223.12,1
1000101246,Categoria C2,commodity,1086.44,2
1000101247,Categoria C1,commodity,3410.04,1
1000101247,Categoria C2,commodity,1667.34,2
1000101248,Categoria C1,commodity,2223.12,1
1000101248,Categoria C2,commodity,1086.44,2
1000101249,Categoria C1,commodity,2223.12,1
1000101249,Categoria C2,commodity,1086.44,2
1000101250,Categoria C1,commodity,2223.12,1
1000101250,Categoria C2,commodity,1086.44,2
1000101251,Categoria C1,commodity,2223.12,1
1000101251,Categoria C2,commodity,1086.44,2
1000101252,Categoria C1,commodity,3410.04,1
1000101252,Categoria C2,commodity,1667.34,2
1000101253,Categoria C1,commodity,2223.12,1
1000101253,Categoria C2,commodity,1086.44,2
1000101254,Categoria C1,commodity,2223.12,1
1000101254,Categoria C2,commodity,1086.44,2
1000101255,Categoria C1,commodity,2223.12,1
1000101255,Categoria C2,commodity,1086.44,2
1000101256,Categoria C1,commodity,2223.12,1
1000101256,Categoria C2,commodity,1086.44,2
1000101257,Categoria C1,commodity,2223.12,1
1000101257,Categoria C2,commodity,1086.44,2
1000101258,Categoria C1,commodity,2223.12,1
1000101258,Categoria C2,commodity,1086.44,2
1000101259,Categoria C1,commodity,0.0,1
1000101259,Categoria C2,commodity,0.0,2
1000101260,Categoria C1,commodity,2223.12,1
1000101260,Categoria C2,commodity,1086.44,2
1000101261,Categoria C1,commodity,3410.04,1
1000101261,Categoria C2,commodity,1667.34,2
1000101262,Categoria C1,commodity,2223.12,1
1000101262,Categoria C2,commodity,1086.44,2
1000101263,Categoria C1,commodity,2223.12,1
1000101263,Categoria C2,commodity,1086.44,2
1000101264,Categoria C1,commodity,2223.12,1
1000101264,Categoria C2,commodity,1086.44,2
1000101265,Categoria C1,commodity,2223.12,1
1000101265,Categoria C2,commodity,1086.44,2
1000101266,Categoria C1,commodity,2223.12,1
1000101266,Categoria C2,commodity,1086.44,2
1000101267,Categoria C1,commodity,2223.12,1
1000101267,Categoria C2,commodity,1086.44,2
1000101268,Categoria C1,commodity,2223.12,1
1000101268,Categoria C2,commodity,1086.44,2
1000101269,Categoria C1,commodity,2223.12,1
1000101269,Categoria C2,commodity,1086.44,2
1000101270,Categoria C1,commodity,2223.12,1
1000101270,Categoria C2,commodity,1086.44,2
1000101271,Categoria C1,commodity,2223.12,1
1000101271,Categoria C2,commodity,1086.44,2
1000101272,Categoria C1,commodity,2223.12,1
1000101272,Categoria C2,commodity,1086.44,2
1000101273,Categoria C1,commodity,3410.04,1
1000101273,Categoria C2,commodity,1667.34,2
1000101274,Categoria C1,commodity,2223.12,1
1000101274,Categoria C2,commodity,1086.44,2
1000101275,Categoria C1,commodity,2223.12,1
1000101275,Categoria C2,commodity,1086.44,2
1000101276,Categoria C1,commodity,2223.12,1
1000101276,Categoria C2,commodity,1086.44,2
1000101277,Categoria C1,commodity,2223.12,1
1000101277,Categoria C2,commodity,1086.44,2
1000101278,Categoria C1,commodity,2223.12,1
1000101278,Categoria C2,commodity,1086.44,2
1000101279,Categoria C1,commodity,2223.12,1
1000101279,Categoria C2,commodity,1086.44,2
1000101280,Categoria C1,commodity,3410.04,1
1000101280,Categoria C2,commodity,1667.34,2
1000101281,Categoria C1,commodity,2223.12,1
1000101281,Categoria C2,commodity,1086.44,2
1000101282,Categoria C1,commodity,2223.12,1
1000101282,Categoria C2,commodity,1086.44,2
1000101283,Categoria C1,commodity,2223.12,1
1000101283,Categoria C2,commodity,1086.44,2
1000101284,Categoria C1,commodity,2223.12,1
1000101284,Categoria C2,commodity,1086.44,2
1000101285,Categoria C1,commodity,2223.12,1
1000101285,Categoria C2,commodity,1086.44,2
1000101286,Categoria C1,commodity,0.0,1
1000101286,Categoria C2,commodity,0.0,2
1000101287,Categoria C1,commodity,2223.12,1
1000101287,Categoria C2,commodity,1086.44,2
1000101288,Categoria C1,commodity,2223.12,1
1000101288,Categoria C2,commodity,1086.44,2
1000101289,Categoria C1,commodity,2223.12,1
1000101289,Categoria C2,commodity,1086.44,2
1000101290,Categoria C1,commodity,2223.12,1
1000101290,Categoria C2,commodity,1086.44,2
1000101291,Categoria C1,commodity,2223.12,1
1000101291,Categoria C2,commodity,1086.44,2
1000101292,Categoria C1,commodity,2223.12,1
1000101292,Categoria C2,commodity,1086.44,2
1000101293,Categoria C1,commodity,2223.12,1
1000101293,Categoria C2,commodity,1086.44,2
1000101294,Categoria C1,commodity,2223.12,1
1000101294,Categoria C2,commodity,1086.44,2
1000101295,Categoria C1,commodity,2223.12,1
1000101295,Categoria C2,commodity,1086.44,2
1000101296,Categoria C1,commodity,2223.12,1
1000101296,Categoria C2,commodity,1086.44,2
1000101297,Categoria C1,commodity,0.0,1
1000101297,Categoria C2,commodity,0.0,2
1000101298,Categoria C1,commodity,2223.12,1
1000101298,Categoria C2,commodity,1086.44,2
1000101299,Categoria C1,commodity,3410.04,1
1000101299,Categoria C2,commodity,1667.34,2
1000101300,Categoria C1,commodity,3410.04,1
1000101300,Categoria C2,commodity,1667.34,2
1000101301,Categoria C1,commodity,2223.12,1
1000101301,Categoria C2,commodity,1086.44,2
1000101302,Categoria C1,commodity,2223.12,1
1000101302,Categoria C2,commodity,1086.44,2
1000101303,Categoria C1,commodity,2223.12,1
1000101303,Categoria C2,commodity,1086.44,2
1000101304,Categoria C1,commodity,2223.12,1
1000101304,Categoria C2,commodity,1086.44,2
1000101305,Categoria C1,commodity,2223.12,1
1000101305,Categoria C2,commodity,1086.44,2
1000101306,Categoria C1,commodity,2223.12,1
1000101306,Categoria C2,commodity,1086.44,2
1000101307,Categoria C1,commodity,2223.12,1
1000101307,Categoria C2,commodity,1086.44,2
1000101308,Categoria C1,commodity,2223.12,1
1000101308,Categoria C2,commodity,1086.44,2
1000101309,Categoria C1,commodity,0.0,1
1000101309,Categoria C2,commodity,0.0,2
1000101310,Categoria C1,commodity,3410.04,1
1000101310,Categoria C2,commodity,1667.34,2
1000101311,Categoria C1,commodity,3410.04,1
1000101311,Categoria C2,commodity,1667.34,2
1000101312,Categoria C1,commodity,3410.04,1
1000101312,Categoria C2,commodity,1667.34,2
1000101313,Categoria C1,commodity,3410.04,1
1000101313,Categoria C2,commodity,1667.34,2
1000101314,Categoria C1,commodity,3410.04,1
1000101314,Categoria C2,commodity,1667.34,2
1000101315,Categoria C1,commodity,3410.04,1
1000101315,Categoria C2,commodity,1667.34,2
1000101316,Categoria C1,commodity,4546.72,1
1000101316,Categoria C2,commodity,2223.12,2
1000101317,Categoria C1,commodity,3410.04,1
1000101317,Categoria C2,commodity,1667.34,2
1000101318,Categoria C1,commodity,2223.12,1
1000101318,Categoria C2,commodity,1086.44,2
1000101319,Categoria C1,commodity,3410.04,1
1000101319,Categoria C2,commodity,1667.34,2
1000101320,Categoria C1,commodity,3410.04,1
1000101320,Categoria C2,commodity,1667.34,2
1000101321,Categoria C1,commodity,2223.12,1
1000101321,Categoria C2,commodity,1086.44,2
1000101322,Categoria C1,commodity,2223.12,1
1000101322,Categoria C2,commodity,1086.44,2
1000101323,Categoria C1,commodity,2223.12,1
1000101323,Categoria C2,commodity,1086.44,2
1000101324,Categoria C1,commodity,3410.04,1
1000101324,Categoria C2,commodity,1667.34,2
1000101325,Categoria C1,commodity,2223.12,1
1000101325,Categoria C2,commodity,1086.44,2
1000101326,Categoria C1,commodity,2223.12,1
1000101326,Categoria C2,commodity,1086.44,2
1000101327,Categoria C1,commodity,2223.12,1
1000101327,Categoria C2,commodity,1086.44,2
1000101328,Categoria C1,commodity,2223.12,1
1000101328,Categoria C2,commodity,1086.44,2
1000101329,Categoria C1,commodity,2223.12,1
1000101329,Categoria C2,commodity,1086.44,2
1000101330,Categoria C1,commodity,2223.12,1
1000101330,Categoria C2,commodity,1086.44,2
1000101331,Categoria C1,commodity,2223.12,1
1000101331,Categoria C2,commodity,1086.44,2
1000101332,Categoria C1,commodity,2223.12,1
1000101332,Categoria C2,commodity,1086.44,2
1000101333,Categoria C1,commodity,2223.12,1
1000101333,Categoria C2,commodity,1086.44,2
1000101334,Categoria C1,commodity,2223.12,1
1000101334,Categoria C2,commodity,1086.44,2
1000101335,Categoria C1,commodity,2223.12,1
1000101335,Categoria C2,commodity,1086.44,2
1000101336,Categoria C1,commodity,3410.04,1
1000101336,Categoria C2,commodity,1667.34,2
1000101337,Categoria C1,commodity,2223.12,1
1000101337,Categoria C2,commodity,1086.44,2
1000101338,Categoria C1,commodity,2223.12,1
1000101338,Categoria C2,commodity,1086.44,2
1000101339,Categoria C1,commodity,2223.12,1
1000101339,Categoria C2,commodity,1086.44,2
1000101340,Categoria C1,commodity,2223.12,1
1000101340,Categoria C2,commodity,1086.44,2
1000101341,Categoria C1,commodity,2223.12,1
1000101341,Categoria C2,commodity,1086.44,2
1000101342,Categoria C1,commodity,3410.04,1
1000101342,Categoria C2,commodity,1667.34,2
1000101343,Categoria C1,commodity,2223.12,1
1000101343,Categoria C2,commodity,1086.44,2
1000101344,Categoria C1,commodity,2223.12,1
1000101344,Categoria C2,commodity,1086.44,2
1000101345,Categoria C1,commodity,0.0,1
1000101345,Categoria C2,commodity,0.0,2
1000101346,Categoria C1,commodity,2223.12,1
1000101346,Categoria C2,commodity,1086.44,2
1000101347,Categoria C1,commodity,2223.12,1
1000101347,Categoria C2,commodity,1086.44,2
1000101348,Categoria C1,commodity,2223.12,1
1000101348,Categoria C2,commodity,1086.44,2
1000101349,Categoria C1,commodity,2223.12,1
1000101349,Categoria C2,commodity,1086.44,2
1000101350,Categoria C1,commodity,3410.04,1
1000101350,Categoria C2,commodity,1667.34,2
1000101351,Categoria C1,commodity,2223.12,1
1000101351,Categoria C2,commodity,1086.44,2
1000101352,Categoria C1,commodity,2223.12,1
1000101352,Categoria C2,commodity,1086.44,2
1000101353,Categoria C1,commodity,2223.12,1
1000101353,Categoria C2,commodity,1086.44,2
1000101354,Categoria C1,commodity,2223.12,1
1000101354,Categoria C2,commodity,1086.44,2
1000101355,Categoria C1,commodity,2223.12,1
1000101355,Categoria C2,commodity,1086.44,2
1000101356,Categoria C1,commodity,2223.12,1
1000101356,Categoria C2,commodity,1086.44,2
1000101357,Categoria C1,commodity,2223.12,1
1000101357,Categoria C2,commodity,1086.44,2
1000101358,Categoria C1,commodity,2223.12,1
1000101358,Categoria C2,commodity,1086.44,2
1000101359,Categoria C1,commodity,2223.12,1
1000101359,Categoria C2,commodity,1086.44,2
1000101360,Categoria C1,commodity,2223.12,1
1000101360,Categoria C2,commodity,1086.44,2
1000101361,Categoria C1,commodity,2223.12,1
1000101361,Categoria C2,commodity,1086.44,2
1000101362,Categoria C1,commodity,3410.04,1
1000101362,Categoria C2,commodity,1667.34,2
1000101363,Categoria C1,commodity,2223.12,1
1000101363,Categoria C2,commodity,1086.44,2
1000101364,Categoria C1,commodity,2223.12,1
1000101364,Categoria C2,commodity,1086.44,2
1000101365,Categoria C1,commodity,2223.12,1
1000101365,Categoria C2,commodity,1086.44,2
1000101366,Categoria C1,commodity,2223.12,1
1000101366,Categoria C2,commodity,1086.44,2
1000101367,Categoria C1,commodity,0.0,1
1000101367,Categoria C2,commodity,0.0,2
1000101368,Categoria C1,commodity,0.0,1
1000101368,Categoria C2,commodity,0.0,2
1000101369,Categoria C1,commodity,0.0,1
1000101369,Categoria C2,commodity,0.0,2
1000101370,Categoria C1,commodity,2223.12,1
1000101370,Categoria C2,commodity,1086.44,2
1000101371,Categoria C1,commodity,2223.12,1
1000101371,Categoria C2,commodity,1086.44,2
1000101372,Categoria C1,commodity,2223.12,1
1000101372,Categoria C2,commodity,1086.44,2
1000101373,Categoria C1,commodity,4546.72,1
1000101373,Categoria C2,commodity,2223.12,2
1000101374,Categoria C1,commodity,2223.12,1
1000101374,Categoria C2,commodity,1086.44,2
1000101375,Categoria C1,commodity,2223.12,1
1000101375,Categoria C2,commodity,1086.44,2
1000101376,Categoria C1,commodity,2223.12,1
1000101376,Categoria C2,commodity,1086.44,2
1000101377,Categoria C1,commodity,2223.12,1
1000101377,Categoria C2,commodity,1086.44,2
1000101378,Categoria C1,commodity,2223.12,1
1000101378,Categoria C2,commodity,1086.44,2
1000101379,Categoria C1,commodity,2223.12,1
1000101379,Categoria C2,commodity,1086.44,2
1000101380,Categoria C1,commodity,2223.12,1
1000101380,Categoria C2,commodity,1086.44,2
1000101381,Categoria C1,commodity,2223.12,1
1000101381,Categoria C2,commodity,1086.44,2
1000101382,Categoria C1,commodity,2223.12,1
1000101382,Categoria C2,commodity,1086.44,2
1000101383,Categoria C1,commodity,2223.12,1
1000101383,Categoria C2,commodity,1086.44,2
1000101384,Categoria C1,commodity,3410.04,1
1000101384,Categoria C2,commodity,1667.34,2
1000101385,Categoria C1,commodity,2223.12,1
1000101385,Categoria C2,commodity,1086.44,2
1000101386,Categoria C1,commodity,2223.12,1
1000101386,Categoria C2,commodity,1086.44,2
1000101387,Categoria C1,commodity,2223.12,1
1000101387,Categoria C2,commodity,1086.44,2
1000101388,Categoria C1,commodity,2223.12,1
1000101388,Categoria C2,commodity,1086.44,2
1000101389,Categoria C1,commodity,2223.12,1
1000101389,Categoria C2,commodity,1086.44,2
1000101390,Categoria C1,commodity,2223.12,1
1000101390,Categoria C2,commodity,1086.44,2
1000101391,Categoria C1,commodity,2223.12,1
1000101391,Categoria C2,commodity,1086.44,2
1000101392,Categoria C1,commodity,2223.12,1
1000101392,Categoria C2,commodity,1086.44,2
1000101393,Categoria C1,commodity,2223.12,1
1000101393,Categoria C2,commodity,1086.44,2
1000101394,Categoria C1,commodity,2223.12,1
1000101394,Categoria C2,commodity,1086.44,2
1000101395,Categoria C1,commodity,3410.04,1
1000101395,Categoria C2,commodity,1667.34,2
1000101396,Categoria C1,commodity,2223.12,1
1000101396,Categoria C2,commodity,1086.44,2
1000101397,Categoria C1,commodity,2223.12,1
1000101397,Categoria C2,commodity,1086.44,2
1000101398,Categoria C1,commodity,2223.12,1
1000101398,Categoria C2,commodity,1086.44,2
1000101399,Categoria C1,commodity,3410.04,1
1000101399,Categoria C2,commodity,1667.34,2
1000101400,Categoria C1,commodity,2223.12,1
1000101400,Categoria C2,commodity,1086.44,2
1000101401,Categoria C1,commodity,0.0,1
1000101401,Categoria C2,commodity,0.0,2
1000101402,Categoria C1,commodity,2223.12,1
1000101402,Categoria C2,commodity,1086.44,2
1000101403,Categoria C1,commodity,2223.12,1
1000101403,Categoria C2,commodity,1086.44,2
1000101404,Categoria C1,commodity,2223.12,1
1000101404,Categoria C2,commodity,1086.44,2
1000101405,Categoria C1,commodity,2223.12,1
1000101405,Categoria C2,commodity,1086.44,2
1000101406,Categoria C1,commodity,2223.12,1
1000101406,Categoria C2,commodity,1086.44,2
1000101407,Categoria C1,commodity,2223.12,1
1000101407,Categoria C2,commodity,1086.44,2
1000101408,Categoria C1,commodity,2223.12,1
1000101408,Categoria C2,commodity,1086.44,2
1000101409,Categoria C1,commodity,2223.12,1
1000101409,Categoria C2,commodity,1086.44,2
1000101410,Categoria C1,commodity,2223.12,1
1000101410,Categoria C2,commodity,1086.44,2
1000101411,Categoria C1,commodity,2223.12,1
1000101411,Categoria C2,commodity,1086.44,2
1000101412,Categoria C1,commodity,2223.12,1
1000101412,Categoria C2,commodity,1086.44,2
1000101414,Categoria C1,commodity,2223.12,1
1000101414,Categoria C2,commodity,1086.44,2
1000101415,Categoria C1,commodity,2223.12,1
1000101415,Categoria C2,commodity,1086.44,2
1000101416,Categoria C1,commodity,2223.12,1
1000101416,Categoria C2,commodity,1086.44,2
1000101417,Categoria C1,commodity,2223.12,1
1000101417,Categoria C2,commodity,1086.44,2
1000101418,Categoria C1,commodity,2223.12,1
1000101418,Categoria C2,commodity,1086.44,2
1000101419,Categoria C1,commodity,2223.12,1
1000101419,Categoria C2,commodity,1086.44,2
1000101420,Categoria C1,commodity,0.0,1
1000101420,Categoria C2,commodity,0.0,2
1000101421,Categoria C1,commodity,0.0,1
1000101421,Categoria C2,commodity,0.0,2
1000101422,Categoria C1,commodity,2223.12,1
1000101422,Categoria C2,commodity,1086.44,2
1000101423,Categoria C1,commodity,2223.12,1
1000101423,Categoria C2,commodity,1086.44,2
1000101424,Categoria C1,commodity,2223.12,1
1000101424,Categoria C2,commodity,1086.44,2
1000101425,Categoria C1,commodity,2223.12,1
1000101425,Categoria C2,commodity,1086.44,2
1000101426,Categoria C1,commodity,2223.12,1
1000101426,Categoria C2,commodity,1086.44,2
1000101427,Categoria C1,commodity,2223.12,1
1000101427,Categoria C2,commodity,1086.44,2
1000101428,Categoria C1,commodity,3410.04,1
1000101428,Categoria C2,commodity,1667.34,2
1000101429,Categoria C1,commodity,1802.36,1
1000101429,Categoria C2,commodity,879.2,2
1000101430,Categoria C1,commodity,4546.72,1
1000101430,Categoria C2,commodity,2223.12,2
1000101431,Categoria C1,commodity,2223.12,1
1000101431,Categoria C2,commodity,1086.44,2
1000101432,Categoria C1,commodity,3410.04,1
1000101432,Categoria C2,commodity,1667.34,2
1000101434,Categoria C1,commodity,4546.72,1
1000101434,Categoria C2,commodity,2223.12,2
1000101435,Categoria C1,commodity,2223.12,1
1000101435,Categoria C2,commodity,1086.44,2
1000101436,Categoria C1,commodity,3410.04,1
1000101436,Categoria C2,commodity,1667.34,2
1000101437,Categoria C1,commodity,2223.12,1
1000101437,Categoria C2,commodity,1086.44,2
1000101438,Categoria C1,commodity,1802.36,1
1000101438,Categoria C2,commodity,879.2,2
1000101439,Categoria C1,commodity,1802.36,1
1000101439,Categoria C2,commodity,879.2,2
1000101440,Categoria C1,commodity,3410.04,1
1000101440,Categoria C2,commodity,1667.34,2
1000101441,Categoria C1,commodity,3410.04,1
1000101441,Categoria C2,commodity,1667.34,2
1000101442,Categoria C1,commodity,2223.12,1
1000101442,Categoria C2,commodity,1086.44,2
1000101444,Categoria C1,commodity,1802.36,1
1000101444,Categoria C2,commodity,879.2,2
1000101445,Categoria C1,commodity,1802.36,1
1000101445,Categoria C2,commodity,879.2,2
1000101446,Categoria C1,commodity,1802.36,1
1000101446,Categoria C2,commodity,879.2,2
1000101447,Categoria C1,commodity,3410.04,1
1000101447,Categoria C2,commodity,1667.34,2
1000101448,Categoria C1,commodity,2223.12,1
1000101448,Categoria C2,commodity,1086.44,2
1000101449,Categoria C1,commodity,4546.72,1
1000101449,Categoria C2,commodity,2223.12,2
1000101450,Categoria C1,commodity,1802.36,1
1000101450,Categoria C2,commodity,879.2,2
1000101451,Categoria C1,commodity,2223.12,1
1000101451,Categoria C2,commodity,1086.44,2
1000101452,Categoria C1,commodity,3410.04,1
1000101452,Categoria C2,commodity,1667.34,2
1000101453,Categoria C1,commodity,3410.04,1
1000101453,Categoria C2,commodity,1667.34,2
1000101454,Categoria C1,commodity,2223.12,1
1000101454,Categoria C2,commodity,1086.44,2
1000101455,Categoria C1,commodity,3410.04,1
1000101455,Categoria C2,commodity,1667.34,2
1000101456,Categoria C1,commodity,2223.12,1
1000101456,Categoria C2,commodity,1086.44,2
1000101458,Categoria C1,commodity,1802.36,1
1000101458,Categoria C2,commodity,879.2,2
1000101459,Categoria C1,commodity,1802.36,1
1000101459,Categoria C2,commodity,879.2,2
1000101460,Categoria C1,commodity,2223.12,1
1000101460,Categoria C2,commodity,1086.44,2
1000101461,Categoria C1,commodity,1802.36,1
1000101461,Categoria C2,commodity,879.2,2
1000101462,Categoria C1,commodity,1802.36,1
1000101462,Categoria C2,commodity,879.2,2
1000101463,Categoria C1,commodity,3410.04,1
1000101463,Categoria C2,commodity,1667.34,2
1000101464,Categoria C1,commodity,3410.04,1
1000101464,Categoria C2,commodity,1667.34,2
1000101465,Categoria C1,commodity,3410.04,1
1000101465,Categoria C2,commodity,1667.34,2
1000101466,Categoria C1,commodity,3410.04,1
1000101466,Categoria C2,commodity,1667.34,2
1000101467,Categoria C1,commodity,2223.12,1
1000101467,Categoria C2,commodity,1086.44,2
1000101468,Categoria C1,commodity,3410.04,1
1000101468,Categoria C2,commodity,1667.34,2
1000101469,Categoria C1,commodity,4546.72,1
1000101469,Categoria C2,commodity,2223.12,2
1000101471,Categoria C1,commodity,3410.04,1
1000101471,Categoria C2,commodity,1667.34,2
1000101472,Categoria C1,commodity,3410.04,1
1000101472,Categoria C2,commodity,1667.34,2
1000101473,Categoria C1,commodity,3410.04,1
1000101473,Categoria C2,commodity,1667.34,2
1000101474,Categoria C1,commodity,2223.12,1
1000101474,Categoria C2,commodity,1086.44,2
1000101475,Categoria C1,commodity,2223.12,1
1000101475,Categoria C2,commodity,1086.44,2
1000101476,Categoria C1,commodity,2223.12,1
1000101476,Categoria C2,commodity,1086.44,2
1000101477,Categoria C1,commodity,2223.12,1
1000101477,Categoria C2,commodity,1086.44,2
1000101478,Categoria C1,commodity,2223.12,1
1000101478,Categoria C2,commodity,1086.44,2
1000101479,Categoria C1,commodity,3410.04,1
1000101479,Categoria C2,commodity,1667.34,2
1000101480,Categoria C1,commodity,2223.12,1
1000101480,Categoria C2,commodity,1086.44,2
1000101481,Categoria C1,commodity,2223.12,1
1000101481,Categoria C2,commodity,1086.44,2
1000101482,Categoria C1,commodity,2223.12,1
1000101482,Categoria C2,commodity,1086.44,2
1000101484,Categoria C1,commodity,2223.12,1
1000101484,Categoria C2,commodity,1086.44,2
1000101485,Categoria C1,commodity,3410.04,1
1000101485,Categoria C2,commodity,1667.34,2
1000101486,Categoria C1,commodity,2223.12,1
1000101486,Categoria C2,commodity,1086.44,2
1000101487,Categoria C1,commodity,3410.04,1
1000101487,Categoria C2,commodity,1667.34,2
1000101488,Categoria C1,commodity,2223.12,1
1000101488,Categoria C2,commodity,1086.44,2
1000101533,Categoria C1,commodity,2223.12,1
1000101533,Categoria C2,commodity,1086.44,2
1000101534,Categoria C1,commodity,1802.36,1
1000101534,Categoria C2,commodity,879.2,2
1000101535,Categoria C1,commodity,3410.04,1
1000101535,Categoria C2,commodity,1667.34,2
1000101536,Categoria C1,commodity,4546.72,1
1000101536,Categoria C2,commodity,2223.12,2
1000101537,Categoria C1,commodity,3410.04,1
1000101537,Categoria C2,commodity,1667.34,2
1000101538,Categoria C1,commodity,2223.12,1
1000101538,Categoria C2,commodity,1086.44,2
1000101539,Categoria C1,commodity,2223.12,1
1000101539,Categoria C2,commodity,1086.44,2
1000101540,Categoria C1,commodity,2223.12,1
1000101540,Categoria C2,commodity,1086.44,2
1000101541,Categoria C1,commodity,3410.04,1
1000101541,Categoria C2,commodity,1667.34,2
1000101542,Categoria C1,commodity,3410.04,1
1000101542,Categoria C2,commodity,1667.34,2
1000101543,Categoria C1,commodity,3410.04,1
1000101543,Categoria C2,commodity,1667.34,2
1000101544,Categoria C1,commodity,3410.04,1
1000101544,Categoria C2,commodity,1667.34,2
1000101545,Categoria C1,commodity,4546.72,1
1000101545,Categoria C2,commodity,2223.12,2
1000101546,Categoria C1,commodity,2223.12,1
1000101546,Categoria C2,commodity,1086.44,2
1000101547,Categoria C1,commodity,2223.12,1
1000101547,Categoria C2,commodity,1086.44,2
1000101548,Categoria C1,commodity,1802.36,1
1000101548,Categoria C2,commodity,879.2,2
1000101549,Categoria C1,commodity,3410.04,1
1000101549,Categoria C2,commodity,1667.34,2
1000101550,Categoria C1,commodity,2223.12,1
1000101550,Categoria C2,commodity,1086.44,2
1000101551,Categoria C1,commodity,2223.12,1
1000101551,Categoria C2,commodity,1086.44,2
1000101552,Categoria C1,commodity,1802.36,1
1000101552,Categoria C2,commodity,879.2,2
1000101553,Categoria C1,commodity,3410.04,1
1000101553,Categoria C2,commodity,1667.34,2
1000101554,Categoria C1,commodity,2223.12,1
1000101554,Categoria C2,commodity,1086.44,2
1000101555,Categoria C1,commodity,3410.04,1
1000101555,Categoria C2,commodity,1667.34,2
1000101556,Categoria C1,commodity,3410.04,1
1000101556,Categoria C2,commodity,1667.34,2
1000101557,Categoria C1,commodity,3410.04,1
1000101557,Categoria C2,commodity,1667.34,2
1000101558,Categoria C1,commodity,3410.04,1
1000101558,Categoria C2,commodity,1667.34,2
1000101559,Categoria C1,commodity,2223.12,1
1000101559,Categoria C2,commodity,1086.44,2
1000101560,Categoria C1,commodity,4546.72,1
1000101560,Categoria C2,commodity,2223.12,2
1000101561,Categoria C1,commodity,1802.36,1
1000101561,Categoria C2,commodity,879.2,2
1000101562,Categoria C1,commodity,3410.04,1
1000101562,Categoria C2,commodity,1667.34,2
1000101563,Categoria C1,commodity,2223.12,1
1000101563,Categoria C2,commodity,1086.44,2
1000101564,Categoria C1,commodity,2223.12,1
1000101564,Categoria C2,commodity,1086.44,2
1000101565,Categoria C1,commodity,3410.04,1
1000101565,Categoria C2,commodity,1667.34,2
1000101567,Categoria C1,commodity,3410.04,1
1000101567,Categoria C2,commodity,1667.34,2
1000101568,Categoria C1,commodity,2223.12,1
1000101568,Categoria C2,commodity,1086.44,2
1000101569,Categoria C1,commodity,1802.36,1
1000101569,Categoria C2,commodity,879.2,2
1000101570,Categoria C1,commodity,6820.08,1
1000101570,Categoria C2,commodity,3334.68,2
1000101571,Categoria C1,commodity,2223.12,1
1000101571,Categoria C2,commodity,1086.44,2
1000101573,Categoria C1,commodity,2223.12,1
1000101573,Categoria C2,commodity,1086.44,2
1000101574,Categoria C1,commodity,2223.12,1
1000101574,Categoria C2,commodity,1086.44,2
1000101575,Categoria C1,commodity,2223.12,1
1000101575,Categoria C2,commodity,1086.44,2
1000101576,Categoria C1,commodity,2223.12,1
1000101576,Categoria C2,commodity,1086.44,2
1000101577,Categoria C1,commodity,2223.12,1
1000101577,Categoria C2,commodity,1086.44,2
1000101578,Categoria C1,commodity,3410.04,1
1000101578,Categoria C2,commodity,1667.34,2
1000101580,Categoria C1,commodity,3410.04,1
1000101580,Categoria C2,commodity,1667.34,2
1000101581,Categoria C1,commodity,2223.12,1
1000101581,Categoria C2,commodity,1086.44,2
1000101582,Categoria C1,commodity,1802.36,1
1000101582,Categoria C2,commodity,879.2,2
1000101583,Categoria C1,commodity,3410.04,1
1000101583,Categoria C2,commodity,1667.34,2
1000101584,Categoria C1,commodity,3410.04,1
1000101584,Categoria C2,commodity,1667.34,2
1000101585,Categoria C1,commodity,3410.04,1
1000101585,Categoria C2,commodity,1667.34,2
1000101586,Categoria C1,commodity,2223.12,1
1000101586,Categoria C2,commodity,1086.44,2
1000101587,Categoria C1,commodity,2223.12,1
1000101587,Categoria C2,commodity,1086.44,2
1000101588,Categoria C1,commodity,2223.12,1
1000101588,Categoria C2,commodity,1086.44,2
1000101589,Categoria C1,commodity,3410.04,1
1000101589,Categoria C2,commodity,1667.34,2
1000101590,Categoria C1,commodity,2223.12,1
1000101590,Categoria C2,commodity,1086.44,2
1000101591,Categoria C1,commodity,2223.12,1
1000101591,Categoria C2,commodity,1086.44,2
1000101592,Categoria C1,commodity,2223.12,1
1000101592,Categoria C2,commodity,1086.44,2
1000101593,Categoria C1,commodity,2223.12,1
1000101593,Categoria C2,commodity,1086.44,2
1000101595,Categoria C1,commodity,3410.04,1
1000101595,Categoria C2,commodity,1667.34,2
1000101596,Categoria C1,commodity,2223.12,1
1000101596,Categoria C2,commodity,1086.44,2
1000101597,Categoria C1,commodity,3410.04,1
1000101597,Categoria C2,commodity,1667.34,2
1000101598,Categoria C1,commodity,3410.04,1
1000101598,Categoria C2,commodity,1667.34,2
1000101599,Categoria C1,commodity,3410.04,1
1000101599,Categoria C2,commodity,1667.34,2
1000101600,Categoria C1,commodity,3410.04,1
1000101600,Categoria C2,commodity,1667.34,2
1000101601,Categoria C1,commodity,3410.04,1
1000101601,Categoria C2,commodity,1667.34,2
1000101602,Categoria C1,commodity,3410.04,1
1000101602,Categoria C2,commodity,1667.34,2
1000101603,Categoria C1,commodity,3410.04,1
1000101603,Categoria C2,commodity,1667.34,2
1000101604,Categoria C1,commodity,2223.12,1
1000101604,Categoria C2,commodity,1086.44,2
1000101606,Categoria C1,commodity,4546.72,1
1000101606,Categoria C2,commodity,2223.12,2
1000101607,Categoria C1,commodity,2223.12,1
1000101607,Categoria C2,commodity,1086.44,2
1000101608,Categoria C1,commodity,3410.04,1
1000101608,Categoria C2,commodity,1667.34,2
1000101609,Categoria C1,commodity,2223.12,1
1000101609,Categoria C2,commodity,1086.44,2
1000101610,Categoria C1,commodity,0.0,1
1000101610,Categoria C2,commodity,0.0,2
1000101611,Categoria C1,commodity,1802.36,1
1000101611,Categoria C2,commodity,879.2,2
1000101614,Categoria C1,commodity,1802.36,1
1000101614,Categoria C2,commodity,879.2,2
1000101615,Categoria C1,commodity,2223.12,1
1000101615,Categoria C2,commodity,1086.44,2
1000101616,Categoria C1,commodity,3410.04,1
1000101616,Categoria C2,commodity,1667.34,2
1000101617,Categoria C1,commodity,2223.12,1
1000101617,Categoria C2,commodity,1086.44,2
1000101618,Categoria C1,commodity,2223.12,1
1000101618,Categoria C2,commodity,1086.44,2
1000101619,Categoria C1,commodity,1802.36,1
1000101619,Categoria C2,commodity,879.2,2
1000101620,Categoria C1,commodity,2223.12,1
1000101620,Categoria C2,commodity,1086.44,2
1000101621,Categoria C1,commodity,2223.12,1
1000101621,Categoria C2,commodity,1086.44,2
1000101623,Categoria C1,commodity,2223.12,1
1000101623,Categoria C2,commodity,1086.44,2
1000101624,Categoria C1,commodity,3410.04,1
1000101624,Categoria C2,commodity,1667.34,2
1000101625,Categoria C1,commodity,2223.12,1
1000101625,Categoria C2,commodity,1086.44,2
1000101627,Categoria C1,commodity,2223.12,1
1000101627,Categoria C2,commodity,1086.44,2
1000101628,Categoria C1,commodity,1802.36,1
1000101628,Categoria C2,commodity,879.2,2
1000101629,Categoria C1,commodity,3410.04,1
1000101629,Categoria C2,commodity,1667.34,2
1000101630,Categoria C1,commodity,1802.36,1
1000101630,Categoria C2,commodity,879.2,2
1000101631,Categoria C1,commodity,3410.04,1
1000101631,Categoria C2,commodity,1667.34,2
1000101632,Categoria C1,commodity,3410.04,1
1000101632,Categoria C2,commodity,1667.34,2
1000101633,Categoria C1,commodity,3410.04,1
1000101633,Categoria C2,commodity,1667.34,2
1000101634,Categoria C1,commodity,2223.12,1
1000101634,Categoria C2,commodity,1086.44,2
1000101635,Categoria C1,commodity,4546.72,1
1000101635,Categoria C2,commodity,2223.12,2
1000101637,Categoria C1,commodity,3410.04,1
1000101637,Categoria C2,commodity,1667.34,2
1000101638,Categoria C1,commodity,4546.72,1
1000101638,Categoria C2,commodity,2223.12,2
1000101639,Categoria C1,commodity,3410.04,1
1000101639,Categoria C2,commodity,1667.34,2
1000101640,Categoria C1,commodity,2223.12,1
1000101640,Categoria C2,commodity,1086.44,2
1000101641,Categoria C1,commodity,2223.12,1
1000101641,Categoria C2,commodity,1086.44,2
1000101642,Categoria C1,commodity,3410.04,1
1000101642,Categoria C2,commodity,1667.34,2
1000101643,Categoria C1,commodity,4546.72,1
1000101643,Categoria C2,commodity,2223.12,2
1000101644,Categoria C1,commodity,2223.12,1
1000101644,Categoria C2,commodity,1086.44,2
1000101645,Categoria C1,commodity,3410.04,1
1000101645,Categoria C2,commodity,1667.34,2
1000101646,Categoria C1,commodity,2223.12,1
1000101646,Categoria C2,commodity,1086.44,2
1000101647,Categoria C1,commodity,3410.04,1
1000101647,Categoria C2,commodity,1667.34,2
1000101648,Categoria C1,commodity,3410.04,1
1000101648,Categoria C2,commodity,1667.34,2
1000101649,Categoria C1,commodity,4546.72,1
1000101649,Categoria C2,commodity,2223.12,2
1000101650,Categoria C1,commodity,0.0,1
1000101650,Categoria C2,commodity,0.0,2
1000101651,Categoria C1,commodity,2223.12,1
1000101651,Categoria C2,commodity,1086.44,2
1000101652,Categoria C1,commodity,3410.04,1
1000101652,Categoria C2,commodity,1667.34,2
1000101653,Categoria C1,commodity,3410.04,1
1000101653,Categoria C2,commodity,1667.34,2
1000101654,Categoria C1,commodity,0.0,1
1000101654,Categoria C2,commodity,0.0,2
1000101655,Categoria C1,commodity,0.0,1
1000101655,Categoria C2,commodity,0.0,2
1000101656,Categoria C1,commodity,2223.12,1
1000101656,Categoria C2,commodity,1086.44,2
1000101657,Categoria C1,commodity,2223.12,1
1000101657,Categoria C2,commodity,1086.44,2
1000101660,Categoria C1,commodity,1802.36,1
1000101660,Categoria C2,commodity,879.2,2
1000101661,Categoria C1,commodity,2223.12,1
1000101661,Categoria C2,commodity,1086.44,2
1000101662,Categoria C1,commodity,3410.04,1
1000101662,Categoria C2,commodity,1667.34,2
1000101663,Categoria C1,commodity,3410.04,1
1000101663,Categoria C2,commodity,1667.34,2
1000101664,Categoria C1,commodity,3410.04,1
1000101664,Categoria C2,commodity,1667.34,2
1000101665,Categoria C1,commodity,2223.12,1
1000101665,Categoria C2,commodity,1086.44,2
1000101666,Categoria C1,commodity,2223.12,1
1000101666,Categoria C2,commodity,1086.44,2
1000101667,Categoria C1,commodity,2223.12,1
1000101667,Categoria C2,commodity,1086.44,2
1000101668,Categoria C1,commodity,4546.72,1
1000101668,Categoria C2,commodity,2223.12,2
1000101669,Categoria C1,commodity,3410.04,1
1000101669,Categoria C2,commodity,1667.34,2
1000101670,Categoria C1,commodity,2223.12,1
1000101670,Categoria C2,commodity,1086.44,2
1000101671,Categoria C1,commodity,2223.12,1
1000101671,Categoria C2,commodity,1086.44,2
1000101672,Categoria C1,commodity,2223.12,1
1000101672,Categoria C2,commodity,1086.44,2
1000101673,Categoria C1,commodity,0.0,1
1000101673,Categoria C2,commodity,0.0,2
1000101674,Categoria C1,commodity,3410.04,1
1000101674,Categoria C2,commodity,1667.34,2
1000101675,Categoria C1,commodity,1802.36,1
1000101675,Categoria C2,commodity,879.2,2
1000101676,Categoria C1,commodity,2223.12,1
1000101676,Categoria C2,commodity,1086.44,2
1000101677,Categoria C1,commodity,2223.12,1
1000101677,Categoria C2,commodity,1086.44,2
1000101678,Categoria C1,commodity,3410.04,1
1000101678,Categoria C2,commodity,1667.34,2
1000101679,Categoria C1,commodity,3410.04,1
1000101679,Categoria C2,commodity,1667.34,2
1000101681,Categoria C1,commodity,2223.12,1
1000101681,Categoria C2,commodity,1086.44,2
1000101682,Categoria C1,commodity,2223.12,1
1000101682,Categoria C2,commodity,1086.44,2
1000101683,Categoria C1,commodity,3410.04,1
1000101683,Categoria C2,commodity,1667.34,2
1000101684,Categoria C1,commodity,4546.72,1
1000101684,Categoria C2,commodity,2223.12,2
1000101685,Categoria C1,commodity,1802.36,1
1000101685,Categoria C2,commodity,879.2,2
1000101686,Categoria C1,commodity,2223.12,1
1000101686,Categoria C2,commodity,1086.44,2
1000101687,Categoria C1,commodity,3410.04,1
1000101687,Categoria C2,commodity,1667.34,2
1000101688,Categoria C1,commodity,3410.04,1
1000101688,Categoria C2,commodity,1667.34,2
1000101689,Categoria C1,commodity,3410.04,1
1000101689,Categoria C2,commodity,1667.34,2
1000101690,Categoria C1,commodity,2223.12,1
1000101690,Categoria C2,commodity,1086.44,2
1000101691,Categoria C1,commodity,3410.04,1
1000101691,Categoria C2,commodity,1667.34,2
1000101693,Categoria C1,commodity,2223.12,1
1000101693,Categoria C2,commodity,1086.44,2
1000101694,Categoria C1,commodity,1802.36,1
1000101694,Categoria C2,commodity,879.2,2
1000101695,Categoria C1,commodity,2223.12,1
1000101695,Categoria C2,commodity,1086.44,2
1000101696,Categoria C1,commodity,3410.04,1
1000101696,Categoria C2,commodity,1667.34,2
1000101697,Categoria C1,commodity,4546.72,1
1000101697,Categoria C2,commodity,2223.12,2
1000101698,Categoria C1,commodity,2223.12,1
1000101698,Categoria C2,commodity,1086.44,2
1000101699,Categoria C1,commodity,2223.12,1
1000101699,Categoria C2,commodity,1086.44,2
1000101700,Categoria C1,commodity,1802.36,1
1000101700,Categoria C2,commodity,879.2,2
1000101701,Categoria C1,commodity,3410.04,1
1000101701,Categoria C2,commodity,1667.34,2
1000101702,Categoria C1,commodity,3410.04,1
1000101702,Categoria C2,commodity,1667.34,2
1000101703,Categoria C1,commodity,3410.04,1
1000101703,Categoria C2,commodity,1667.34,2
1000101705,Categoria C1,commodity,2223.12,1
1000101705,Categoria C2,commodity,1086.44,2
1000101706,Categoria C1,commodity,3410.04,1
1000101706,Categoria C2,commodity,1667.34,2
1000101707,Categoria C1,commodity,4546.72,1
1000101707,Categoria C2,commodity,2223.12,2
1000101708,Categoria C1,commodity,2223.12,1
1000101708,Categoria C2,commodity,1086.44,2
1000101709,Categoria C1,commodity,3410.04,1
1000101709,Categoria C2,commodity,1667.34,2
1000101711,Categoria C1,commodity,3410.04,1
1000101711,Categoria C2,commodity,1667.34,2
1000101712,Categoria C1,commodity,3410.04,1
1000101712,Categoria C2,commodity,1667.34,2
1000101713,Categoria C1,commodity,2223.12,1
1000101713,Categoria C2,commodity,1086.44,2
1000101714,Categoria C1,commodity,2223.12,1
1000101714,Categoria C2,commodity,1086.44,2
1000101715,Categoria C1,commodity,3410.04,1
1000101715,Categoria C2,commodity,1667.34,2
1000101716,Categoria C1,commodity,1802.36,1
1000101716,Categoria C2,commodity,879.2,2
1000101717,Categoria C1,commodity,2223.12,1
1000101717,Categoria C2,commodity,1086.44,2
1000101718,Categoria C1,commodity,2223.12,1
1000101718,Categoria C2,commodity,1086.44,2
1000101719,Categoria C1,commodity,3410.04,1
1000101719,Categoria C2,commodity,1667.34,2
1000101720,Categoria C1,commodity,2223.12,1
1000101720,Categoria C2,commodity,1086.44,2
1000101722,Categoria C1,commodity,2223.12,1
1000101722,Categoria C2,commodity,1086.44,2
1000101723,Categoria C1,commodity,3410.04,1
1000101723,Categoria C2,commodity,1667.34,2
1000101724,Categoria C1,commodity,3410.04,1
1000101724,Categoria C2,commodity,1667.34,2
1000101725,Categoria C1,commodity,2223.12,1
1000101725,Categoria C2,commodity,1086.44,2
1000101726,Categoria C1,commodity,3410.04,1
1000101726,Categoria C2,commodity,1667.34,2
1000101727,Categoria C1,commodity,2223.12,1
1000101727,Categoria C2,commodity,1086.44,2
1000101728,Categoria C1,commodity,3410.04,1
1000101728,Categoria C2,commodity,1667.34,2
1000101729,Categoria C1,commodity,3410.04,1
1000101729,Categoria C2,commodity,1667.34,2
1000101730,Categoria C1,commodity,3410.04,1
1000101730,Categoria C2,commodity,1667.34,2
1000101731,Categoria C1,commodity,3410.04,1
1000101731,Categoria C2,commodity,1667.34,2
1000101732,Categoria C1,commodity,2223.12,1
1000101732,Categoria C2,commodity,1086.44,2
1000101733,Categoria C1,commodity,2223.12,1
1000101733,Categoria C2,commodity,1086.44,2
1000101734,Categoria C1,commodity,2223.12,1
1000101734,Categoria C2,commodity,1086.44,2
1000101735,Categoria C1,commodity,3410.04,1
1000101735,Categoria C2,commodity,1667.34,2
1000101736,Categoria C1,commodity,3410.04,1
1000101736,Categoria C2,commodity,1667.34,2
1000101737,Categoria C1,commodity,3410.04,1
1000101737,Categoria C2,commodity,1667.34,2
1000101738,Categoria C1,commodity,4546.72,1
1000101738,Categoria C2,commodity,2223.12,2
1000101739,Categoria C1,commodity,3410.04,1
1000101739,Categoria C2,commodity,1667.34,2
1000101740,Categoria C1,commodity,2223.12,1
1000101740,Categoria C2,commodity,1086.44,2
1000101741,Categoria C1,commodity,4546.72,1
1000101741,Categoria C2,commodity,2223.12,2
1000101742,Categoria C1,commodity,2223.12,1
1000101742,Categoria C2,commodity,1086.44,2
1000101743,Categoria C1,commodity,3410.04,1
1000101743,Categoria C2,commodity,1667.34,2
1000101744,Categoria C1,commodity,2223.12,1
1000101744,Categoria C2,commodity,1086.44,2
1000101745,Categoria C1,commodity,4546.72,1
1000101745,Categoria C2,commodity,2223.12,2
1000101746,Categoria C1,commodity,2223.12,1
1000101746,Categoria C2,commodity,1086.44,2
1000101748,Categoria C1,commodity,3410.04,1
1000101748,Categoria C2,commodity,1667.34,2
1000101749,Categoria C1,commodity,2223.12,1
1000101749,Categoria C2,commodity,1086.44,2
1000101750,Categoria C1,commodity,2223.12,1
1000101750,Categoria C2,commodity,1086.44,2
1000101751,Categoria C1,commodity,2223.12,1
1000101751,Categoria C2,commodity,1086.44,2
1000101753,Categoria C1,commodity,2223.12,1
1000101753,Categoria C2,commodity,1086.44,2
1000101754,Categoria C1,commodity,3410.04,1
1000101754,Categoria C2,commodity,1667.34,2
1000101755,Categoria C1,commodity,3410.04,1
1000101755,Categoria C2,commodity,1667.34,2
1000101756,Categoria C1,commodity,0.0,1
1000101756,Categoria C2,commodity,0.0,2
1000101757,Categoria C1,commodity,3410.04,1
1000101757,Categoria C2,commodity,1667.34,2
1000101758,Categoria C1,commodity,2223.12,1
1000101758,Categoria C2,commodity,1086.44,2
1000101759,Categoria C1,commodity,2223.12,1
1000101759,Categoria C2,commodity,1086.44,2
1000101760,Categoria C1,commodity,3410.04,1
1000101760,Categoria C2,commodity,1667.34,2
1000101761,Categoria C1,commodity,3410.04,1
1000101761,Categoria C2,commodity,1667.34,2
1000101762,Categoria C1,commodity,3410.04,1
1000101762,Categoria C2,commodity,1667.34,2
1000101763,Categoria C1,commodity,1802.36,1
1000101763,Categoria C2,commodity,879.2,2
1000101764,Categoria C1,commodity,4546.72,1
1000101764,Categoria C2,commodity,2223.12,2
1000101765,Categoria C1,commodity,1802.36,1
1000101765,Categoria C2,commodity,879.2,2
1000101766,Categoria C1,commodity,4546.72,1
1000101766,Categoria C2,commodity,2223.12,2
1000101767,Categoria C1,commodity,2223.12,1
1000101767,Categoria C2,commodity,1086.44,2
1000101768,Categoria C1,commodity,2223.12,1
1000101768,Categoria C2,commodity,1086.44,2
1000101769,Categoria C1,commodity,3410.04,1
1000101769,Categoria C2,commodity,1667.34,2
1000101770,Categoria C1,commodity,3410.04,1
1000101770,Categoria C2,commodity,1667.34,2
1000101771,Categoria C1,commodity,2223.12,1
1000101771,Categoria C2,commodity,1086.44,2
1000101772,Categoria C1,commodity,2223.12,1
1000101772,Categoria C2,commodity,1086.44,2
1000101774,Categoria C1,commodity,4546.72,1
1000101774,Categoria C2,commodity,2223.12,2
1000101775,Categoria C1,commodity,2223.12,1
1000101775,Categoria C2,commodity,1086.44,2
1000101776,Categoria C1,commodity,2223.12,1
1000101776,Categoria C2,commodity,1086.44,2
1000101778,Categoria C1,commodity,2223.12,1
1000101778,Categoria C2,commodity,1086.44,2
1000101779,Categoria C1,commodity,1802.36,1
1000101779,Categoria C2,commodity,879.2,2
1000101780,Categoria C1,commodity,2223.12,1
1000101780,Categoria C2,commodity,1086.44,2
1000101781,Categoria C1,commodity,4546.72,1
1000101781,Categoria C2,commodity,2223.12,2
1000101782,Categoria C1,commodity,3410.04,1
1000101782,Categoria C2,commodity,1667.34,2
1000101783,Categoria C1,commodity,1802.36,1
1000101783,Categoria C2,commodity,879.2,2
1000101784,Categoria C1,commodity,2223.12,1
1000101784,Categoria C2,commodity,1086.44,2
1000101785,Categoria C1,commodity,2223.12,1
1000101785,Categoria C2,commodity,1086.44,2
1000101787,Categoria C1,commodity,2223.12,1
1000101787,Categoria C2,commodity,1086.44,2
1000101788,Categoria C1,commodity,4546.72,1
1000101788,Categoria C2,commodity,2223.12,2
1000101789,Categoria C1,commodity,2223.12,1
1000101789,Categoria C2,commodity,1086.44,2
1000101790,Categoria C1,commodity,2223.12,1
1000101790,Categoria C2,commodity,1086.44,2
1000101791,Categoria C1,commodity,3410.04,1
1000101791,Categoria C2,commodity,1667.34,2
1000101792,Categoria C1,commodity,1802.36,1
1000101792,Categoria C2,commodity,879.2,2
1000101793,Categoria C1,commodity,2223.12,1
1000101793,Categoria C2,commodity,1086.44,2
1000101794,Categoria C1,commodity,3410.04,1
1000101794,Categoria C2,commodity,1667.34,2
1000101795,Categoria C1,commodity,3410.04,1
1000101795,Categoria C2,commodity,1667.34,2
1000101796,Categoria C1,commodity,3410.04,1
1000101796,Categoria C2,commodity,1667.34,2
1000101797,Categoria C1,commodity,0.0,1
1000101797,Categoria C2,commodity,0.0,2
1000101799,Categoria C1,commodity,2223.12,1
1000101799,Categoria C2,commodity,1086.44,2
1000101800,Categoria C1,commodity,2223.12,1
1000101800,Categoria C2,commodity,1086.44,2
1000101801,Categoria C1,commodity,3410.04,1
1000101801,Categoria C2,commodity,1667.34,2
1000101802,Categoria C1,commodity,2223.12,1
1000101802,Categoria C2,commodity,1086.44,2
1000101803,Categoria C1,commodity,2223.12,1
1000101803,Categoria C2,commodity,1086.44,2
1000101804,Categoria C1,commodity,3410.04,1
1000101804,Categoria C2,commodity,1667.34,2
1000101805,Categoria C1,commodity,2223.12,1
1000101805,Categoria C2,commodity,1086.44,2
1000101807,Categoria C1,commodity,3410.04,1
1000101807,Categoria C2,commodity,1667.34,2
1000101808,Categoria C1,commodity,4546.72,1
1000101808,Categoria C2,commodity,2223.12,2
1000101809,Categoria C1,commodity,4546.72,1
1000101809,Categoria C2,commodity,2223.12,2
1000101810,Categoria C1,commodity,3410.04,1
1000101810,Categoria C2,commodity,1667.34,2
1000101811,Categoria C1,commodity,1802.36,1
1000101811,Categoria C2,commodity,879.2,2
1000101812,Categoria C1,commodity,2223.12,1
1000101812,Categoria C2,commodity,1086.44,2
1000101814,Categoria C1,commodity,1802.36,1
1000101814,Categoria C2,commodity,879.2,2
1000101815,Categoria C1,commodity,2223.12,1
1000101815,Categoria C2,commodity,1086.44,2
1000101817,Categoria C1,commodity,5683.4,1
1000101817,Categoria C2,commodity,2778.9,2
1000101818,Categoria C1,commodity,2223.12,1
1000101818,Categoria C2,commodity,1086.44,2
1000101819,Categoria C1,commodity,1802.36,1
1000101819,Categoria C2,commodity,879.2,2
1000101820,Categoria C1,commodity,1802.36,1
1000101820,Categoria C2,commodity,879.2,2
1000101821,Categoria C1,commodity,1802.36,1
1000101821,Categoria C2,commodity,879.2,2
1000101822,Categoria C1,commodity,2223.12,1
1000101822,Categoria C2,commodity,1086.44,2
1000101823,Categoria C1,commodity,1802.36,1
1000101823,Categoria C2,commodity,879.2,2
1000101824,Categoria C1,commodity,1802.36,1
1000101824,Categoria C2,commodity,879.2,2
1000101825,Categoria C1,commodity,3410.04,1
1000101825,Categoria C2,commodity,1667.34,2
1000101826,Categoria C1,commodity,2223.12,1
1000101826,Categoria C2,commodity,1086.44,2
1000101827,Categoria C1,commodity,1802.36,1
1000101827,Categoria C2,commodity,879.2,2
1000101828,Categoria C1,commodity,2223.12,1
1000101828,Categoria C2,commodity,1086.44,2
1000101829,Categoria C1,commodity,2223.12,1
1000101829,Categoria C2,commodity,1086.44,2
1000101830,Categoria C1,commodity,3410.04,1
1000101830,Categoria C2,commodity,1667.34,2
1000101831,Categoria C1,commodity,2223.12,1
1000101831,Categoria C2,commodity,1086.44,2
1000101832,Categoria C1,commodity,2223.12,1
1000101832,Categoria C2,commodity,1086.44,2
1000101833,Categoria C1,commodity,4546.72,1
1000101833,Categoria C2,commodity,2223.12,2
1000101834,Categoria C1,commodity,3410.04,1
1000101834,Categoria C2,commodity,1667.34,2
1000101835,Categoria C1,commodity,2223.12,1
1000101835,Categoria C2,commodity,1086.44,2
1000101836,Categoria C1,commodity,2223.12,1
1000101836,Categoria C2,commodity,1086.44,2
1000101837,Categoria C1,commodity,3410.04,1
1000101837,Categoria C2,commodity,1667.34,2
1000101838,Categoria C1,commodity,3410.04,1
1000101838,Categoria C2,commodity,1667.34,2
1000101839,Categoria C1,commodity,3410.04,1
1000101839,Categoria C2,commodity,1667.34,2
1000101840,Categoria C1,commodity,2223.12,1
1000101840,Categoria C2,commodity,1086.44,2
1000101841,Categoria C1,commodity,2223.12,1
1000101841,Categoria C2,commodity,1086.44,2
1000101842,Categoria C1,commodity,0.0,1
1000101842,Categoria C2,commodity,0.0,2
1000101843,Categoria C1,commodity,0.0,1
1000101843,Categoria C2,commodity,0.0,2
1000101844,Categoria C1,commodity,2223.12,1
1000101844,Categoria C2,commodity,1086.44,2
1000101845,Categoria C1,commodity,3410.04,1
1000101845,Categoria C2,commodity,1667.34,2
1000101846,Categoria C1,commodity,2223.12,1
1000101846,Categoria C2,commodity,1086.44,2
1000101847,Categoria C1,commodity,2223.12,1
1000101847,Categoria C2,commodity,1086.44,2
1000101848,Categoria C1,commodity,2223.12,1
1000101848,Categoria C2,commodity,1086.44,2
1000101849,Categoria C1,commodity,1802.36,1
1000101849,Categoria C2,commodity,879.2,2
1000101850,Categoria C1,commodity,4546.72,1
1000101850,Categoria C2,commodity,2223.12,2
1000101852,Categoria C1,commodity,2223.12,1
1000101852,Categoria C2,commodity,1086.44,2
1000101853,Categoria C1,commodity,3410.04,1
1000101853,Categoria C2,commodity,1667.34,2
1000101856,Categoria C1,commodity,3410.04,1
1000101856,Categoria C2,commodity,1667.34,2
1000101857,Categoria C1,commodity,2223.12,1
1000101857,Categoria C2,commodity,1086.44,2
1000101858,Categoria C1,commodity,2223.12,1
1000101858,Categoria C2,commodity,1086.44,2
1000101859,Categoria C1,commodity,3410.04,1
1000101859,Categoria C2,commodity,1667.34,2
1000101860,Categoria C1,commodity,2223.12,1
1000101860,Categoria C2,commodity,1086.44,2
1000101861,Categoria C1,commodity,3410.04,1
1000101861,Categoria C2,commodity,1667.34,2
1000101862,Categoria C1,commodity,2223.12,1
1000101862,Categoria C2,commodity,1086.44,2
1000101863,Categoria C1,commodity,2223.12,1
1000101863,Categoria C2,commodity,1086.44,2
1000101864,Categoria C1,commodity,1802.36,1
1000101864,Categoria C2,commodity,879.2,2
1000101865,Categoria C1,commodity,3410.04,1
1000101865,Categoria C2,commodity,1667.34,2
1000101866,Categoria C1,commodity,2223.12,1
1000101866,Categoria C2,commodity,1086.44,2
1000101867,Categoria C1,commodity,3410.04,1
1000101867,Categoria C2,commodity,1667.34,2
1000101868,Categoria C1,commodity,3410.04,1
1000101868,Categoria C2,commodity,1667.34,2
1000101869,Categoria C1,commodity,2223.12,1
1000101869,Categoria C2,commodity,1086.44,2
1000101870,Categoria C1,commodity,2223.12,1
1000101870,Categoria C2,commodity,1086.44,2
1000101871,Categoria C1,commodity,3410.04,1
1000101871,Categoria C2,commodity,1667.34,2
1000101873,Categoria C1,commodity,2223.12,1
1000101873,Categoria C2,commodity,1086.44,2
1000101874,Categoria C1,commodity,2223.12,1
1000101874,Categoria C2,commodity,1086.44,2
1000101875,Categoria C1,commodity,2223.12,1
1000101875,Categoria C2,commodity,1086.44,2
1000101876,Categoria C1,commodity,2223.12,1
1000101876,Categoria C2,commodity,1086.44,2
1000101877,Categoria C1,commodity,3410.04,1
1000101877,Categoria C2,commodity,1667.34,2
1000101878,Categoria C1,commodity,3410.04,1
1000101878,Categoria C2,commodity,1667.34,2
1000101879,Categoria C1,commodity,2223.12,1
1000101879,Categoria C2,commodity,1086.44,2
1000101880,Categoria C1,commodity,2223.12,1
1000101880,Categoria C2,commodity,1086.44,2
1000101881,Categoria C1,commodity,2223.12,1
1000101881,Categoria C2,commodity,1086.44,2
1000101882,Categoria C1,commodity,1802.36,1
1000101882,Categoria C2,commodity,879.2,2
1000101883,Categoria C1,commodity,4546.72,1
1000101883,Categoria C2,commodity,2223.12,2
1000101884,Categoria C1,commodity,2223.12,1
1000101884,Categoria C2,commodity,1086.44,2
1000101885,Categoria C1,commodity,3410.04,1
1000101885,Categoria C2,commodity,1667.34,2
1000101886,Categoria C1,commodity,4546.72,1
1000101886,Categoria C2,commodity,2223.12,2
1000101887,Categoria C1,commodity,3410.04,1
1000101887,Categoria C2,commodity,1667.34,2
1000101888,Categoria C1,commodity,3410.04,1
1000101888,Categoria C2,commodity,1667.34,2
1000101890,Categoria C1,commodity,2223.12,1
1000101890,Categoria C2,commodity,1086.44,2
1000101891,Categoria C1,commodity,2223.12,1
1000101891,Categoria C2,commodity,1086.44,2
1000101892,Categoria C1,commodity,4546.72,1
1000101892,Categoria C2,commodity,2223.12,2
1000101894,Categoria C1,commodity,2223.12,1
1000101894,Categoria C2,commodity,1086.44,2
1000101895,Categoria C1,commodity,3410.04,1
1000101895,Categoria C2,commodity,1667.34,2
1000101896,Categoria C1,commodity,3410.04,1
1000101896,Categoria C2,commodity,1667.34,2
1000101897,Categoria C1,commodity,2223.12,1
1000101897,Categoria C2,commodity,1086.44,2
1000101898,Categoria C1,commodity,3410.04,1
1000101898,Categoria C2,commodity,1667.34,2
1000101899,Categoria C1,commodity,3410.04,1
1000101899,Categoria C2,commodity,1667.34,2
1000101900,Categoria C1,commodity,3410.04,1
1000101900,Categoria C2,commodity,1667.34,2
1000101902,Categoria C1,commodity,3410.04,1
1000101902,Categoria C2,commodity,1667.34,2
1000101903,Categoria C1,commodity,2223.12,1
1000101903,Categoria C2,commodity,1086.44,2
1000101905,Categoria C1,commodity,1802.36,1
1000101905,Categoria C2,commodity,879.2,2
1000101906,Categoria C1,commodity,3410.04,1
1000101906,Categoria C2,commodity,1667.34,2
1000101907,Categoria C1,commodity,3410.04,1
1000101907,Categoria C2,commodity,1667.34,2
1000101908,Categoria C1,commodity,2223.12,1
1000101908,Categoria C2,commodity,1086.44,2
1000101910,Categoria C1,commodity,2223.12,1
1000101910,Categoria C2,commodity,1086.44,2
1000101911,Categoria C1,commodity,4546.72,1
1000101911,Categoria C2,commodity,2223.12,2
1000101912,Categoria C1,commodity,2223.12,1
1000101912,Categoria C2,commodity,1086.44,2
1000101913,Categoria C1,commodity,3410.04,1
1000101913,Categoria C2,commodity,1667.34,2
1000101915,Categoria C1,commodity,3410.04,1
1000101915,Categoria C2,commodity,1667.34,2
1000101916,Categoria C1,commodity,3410.04,1
1000101916,Categoria C2,commodity,1667.34,2
1000101917,Categoria C1,commodity,1802.36,1
1000101917,Categoria C2,commodity,879.2,2
1000101918,Categoria C1,commodity,3410.04,1
1000101918,Categoria C2,commodity,1667.34,2
1000101919,Categoria C1,commodity,2223.12,1
1000101919,Categoria C2,commodity,1086.44,2
1000101920,Categoria C1,commodity,2223.12,1
1000101920,Categoria C2,commodity,1086.44,2
1000101921,Categoria C1,commodity,2223.12,1
1000101921,Categoria C2,commodity,1086.44,2
1000101922,Categoria C1,commodity,3410.04,1
1000101922,Categoria C2,commodity,1667.34,2
1000101925,Categoria C1,commodity,3410.04,1
1000101925,Categoria C2,commodity,1667.34,2
1000101926,Categoria C1,commodity,2223.12,1
1000101926,Categoria C2,commodity,1086.44,2
1000101927,Categoria C1,commodity,3410.04,1
1000101927,Categoria C2,commodity,1667.34,2
1000101928,Categoria C1,commodity,3410.04,1
1000101928,Categoria C2,commodity,1667.34,2
1000101929,Categoria C1,commodity,2223.12,1
1000101929,Categoria C2,commodity,1086.44,2
1000101930,Categoria C1,commodity,3410.04,1
1000101930,Categoria C2,commodity,1667.34,2
1000101931,Categoria C1,commodity,2223.12,1
1000101931,Categoria C2,commodity,1086.44,2
1000101932,Categoria C1,commodity,2223.12,1
1000101932,Categoria C2,commodity,1086.44,2
1000101933,Categoria C1,commodity,2223.12,1
1000101933,Categoria C2,commodity,1086.44,2
1000101934,Categoria C1,commodity,3410.04,1
1000101934,Categoria C2,commodity,1667.34,2
1000101935,Categoria C1,commodity,2223.12,1
1000101935,Categoria C2,commodity,1086.44,2
1000101936,Categoria C1,commodity,2223.12,1
1000101936,Categoria C2,commodity,1086.44,2
1000101937,Categoria C1,commodity,4546.72,1
1000101937,Categoria C2,commodity,2223.12,2
1000101938,Categoria C1,commodity,3410.04,1
1000101938,Categoria C2,commodity,1667.34,2
1000101939,Categoria C1,commodity,2223.12,1
1000101939,Categoria C2,commodity,1086.44,2
1000101940,Categoria C1,commodity,3410.04,1
1000101940,Categoria C2,commodity,1667.34,2
1000101941,Categoria C1,commodity,2223.12,1
1000101941,Categoria C2,commodity,1086.44,2
1000101942,Categoria C1,commodity,3410.04,1
1000101942,Categoria C2,commodity,1667.34,2
1000101943,Categoria C1,commodity,1802.36,1
1000101943,Categoria C2,commodity,879.2,2
1000101944,Categoria C1,commodity,2223.12,1
1000101944,Categoria C2,commodity,1086.44,2
1000101945,Categoria C1,commodity,4546.72,1
1000101945,Categoria C2,commodity,2223.12,2
1000101946,Categoria C1,commodity,2223.12,1
1000101946,Categoria C2,commodity,1086.44,2
1000101947,Categoria C1,commodity,3410.04,1
1000101947,Categoria C2,commodity,1667.34,2
1000101948,Categoria C1,commodity,2223.12,1
1000101948,Categoria C2,commodity,1086.44,2
1000101949,Categoria C1,commodity,5683.4,1
1000101949,Categoria C2,commodity,2778.9,2
1000101950,Categoria C1,commodity,3410.04,1
1000101950,Categoria C2,commodity,1667.34,2
1000101951,Categoria C1,commodity,2223.12,1
1000101951,Categoria C2,commodity,1086.44,2
1000101952,Categoria C1,commodity,3410.04,1
1000101952,Categoria C2,commodity,1667.34,2
1000101953,Categoria C1,commodity,3410.04,1
1000101953,Categoria C2,commodity,1667.34,2
1000101954,Categoria C1,commodity,3410.04,1
1000101954,Categoria C2,commodity,1667.34,2
1000101955,Categoria C1,commodity,2223.12,1
1000101955,Categoria C2,commodity,1086.44,2
1000101956,Categoria C1,commodity,2223.12,1
1000101956,Categoria C2,commodity,1086.44,2
1000101957,Categoria C1,commodity,3410.04,1
1000101957,Categoria C2,commodity,1667.34,2
1000101958,Categoria C1,commodity,2223.12,1
1000101958,Categoria C2,commodity,1086.44,2
1000101959,Categoria C1,commodity,2223.12,1
1000101959,Categoria C2,commodity,1086.44,2
1000101960,Categoria C1,commodity,4546.72,1
1000101960,Categoria C2,commodity,2223.12,2
1000101961,Categoria C1,commodity,3410.04,1
1000101961,Categoria C2,commodity,1667.34,2
1000101962,Categoria C1,commodity,1802.36,1
1000101962,Categoria C2,commodity,879.2,2
1000101963,Categoria C1,commodity,3410.04,1
1000101963,Categoria C2,commodity,1667.34,2
1000101964,Categoria C1,commodity,2223.12,1
1000101964,Categoria C2,commodity,1086.44,2
1000101965,Categoria C1,commodity,3410.04,1
1000101965,Categoria C2,commodity,1667.34,2
1000101966,Categoria C1,commodity,4546.72,1
1000101966,Categoria C2,commodity,2223.12,2
1000101967,Categoria C1,commodity,3410.04,1
1000101967,Categoria C2,commodity,1667.34,2
1000101968,Categoria C1,commodity,3410.04,1
1000101968,Categoria C2,commodity,1667.34,2
1000101969,Categoria C1,commodity,3410.04,1
1000101969,Categoria C2,commodity,1667.34,2
1000101970,Categoria C1,commodity,3410.04,1
1000101970,Categoria C2,commodity,1667.34,2
1000101971,Categoria C1,commodity,3410.04,1
1000101971,Categoria C2,commodity,1667.34,2
1000101972,Categoria C1,commodity,1802.36,1
1000101972,Categoria C2,commodity,879.2,2
1000101973,Categoria C1,commodity,3410.04,1
1000101973,Categoria C2,commodity,1667.34,2
1000101974,Categoria C1,commodity,2223.12,1
1000101974,Categoria C2,commodity,1086.44,2
1000101975,Categoria C1,commodity,3410.04,1
1000101975,Categoria C2,commodity,1667.34,2
1000101976,Categoria C1,commodity,3410.04,1
1000101976,Categoria C2,commodity,1667.34,2
1000101977,Categoria C1,commodity,3410.04,1
1000101977,Categoria C2,commodity,1667.34,2
1000101978,Categoria C1,commodity,3410.04,1
1000101978,Categoria C2,commodity,1667.34,2
1000101979,Categoria C1,commodity,3410.04,1
1000101979,Categoria C2,commodity,1667.34,2
1000101980,Categoria C1,commodity,2223.12,1
1000101980,Categoria C2,commodity,1086.44,2
1000101981,Categoria C1,commodity,3410.04,1
1000101981,Categoria C2,commodity,1667.34,2
1000101982,Categoria C1,commodity,3410.04,1
1000101982,Categoria C2,commodity,1667.34,2
1000101983,Categoria C1,commodity,3410.04,1
1000101983,Categoria C2,commodity,1667.34,2
1000101984,Categoria C1,commodity,2223.12,1
1000101984,Categoria C2,commodity,1086.44,2
1000101985,Categoria C1,commodity,3410.04,1
1000101985,Categoria C2,commodity,1667.34,2
1000101986,Categoria C1,commodity,2223.12,1
1000101986,Categoria C2,commodity,1086.44,2
1000101988,Categoria C1,commodity,0.0,1
1000101988,Categoria C2,commodity,0.0,2
1000101989,Categoria C1,commodity,1802.36,1
1000101989,Categoria C2,commodity,879.2,2
1000101990,Categoria C1,commodity,4546.72,1
1000101990,Categoria C2,commodity,2223.12,2
1000101991,Categoria C1,commodity,3410.04,1
1000101991,Categoria C2,commodity,1667.34,2
1000101992,Categoria C1,commodity,3410.04,1
1000101992,Categoria C2,commodity,1667.34,2
1000101993,Categoria C1,commodity,2223.12,1
1000101993,Categoria C2,commodity,1086.44,2
1000101994,Categoria C1,commodity,1802.36,1
1000101994,Categoria C2,commodity,879.2,2
1000101995,Categoria C1,commodity,1802.36,1
1000101995,Categoria C2,commodity,879.2,2
1000101996,Categoria C1,commodity,2223.12,1
1000101996,Categoria C2,commodity,1086.44,2
1000101997,Categoria C1,commodity,3410.04,1
1000101997,Categoria C2,commodity,1667.34,2
1000101998,Categoria C1,commodity,3410.04,1
1000101998,Categoria C2,commodity,1667.34,2
1000101999,Categoria C1,commodity,2223.12,1
1000101999,Categoria C2,commodity,1086.44,2
1000102000,Categoria C1,commodity,3410.04,1
1000102000,Categoria C2,commodity,1667.34,2
1000102001,Categoria C1,commodity,2223.12,1
1000102001,Categoria C2,commodity,1086.44,2
1000102002,Categoria C1,commodity,1802.36,1
1000102002,Categoria C2,commodity,879.2,2
1000102003,Categoria C1,commodity,3410.04,1
1000102003,Categoria C2,commodity,1667.34,2
1000102004,Categoria C1,commodity,1802.36,1
1000102004,Categoria C2,commodity,879.2,2
1000102005,Categoria C1,commodity,2223.12,1
1000102005,Categoria C2,commodity,1086.44,2
1000102007,Categoria C1,commodity,2223.12,1
1000102007,Categoria C2,commodity,1086.44,2
1000102008,Categoria C1,commodity,5683.4,1
1000102008,Categoria C2,commodity,2778.9,2
1000102009,Categoria C1,commodity,2223.12,1
1000102009,Categoria C2,commodity,1086.44,2
1000102010,Categoria C1,commodity,1802.36,1
1000102010,Categoria C2,commodity,879.2,2
1000102011,Categoria C1,commodity,3410.04,1
1000102011,Categoria C2,commodity,1667.34,2
1000102012,Categoria C1,commodity,0.0,1
1000102012,Categoria C2,commodity,0.0,2
1000102013,Categoria C1,commodity,3410.04,1
1000102013,Categoria C2,commodity,1667.34,2
1000102016,Categoria C1,commodity,3410.04,1
1000102016,Categoria C2,commodity,1667.34,2
1000102017,Categoria C1,commodity,2223.12,1
1000102017,Categoria C2,commodity,1086.44,2
1000102018,Categoria C1,commodity,2223.12,1
1000102018,Categoria C2,commodity,1086.44,2
1000102019,Categoria C1,commodity,2223.12,1
1000102019,Categoria C2,commodity,1086.44,2
1000102020,Categoria C1,commodity,2223.12,1
1000102020,Categoria C2,commodity,1086.44,2
1000102021,Categoria C1,commodity,2223.12,1
1000102021,Categoria C2,commodity,1086.44,2
1000102022,Categoria C1,commodity,4546.72,1
1000102022,Categoria C2,commodity,2223.12,2
1000102023,Categoria C1,commodity,3410.04,1
1000102023,Categoria C2,commodity,1667.34,2
1000102025,Categoria C1,commodity,4546.72,1
1000102025,Categoria C2,commodity,2223.12,2
1000102026,Categoria C1,commodity,2223.12,1
1000102026,Categoria C2,commodity,1086.44,2
1000102027,Categoria C1,commodity,2223.12,1
1000102027,Categoria C2,commodity,1086.44,2
1000102028,Categoria C1,commodity,2223.12,1
1000102028,Categoria C2,commodity,1086.44,2
1000102029,Categoria C1,commodity,4546.72,1
1000102029,Categoria C2,commodity,2223.12,2
1000102030,Categoria C1,commodity,3410.04,1
1000102030,Categoria C2,commodity,1667.34,2
1000102031,Categoria C1,commodity,3410.04,1
1000102031,Categoria C2,commodity,1667.34,2
1000102032,Categoria C1,commodity,1802.36,1
1000102032,Categoria C2,commodity,879.2,2
1000102034,Categoria C1,commodity,3410.04,1
1000102034,Categoria C2,commodity,1667.34,2
1000102035,Categoria C1,commodity,2223.12,1
1000102035,Categoria C2,commodity,1086.44,2
1000102036,Categoria C1,commodity,2223.12,1
1000102036,Categoria C2,commodity,1086.44,2
1000102037,Categoria C1,commodity,2223.12,1
1000102037,Categoria C2,commodity,1086.44,2
1000102038,Categoria C1,commodity,2223.12,1
1000102038,Categoria C2,commodity,1086.44,2
1000102039,Categoria C1,commodity,3410.04,1
1000102039,Categoria C2,commodity,1667.34,2
1000102040,Categoria C1,commodity,2223.12,1
1000102040,Categoria C2,commodity,1086.44,2
1000102041,Categoria C1,commodity,4546.72,1
1000102041,Categoria C2,commodity,2223.12,2
1000102042,Categoria C1,commodity,3410.04,1
1000102042,Categoria C2,commodity,1667.34,2
1000102043,Categoria C1,commodity,3410.04,1
1000102043,Categoria C2,commodity,1667.34,2
1000102044,Categoria C1,commodity,3410.04,1
1000102044,Categoria C2,commodity,1667.34,2
1000102045,Categoria C1,commodity,1802.36,1
1000102045,Categoria C2,commodity,879.2,2
1000102046,Categoria C1,commodity,3410.04,1
1000102046,Categoria C2,commodity,1667.34,2
1000102047,Categoria C1,commodity,2223.12,1
1000102047,Categoria C2,commodity,1086.44,2
1000102048,Categoria C1,commodity,1802.36,1
1000102048,Categoria C2,commodity,879.2,2
1000102049,Categoria C1,commodity,3410.04,1
1000102049,Categoria C2,commodity,1667.34,2
1000102051,Categoria C1,commodity,3410.04,1
1000102051,Categoria C2,commodity,1667.34,2
1000102052,Categoria C1,commodity,3410.04,1
1000102052,Categoria C2,commodity,1667.34,2
1000102053,Categoria C1,commodity,3410.04,1
1000102053,Categoria C2,commodity,1667.34,2
1000102055,Categoria C1,commodity,2223.12,1
1000102055,Categoria C2,commodity,1086.44,2
1000102056,Categoria C1,commodity,3410.04,1
1000102056,Categoria C2,commodity,1667.34,2
1000102057,Categoria C1,commodity,4546.72,1
1000102057,Categoria C2,commodity,2223.12,2
1000102058,Categoria C1,commodity,3410.04,1
1000102058,Categoria C2,commodity,1667.34,2
1000102059,Categoria C1,commodity,3410.04,1
1000102059,Categoria C2,commodity,1667.34,2
1000102060,Categoria C1,commodity,2223.12,1
1000102060,Categoria C2,commodity,1086.44,2
1000102061,Categoria C1,commodity,2223.12,1
1000102061,Categoria C2,commodity,1086.44,2
1000102062,Categoria C1,commodity,3410.04,1
1000102062,Categoria C2,commodity,1667.34,2
1000102063,Categoria C1,commodity,0.0,1
1000102063,Categoria C2,commodity,0.0,2
1000102064,Categoria C1,commodity,2223.12,1
1000102064,Categoria C2,commodity,1086.44,2
1000102065,Categoria C1,commodity,2223.12,1
1000102065,Categoria C2,commodity,1086.44,2
1000102066,Categoria C1,commodity,3410.04,1
1000102066,Categoria C2,commodity,1667.34,2
1000102067,Categoria C1,commodity,3410.04,1
1000102067,Categoria C2,commodity,1667.34,2
1000102068,Categoria C1,commodity,12503.48,1
1000102068,Categoria C2,commodity,6113.58,2
1000102069,Categoria C1,commodity,2223.12,1
1000102069,Categoria C2,commodity,1086.44,2
1000102070,Categoria C1,commodity,3410.04,1
1000102070,Categoria C2,commodity,1667.34,2
1000102071,Categoria C1,commodity,1802.36,1
1000102071,Categoria C2,commodity,879.2,2
1000102072,Categoria C1,commodity,2223.12,1
1000102072,Categoria C2,commodity,1086.44,2
1000102074,Categoria C1,commodity,3410.04,1
1000102074,Categoria C2,commodity,1667.34,2
1000102075,Categoria C1,commodity,2223.12,1
1000102075,Categoria C2,commodity,1086.44,2
1000102076,Categoria C1,commodity,2223.12,1
1000102076,Categoria C2,commodity,1086.44,2
1000102077,Categoria C1,commodity,0.0,1
1000102077,Categoria C2,commodity,0.0,2
1000102078,Categoria C1,commodity,0.0,1
1000102078,Categoria C2,commodity,0.0,2
1000102079,Categoria C1,commodity,2223.12,1
1000102079,Categoria C2,commodity,1086.44,2
1000102080,Categoria C1,commodity,1802.36,1
1000102080,Categoria C2,commodity,879.2,2
1000102081,Categoria C1,commodity,3410.04,1
1000102081,Categoria C2,commodity,1667.34,2
1000102083,Categoria C1,commodity,6820.08,1
1000102083,Categoria C2,commodity,3334.68,2
1000102084,Categoria C1,commodity,3410.04,1
1000102084,Categoria C2,commodity,1667.34,2
1000102085,Categoria C1,commodity,1802.36,1
1000102085,Categoria C2,commodity,879.2,2
1000102086,Categoria C1,commodity,2223.12,1
1000102086,Categoria C2,commodity,1086.44,2
1000102088,Categoria C1,commodity,2223.12,1
1000102088,Categoria C2,commodity,1086.44,2
1000102089,Categoria C1,commodity,3410.04,1
1000102089,Categoria C2,commodity,1667.34,2
1000102090,Categoria C1,commodity,3410.04,1
1000102090,Categoria C2,commodity,1667.34,2
1000102091,Categoria C1,commodity,3410.04,1
1000102091,Categoria C2,commodity,1667.34,2
1000102092,Categoria C1,commodity,1802.36,1
1000102092,Categoria C2,commodity,879.2,2
1000102093,Categoria C1,commodity,3410.04,1
1000102093,Categoria C2,commodity,1667.34,2
1000102094,Categoria C1,commodity,2223.12,1
1000102094,Categoria C2,commodity,1086.44,2
1000102095,Categoria C1,commodity,2223.12,1
1000102095,Categoria C2,commodity,1086.44,2
1000102096,Categoria C1,commodity,2223.12,1
1000102096,Categoria C2,commodity,1086.44,2
1000102097,Categoria C1,commodity,4546.72,1
1000102097,Categoria C2,commodity,2223.12,2
1000102098,Categoria C1,commodity,4546.72,1
1000102098,Categoria C2,commodity,2223.12,2
1000102100,Categoria C1,commodity,3410.04,1
1000102100,Categoria C2,commodity,1667.34,2
1000102101,Categoria C1,commodity,2223.12,1
1000102101,Categoria C2,commodity,1086.44,2
1000102102,Categoria C1,commodity,3410.04,1
1000102102,Categoria C2,commodity,1667.34,2
1000102103,Categoria C1,commodity,1802.36,1
1000102103,Categoria C2,commodity,879.2,2
1000102104,Categoria C1,commodity,2223.12,1
1000102104,Categoria C2,commodity,1086.44,2
1000102105,Categoria C1,commodity,2223.12,1
1000102105,Categoria C2,commodity,1086.44,2
1000102106,Categoria C1,commodity,3410.04,1
1000102106,Categoria C2,commodity,1667.34,2
1000102107,Categoria C1,commodity,3410.04,1
1000102107,Categoria C2,commodity,1667.34,2
1000102108,Categoria C1,commodity,2223.12,1
1000102108,Categoria C2,commodity,1086.44,2
1000102111,Categoria C1,commodity,1802.36,1
1000102111,Categoria C2,commodity,879.2,2
1000102112,Categoria C1,commodity,2223.12,1
1000102112,Categoria C2,commodity,1086.44,2
1000102113,Categoria C1,commodity,4546.72,1
1000102113,Categoria C2,commodity,2223.12,2
1000102115,Categoria C1,commodity,2223.12,1
1000102115,Categoria C2,commodity,1086.44,2
1000102116,Categoria C1,commodity,2223.12,1
1000102116,Categoria C2,commodity,1086.44,2
1000102117,Categoria C1,commodity,1802.36,1
1000102117,Categoria C2,commodity,879.2,2
1000102118,Categoria C1,commodity,2223.12,1
1000102118,Categoria C2,commodity,1086.44,2
1000102119,Categoria C1,commodity,2223.12,1
1000102119,Categoria C2,commodity,1086.44,2
1000102120,Categoria C1,commodity,2223.12,1
1000102120,Categoria C2,commodity,1086.44,2
1000102121,Categoria C1,commodity,3410.04,1
1000102121,Categoria C2,commodity,1667.34,2
1000102122,Categoria C1,commodity,2223.12,1
1000102122,Categoria C2,commodity,1086.44,2
1000102123,Categoria C1,commodity,3410.04,1
1000102123,Categoria C2,commodity,1667.34,2
1000102125,Categoria C1,commodity,3410.04,1
1000102125,Categoria C2,commodity,1667.34,2
1000102126,Categoria C1,commodity,3410.04,1
1000102126,Categoria C2,commodity,1667.34,2
1000102127,Categoria C1,commodity,2223.12,1
1000102127,Categoria C2,commodity,1086.44,2
1000102128,Categoria C1,commodity,2223.12,1
1000102128,Categoria C2,commodity,1086.44,2
1000102129,Categoria C1,commodity,1802.36,1
1000102129,Categoria C2,commodity,879.2,2
1000102131,Categoria C1,commodity,3410.04,1
1000102131,Categoria C2,commodity,1667.34,2
1000102132,Categoria C1,commodity,2223.12,1
1000102132,Categoria C2,commodity,1086.44,2
1000102133,Categoria C1,commodity,2223.12,1
1000102133,Categoria C2,commodity,1086.44,2
1000102134,Categoria C1,commodity,3410.04,1
1000102134,Categoria C2,commodity,1667.34,2
1000102135,Categoria C1,commodity,2223.12,1
1000102135,Categoria C2,commodity,1086.44,2
1000102136,Categoria C1,commodity,2223.12,1
1000102136,Categoria C2,commodity,1086.44,2
1000102137,Categoria C1,commodity,2223.12,1
1000102137,Categoria C2,commodity,1086.44,2
1000102138,Categoria C1,commodity,3410.04,1
1000102138,Categoria C2,commodity,1667.34,2
1000102139,Categoria C1,commodity,1802.36,1
1000102139,Categoria C2,commodity,879.2,2
1000102140,Categoria C1,commodity,1802.36,1
1000102140,Categoria C2,commodity,879.2,2
1000102141,Categoria C1,commodity,2223.12,1
1000102141,Categoria C2,commodity,1086.44,2
1000102142,Categoria C1,commodity,2223.12,1
1000102142,Categoria C2,commodity,1086.44,2
1000102143,Categoria C1,commodity,3410.04,1
1000102143,Categoria C2,commodity,1667.34,2
1000102144,Categoria C1,commodity,3410.04,1
1000102144,Categoria C2,commodity,1667.34,2
1000102145,Categoria C1,commodity,3410.04,1
1000102145,Categoria C2,commodity,1667.34,2
1000102147,Categoria C1,commodity,2223.12,1
1000102147,Categoria C2,commodity,1086.44,2
1000102148,Categoria C1,commodity,2223.12,1
1000102148,Categoria C2,commodity,1086.44,2
1000102150,Categoria C1,commodity,1802.36,1
1000102150,Categoria C2,commodity,879.2,2
1000102152,Categoria C1,commodity,2223.12,1
1000102152,Categoria C2,commodity,1086.44,2
1000102153,Categoria C1,commodity,2223.12,1
1000102153,Categoria C2,commodity,1086.44,2
1000102154,Categoria C1,commodity,2223.12,1
1000102154,Categoria C2,commodity,1086.44,2
1000102155,Categoria C1,commodity,3410.04,1
1000102155,Categoria C2,commodity,1667.34,2
1000102156,Categoria C1,commodity,2223.12,1
1000102156,Categoria C2,commodity,1086.44,2
1000102157,Categoria C1,commodity,2223.12,1
1000102157,Categoria C2,commodity,1086.44,2
1000102159,Categoria C1,commodity,2223.12,1
1000102159,Categoria C2,commodity,1086.44,2
1000102160,Categoria C1,commodity,2223.12,1
1000102160,Categoria C2,commodity,1086.44,2
1000102161,Categoria C1,commodity,2223.12,1
1000102161,Categoria C2,commodity,1086.44,2
1000102162,Categoria C1,commodity,4546.72,1
1000102162,Categoria C2,commodity,2223.12,2
1000102163,Categoria C1,commodity,0.0,1
1000102163,Categoria C2,commodity,0.0,2
1000102164,Categoria C1,commodity,2223.12,1
1000102164,Categoria C2,commodity,1086.44,2
1000102165,Categoria C1,commodity,2223.12,1
1000102165,Categoria C2,commodity,1086.44,2
1000102166,Categoria C1,commodity,3410.04,1
1000102166,Categoria C2,commodity,1667.34,2
1000102167,Categoria C1,commodity,2223.12,1
1000102167,Categoria C2,commodity,1086.44,2
1000102168,Categoria C1,commodity,3410.04,1
1000102168,Categoria C2,commodity,1667.34,2
1000102169,Categoria C1,commodity,3410.04,1
1000102169,Categoria C2,commodity,1667.34,2
1000102170,Categoria C1,commodity,3410.04,1
1000102170,Categoria C2,commodity,1667.34,2
1000102171,Categoria C1,commodity,3410.04,1
1000102171,Categoria C2,commodity,1667.34,2
1000102172,Categoria C1,commodity,3410.04,1
1000102172,Categoria C2,commodity,1667.34,2
1000102174,Categoria C1,commodity,3410.04,1
1000102174,Categoria C2,commodity,1667.34,2
1000102175,Categoria C1,commodity,2223.12,1
1000102175,Categoria C2,commodity,1086.44,2
1000102176,Categoria C1,commodity,3410.04,1
1000102176,Categoria C2,commodity,1667.34,2
1000102177,Categoria C1,commodity,0.0,1
1000102177,Categoria C2,commodity,0.0,2
1000102178,Categoria C1,commodity,3410.04,1
1000102178,Categoria C2,commodity,1667.34,2
1000102179,Categoria C1,commodity,3410.04,1
1000102179,Categoria C2,commodity,1667.34,2
1000102180,Categoria C1,commodity,2223.12,1
1000102180,Categoria C2,commodity,1086.44,2
1000102182,Categoria C1,commodity,3410.04,1
1000102182,Categoria C2,commodity,1667.34,2
1000102183,Categoria C1,commodity,1802.36,1
1000102183,Categoria C2,commodity,879.2,2
1000102184,Categoria C1,commodity,2223.12,1
1000102184,Categoria C2,commodity,1086.44,2
1000102185,Categoria C1,commodity,4546.72,1
1000102185,Categoria C2,commodity,2223.12,2
1000102186,Categoria C1,commodity,4546.72,1
1000102186,Categoria C2,commodity,2223.12,2
1000102187,Categoria C1,commodity,2223.12,1
1000102187,Categoria C2,commodity,1086.44,2
1000102188,Categoria C1,commodity,2223.12,1
1000102188,Categoria C2,commodity,1086.44,2
1000102189,Categoria C1,commodity,1802.36,1
1000102189,Categoria C2,commodity,879.2,2
1000102190,Categoria C1,commodity,1802.36,1
1000102190,Categoria C2,commodity,879.2,2
1000102191,Categoria C1,commodity,3410.04,1
1000102191,Categoria C2,commodity,1667.34,2
1000102192,Categoria C1,commodity,0.0,1
1000102192,Categoria C2,commodity,0.0,2
1000102193,Categoria C1,commodity,3410.04,1
1000102193,Categoria C2,commodity,1667.34,2
1000102194,Categoria C1,commodity,1802.36,1
1000102194,Categoria C2,commodity,879.2,2
1000102195,Categoria C1,commodity,0.0,1
1000102195,Categoria C2,commodity,0.0,2
1000102196,Categoria C1,commodity,3410.04,1
1000102196,Categoria C2,commodity,1667.34,2
1000102197,Categoria C1,commodity,2223.12,1
1000102197,Categoria C2,commodity,1086.44,2
1000102198,Categoria C1,commodity,4546.72,1
1000102198,Categoria C2,commodity,2223.12,2
1000102199,Categoria C1,commodity,2223.12,1
1000102199,Categoria C2,commodity,1086.44,2
1000102200,Categoria C1,commodity,2223.12,1
1000102200,Categoria C2,commodity,1086.44,2
1000102202,Categoria C1,commodity,2223.12,1
1000102202,Categoria C2,commodity,1086.44,2
1000102203,Categoria C1,commodity,2223.12,1
1000102203,Categoria C2,commodity,1086.44,2
1000102204,Categoria C1,commodity,4546.72,1
1000102204,Categoria C2,commodity,2223.12,2
1000102205,Categoria C1,commodity,2223.12,1
1000102205,Categoria C2,commodity,1086.44,2
1000102206,Categoria C1,commodity,3410.04,1
1000102206,Categoria C2,commodity,1667.34,2
1000102207,Categoria C1,commodity,2223.12,1
1000102207,Categoria C2,commodity,1086.44,2
1000102208,Categoria C1,commodity,2223.12,1
1000102208,Categoria C2,commodity,1086.44,2
1000102209,Categoria C1,commodity,2223.12,1
1000102209,Categoria C2,commodity,1086.44,2
1000102210,Categoria C1,commodity,2223.12,1
1000102210,Categoria C2,commodity,1086.44,2
1000102212,Categoria C1,commodity,2223.12,1
1000102212,Categoria C2,commodity,1086.44,2
1000102213,Categoria C1,commodity,1802.36,1
1000102213,Categoria C2,commodity,879.2,2
1000102214,Categoria C1,commodity,3410.04,1
1000102214,Categoria C2,commodity,1667.34,2
1000102215,Categoria C1,commodity,3410.04,1
1000102215,Categoria C2,commodity,1667.34,2
1000102216,Categoria C1,commodity,0.0,1
1000102216,Categoria C2,commodity,0.0,2
1000102217,Categoria C1,commodity,2223.12,1
1000102217,Categoria C2,commodity,1086.44,2
1000102218,Categoria C1,commodity,2223.12,1
1000102218,Categoria C2,commodity,1086.44,2
1000102219,Categoria C1,commodity,2223.12,1
1000102219,Categoria C2,commodity,1086.44,2
1000102220,Categoria C1,commodity,2223.12,1
1000102220,Categoria C2,commodity,1086.44,2
1000102222,Categoria C1,commodity,0.0,1
1000102222,Categoria C2,commodity,0.0,2
1000102223,Categoria C1,commodity,2223.12,1
1000102223,Categoria C2,commodity,1086.44,2
1000102224,Categoria C1,commodity,3410.04,1
1000102224,Categoria C2,commodity,1667.34,2
1000102225,Categoria C1,commodity,5683.4,1
1000102225,Categoria C2,commodity,2778.9,2
1000102226,Categoria C1,commodity,3410.04,1
1000102226,Categoria C2,commodity,1667.34,2
1000102227,Categoria C1,commodity,7956.76,1
1000102227,Categoria C2,commodity,3890.46,2
1000102228,Categoria C1,commodity,2223.12,1
1000102228,Categoria C2,commodity,1086.44,2
1000102229,Categoria C1,commodity,0.0,1
1000102229,Categoria C2,commodity,0.0,2
1000102230,Categoria C1,commodity,3410.04,1
1000102230,Categoria C2,commodity,1667.34,2
1000102231,Categoria C1,commodity,2223.12,1
1000102231,Categoria C2,commodity,1086.44,2
1000102232,Categoria C1,commodity,3410.04,1
1000102232,Categoria C2,commodity,1667.34,2
1000102233,Categoria C1,commodity,2223.12,1
1000102233,Categoria C2,commodity,1086.44,2
1000102234,Categoria C1,commodity,3410.04,1
1000102234,Categoria C2,commodity,1667.34,2
1000102235,Categoria C1,commodity,2223.12,1
1000102235,Categoria C2,commodity,1086.44,2
1000102236,Categoria C1,commodity,2223.12,1
1000102236,Categoria C2,commodity,1086.44,2
1000102237,Categoria C1,commodity,4546.72,1
1000102237,Categoria C2,commodity,2223.12,2
1000102238,Categoria C1,commodity,3410.04,1
1000102238,Categoria C2,commodity,1667.34,2
1000102239,Categoria C1,commodity,2223.12,1
1000102239,Categoria C2,commodity,1086.44,2
1000102240,Categoria C1,commodity,3410.04,1
1000102240,Categoria C2,commodity,1667.34,2
1000102241,Categoria C1,commodity,3410.04,1
1000102241,Categoria C2,commodity,1667.34,2
1000102242,Categoria C1,commodity,0.0,1
1000102242,Categoria C2,commodity,0.0,2
1000102243,Categoria C1,commodity,2223.12,1
1000102243,Categoria C2,commodity,1086.44,2
1000102244,Categoria C1,commodity,2223.12,1
1000102244,Categoria C2,commodity,1086.44,2
1000102245,Categoria C1,commodity,2223.12,1
1000102245,Categoria C2,commodity,1086.44,2
1000102246,Categoria C1,commodity,0.0,1
1000102246,Categoria C2,commodity,0.0,2
1000102247,Categoria C1,commodity,0.0,1
1000102247,Categoria C2,commodity,0.0,2
1000102248,Categoria C1,commodity,2223.12,1
1000102248,Categoria C2,commodity,1086.44,2
1000102249,Categoria C1,commodity,2223.12,1
1000102249,Categoria C2,commodity,1086.44,2
1000102250,Categoria C1,commodity,2223.12,1
1000102250,Categoria C2,commodity,1086.44,2
1000102251,Categoria C1,commodity,2223.12,1
1000102251,Categoria C2,commodity,1086.44,2
1000102252,Categoria C1,commodity,0.0,1
1000102252,Categoria C2,commodity,0.0,2
1000102253,Categoria C1,commodity,0.0,1
1000102253,Categoria C2,commodity,0.0,2
1000102254,Categoria C1,commodity,0.0,1
1000102254,Categoria C2,commodity,0.0,2
1000102256,Categoria C1,commodity,2223.12,1
1000102256,Categoria C2,commodity,1086.44,2
1000102257,Categoria C1,commodity,2223.12,1
1000102257,Categoria C2,commodity,1086.44,2
1000102258,Categoria C1,commodity,1802.36,1
1000102258,Categoria C2,commodity,879.2,2
1000102259,Categoria C1,commodity,3410.04,1
1000102259,Categoria C2,commodity,1667.34,2
1000102260,Categoria C1,commodity,1802.36,1
1000102260,Categoria C2,commodity,879.2,2
1000102261,Categoria C1,commodity,2223.12,1
1000102261,Categoria C2,commodity,1086.44,2
1000102262,Categoria C1,commodity,2223.12,1
1000102262,Categoria C2,commodity,1086.44,2
1000102263,Categoria C1,commodity,2223.12,1
1000102263,Categoria C2,commodity,1086.44,2
1000102264,Categoria C1,commodity,2223.12,1
1000102264,Categoria C2,commodity,1086.44,2
1000102265,Categoria C1,commodity,2223.12,1
1000102265,Categoria C2,commodity,1086.44,2
1000102266,Categoria C1,commodity,2223.12,1
1000102266,Categoria C2,commodity,1086.44,2
1000102267,Categoria C1,commodity,3410.04,1
1000102267,Categoria C2,commodity,1667.34,2
1000102268,Categoria C1,commodity,2223.12,1
1000102268,Categoria C2,commodity,1086.44,2
1000102269,Categoria C1,commodity,3410.04,1
1000102269,Categoria C2,commodity,1667.34,2
1000102270,Categoria C1,commodity,3410.04,1
1000102270,Categoria C2,commodity,1667.34,2
1000102271,Categoria C1,commodity,0.0,1
1000102271,Categoria C2,commodity,0.0,2
1000102272,Categoria C1,commodity,2223.12,1
1000102272,Categoria C2,commodity,1086.44,2
1000102273,Categoria C1,commodity,1802.36,1
1000102273,Categoria C2,commodity,879.2,2
1000102274,Categoria C1,commodity,3410.04,1
1000102274,Categoria C2,commodity,1667.34,2
1000102275,Categoria C1,commodity,2223.12,1
1000102275,Categoria C2,commodity,1086.44,2
1000102276,Categoria C1,commodity,3410.04,1
1000102276,Categoria C2,commodity,1667.34,2
1000102277,Categoria C1,commodity,3410.04,1
1000102277,Categoria C2,commodity,1667.34,2
1000102278,Categoria C1,commodity,5683.4,1
1000102278,Categoria C2,commodity,2778.9,2
1000102279,Categoria C1,commodity,2223.12,1
1000102279,Categoria C2,commodity,1086.44,2
1000102280,Categoria C1,commodity,2223.12,1
1000102280,Categoria C2,commodity,1086.44,2
1000102281,Categoria C1,commodity,3410.04,1
1000102281,Categoria C2,commodity,1667.34,2
1000102282,Categoria C1,commodity,1802.36,1
1000102282,Categoria C2,commodity,879.2,2
1000102283,Categoria C1,commodity,3410.04,1
1000102283,Categoria C2,commodity,1667.34,2
1000102284,Categoria C1,commodity,2223.12,1
1000102284,Categoria C2,commodity,1086.44,2
1000102285,Categoria C1,commodity,2223.12,1
1000102285,Categoria C2,commodity,1086.44,2
1000102286,Categoria C1,commodity,1802.36,1
1000102286,Categoria C2,commodity,879.2,2
1000102288,Categoria C1,commodity,4546.72,1
1000102288,Categoria C2,commodity,2223.12,2
1000102290,Categoria C1,commodity,3410.04,1
1000102290,Categoria C2,commodity,1667.34,2
1000102291,Categoria C1,commodity,3410.04,1
1000102291,Categoria C2,commodity,1667.34,2
1000102292,Categoria C1,commodity,2223.12,1
1000102292,Categoria C2,commodity,1086.44,2
1000102293,Categoria C1,commodity,2223.12,1
1000102293,Categoria C2,commodity,1086.44,2
1000102294,Categoria C1,commodity,4546.72,1
1000102294,Categoria C2,commodity,2223.12,2
1000102295,Categoria C1,commodity,2223.12,1
1000102295,Categoria C2,commodity,1086.44,2
1000102296,Categoria C1,commodity,2223.12,1
1000102296,Categoria C2,commodity,1086.44,2
1000102297,Categoria C1,commodity,2223.12,1
1000102297,Categoria C2,commodity,1086.44,2
1000102298,Categoria C1,commodity,2223.12,1
1000102298,Categoria C2,commodity,1086.44,2
1000102299,Categoria C1,commodity,0.0,1
1000102299,Categoria C2,commodity,0.0,2
1000102301,Categoria C1,commodity,3410.04,1
1000102301,Categoria C2,commodity,1667.34,2
1000102302,Categoria C1,commodity,1802.36,1
1000102302,Categoria C2,commodity,879.2,2
1000102303,Categoria C1,commodity,5683.4,1
1000102303,Categoria C2,commodity,2778.9,2
1000102304,Categoria C1,commodity,3410.04,1
1000102304,Categoria C2,commodity,1667.34,2
1000102305,Categoria C1,commodity,2223.12,1
1000102305,Categoria C2,commodity,1086.44,2
1000102307,Categoria C1,commodity,2223.12,1
1000102307,Categoria C2,commodity,1086.44,2
1000102308,Categoria C1,commodity,6820.08,1
1000102308,Categoria C2,commodity,3334.68,2
1000102309,Categoria C1,commodity,4546.72,1
1000102309,Categoria C2,commodity,2223.12,2
1000102310,Categoria C1,commodity,3410.04,1
1000102310,Categoria C2,commodity,1667.34,2
1000102311,Categoria C1,commodity,1802.36,1
1000102311,Categoria C2,commodity,879.2,2
1000102312,Categoria C1,commodity,3410.04,1
1000102312,Categoria C2,commodity,1667.34,2
1000102313,Categoria C1,commodity,0.0,1
1000102313,Categoria C2,commodity,0.0,2
1000102314,Categoria C1,commodity,2223.12,1
1000102314,Categoria C2,commodity,1086.44,2
1000102315,Categoria C1,commodity,2223.12,1
1000102315,Categoria C2,commodity,1086.44,2
1000102316,Categoria C1,commodity,1802.36,1
1000102316,Categoria C2,commodity,879.2,2
1000102317,Categoria C1,commodity,3410.04,1
1000102317,Categoria C2,commodity,1667.34,2
1000102318,Categoria C1,commodity,1802.36,1
1000102318,Categoria C2,commodity,879.2,2
1000102319,Categoria C1,commodity,3410.04,1
1000102319,Categoria C2,commodity,1667.34,2
1000102320,Categoria C1,commodity,0.0,1
1000102320,Categoria C2,commodity,0.0,2
1000102321,Categoria C1,commodity,3410.04,1
1000102321,Categoria C2,commodity,1667.34,2
1000102322,Categoria C1,commodity,1802.36,1
1000102322,Categoria C2,commodity,879.2,2
1000102323,Categoria C1,commodity,0.0,1
1000102323,Categoria C2,commodity,0.0,2
1000102324,Categoria C1,commodity,1802.36,1
1000102324,Categoria C2,commodity,879.2,2
1000102325,Categoria C1,commodity,3410.04,1
1000102325,Categoria C2,commodity,1667.34,2
1000102326,Categoria C1,commodity,2223.12,1
1000102326,Categoria C2,commodity,1086.44,2
1000102327,Categoria C1,commodity,2223.12,1
1000102327,Categoria C2,commodity,1086.44,2
1000102328,Categoria C1,commodity,1802.36,1
1000102328,Categoria C2,commodity,879.2,2
1000102329,Categoria C1,commodity,1802.36,1
1000102329,Categoria C2,commodity,879.2,2
1000102330,Categoria C1,commodity,3410.04,1
1000102330,Categoria C2,commodity,1667.34,2
1000102331,Categoria C1,commodity,0.0,1
1000102331,Categoria C2,commodity,0.0,2
1000102332,Categoria C1,commodity,5683.4,1
1000102332,Categoria C2,commodity,2778.9,2
1000102333,Categoria C1,commodity,2223.12,1
1000102333,Categoria C2,commodity,1086.44,2
1000102334,Categoria C1,commodity,0.0,1
1000102334,Categoria C2,commodity,0.0,2
1000102335,Categoria C1,commodity,3410.04,1
1000102335,Categoria C2,commodity,1667.34,2
1000102336,Categoria C1,commodity,3410.04,1
1000102336,Categoria C2,commodity,1667.34,2
1000102337,Categoria C1,commodity,2223.12,1
1000102337,Categoria C2,commodity,1086.44,2
1000102338,Categoria C1,commodity,1802.36,1
1000102338,Categoria C2,commodity,879.2,2
1000102339,Categoria C1,commodity,3410.04,1
1000102339,Categoria C2,commodity,1667.34,2
1000102341,Categoria C1,commodity,3410.04,1
1000102341,Categoria C2,commodity,1667.34,2
1000102342,Categoria C1,commodity,2223.12,1
1000102342,Categoria C2,commodity,1086.44,2
1000102343,Categoria C1,commodity,3410.04,1
1000102343,Categoria C2,commodity,1667.34,2
1000102344,Categoria C1,commodity,2223.12,1
1000102344,Categoria C2,commodity,1086.44,2
1000102345,Categoria C1,commodity,2223.12,1
1000102345,Categoria C2,commodity,1086.44,2
1000102346,Categoria C1,commodity,3410.04,1
1000102346,Categoria C2,commodity,1667.34,2
1000102347,Categoria C1,commodity,1802.36,1
1000102347,Categoria C2,commodity,879.2,2
1000102348,Categoria C1,commodity,2223.12,1
1000102348,Categoria C2,commodity,1086.44,2
1000102349,Categoria C1,commodity,2223.12,1
1000102349,Categoria C2,commodity,1086.44,2
1000102350,Categoria C1,commodity,0.0,1
1000102350,Categoria C2,commodity,0.0,2
1000102351,Categoria C1,commodity,1802.36,1
1000102351,Categoria C2,commodity,879.2,2
1000102352,Categoria C1,commodity,2223.12,1
1000102352,Categoria C2,commodity,1086.44,2
1000102353,Categoria C1,commodity,3410.04,1
1000102353,Categoria C2,commodity,1667.34,2
1000102354,Categoria C1,commodity,2223.12,1
1000102354,Categoria C2,commodity,1086.44,2
1000102355,Categoria C1,commodity,0.0,1
1000102355,Categoria C2,commodity,0.0,2
1000102356,Categoria C1,commodity,2223.12,1
1000102356,Categoria C2,commodity,1086.44,2
1000102357,Categoria C1,commodity,2223.12,1
1000102357,Categoria C2,commodity,1086.44,2
1000102358,Categoria C1,commodity,0.0,1
1000102358,Categoria C2,commodity,0.0,2
1000102359,Categoria C1,commodity,2223.12,1
1000102359,Categoria C2,commodity,1086.44,2
1000102361,Categoria C1,commodity,2223.12,1
1000102361,Categoria C2,commodity,1086.44,2
1000102362,Categoria C1,commodity,0.0,1
1000102362,Categoria C2,commodity,0.0,2
1000102363,Categoria C1,commodity,2223.12,1
1000102363,Categoria C2,commodity,1086.44,2
1000102364,Categoria C1,commodity,0.0,1
1000102364,Categoria C2,commodity,0.0,2
1000102365,Categoria C1,commodity,2223.12,1
1000102365,Categoria C2,commodity,1086.44,2
1000102366,Categoria C1,commodity,0.0,1
1000102366,Categoria C2,commodity,0.0,2
1000102367,Categoria C1,commodity,0.0,1
1000102367,Categoria C2,commodity,0.0,2
1000102368,Categoria C1,commodity,2223.12,1
1000102368,Categoria C2,commodity,1086.44,2
1000102369,Categoria C1,commodity,0.0,1
1000102369,Categoria C2,commodity,0.0,2
1000102370,Categoria C1,commodity,2223.12,1
1000102370,Categoria C2,commodity,1086.44,2
1000102371,Categoria C1,commodity,3410.04,1
1000102371,Categoria C2,commodity,1667.34,2
1000102372,Categoria C1,commodity,1802.36,1
1000102372,Categoria C2,commodity,879.2,2
1000102373,Categoria C1,commodity,0.0,1
1000102373,Categoria C2,commodity,0.0,2
1000102374,Categoria C1,commodity,0.0,1
1000102374,Categoria C2,commodity,0.0,2
1000102375,Categoria C1,commodity,3410.04,1
1000102375,Categoria C2,commodity,1667.34,2
1000102376,Categoria C1,commodity,4546.72,1
1000102376,Categoria C2,commodity,2223.12,2
1000102377,Categoria C1,commodity,0.0,1
1000102377,Categoria C2,commodity,0.0,2
1000102378,Categoria C1,commodity,2223.12,1
1000102378,Categoria C2,commodity,1086.44,2
1000102379,Categoria C1,commodity,0.0,1
1000102379,Categoria C2,commodity,0.0,2
1000102380,Categoria C1,commodity,0.0,1
1000102380,Categoria C2,commodity,0.0,2
1000102381,Categoria C1,commodity,4546.72,1
1000102381,Categoria C2,commodity,2223.12,2
1000102382,Categoria C1,commodity,1802.36,1
1000102382,Categoria C2,commodity,879.2,2
1000102383,Categoria C1,commodity,0.0,1
1000102383,Categoria C2,commodity,0.0,2
1000102384,Categoria C1,commodity,0.0,1
1000102384,Categoria C2,commodity,0.0,2
1000102385,Categoria C1,commodity,0.0,1
1000102385,Categoria C2,commodity,0.0,2
1000102386,Categoria C1,commodity,3410.04,1
1000102386,Categoria C2,commodity,1667.34,2
1000102387,Categoria C1,commodity,2223.12,1
1000102387,Categoria C2,commodity,1086.44,2
1000102388,Categoria C1,commodity,2223.12,1
1000102388,Categoria C2,commodity,1086.44,2
1000102389,Categoria C1,commodity,0.0,1
1000102389,Categoria C2,commodity,0.0,2
1000102390,Categoria C1,commodity,1802.36,1
1000102390,Categoria C2,commodity,879.2,2
1000102391,Categoria C1,commodity,2223.12,1
1000102391,Categoria C2,commodity,1086.44,2
1000102392,Categoria C1,commodity,3410.04,1
1000102392,Categoria C2,commodity,1667.34,2
1000102393,Categoria C1,commodity,4546.72,1
1000102393,Categoria C2,commodity,2223.12,2
1000102395,Categoria C1,commodity,0.0,1
1000102395,Categoria C2,commodity,0.0,2
1000102396,Categoria C1,commodity,0.0,1
1000102396,Categoria C2,commodity,0.0,2
1000102397,Categoria C1,commodity,0.0,1
1000102397,Categoria C2,commodity,0.0,2
1000102398,Categoria C1,commodity,0.0,1
1000102398,Categoria C2,commodity,0.0,2
1000102400,Categoria C1,commodity,0.0,1
1000102400,Categoria C2,commodity,0.0,2
1000102401,Categoria C1,commodity,2223.12,1
1000102401,Categoria C2,commodity,1086.44,2
1000102402,Categoria C1,commodity,2223.12,1
1000102402,Categoria C2,commodity,1086.44,2
1000102404,Categoria C1,commodity,0.0,1
1000102404,Categoria C2,commodity,0.0,2
1000102405,Categoria C1,commodity,0.0,1
1000102405,Categoria C2,commodity,0.0,2
1000102406,Categoria C1,commodity,0.0,1
1000102406,Categoria C2,commodity,0.0,2
1000102407,Categoria C1,commodity,0.0,1
1000102407,Categoria C2,commodity,0.0,2
1000102408,Categoria C1,commodity,0.0,1
1000102408,Categoria C2,commodity,0.0,2
1000102409,Categoria C1,commodity,2223.12,1
1000102409,Categoria C2,commodity,1086.44,2
1000102410,Categoria C1,commodity,0.0,1
1000102410,Categoria C2,commodity,0.0,2
1000102411,Categoria C1,commodity,2223.12,1
1000102411,Categoria C2,commodity,1086.44,2
1000102412,Categoria C1,commodity,3410.04,1
1000102412,Categoria C2,commodity,1667.34,2
1000102413,Categoria C1,commodity,0.0,1
1000102413,Categoria C2,commodity,0.0,2
1000102414,Categoria C1,commodity,2223.12,1
1000102414,Categoria C2,commodity,1086.44,2
1000102415,Categoria C1,commodity,0.0,1
1000102415,Categoria C2,commodity,0.0,2
1000102416,Categoria C1,commodity,3410.04,1
1000102416,Categoria C2,commodity,1667.34,2
1000102417,Categoria C1,commodity,2223.12,1
1000102417,Categoria C2,commodity,1086.44,2
1000102418,Categoria C1,commodity,0.0,1
1000102418,Categoria C2,commodity,0.0,2
1000102419,Categoria C1,commodity,3410.04,1
1000102419,Categoria C2,commodity,1667.34,2
1000102420,Categoria C1,commodity,0.0,1
1000102420,Categoria C2,commodity,0.0,2
1000102421,Categoria C1,commodity,3410.04,1
1000102421,Categoria C2,commodity,1667.34,2
1000102422,Categoria C1,commodity,0.0,1
1000102422,Categoria C2,commodity,0.0,2
1000102423,Categoria C1,commodity,2223.12,1
1000102423,Categoria C2,commodity,1086.44,2
1000102424,Categoria C1,commodity,2223.12,1
1000102424,Categoria C2,commodity,1086.44,2
1000102425,Categoria C1,commodity,0.0,1
1000102425,Categoria C2,commodity,0.0,2
1000102426,Categoria C1,commodity,3410.04,1
1000102426,Categoria C2,commodity,1667.34,2
1000102427,Categoria C1,commodity,2223.12,1
1000102427,Categoria C2,commodity,1086.44,2
1000102428,Categoria C1,commodity,0.0,1
1000102428,Categoria C2,commodity,0.0,2
1000102429,Categoria C1,commodity,3410.04,1
1000102429,Categoria C2,commodity,1667.34,2
1000102430,Categoria C1,commodity,3410.04,1
1000102430,Categoria C2,commodity,1667.34,2
1000102431,Categoria C1,commodity,2223.12,1
1000102431,Categoria C2,commodity,1086.44,2
1000102432,Categoria C1,commodity,2223.12,1
1000102432,Categoria C2,commodity,1086.44,2
1000102433,Categoria C1,commodity,4546.72,1
1000102433,Categoria C2,commodity,2223.12,2
1000102434,Categoria C1,commodity,0.0,1
1000102434,Categoria C2,commodity,0.0,2
1000102435,Categoria C1,commodity,0.0,1
1000102435,Categoria C2,commodity,0.0,2
1000102436,Categoria C1,commodity,2223.12,1
1000102436,Categoria C2,commodity,1086.44,2
1000102437,Categoria C1,commodity,3410.04,1
1000102437,Categoria C2,commodity,1667.34,2
1000102438,Categoria C1,commodity,3410.04,1
1000102438,Categoria C2,commodity,1667.34,2
1000102439,Categoria C1,commodity,3410.04,1
1000102439,Categoria C2,commodity,1667.34,2
1000102440,Categoria C1,commodity,0.0,1
1000102440,Categoria C2,commodity,0.0,2
1000102441,Categoria C1,commodity,0.0,1
1000102441,Categoria C2,commodity,0.0,2
1000102442,Categoria C1,commodity,0.0,1
1000102442,Categoria C2,commodity,0.0,2
1000102443,Categoria C1,commodity,0.0,1
1000102443,Categoria C2,commodity,0.0,2
1000102444,Categoria C1,commodity,0.0,1
1000102444,Categoria C2,commodity,0.0,2
1000102445,Categoria C1,commodity,0.0,1
1000102445,Categoria C2,commodity,0.0,2
1000102446,Categoria C1,commodity,0.0,1
1000102446,Categoria C2,commodity,0.0,2
1000102447,Categoria C1,commodity,0.0,1
1000102447,Categoria C2,commodity,0.0,2
1000102448,Categoria C1,commodity,0.0,1
1000102448,Categoria C2,commodity,0.0,2
1000102449,Categoria C1,commodity,0.0,1
1000102449,Categoria C2,commodity,0.0,2
1000102451,Categoria C1,commodity,0.0,1
1000102451,Categoria C2,commodity,0.0,1
1000102451,Categoria T1,technical,0.0,1
1000102452,Categoria C1,commodity,3410.04,1
1000102452,Categoria C2,commodity,1667.34,1
1000102452,Categoria T1,technical,0.0,1
1000102453,Categoria C1,commodity,0.0,1
1000102453,Categoria C2,commodity,0.0,1
1000102453,Categoria T1,technical,0.0,1
1000102454,Categoria C1,commodity,0.0,1
1000102454,Categoria C2,commodity,0.0,1
1000102454,Categoria T1,technical,0.0,1
1000102455,Categoria C1,commodity,2223.12,1
1000102455,Categoria C2,commodity,1086.44,1
1000102455,Categoria T1,technical,0.0,1
1000102456,Categoria C1,commodity,0.0,1
1000102456,Categoria C2,commodity,0.0,1
1000102456,Categoria T1,technical,0.0,1
1000102457,Categoria C1,commodity,3410.04,1
1000102457,Categoria C2,commodity,1667.34,1
1000102457,Categoria T1,technical,0.0,1
1000102458,Categoria C1,commodity,3410.04,1
1000102458,Categoria C2,commodity,1667.34,1
1000102458,Categoria T1,technical,0.0,1
1000102459,Categoria C1,commodity,3410.04,1
1000102459,Categoria C2,commodity,1667.34,1
1000102459,Categoria T1,technical,0.0,1
1000102460,Categoria C1,commodity,0.0,1
1000102460,Categoria C2,commodity,0.0,1
1000102460,Categoria T1,technical,0.0,1
1000102461,Categoria C1,commodity,0.0,1
1000102461,Categoria C2,commodity,0.0,1
1000102461,Categoria T1,technical,0.0,1
1000102462,Categoria C1,commodity,2223.12,1
1000102462,Categoria C2,commodity,1086.44,1
1000102462,Categoria T1,technical,0.0,1
1000102463,Categoria C1,commodity,0.0,1
1000102463,Categoria C2,commodity,0.0,1
1000102463,Categoria T1,technical,0.0,1
1000102464,Categoria C1,commodity,4546.72,1
1000102464,Categoria C2,commodity,2223.12,1
1000102464,Categoria T1,technical,0.0,1
1000102465,Categoria C1,commodity,0.0,1
1000102465,Categoria C2,commodity,0.0,1
1000102465,Categoria T1,technical,0.0,1
1000102466,Categoria C1,commodity,4546.72,1
1000102466,Categoria C2,commodity,2223.12,1
1000102466,Categoria T1,technical,0.0,1
1000102467,Categoria C1,commodity,2223.12,1
1000102467,Categoria C2,commodity,1086.44,1
1000102467,Categoria T1,technical,0.0,1
1000102468,Categoria C1,commodity,4546.72,1
1000102468,Categoria C2,commodity,2223.12,1
1000102468,Categoria T1,technical,0.0,1
1000102470,Categoria C1,commodity,0.0,1
1000102470,Categoria C2,commodity,0.0,1
1000102470,Categoria T1,technical,0.0,1
1000102471,Categoria C1,commodity,0.0,1
1000102471,Categoria C2,commodity,0.0,1
1000102471,Categoria T1,technical,0.0,1
1000102472,Categoria C1,commodity,0.0,1
1000102472,Categoria C2,commodity,0.0,1
1000102472,Categoria T1,technical,0.0,1
1000102474,Categoria C1,commodity,1802.36,1
1000102474,Categoria C2,commodity,879.2,1
1000102474,Categoria T1,technical,0.0,1
1000102475,Categoria C1,commodity,0.0,1
1000102475,Categoria C2,commodity,0.0,1
1000102475,Categoria T1,technical,0.0,1
1000102476,Categoria C1,commodity,0.0,1
1000102476,Categoria C2,commodity,0.0,1
1000102476,Categoria T1,technical,0.0,1
1000102477,Categoria C1,commodity,0.0,1
1000102477,Categoria C2,commodity,0.0,1
1000102477,Categoria T1,technical,0.0,1
1000102478,Categoria C1,commodity,0.0,1
1000102478,Categoria C2,commodity,0.0,1
1000102478,Categoria T1,technical,0.0,1
1000102479,Categoria C1,commodity,0.0,1
1000102479,Categoria C2,commodity,0.0,1
1000102479,Categoria T1,technical,0.0,1
1000102480,Categoria C1,commodity,0.0,1
1000102480,Categoria C2,commodity,0.0,1
1000102480,Categoria T1,technical,0.0,1
1000102481,Categoria C1,commodity,0.0,1
1000102481,Categoria C2,commodity,0.0,1
1000102481,Categoria T1,technical,0.0,1
1000102482,Categoria C1,commodity,0.0,1
1000102482,Categoria C2,commodity,0.0,1
1000102482,Categoria T1,technical,0.0,1
1000102484,Categoria C1,commodity,0.0,1
1000102484,Categoria C2,commodity,0.0,1
1000102484,Categoria T1,technical,0.0,1
1000102485,Categoria C1,commodity,0.0,1
1000102485,Categoria C2,commodity,0.0,1
1000102485,Categoria T1,technical,0.0,1
1000102486,Categoria C1,commodity,0.0,1
1000102486,Categoria C2,commodity,0.0,1
1000102486,Categoria T1,technical,0.0,1
1000102487,Categoria C1,commodity,0.0,1
1000102487,Categoria C2,commodity,0.0,1
1000102487,Categoria T1,technical,0.0,1
1000102488,Categoria C1,commodity,0.0,1
1000102488,Categoria C2,commodity,0.0,1
1000102488,Categoria T1,technical,0.0,1
1000102489,Categoria C1,commodity,0.0,1
1000102489,Categoria C2,commodity,0.0,1
1000102489,Categoria T1,technical,0.0,1
1000102490,Categoria C1,commodity,0.0,1
1000102490,Categoria C2,commodity,0.0,1
1000102490,Categoria T1,technical,0.0,1
1000102491,Categoria C1,commodity,0.0,1
1000102491,Categoria C2,commodity,0.0,1
1000102491,Categoria T1,technical,0.0,1
1000102492,Categoria C1,commodity,0.0,1
1000102492,Categoria C2,commodity,0.0,1
1000102492,Categoria T1,technical,0.0,1
1000102493,Categoria C1,commodity,0.0,1
1000102493,Categoria C2,commodity,0.0,1
1000102493,Categoria T1,technical,0.0,1
1000102494,Categoria C1,commodity,0.0,1
1000102494,Categoria C2,commodity,0.0,1
1000102494,Categoria T1,technical,0.0,1
1000102495,Categoria C1,commodity,0.0,1
1000102495,Categoria C2,commodity,0.0,1
1000102495,Categoria T1,technical,0.0,1
1000102496,Categoria C1,commodity,0.0,1
1000102496,Categoria C2,commodity,0.0,1
1000102496,Categoria T1,technical,0.0,1
1000102497,Categoria C1,commodity,0.0,1
1000102497,Categoria C2,commodity,0.0,1
1000102497,Categoria T1,technical,0.0,1
1000102498,Categoria C1,commodity,1802.36,1
1000102498,Categoria C2,commodity,879.2,1
1000102498,Categoria T1,technical,0.0,1
1000102499,Categoria C1,commodity,2223.12,1
1000102499,Categoria C2,commodity,1086.44,1
1000102499,Categoria T1,technical,0.0,1
1000102501,Categoria C1,commodity,0.0,1
1000102501,Categoria C2,commodity,0.0,1
1000102501,Categoria T1,technical,0.0,1
1000102502,Categoria C1,commodity,0.0,1
1000102502,Categoria C2,commodity,0.0,1
1000102502,Categoria T1,technical,0.0,1
1000102505,Categoria C1,commodity,3410.04,1
1000102505,Categoria C2,commodity,1667.34,1
1000102505,Categoria T1,technical,0.0,1
1000102506,Categoria C1,commodity,1802.36,1
1000102506,Categoria C2,commodity,879.2,1
1000102506,Categoria T1,technical,0.0,1
1000102507,Categoria C1,commodity,2223.12,1
1000102507,Categoria C2,commodity,1086.44,1
1000102507,Categoria T1,technical,0.0,1
1000102508,Categoria C1,commodity,2223.12,1
1000102508,Categoria C2,commodity,1086.44,1
1000102508,Categoria T1,technical,0.0,1
1000102509,Categoria C1,commodity,0.0,1
1000102509,Categoria C2,commodity,0.0,1
1000102509,Categoria T1,technical,0.0,1
1000102510,Categoria C1,commodity,0.0,1
1000102510,Categoria C2,commodity,0.0,1
1000102510,Categoria T1,technical,0.0,1
1000102511,Categoria C1,commodity,2223.12,1
1000102511,Categoria C2,commodity,1086.44,1
1000102511,Categoria T1,technical,0.0,1
10006,Categoria C1,commodity,2223.12,1
10006,Categoria C2,commodity,6634.82,2
10008,Categoria C1,commodity,2223.12,1
10008,Categoria C2,commodity,6424.44,2
10023,Categoria C1,commodity,1802.36,1
10023,Categoria C2,commodity,3548.2,2
10030,Categoria C1,commodity,2223.12,1
10030,Categoria C2,commodity,6634.82,2
10036,Categoria C1,commodity,1802.36,1
10036,Categoria C2,commodity,879.2,2
10037,Categoria C1,commodity,3410.04,1
10037,Categoria C2,commodity,10914.64,2
10038,Categoria C1,commodity,2223.12,1
10038,Categoria C2,commodity,10333.74,2
10039,Categoria C1,commodity,2223.12,1
10039,Categoria C2,commodity,6424.44,2
1005,Categoria C1,commodity,4546.72,1
1005,Categoria C2,commodity,34590.24,2
10052,Categoria C1,commodity,4546.72,1
10052,Categoria C2,commodity,2223.12,2
10111,Categoria C1,commodity,2223.12,1
10111,Categoria C2,commodity,9872.16,2
10115,Categoria C1,commodity,3410.04,1
10115,Categoria C2,commodity,9674.34,2
10124,Categoria C1,commodity,3410.04,1
10124,Categoria C2,commodity,9674.34,2
10126,Categoria C1,commodity,3410.04,1
10126,Categoria C2,commodity,29409.24,2
10171,Categoria C1,commodity,2223.12,1
10171,Categoria C2,commodity,16990.54,2
10189,Categoria C1,commodity,2223.12,1
10189,Categoria C2,commodity,6424.44,2
10202,Categoria C1,commodity,2223.12,1
10202,Categoria C2,commodity,8022.7,2
10206,Categoria C1,commodity,2223.12,1
10206,Categoria C2,commodity,6424.44,2
10210,Categoria C1,commodity,3410.04,1
10210,Categoria C2,commodity,22011.4,2
10217,Categoria C1,commodity,3410.04,1
10217,Categoria C2,commodity,29409.24,2
10218,Categoria C1,commodity,3410.04,1
10218,Categoria C2,commodity,24787.16,2
10219,Categoria C1,commodity,1802.36,1
10219,Categoria C2,commodity,16783.3,2
10226,Categoria C1,commodity,2223.12,1
10226,Categoria C2,commodity,14958.96,2
10230,Categoria C1,commodity,2223.12,1
10230,Categoria C2,commodity,10333.74,2
10231,Categoria C1,commodity,2223.12,1
10231,Categoria C2,commodity,9410.58,2
10234,Categoria C1,commodity,4546.72,1
10234,Categoria C2,commodity,29965.02,2
10244,Categoria C1,commodity,4546.72,1
10244,Categoria C2,commodity,18868.26,2
10252,Categoria C1,commodity,2223.12,1
10252,Categoria C2,commodity,1086.44,2
10255,Categoria C1,commodity,2223.12,1
10255,Categoria C2,commodity,19581.04,2
10263,Categoria C1,commodity,2223.12,1
10263,Categoria C2,commodity,8484.28,2
10269,Categoria C1,commodity,2223.12,1
10269,Categoria C2,commodity,17270.0,2
10276,Categoria C1,commodity,2223.12,1
10276,Categoria C2,commodity,11260.04,2
10285,Categoria C1,commodity,3410.04,1
10285,Categoria C2,commodity,7215.72,2
10295,Categoria C1,commodity,1802.36,1
10295,Categoria C2,commodity,5504.42,2
10301,Categoria C1,commodity,2223.12,1
10301,Categoria C2,commodity,6424.44,2
10309,Categoria C1,commodity,3410.04,1
10309,Categoria C2,commodity,15539.86,2
10312,Categoria C1,commodity,2223.12,1
10312,Categoria C2,commodity,3862.2,2
10322,Categoria C1,commodity,2223.12,1
10322,Categoria C2,commodity,5711.66,2
10328,Categoria C1,commodity,2223.12,1
10328,Categoria C2,commodity,1086.44,2
10341,Categoria C1,commodity,2223.12,1
10341,Categoria C2,commodity,4785.36,2
1036,Categoria C1,commodity,2223.12,1
1036,Categoria C2,commodity,9410.58,2
10366,Categoria C1,commodity,2223.12,1
10366,Categoria C2,commodity,6424.44,2
1037,Categoria C1,commodity,2223.12,1
1037,Categoria C2,commodity,1086.44,2
10381,Categoria C1,commodity,2223.12,1
10381,Categoria C2,commodity,1086.44,2
10389,Categoria C1,commodity,4546.72,1
10389,Categoria C2,commodity,2223.12,2
10401,Categoria C1,commodity,2223.12,1
10401,Categoria C2,commodity,3862.2,2
10418,Categoria C1,commodity,2223.12,1
10418,Categoria C2,commodity,6634.82,2
10420,Categoria C1,commodity,2223.12,1
10420,Categoria C2,commodity,1086.44,2
10428,Categoria C1,commodity,2223.12,1
10428,Categoria C2,commodity,1086.44,2
10440,Categoria C1,commodity,1802.36,1
10440,Categoria C2,commodity,3548.2,2
10444,Categoria C1,commodity,2223.12,1
10444,Categoria C2,commodity,6424.44,2
10445,Categoria C1,commodity,2223.12,1
10445,Categoria C2,commodity,6424.44,2
10449,Categoria C1,commodity,2223.12,1
10449,Categoria C2,commodity,6424.44,2
10451,Categoria C1,commodity,2223.12,1
10451,Categoria C2,commodity,1086.44,2
10457,Categoria C1,commodity,3410.04,1
10457,Categoria C2,commodity,7215.72,2
10465,Categoria C1,commodity,3410.04,1
10465,Categoria C2,commodity,7215.72,2
10468,Categoria C1,commodity,4546.72,1
10468,Categoria C2,commodity,18868.26,2
10473,Categoria C1,commodity,2223.12,1
10473,Categoria C2,commodity,1086.44,2
10483,Categoria C1,commodity,1802.36,1
10483,Categoria C2,commodity,879.2,2
10485,Categoria C1,commodity,1802.36,1
10485,Categoria C2,commodity,5504.42,2
10488,Categoria C1,commodity,1802.36,1
10488,Categoria C2,commodity,879.2,2
10494,Categoria C1,commodity,2223.12,1
10494,Categoria C2,commodity,9410.58,2
10500,Categoria C1,commodity,3410.04,1
10500,Categoria C2,commodity,1667.34,2
10501,Categoria C1,commodity,2223.12,1
10501,Categoria C2,commodity,10333.74,2
10519,Categoria C1,commodity,3410.04,1
10519,Categoria C2,commodity,7215.72,2
10527,Categoria C1,commodity,2223.12,1
10527,Categoria C2,commodity,4785.36,2
10533,Categoria C1,commodity,2223.12,1
10533,Categoria C2,commodity,1086.44,2
10536,Categoria C1,commodity,2223.12,1
10536,Categoria C2,commodity,15882.12,2
10537,Categoria C1,commodity,2223.12,1
10537,Categoria C2,commodity,6634.82,2
10540,Categoria C1,commodity,2223.12,1
10540,Categoria C2,commodity,15882.12,2
10544,Categoria C1,commodity,2223.12,1
10544,Categoria C2,commodity,8945.86,2
10549,Categoria C1,commodity,3410.04,1
10549,Categoria C2,commodity,8142.02,2
1056,Categoria C1,commodity,1802.36,1
1056,Categoria C2,commodity,879.2,2
10573,Categoria C1,commodity,1802.36,1
10573,Categoria C2,commodity,3548.2,2
10589,Categoria C1,commodity,3410.04,1
10589,Categoria C2,commodity,14613.56,2
10601,Categoria C1,commodity,2223.12,1
10601,Categoria C2,commodity,5711.66,2
10604,Categoria C1,commodity,3410.04,1
10604,Categoria C2,commodity,1667.34,2
10620,Categoria C1,commodity,2223.12,1
10620,Categoria C2,commodity,4785.36,2
10622,Categoria C1,commodity,2223.12,1
10622,Categoria C2,commodity,6424.44,2
10627,Categoria C1,commodity,2223.12,1
10627,Categoria C2,commodity,1086.44,2
10629,Categoria C1,commodity,1802.36,1
10629,Categoria C2,commodity,879.2,2
10635,Categoria C1,commodity,3410.04,1
10635,Categoria C2,commodity,9065.18,2
10637,Categoria C1,commodity,2223.12,1
10637,Categoria C2,commodity,6634.82,2
10639,Categoria C1,commodity,2223.12,1
10639,Categoria C2,commodity,1086.44,2
10652,Categoria C1,commodity,0.0,1
10652,Categoria C2,commodity,0.0,2
10663,Categoria C1,commodity,2223.12,1
10663,Categoria C2,commodity,1086.44,2
10673,Categoria C1,commodity,3410.04,1
10673,Categoria C2,commodity,9991.48,2
10684,Categoria C1,commodity,2223.12,1
10684,Categoria C2,commodity,1086.44,2
10697,Categoria C1,commodity,3410.04,1
10697,Categoria C2,commodity,9065.18,2
10699,Categoria C1,commodity,2223.12,1
10699,Categoria C2,commodity,8484.28,2
10706,Categoria C1,commodity,2223.12,1
10706,Categoria C2,commodity,1086.44,2
10711,Categoria C1,commodity,2223.12,1
10711,Categoria C2,commodity,38075.64,2
10723,Categoria C1,commodity,1802.36,1
10723,Categoria C2,commodity,879.2,2
1073,Categoria C1,commodity,1802.36,1
1073,Categoria C2,commodity,879.2,2
1074,Categoria C1,commodity,2223.12,1
1074,Categoria C2,commodity,1086.44,2
10744,Categoria C1,commodity,2223.12,1
10744,Categoria C2,commodity,19581.04,2
10745,Categoria C1,commodity,3410.04,1
10745,Categoria C2,commodity,1667.34,2
10756,Categoria C1,commodity,3410.04,1
10756,Categoria C2,commodity,29409.24,2
1078,Categoria C1,commodity,1802.36,1
1078,Categoria C2,commodity,879.2,2
10783,Categoria C1,commodity,1802.36,1
10783,Categoria C2,commodity,879.2,2
10791,Categoria C1,commodity,4546.72,1
10791,Categoria C2,commodity,39212.32,2
10793,Categoria C1,commodity,1802.36,1
10793,Categoria C2,commodity,10126.5,2
10803,Categoria C1,commodity,2223.12,1
10803,Categoria C2,commodity,1086.44,2
10826,Categoria C1,commodity,2223.12,1
10826,Categoria C2,commodity,8484.28,2
1083,Categoria C1,commodity,2223.12,1
1083,Categoria C2,commodity,1086.44,2
10832,Categoria C1,commodity,3410.04,1
10832,Categoria C2,commodity,38656.54,2
10844,Categoria C1,commodity,2223.12,1
10844,Categoria C2,commodity,1086.44,2
10852,Categoria C1,commodity,5683.4,1
10852,Categoria C2,commodity,2778.9,2
10869,Categoria C1,commodity,2223.12,1
10869,Categoria C2,commodity,5711.66,2
10874,Categoria C1,commodity,2223.12,1
10874,Categoria C2,commodity,7561.12,2
10888,Categoria C1,commodity,2223.12,1
10888,Categoria C2,commodity,8484.28,2
10899,Categoria C1,commodity,1802.36,1
10899,Categoria C2,commodity,879.2,2
109,Categoria C1,commodity,3410.04,1
109,Categoria C2,commodity,8142.02,2
10900,Categoria C1,commodity,1802.36,1
10900,Categoria C2,commodity,879.2,2
10906,Categoria C1,commodity,2223.12,1
10906,Categoria C2,commodity,6424.44,2
10908,Categoria C1,commodity,2223.12,1
10908,Categoria C2,commodity,8484.28,2
10916,Categoria C1,commodity,2223.12,1
10916,Categoria C2,commodity,5711.66,2
10919,Categoria C1,commodity,1802.36,1
10919,Categoria C2,commodity,879.2,2
10923,Categoria C1,commodity,2223.12,1
10923,Categoria C2,commodity,1086.44,2
10927,Categoria C1,commodity,4546.72,1
10927,Categoria C2,commodity,15169.34,2
10928,Categoria C1,commodity,3410.04,1
10928,Categoria C2,commodity,9065.18,2
10936,Categoria C1,commodity,2223.12,1
10936,Categoria C2,commodity,1086.44,2
10939,Categoria C1,commodity,1802.36,1
10939,Categoria C2,commodity,879.2,2
10948,Categoria C1,commodity,1802.36,1
10948,Categoria C2,commodity,879.2,2
10952,Categoria C1,commodity,1802.36,1
10952,Categoria C2,commodity,14751.72,2
10956,Categoria C1,commodity,3410.04,1
10956,Categoria C2,commodity,19053.52,2
10958,Categoria C1,commodity,2223.12,1
10958,Categoria C2,commodity,10333.74,2
10978,Categoria C1,commodity,2223.12,1
10978,Categoria C2,commodity,5711.66,2
10989,Categoria C1,commodity,2223.12,1
10989,Categoria C2,commodity,2474.32,2
10991,Categoria C1,commodity,2223.12,1
10991,Categoria C2,commodity,5246.94,2
10994,Categoria C1,commodity,4546.72,1
10994,Categoria C2,commodity,11470.42,2
10996,Categoria C1,commodity,2223.12,1
10996,Categoria C2,commodity,1086.44,2
10997,Categoria C1,commodity,2223.12,1
10997,Categoria C2,commodity,6424.44,2
10999,Categoria C1,commodity,1802.36,1
10999,Categoria C2,commodity,5504.42,2
11005,Categoria C1,commodity,1802.36,1
11005,Categoria C2,commodity,3548.2,2
11007,Categoria C1,commodity,2223.12,1
11007,Categoria C2,commodity,6424.44,2
11014,Categoria C1,commodity,2223.12,1
11014,Categoria C2,commodity,10333.74,2
11015,Categoria C1,commodity,2223.12,1
11015,Categoria C2,commodity,6424.44,2
11018,Categoria C1,commodity,2223.12,1
11018,Categoria C2,commodity,8484.28,2
11020,Categoria C1,commodity,2223.12,1
11020,Categoria C2,commodity,8484.28,2
11038,Categoria C1,commodity,2223.12,1
11038,Categoria C2,commodity,7561.12,2
1104,Categoria C1,commodity,2223.12,1
1104,Categoria C2,commodity,1086.44,2
11041,Categoria C1,commodity,2223.12,1
11041,Categoria C2,commodity,10333.74,2
11045,Categoria C1,commodity,3410.04,1
11045,Categoria C2,commodity,38656.54,2
11089,Categoria C1,commodity,3410.04,1
11089,Categoria C2,commodity,1667.34,2
11093,Categoria C1,commodity,2223.12,1
11093,Categoria C2,commodity,5711.66,2
11094,Categoria C1,commodity,2223.12,1
11094,Categoria C2,commodity,9410.58,2
11101,Categoria C1,commodity,2223.12,1
11101,Categoria C2,commodity,5711.66,2
11115,Categoria C1,commodity,2223.12,1
11115,Categoria C2,commodity,1086.44,2
11117,Categoria C1,commodity,2223.12,1
11117,Categoria C2,commodity,8484.28,2
11120,Categoria C1,commodity,2223.12,1
11120,Categoria C2,commodity,6424.44,2
11123,Categoria C1,commodity,4546.72,1
11123,Categoria C2,commodity,25342.94,2
11125,Categoria C1,commodity,2223.12,1
11125,Categoria C2,commodity,1086.44,2
11127,Categoria C1,commodity,1802.36,1
11127,Categoria C2,commodity,879.2,2
11128,Categoria C1,commodity,1802.36,1
11128,Categoria C2,commodity,879.2,2
11130,Categoria C1,commodity,3410.04,1
11130,Categoria C2,commodity,10914.64,2
11131,Categoria C1,commodity,2223.12,1
11131,Categoria C2,commodity,19581.04,2
11137,Categoria C1,commodity,2223.12,1
11137,Categoria C2,commodity,8484.28,2
11154,Categoria C1,commodity,3410.04,1
11154,Categoria C2,commodity,29409.24,2
11155,Categoria C1,commodity,2223.12,1
11155,Categoria C2,commodity,6424.44,2
11156,Categoria C1,commodity,5683.4,1
11156,Categoria C2,commodity,39768.1,2
11159,Categoria C1,commodity,5683.4,1
11159,Categoria C2,commodity,39768.1,2
1116,Categoria C1,commodity,3410.04,1
1116,Categoria C2,commodity,15539.86,2
11170,Categoria C1,commodity,3410.04,1
11170,Categoria C2,commodity,1667.34,2
11177,Categoria C1,commodity,2223.12,1
11177,Categoria C2,commodity,1086.44,2
1118,Categoria C1,commodity,3410.04,1
1118,Categoria C2,commodity,15539.86,2
11312,Categoria C1,commodity,2223.12,1
11312,Categoria C2,commodity,6634.82,2
11315,Categoria C1,commodity,3410.04,1
11315,Categoria C2,commodity,10914.64,2
1133,Categoria C1,commodity,1802.36,1
1133,Categoria C2,commodity,3548.2,2
11344,Categoria C1,commodity,2223.12,1
11344,Categoria C2,commodity,7561.12,2
11348,Categoria C1,commodity,5683.4,1
11348,Categoria C2,commodity,8327.28,2
1137,Categoria C1,commodity,2223.12,1
1137,Categoria C2,commodity,6634.82,2
11370,Categoria C1,commodity,2223.12,1
11370,Categoria C2,commodity,3397.48,2
11371,Categoria C1,commodity,2223.12,1
11371,Categoria C2,commodity,1086.44,2
11372,Categoria C1,commodity,2223.12,1
11372,Categoria C2,commodity,10333.74,2
11373,Categoria C1,commodity,2223.12,1
11373,Categoria C2,commodity,15882.12,2
11378,Categoria C1,commodity,2223.12,1
11378,Categoria C2,commodity,1086.44,2
11379,Categoria C1,commodity,2223.12,1
11379,Categoria C2,commodity,6424.44,2
11382,Categoria C1,commodity,2223.12,1
11382,Categoria C2,commodity,2935.9,2
11386,Categoria C1,commodity,2223.12,1
11386,Categoria C2,commodity,12183.2,2
11388,Categoria C1,commodity,2223.12,1
11388,Categoria C2,commodity,1086.44,2
11392,Categoria C1,commodity,2223.12,1
11392,Categoria C2,commodity,1086.44,2
11402,Categoria C1,commodity,4546.72,1
11402,Categoria C2,commodity,11470.42,2
11406,Categoria C1,commodity,4546.72,1
11406,Categoria C2,commodity,20717.72,2
11409,Categoria C1,commodity,3410.04,1
11409,Categoria C2,commodity,20161.94,2
11414,Categoria C1,commodity,1802.36,1
11414,Categoria C2,commodity,3548.2,2
11415,Categoria C1,commodity,3410.04,1
11415,Categoria C2,commodity,8603.6,2
11416,Categoria C1,commodity,3410.04,1
11416,Categoria C2,commodity,1667.34,2
11424,Categoria C1,commodity,1802.36,1
11424,Categoria C2,commodity,6427.58,2
11425,Categoria C1,commodity,2223.12,1
11425,Categoria C2,commodity,1086.44,2
11426,Categoria C1,commodity,2223.12,1
11426,Categoria C2,commodity,6424.44,2
1144,Categoria C1,commodity,5683.4,1
1144,Categoria C2,commodity,25898.72,2
11449,Categoria C1,commodity,3410.04,1
11449,Categoria C2,commodity,19700.36,2
11453,Categoria C1,commodity,2223.12,1
11453,Categoria C2,commodity,7096.4,2
11456,Categoria C1,commodity,3410.04,1
11456,Categoria C2,commodity,15539.86,2
11473,Categoria C1,commodity,2223.12,1
11473,Categoria C2,commodity,5711.66,2
11479,Categoria C1,commodity,1802.36,1
11479,Categoria C2,commodity,19373.8,2
11481,Categoria C1,commodity,2223.12,1
11481,Categoria C2,commodity,6424.44,2
11489,Categoria C1,commodity,2223.12,1
11489,Categoria C2,commodity,6424.44,2
11493,Categoria C1,commodity,1802.36,1
11493,Categoria C2,commodity,17062.76,2
11494,Categoria C1,commodity,1802.36,1
11494,Categoria C2,commodity,9203.34,2
11498,Categoria C1,commodity,2223.12,1
11498,Categoria C2,commodity,6424.44,2
11505,Categoria C1,commodity,1802.36,1
11505,Categoria C2,commodity,3548.2,2
11506,Categoria C1,commodity,2223.12,1
11506,Categoria C2,commodity,6634.82,2
11516,Categoria C1,commodity,1802.36,1
11516,Categoria C2,commodity,2728.66,2
11518,Categoria C1,commodity,2223.12,1
11518,Categoria C2,commodity,1086.44,2
11526,Categoria C1,commodity,2223.12,1
11526,Categoria C2,commodity,8022.7,2
11543,Categoria C1,commodity,2223.12,1
11543,Categoria C2,commodity,6424.44,2
11545,Categoria C1,commodity,2223.12,1
11545,Categoria C2,commodity,9410.58,2
11547,Categoria C1,commodity,2223.12,1
11547,Categoria C2,commodity,7561.12,2
11559,Categoria C1,commodity,3410.04,1
11559,Categoria C2,commodity,4904.68,2
1156,Categoria C1,commodity,4546.72,1
1156,Categoria C2,commodity,20717.72,2
11576,Categoria C1,commodity,4546.72,1
11576,Categoria C2,commodity,2223.12,2
11577,Categoria C1,commodity,3410.04,1
11577,Categoria C2,commodity,7215.72,2
11592,Categoria C1,commodity,3410.04,1
11592,Categoria C2,commodity,9674.34,2
11601,Categoria C1,commodity,1802.36,1
11601,Categoria C2,commodity,4578.12,2
11602,Categoria C1,commodity,2223.12,1
11602,Categoria C2,commodity,4785.36,2
11608,Categoria C1,commodity,4546.72,1
11608,Categoria C2,commodity,12899.12,2
11609,Categoria C1,commodity,4546.72,1
11609,Categoria C2,commodity,11470.42,2
11642,Categoria C1,commodity,2223.12,1
11642,Categoria C2,commodity,10333.74,2
11661,Categoria C1,commodity,2223.12,1
11661,Categoria C2,commodity,28828.34,2
11662,Categoria C1,commodity,2223.12,1
11662,Categoria C2,commodity,4785.36,2
11663,Categoria C1,commodity,3410.04,1
11663,Categoria C2,commodity,22011.4,2
11664,Categoria C1,commodity,1802.36,1
11664,Categoria C2,commodity,3190.24,2
11667,Categoria C1,commodity,3410.04,1
11667,Categoria C2,commodity,15539.86,2
11668,Categoria C1,commodity,2223.12,1
11668,Categoria C2,commodity,17731.58,2
11670,Categoria C1,commodity,2223.12,1
11670,Categoria C2,commodity,6424.44,2
11672,Categoria C1,commodity,4546.72,1
11672,Categoria C2,commodity,12899.12,2
11682,Categoria C1,commodity,1802.36,1
11682,Categoria C2,commodity,8277.04,2
11687,Categoria C1,commodity,3410.04,1
11687,Categoria C2,commodity,9674.34,2
1169,Categoria C1,commodity,2223.12,1
1169,Categoria C2,commodity,1086.44,2
11695,Categoria C1,commodity,3410.04,1
11695,Categoria C2,commodity,5366.26,2
11697,Categoria C1,commodity,2223.12,1
11697,Categoria C2,commodity,6424.44,2
11704,Categoria C1,commodity,2223.12,1
11704,Categoria C2,commodity,6424.44,2
11712,Categoria C1,commodity,2223.12,1
11712,Categoria C2,commodity,6424.44,2
11717,Categoria C1,commodity,1802.36,1
11717,Categoria C2,commodity,3548.2,2
11721,Categoria C1,commodity,2223.12,1
11721,Categoria C2,commodity,6424.44,2
11722,Categoria C1,commodity,2223.12,1
11722,Categoria C2,commodity,6424.44,2
11728,Categoria C1,commodity,2223.12,1
11728,Categoria C2,commodity,6424.44,2
11732,Categoria C1,commodity,2223.12,1
11732,Categoria C2,commodity,6424.44,2
11736,Categoria C1,commodity,2223.12,1
11736,Categoria C2,commodity,1086.44,2
11756,Categoria C1,commodity,2223.12,1
11756,Categoria C2,commodity,1086.44,2
11760,Categoria C1,commodity,6820.08,1
11760,Categoria C2,commodity,68065.78,2
11761,Categoria C1,commodity,1802.36,1
11761,Categoria C2,commodity,879.2,2
11762,Categoria C1,commodity,2223.12,1
11762,Categoria C2,commodity,6424.44,2
11769,Categoria C1,commodity,2223.12,1
11769,Categoria C2,commodity,6424.44,2
1177,Categoria C1,commodity,2223.12,1
1177,Categoria C2,commodity,1086.44,2
11777,Categoria C1,commodity,2223.12,1
11777,Categoria C2,commodity,6424.44,2
11797,Categoria C1,commodity,1802.36,1
11797,Categoria C2,commodity,879.2,2
118,Categoria C1,commodity,3410.04,1
118,Categoria C2,commodity,10914.64,2
11803,Categoria C1,commodity,2223.12,1
11803,Categoria C2,commodity,6424.44,2
11827,Categoria C1,commodity,2223.12,1
11827,Categoria C2,commodity,6424.44,2
11829,Categoria C1,commodity,2223.12,1
11829,Categoria C2,commodity,6424.44,2
11841,Categoria C1,commodity,3410.04,1
11841,Categoria C2,commodity,9674.34,2
11850,Categoria C1,commodity,2223.12,1
11850,Categoria C2,commodity,6424.44,2
11854,Categoria C1,commodity,2223.12,1
11854,Categoria C2,commodity,10333.74,2
11866,Categoria C1,commodity,3410.04,1
11866,Categoria C2,commodity,1667.34,2
11876,Categoria C1,commodity,1802.36,1
11876,Categoria C2,commodity,879.2,2
11887,Categoria C1,commodity,1802.36,1
11887,Categoria C2,commodity,3548.2,2
11890,Categoria C1,commodity,2223.12,1
11890,Categoria C2,commodity,10333.74,2
11895,Categoria C1,commodity,2223.12,1
11895,Categoria C2,commodity,6424.44,2
119,Categoria C1,commodity,3410.04,1
119,Categoria C2,commodity,9674.34,2
11900,Categoria C1,commodity,1802.36,1
11900,Categoria C2,commodity,3548.2,2
11905,Categoria C1,commodity,2223.12,1
11905,Categoria C2,commodity,4785.36,2
11907,Categoria C1,commodity,3410.04,1
11907,Categoria C2,commodity,15539.86,2
11914,Categoria C1,commodity,3410.04,1
11914,Categoria C2,commodity,10914.64,2
11935,Categoria C1,commodity,4546.72,1
11935,Categoria C2,commodity,25342.94,2
1195,Categoria C1,commodity,3410.04,1
1195,Categoria C2,commodity,29409.24,2
11955,Categoria C1,commodity,2223.12,1
11955,Categoria C2,commodity,3397.48,2
11960,Categoria C1,commodity,2223.12,1
11960,Categoria C2,commodity,4785.36,2
11981,Categoria C1,commodity,2223.12,1
11981,Categoria C2,commodity,1086.44,2
11990,Categoria C1,commodity,1802.36,1
11990,Categoria C2,commodity,879.2,2
11994,Categoria C1,commodity,2223.12,1
11994,Categoria C2,commodity,7096.4,2
11999,Categoria C1,commodity,13640.16,1
11999,Categoria C2,commodity,94520.28,2
12002,Categoria C1,commodity,1802.36,1
12002,Categoria C2,commodity,3548.2,2
12006,Categoria C1,commodity,1802.36,1
12006,Categoria C2,commodity,879.2,2
12008,Categoria C1,commodity,1802.36,1
12008,Categoria C2,commodity,2728.66,2
12010,Categoria C1,commodity,1802.36,1
12010,Categoria C2,commodity,879.2,2
12011,Categoria C1,commodity,2223.12,1
12011,Categoria C2,commodity,1086.44,2
12055,Categoria C1,commodity,2223.12,1
12055,Categoria C2,commodity,5711.66,2
12057,Categoria C1,commodity,4546.72,1
12057,Categoria C2,commodity,16095.64,2
12070,Categoria C1,commodity,3410.04,1
12070,Categoria C2,commodity,9674.34,2
12072,Categoria C1,commodity,2223.12,1
12072,Categoria C2,commodity,3397.48,2
12073,Categoria C1,commodity,2223.12,1
12073,Categoria C2,commodity,5711.66,2
12100,Categoria C1,commodity,5683.4,1
12100,Categoria C2,commodity,16123.9,2
12109,Categoria C1,commodity,1802.36,1
12109,Categoria C2,commodity,879.2,2
1211,Categoria C1,commodity,3410.04,1
1211,Categoria C2,commodity,1667.34,2
12115,Categoria C1,commodity,2223.12,1
12115,Categoria C2,commodity,1086.44,2
1212,Categoria C1,commodity,1802.36,1
1212,Categoria C2,commodity,879.2,2
12136,Categoria C1,commodity,2223.12,1
12136,Categoria C2,commodity,1086.44,2
12146,Categoria C1,commodity,2223.12,1
12146,Categoria C2,commodity,6424.44,2
12147,Categoria C1,commodity,2223.12,1
12147,Categoria C2,commodity,6424.44,2
12164,Categoria C1,commodity,2223.12,1
12164,Categoria C2,commodity,6424.44,2
1217,Categoria C1,commodity,2223.12,1
1217,Categoria C2,commodity,6424.44,2
12173,Categoria C1,commodity,3410.04,1
12173,Categoria C2,commodity,1667.34,2
12184,Categoria C1,commodity,2223.12,1
12184,Categoria C2,commodity,18007.9,2
12205,Categoria C1,commodity,2223.12,1
12205,Categoria C2,commodity,17270.0,2
12209,Categoria C1,commodity,2223.12,1
12209,Categoria C2,commodity,17361.06,2
1221,Categoria C1,commodity,3410.04,1
1221,Categoria C2,commodity,1667.34,2
12213,Categoria C1,commodity,2223.12,1
12213,Categoria C2,commodity,16899.48,2
12221,Categoria C1,commodity,2223.12,1
12221,Categoria C2,commodity,18193.16,2
12223,Categoria C1,commodity,3410.04,1
12223,Categoria C2,commodity,18588.8,2
12225,Categoria C1,commodity,4546.72,1
12225,Categoria C2,commodity,20902.98,2
12229,Categoria C1,commodity,2223.12,1
12229,Categoria C2,commodity,1086.44,2
12230,Categoria C1,commodity,3410.04,1
12230,Categoria C2,commodity,1667.34,2
12251,Categoria C1,commodity,2223.12,1
12251,Categoria C2,commodity,17270.0,2
12284,Categoria C1,commodity,4546.72,1
12284,Categoria C2,commodity,39212.32,2
12295,Categoria C1,commodity,3410.04,1
12295,Categoria C2,commodity,38656.54,2
123,Categoria C1,commodity,5683.4,1
123,Categoria C2,commodity,16123.9,2
12300,Categoria C1,commodity,2223.12,1
12300,Categoria C2,commodity,3397.48,2
12303,Categoria C1,commodity,2223.12,1
12303,Categoria C2,commodity,1086.44,2
12306,Categoria C1,commodity,3410.04,1
12306,Categoria C2,commodity,9674.34,2
12319,Categoria C1,commodity,1802.36,1
12319,Categoria C2,commodity,879.2,2
12324,Categoria C1,commodity,1802.36,1
12324,Categoria C2,commodity,879.2,2
12329,Categoria C1,commodity,4546.72,1
12329,Categoria C2,commodity,11470.42,2
12339,Categoria C1,commodity,2223.12,1
12339,Categoria C2,commodity,3397.48,2
12349,Categoria C1,commodity,5683.4,1
12349,Categoria C2,commodity,39768.1,2
12352,Categoria C1,commodity,2223.12,1
12352,Categoria C2,commodity,3397.48,2
12357,Categoria C1,commodity,5683.4,1
12357,Categoria C2,commodity,16123.9,2
1236,Categoria C1,commodity,1802.36,1
1236,Categoria C2,commodity,879.2,2
12362,Categoria C1,commodity,3410.04,1
12362,Categoria C2,commodity,9674.34,2
12372,Categoria C1,commodity,3410.04,1
12372,Categoria C2,commodity,15539.86,2
1238,Categoria C1,commodity,2223.12,1
1238,Categoria C2,commodity,6424.44,2
12381,Categoria C1,commodity,4546.72,1
12381,Categoria C2,commodity,12899.12,2
12382,Categoria C1,commodity,3410.04,1
12382,Categoria C2,commodity,4443.1,2
12419,Categoria C1,commodity,2223.12,1
12419,Categoria C2,commodity,1086.44,2
12422,Categoria C1,commodity,4546.72,1
12422,Categoria C2,commodity,11470.42,2
12425,Categoria C1,commodity,2223.12,1
12425,Categoria C2,commodity,10333.74,2
1243,Categoria C1,commodity,1802.36,1
1243,Categoria C2,commodity,879.2,2
12432,Categoria C1,commodity,2223.12,1
12432,Categoria C2,commodity,10333.74,2
12435,Categoria C1,commodity,2223.12,1
12435,Categoria C2,commodity,8484.28,2
12440,Categoria C1,commodity,2223.12,1
12440,Categoria C2,commodity,19581.04,2
1246,Categoria C1,commodity,1802.36,1
1246,Categoria C2,commodity,879.2,2
12472,Categoria C1,commodity,3410.04,1
12472,Categoria C2,commodity,20161.94,2
1248,Categoria C1,commodity,1802.36,1
1248,Categoria C2,commodity,879.2,2
12480,Categoria C1,commodity,2223.12,1
12480,Categoria C2,commodity,8484.28,2
12481,Categoria C1,commodity,3410.04,1
12481,Categoria C2,commodity,1667.34,2
12500,Categoria C1,commodity,2223.12,1
12500,Categoria C2,commodity,10333.74,2
12504,Categoria C1,commodity,2223.12,1
12504,Categoria C2,commodity,8022.7,2
12509,Categoria C1,commodity,2223.12,1
12509,Categoria C2,commodity,14958.96,2
12515,Categoria C1,commodity,3410.04,1
12515,Categoria C2,commodity,12764.1,2
12520,Categoria C1,commodity,3410.04,1
12520,Categoria C2,commodity,10914.64,2
12525,Categoria C1,commodity,3410.04,1
12525,Categoria C2,commodity,18312.48,2
12527,Categoria C1,commodity,2223.12,1
12527,Categoria C2,commodity,17640.52,2
12537,Categoria C1,commodity,1802.36,1
12537,Categoria C2,commodity,10126.5,2
12546,Categoria C1,commodity,2223.12,1
12546,Categoria C2,commodity,5711.66,2
12554,Categoria C1,commodity,2223.12,1
12554,Categoria C2,commodity,10333.74,2
12555,Categoria C1,commodity,2223.12,1
12555,Categoria C2,commodity,10333.74,2
12557,Categoria C1,commodity,2223.12,1
12557,Categoria C2,commodity,8484.28,2
12558,Categoria C1,commodity,2223.12,1
12558,Categoria C2,commodity,12183.2,2
12559,Categoria C1,commodity,2223.12,1
12559,Categoria C2,commodity,12183.2,2
12562,Categoria C1,commodity,2223.12,1
12562,Categoria C2,commodity,10333.74,2
12585,Categoria C1,commodity,2223.12,1
12585,Categoria C2,commodity,20042.62,2
12588,Categoria C1,commodity,1802.36,1
12588,Categoria C2,commodity,17153.82,2
12599,Categoria C1,commodity,2223.12,1
12599,Categoria C2,commodity,17546.32,2
12602,Categoria C1,commodity,2223.12,1
12602,Categoria C2,commodity,17455.26,2
12603,Categoria C1,commodity,2223.12,1
12603,Categoria C2,commodity,17455.26,2
12605,Categoria C1,commodity,3410.04,1
12605,Categoria C2,commodity,18868.26,2
1262,Categoria C1,commodity,1802.36,1
1262,Categoria C2,commodity,879.2,2
1264,Categoria C1,commodity,1802.36,1
1264,Categoria C2,commodity,879.2,2
12670,Categoria C1,commodity,1802.36,1
12670,Categoria C2,commodity,5504.42,2
12673,Categoria C1,commodity,2223.12,1
12673,Categoria C2,commodity,8484.28,2
12681,Categoria C1,commodity,2223.12,1
12681,Categoria C2,commodity,5711.66,2
12690,Categoria C1,commodity,2223.12,1
12690,Categoria C2,commodity,8484.28,2
12696,Categoria C1,commodity,2223.12,1
12696,Categoria C2,commodity,10333.74,2
12697,Categoria C1,commodity,2223.12,1
12697,Categoria C2,commodity,19581.04,2
12698,Categoria C1,commodity,2223.12,1
12698,Categoria C2,commodity,1086.44,2
12727,Categoria C1,commodity,2223.12,1
12727,Categoria C2,commodity,8484.28,2
1274,Categoria C1,commodity,2223.12,1
1274,Categoria C2,commodity,1086.44,2
12744,Categoria C1,commodity,2223.12,1
12744,Categoria C2,commodity,10333.74,2
12746,Categoria C1,commodity,2223.12,1
12746,Categoria C2,commodity,1086.44,2
12755,Categoria C1,commodity,2223.12,1
12755,Categoria C2,commodity,8484.28,2
1276,Categoria C1,commodity,2223.12,1
1276,Categoria C2,commodity,5246.94,2
12798,Categoria C1,commodity,3410.04,1
12798,Categoria C2,commodity,18868.26,2
12810,Categoria C1,commodity,2223.12,1
12810,Categoria C2,commodity,1086.44,2
12817,Categoria C1,commodity,1802.36,1
12817,Categoria C2,commodity,879.2,2
12821,Categoria C1,commodity,2223.12,1
12821,Categoria C2,commodity,17546.32,2
12828,Categoria C1,commodity,2223.12,1
12828,Categoria C2,commodity,16990.54,2
12840,Categoria C1,commodity,3410.04,1
12840,Categoria C2,commodity,13225.68,2
12841,Categoria C1,commodity,1802.36,1
12841,Categoria C2,commodity,879.2,2
12873,Categoria C1,commodity,2223.12,1
12873,Categoria C2,commodity,8022.7,2
12897,Categoria C1,commodity,2223.12,1
12897,Categoria C2,commodity,16990.54,2
12901,Categoria C1,commodity,2223.12,1
12901,Categoria C2,commodity,14958.96,2
12931,Categoria C1,commodity,3410.04,1
12931,Categoria C2,commodity,7215.72,2
12946,Categoria C1,commodity,1802.36,1
12946,Categoria C2,commodity,879.2,2
12952,Categoria C1,commodity,2223.12,1
12952,Categoria C2,commodity,1086.44,2
1299,Categoria C1,commodity,5683.4,1
1299,Categoria C2,commodity,16651.42,2
13020,Categoria C1,commodity,5683.4,1
13020,Categoria C2,commodity,14337.24,2
13031,Categoria C1,commodity,2223.12,1
13031,Categoria C2,commodity,17084.74,2
13042,Categoria C1,commodity,2223.12,1
13042,Categoria C2,commodity,8484.28,2
13046,Categoria C1,commodity,3410.04,1
13046,Categoria C2,commodity,8603.6,2
13048,Categoria C1,commodity,1802.36,1
13048,Categoria C2,commodity,879.2,2
13084,Categoria C1,commodity,1802.36,1
13084,Categoria C2,commodity,879.2,2
13090,Categoria C1,commodity,2223.12,1
13090,Categoria C2,commodity,8484.28,2
13103,Categoria C1,commodity,2223.12,1
13103,Categoria C2,commodity,17361.06,2
13105,Categoria C1,commodity,2223.12,1
13105,Categoria C2,commodity,11260.04,2
13107,Categoria C1,commodity,1802.36,1
13107,Categoria C2,commodity,10126.5,2
1311,Categoria C1,commodity,1802.36,1
1311,Categoria C2,commodity,879.2,2
13117,Categoria C1,commodity,2223.12,1
13117,Categoria C2,commodity,3397.48,2
13136,Categoria C1,commodity,2223.12,1
13136,Categoria C2,commodity,1086.44,2
1314,Categoria C1,commodity,2223.12,1
1314,Categoria C2,commodity,7096.4,2
13146,Categoria C1,commodity,2223.12,1
13146,Categoria C2,commodity,16899.48,2
13152,Categoria C1,commodity,1802.36,1
13152,Categoria C2,commodity,879.2,2
13162,Categoria C1,commodity,2223.12,1
13162,Categoria C2,commodity,8022.7,2
13173,Categoria C1,commodity,2223.12,1
13173,Categoria C2,commodity,16990.54,2
132,Categoria C1,commodity,2223.12,1
132,Categoria C2,commodity,1086.44,2
13213,Categoria C1,commodity,1802.36,1
13213,Categoria C2,commodity,3654.96,2
13218,Categoria C1,commodity,2223.12,1
13218,Categoria C2,commodity,11260.04,2
13219,Categoria C1,commodity,1802.36,1
13219,Categoria C2,commodity,16968.56,2
13225,Categoria C1,commodity,2223.12,1
13225,Categoria C2,commodity,17361.06,2
13261,Categoria C1,commodity,2223.12,1
13261,Categoria C2,commodity,1086.44,2
13275,Categoria C1,commodity,1802.36,1
13275,Categoria C2,commodity,2728.66,2
13280,Categoria C1,commodity,4546.72,1
13280,Categoria C2,commodity,34590.24,2
13287,Categoria C1,commodity,2223.12,1
13287,Categoria C2,commodity,10333.74,2
13293,Categoria C1,commodity,1802.36,1
13293,Categoria C2,commodity,879.2,2
13297,Categoria C1,commodity,3410.04,1
13297,Categoria C2,commodity,1667.34,2
13298,Categoria C1,commodity,2223.12,1
13298,Categoria C2,commodity,1086.44,2
13299,Categoria C1,commodity,3410.04,1
13299,Categoria C2,commodity,17756.7,2
13302,Categoria C1,commodity,1802.36,1
13302,Categoria C2,commodity,879.2,2
13322,Categoria C1,commodity,2223.12,1
13322,Categoria C2,commodity,1086.44,2
13332,Categoria C1,commodity,2223.12,1
13332,Categoria C2,commodity,14958.96,2
13353,Categoria C1,commodity,2223.12,1
13353,Categoria C2,commodity,1086.44,2
13358,Categoria C1,commodity,1802.36,1
13358,Categoria C2,commodity,879.2,2
13383,Categoria C1,commodity,2223.12,1
13383,Categoria C2,commodity,10333.74,2
13390,Categoria C1,commodity,2223.12,1
13390,Categoria C2,commodity,9410.58,2
13393,Categoria C1,commodity,1802.36,1
13393,Categoria C2,commodity,879.2,2
13416,Categoria C1,commodity,2223.12,1
13416,Categoria C2,commodity,12183.2,2
13417,Categoria C1,commodity,2223.12,1
13417,Categoria C2,commodity,17175.8,2
13420,Categoria C1,commodity,2223.12,1
13420,Categoria C2,commodity,5711.66,2
13422,Categoria C1,commodity,1802.36,1
13422,Categoria C2,commodity,879.2,2
13425,Categoria C1,commodity,2223.12,1
13425,Categoria C2,commodity,17175.8,2
13429,Categoria C1,commodity,2223.12,1
13429,Categoria C2,commodity,1086.44,2
13432,Categoria C1,commodity,1802.36,1
13432,Categoria C2,commodity,879.2,2
13444,Categoria C1,commodity,1802.36,1
13444,Categoria C2,commodity,879.2,2
13450,Categoria C1,commodity,3410.04,1
13450,Categoria C2,commodity,5366.26,2
13453,Categoria C1,commodity,2223.12,1
13453,Categoria C2,commodity,5711.66,2
13464,Categoria C1,commodity,2223.12,1
13464,Categoria C2,commodity,17361.06,2
13468,Categoria C1,commodity,2223.12,1
13468,Categoria C2,commodity,2012.74,2
13472,Categoria C1,commodity,2223.12,1
13472,Categoria C2,commodity,3862.2,2
13492,Categoria C1,commodity,1802.36,1
13492,Categoria C2,commodity,879.2,2
13506,Categoria C1,commodity,1802.36,1
13506,Categoria C2,commodity,6427.58,2
13510,Categoria C1,commodity,2223.12,1
13510,Categoria C2,commodity,6424.44,2
13543,Categoria C1,commodity,2223.12,1
13543,Categoria C2,commodity,6424.44,2
13548,Categoria C1,commodity,2223.12,1
13548,Categoria C2,commodity,6424.44,2
13550,Categoria C1,commodity,1802.36,1
13550,Categoria C2,commodity,879.2,2
13553,Categoria C1,commodity,2223.12,1
13553,Categoria C2,commodity,1086.44,2
13583,Categoria C1,commodity,2223.12,1
13583,Categoria C2,commodity,6424.44,2
13588,Categoria C1,commodity,2223.12,1
13588,Categoria C2,commodity,1086.44,2
13594,Categoria C1,commodity,2223.12,1
13594,Categoria C2,commodity,4785.36,2
13597,Categoria C1,commodity,1802.36,1
13597,Categoria C2,commodity,879.2,2
13599,Categoria C1,commodity,4546.72,1
13599,Categoria C2,commodity,19885.62,2
13607,Categoria C1,commodity,1802.36,1
13607,Categoria C2,commodity,3654.96,2
13610,Categoria C1,commodity,1802.36,1
13610,Categoria C2,commodity,8277.04,2
13620,Categoria C1,commodity,1802.36,1
13620,Categoria C2,commodity,879.2,2
13629,Categoria C1,commodity,3410.04,1
13629,Categoria C2,commodity,1667.34,2
13650,Categoria C1,commodity,2223.12,1
13650,Categoria C2,commodity,16990.54,2
13651,Categoria C1,commodity,2223.12,1
13651,Categoria C2,commodity,10333.74,2
13660,Categoria C1,commodity,2223.12,1
13660,Categoria C2,commodity,6424.44,2
13666,Categoria C1,commodity,2223.12,1
13666,Categoria C2,commodity,14679.5,2
13672,Categoria C1,commodity,3410.04,1
13672,Categoria C2,commodity,10914.64,2
13675,Categoria C1,commodity,2223.12,1
13675,Categoria C2,commodity,7096.4,2
13684,Categoria C1,commodity,2223.12,1
13684,Categoria C2,commodity,1086.44,2
13685,Categoria C1,commodity,2223.12,1
13685,Categoria C2,commodity,5711.66,2
13701,Categoria C1,commodity,2223.12,1
13701,Categoria C2,commodity,16990.54,2
13702,Categoria C1,commodity,1802.36,1
13702,Categoria C2,commodity,879.2,2
13727,Categoria C1,commodity,1802.36,1
13727,Categoria C2,commodity,4578.12,2
13739,Categoria C1,commodity,2223.12,1
13739,Categoria C2,commodity,9040.06,2
13806,Categoria C1,commodity,2223.12,1
13806,Categoria C2,commodity,6424.44,2
13810,Categoria C1,commodity,2223.12,1
13810,Categoria C2,commodity,6424.44,2
13814,Categoria C1,commodity,4546.72,1
13814,Categoria C2,commodity,12899.12,2
13817,Categoria C1,commodity,2223.12,1
13817,Categoria C2,commodity,6424.44,2
13822,Categoria C1,commodity,18186.88,1
13822,Categoria C2,commodity,8892.48,2
13840,Categoria C1,commodity,1802.36,1
13840,Categoria C2,commodity,879.2,2
13844,Categoria C1,commodity,2223.12,1
13844,Categoria C2,commodity,6424.44,2
13849,Categoria C1,commodity,2223.12,1
13849,Categoria C2,commodity,6424.44,2
13857,Categoria C1,commodity,2223.12,1
13857,Categoria C2,commodity,6424.44,2
13860,Categoria C1,commodity,2223.12,1
13860,Categoria C2,commodity,6424.44,2
13870,Categoria C1,commodity,2223.12,1
13870,Categoria C2,commodity,1086.44,2
13879,Categoria C1,commodity,2223.12,1
13879,Categoria C2,commodity,6424.44,2
13883,Categoria C1,commodity,6820.08,1
13883,Categoria C2,commodity,49571.18,2
13894,Categoria C1,commodity,3410.04,1
13894,Categoria C2,commodity,9674.34,2
13902,Categoria C1,commodity,2223.12,1
13902,Categoria C2,commodity,6424.44,2
13912,Categoria C1,commodity,2223.12,1
13912,Categoria C2,commodity,6424.44,2
13914,Categoria C1,commodity,3410.04,1
13914,Categoria C2,commodity,26636.62,2
13915,Categoria C1,commodity,3410.04,1
13915,Categoria C2,commodity,9674.34,2
13918,Categoria C1,commodity,4546.72,1
13918,Categoria C2,commodity,12899.12,2
1392,Categoria C1,commodity,2223.12,1
1392,Categoria C2,commodity,6424.44,2
13938,Categoria C1,commodity,2223.12,1
13938,Categoria C2,commodity,1086.44,2
1394,Categoria C1,commodity,2223.12,1
1394,Categoria C2,commodity,6424.44,2
13947,Categoria C1,commodity,2223.12,1
13947,Categoria C2,commodity,6424.44,2
13953,Categoria C1,commodity,2223.12,1
13953,Categoria C2,commodity,19581.04,2
13957,Categoria C1,commodity,2223.12,1
13957,Categoria C2,commodity,6424.44,2
13958,Categoria C1,commodity,3410.04,1
13958,Categoria C2,commodity,1667.34,2
13960,Categoria C1,commodity,2223.12,1
13960,Categoria C2,commodity,6424.44,2
13961,Categoria C1,commodity,2223.12,1
13961,Categoria C2,commodity,6424.44,2
13962,Categoria C1,commodity,2223.12,1
13962,Categoria C2,commodity,6424.44,2
13989,Categoria C1,commodity,2223.12,1
13989,Categoria C2,commodity,6424.44,2
13991,Categoria C1,commodity,3410.04,1
13991,Categoria C2,commodity,9674.34,2
13993,Categoria C1,commodity,2223.12,1
13993,Categoria C2,commodity,1086.44,2
13994,Categoria C1,commodity,2223.12,1
13994,Categoria C2,commodity,1086.44,2
14002,Categoria C1,commodity,2223.12,1
14002,Categoria C2,commodity,8022.7,2
14016,Categoria C1,commodity,2223.12,1
14016,Categoria C2,commodity,6424.44,2
14017,Categoria C1,commodity,2223.12,1
14017,Categoria C2,commodity,1086.44,2
14025,Categoria C1,commodity,3410.04,1
14025,Categoria C2,commodity,9674.34,2
14039,Categoria C1,commodity,1802.36,1
14039,Categoria C2,commodity,3548.2,2
14052,Categoria C1,commodity,2223.12,1
14052,Categoria C2,commodity,6424.44,2
14063,Categoria C1,commodity,2223.12,1
14063,Categoria C2,commodity,1086.44,2
14076,Categoria C1,commodity,3410.04,1
14076,Categoria C2,commodity,9674.34,2
14078,Categoria C1,commodity,4546.72,1
14078,Categoria C2,commodity,12899.12,2
14083,Categoria C1,commodity,2223.12,1
14083,Categoria C2,commodity,8484.28,2
14156,Categoria C1,commodity,3410.04,1
14156,Categoria C2,commodity,38656.54,2
1416,Categoria C1,commodity,2223.12,1
1416,Categoria C2,commodity,9872.16,2
14170,Categoria C1,commodity,2223.12,1
14170,Categoria C2,commodity,1086.44,2
14183,Categoria C1,commodity,3410.04,1
14183,Categoria C2,commodity,13225.68,2
1419,Categoria C1,commodity,2223.12,1
1419,Categoria C2,commodity,13109.5,2
142,Categoria C1,commodity,3410.04,1
142,Categoria C2,commodity,7215.72,2
1420,Categoria C1,commodity,2223.12,1
1420,Categoria C2,commodity,6424.44,2
14200,Categoria C1,commodity,2223.12,1
14200,Categoria C2,commodity,8484.28,2
1421,Categoria C1,commodity,2223.12,1
1421,Categoria C2,commodity,10333.74,2
14211,Categoria C1,commodity,2223.12,1
14211,Categoria C2,commodity,1086.44,2
14234,Categoria C1,commodity,3410.04,1
14234,Categoria C2,commodity,15539.86,2
14240,Categoria C1,commodity,1802.36,1
14240,Categoria C2,commodity,3548.2,2
14244,Categoria C1,commodity,3410.04,1
14244,Categoria C2,commodity,29409.24,2
1426,Categoria C1,commodity,2223.12,1
1426,Categoria C2,commodity,12183.2,2
14268,Categoria C1,commodity,2223.12,1
14268,Categoria C2,commodity,6424.44,2
1428,Categoria C1,commodity,2223.12,1
1428,Categoria C2,commodity,6424.44,2
14296,Categoria C1,commodity,3410.04,1
14296,Categoria C2,commodity,9674.34,2
14298,Categoria C1,commodity,1802.36,1
14298,Categoria C2,commodity,3548.2,2
14299,Categoria C1,commodity,2223.12,1
14299,Categoria C2,commodity,6634.82,2
1430,Categoria C1,commodity,2223.12,1
1430,Categoria C2,commodity,38075.64,2
14319,Categoria C1,commodity,3410.04,1
14319,Categoria C2,commodity,8603.6,2
1433,Categoria C1,commodity,2223.12,1
1433,Categoria C2,commodity,12183.2,2
1434,Categoria C1,commodity,3410.04,1
1434,Categoria C2,commodity,22472.98,2
14352,Categoria C1,commodity,2223.12,1
14352,Categoria C2,commodity,7561.12,2
14356,Categoria C1,commodity,2223.12,1
14356,Categoria C2,commodity,8484.28,2
14357,Categoria C1,commodity,3410.04,1
14357,Categoria C2,commodity,9674.34,2
14363,Categoria C1,commodity,2223.12,1
14363,Categoria C2,commodity,6424.44,2
14370,Categoria C1,commodity,1802.36,1
14370,Categoria C2,commodity,3548.2,2
14372,Categoria C1,commodity,2223.12,1
14372,Categoria C2,commodity,6424.44,2
14375,Categoria C1,commodity,2223.12,1
14375,Categoria C2,commodity,6424.44,2
14398,Categoria C1,commodity,3410.04,1
14398,Categoria C2,commodity,6292.56,2
14408,Categoria C1,commodity,3410.04,1
14408,Categoria C2,commodity,1667.34,2
14463,Categoria C1,commodity,1802.36,1
14463,Categoria C2,commodity,879.2,2
14484,Categoria C1,commodity,2223.12,1
14484,Categoria C2,commodity,7561.12,2
14485,Categoria C1,commodity,2223.12,1
14485,Categoria C2,commodity,12183.2,2
14490,Categoria C1,commodity,2223.12,1
14490,Categoria C2,commodity,7096.4,2
14491,Categoria C1,commodity,2223.12,1
14491,Categoria C2,commodity,1086.44,2
14494,Categoria C1,commodity,1802.36,1
14494,Categoria C2,commodity,879.2,2
14495,Categoria C1,commodity,1802.36,1
14495,Categoria C2,commodity,16692.24,2
1451,Categoria C1,commodity,2223.12,1
1451,Categoria C2,commodity,6424.44,2
14511,Categoria C1,commodity,1802.36,1
14511,Categoria C2,commodity,879.2,2
14514,Categoria C1,commodity,1802.36,1
14514,Categoria C2,commodity,879.2,2
14519,Categoria C1,commodity,2223.12,1
14519,Categoria C2,commodity,6424.44,2
1452,Categoria C1,commodity,2223.12,1
1452,Categoria C2,commodity,6424.44,2
14522,Categoria C1,commodity,2223.12,1
14522,Categoria C2,commodity,1086.44,2
14557,Categoria C1,commodity,2223.12,1
14557,Categoria C2,commodity,1086.44,2
14565,Categoria C1,commodity,2223.12,1
14565,Categoria C2,commodity,6424.44,2
14592,Categoria C1,commodity,2223.12,1
14592,Categoria C2,commodity,6424.44,2
14593,Categoria C1,commodity,2223.12,1
14593,Categoria C2,commodity,6424.44,2
14594,Categoria C1,commodity,2223.12,1
14594,Categoria C2,commodity,6424.44,2
14598,Categoria C1,commodity,2223.12,1
14598,Categoria C2,commodity,6424.44,2
1460,Categoria C1,commodity,2223.12,1
1460,Categoria C2,commodity,8945.86,2
14608,Categoria C1,commodity,3410.04,1
14608,Categoria C2,commodity,1667.34,2
1461,Categoria C1,commodity,2223.12,1
1461,Categoria C2,commodity,1086.44,2
14613,Categoria C1,commodity,3410.04,1
14613,Categoria C2,commodity,9674.34,2
14617,Categoria C1,commodity,2223.12,1
14617,Categoria C2,commodity,12183.2,2
14619,Categoria C1,commodity,2223.12,1
14619,Categoria C2,commodity,10333.74,2
14622,Categoria C1,commodity,2223.12,1
14622,Categoria C2,commodity,8484.28,2
14624,Categoria C1,commodity,3410.04,1
14624,Categoria C2,commodity,10914.64,2
14628,Categoria C1,commodity,2223.12,1
14628,Categoria C2,commodity,5711.66,2
14635,Categoria C1,commodity,1802.36,1
14635,Categoria C2,commodity,17524.34,2
14644,Categoria C1,commodity,1802.36,1
14644,Categoria C2,commodity,8277.04,2
14646,Categoria C1,commodity,2223.12,1
14646,Categoria C2,commodity,1086.44,2
14653,Categoria C1,commodity,3410.04,1
14653,Categoria C2,commodity,15539.86,2
14657,Categoria C1,commodity,1802.36,1
14657,Categoria C2,commodity,5504.42,2
14660,Categoria C1,commodity,2223.12,1
14660,Categoria C2,commodity,8484.28,2
14664,Categoria C1,commodity,2223.12,1
14664,Categoria C2,commodity,5711.66,2
14666,Categoria C1,commodity,2223.12,1
14666,Categoria C2,commodity,3862.2,2
14674,Categoria C1,commodity,3410.04,1
14674,Categoria C2,commodity,12764.1,2
14678,Categoria C1,commodity,2223.12,1
14678,Categoria C2,commodity,14958.96,2
14682,Categoria C1,commodity,2223.12,1
14682,Categoria C2,commodity,8484.28,2
14684,Categoria C1,commodity,1802.36,1
14684,Categoria C2,commodity,879.2,2
14685,Categoria C1,commodity,2223.12,1
14685,Categoria C2,commodity,8484.28,2
14687,Categoria C1,commodity,2223.12,1
14687,Categoria C2,commodity,8022.7,2
14697,Categoria C1,commodity,2223.12,1
14697,Categoria C2,commodity,10333.74,2
14713,Categoria C1,commodity,2223.12,1
14713,Categoria C2,commodity,16990.54,2
14742,Categoria C1,commodity,1802.36,1
14742,Categoria C2,commodity,3654.96,2
14749,Categoria C1,commodity,1802.36,1
14749,Categoria C2,commodity,879.2,2
14754,Categoria C1,commodity,2223.12,1
14754,Categoria C2,commodity,3397.48,2
14765,Categoria C1,commodity,3410.04,1
14765,Categoria C2,commodity,14613.56,2
1477,Categoria C1,commodity,2223.12,1
1477,Categoria C2,commodity,1086.44,2
14773,Categoria C1,commodity,2223.12,1
14773,Categoria C2,commodity,16808.42,2
14774,Categoria C1,commodity,2223.12,1
14774,Categoria C2,commodity,12183.2,2
14776,Categoria C1,commodity,3410.04,1
14776,Categoria C2,commodity,20161.94,2
1478,Categoria C1,commodity,1802.36,1
1478,Categoria C2,commodity,3548.2,2
14782,Categoria C1,commodity,2223.12,1
14782,Categoria C2,commodity,1086.44,2
148,Categoria C1,commodity,2223.12,1
148,Categoria C2,commodity,1086.44,2
14813,Categoria C1,commodity,2223.12,1
14813,Categoria C2,commodity,5711.66,2
14832,Categoria C1,commodity,1802.36,1
14832,Categoria C2,commodity,879.2,2
14837,Categoria C1,commodity,2223.12,1
14837,Categoria C2,commodity,8484.28,2
14849,Categoria C1,commodity,4546.72,1
14849,Categoria C2,commodity,13319.88,2
1487,Categoria C1,commodity,1802.36,1
1487,Categoria C2,commodity,3548.2,2
149,Categoria C1,commodity,2223.12,1
149,Categoria C2,commodity,6424.44,2
14913,Categoria C1,commodity,2223.12,1
14913,Categoria C2,commodity,16990.54,2
14918,Categoria C1,commodity,2223.12,1
14918,Categoria C2,commodity,1086.44,2
14964,Categoria C1,commodity,2223.12,1
14964,Categoria C2,commodity,3397.48,2
14970,Categoria C1,commodity,2223.12,1
14970,Categoria C2,commodity,1086.44,2
14982,Categoria C1,commodity,2223.12,1
14982,Categoria C2,commodity,7561.12,2
14986,Categoria C1,commodity,1802.36,1
14986,Categoria C2,commodity,879.2,2
14990,Categoria C1,commodity,1802.36,1
14990,Categoria C2,commodity,14751.72,2
15006,Categoria C1,commodity,2223.12,1
15006,Categoria C2,commodity,5711.66,2
15008,Categoria C1,commodity,2223.12,1
15008,Categoria C2,commodity,16990.54,2
15026,Categoria C1,commodity,2223.12,1
15026,Categoria C2,commodity,17270.0,2
15029,Categoria C1,commodity,1802.36,1
15029,Categoria C2,commodity,4578.12,2
15032,Categoria C1,commodity,2223.12,1
15032,Categoria C2,commodity,8022.7,2
15049,Categoria C1,commodity,2223.12,1
15049,Categoria C2,commodity,7561.12,2
15067,Categoria C1,commodity,3410.04,1
15067,Categoria C2,commodity,19238.78,2
15085,Categoria C1,commodity,2223.12,1
15085,Categoria C2,commodity,4785.36,2
15094,Categoria C1,commodity,3410.04,1
15094,Categoria C2,commodity,10914.64,2
15098,Categoria C1,commodity,2223.12,1
15098,Categoria C2,commodity,20136.82,2
15103,Categoria C1,commodity,3410.04,1
15103,Categoria C2,commodity,18312.48,2
15111,Categoria C1,commodity,2223.12,1
15111,Categoria C2,commodity,1086.44,2
15128,Categoria C1,commodity,2223.12,1
15128,Categoria C2,commodity,5711.66,2
15139,Categoria C1,commodity,2223.12,1
15139,Categoria C2,commodity,1086.44,2
1516,Categoria C1,commodity,3410.04,1
1516,Categoria C2,commodity,9526.76,2
15165,Categoria C1,commodity,2223.12,1
15165,Categoria C2,commodity,9410.58,2
15167,Categoria C1,commodity,2223.12,1
15167,Categoria C2,commodity,12644.78,2
15186,Categoria C1,commodity,1802.36,1
15186,Categoria C2,commodity,10311.76,2
15196,Categoria C1,commodity,4546.72,1
15196,Categoria C2,commodity,16095.64,2
15205,Categoria C1,commodity,2223.12,1
15205,Categoria C2,commodity,1086.44,2
15208,Categoria C1,commodity,3410.04,1
15208,Categoria C2,commodity,8142.02,2
15214,Categoria C1,commodity,2223.12,1
15214,Categoria C2,commodity,8484.28,2
15218,Categoria C1,commodity,3410.04,1
15218,Categoria C2,commodity,15539.86,2
15227,Categoria C1,commodity,2223.12,1
15227,Categoria C2,commodity,8484.28,2
15249,Categoria C1,commodity,1802.36,1
15249,Categoria C2,commodity,3548.2,2
15255,Categoria C1,commodity,2223.12,1
15255,Categoria C2,commodity,6424.44,2
15264,Categoria C1,commodity,2223.12,1
15264,Categoria C2,commodity,6424.44,2
1528,Categoria C1,commodity,2223.12,1
1528,Categoria C2,commodity,4785.36,2
15294,Categoria C1,commodity,2223.12,1
15294,Categoria C2,commodity,6424.44,2
15304,Categoria C1,commodity,2223.12,1
15304,Categoria C2,commodity,6424.44,2
15327,Categoria C1,commodity,2223.12,1
15327,Categoria C2,commodity,10333.74,2
15330,Categoria C1,commodity,1802.36,1
15330,Categoria C2,commodity,17524.34,2
15331,Categoria C1,commodity,2223.12,1
15331,Categoria C2,commodity,9410.58,2
15341,Categoria C1,commodity,2223.12,1
15341,Categoria C2,commodity,5711.66,2
15351,Categoria C1,commodity,5683.4,1
15351,Categoria C2,commodity,67510.0,2
1536,Categoria C1,commodity,2223.12,1
1536,Categoria C2,commodity,5246.94,2
15362,Categoria C1,commodity,2223.12,1
15362,Categoria C2,commodity,8484.28,2
15366,Categoria C1,commodity,2223.12,1
15366,Categoria C2,commodity,6634.82,2
15369,Categoria C1,commodity,3410.04,1
15369,Categoria C2,commodity,9065.18,2
15383,Categoria C1,commodity,2223.12,1
15383,Categoria C2,commodity,6424.44,2
15384,Categoria C1,commodity,7956.76,1
15384,Categoria C2,commodity,15448.8,2
15387,Categoria C1,commodity,2223.12,1
15387,Categoria C2,commodity,1086.44,2
15394,Categoria C1,commodity,1802.36,1
15394,Categoria C2,commodity,9203.34,2
15396,Categoria C1,commodity,1802.36,1
15396,Categoria C2,commodity,879.2,2
15397,Categoria C1,commodity,2223.12,1
15397,Categoria C2,commodity,6424.44,2
15409,Categoria C1,commodity,2223.12,1
15409,Categoria C2,commodity,6424.44,2
15421,Categoria C1,commodity,3410.04,1
15421,Categoria C2,commodity,29409.24,2
15432,Categoria C1,commodity,3410.04,1
15432,Categoria C2,commodity,14613.56,2
15438,Categoria C1,commodity,2223.12,1
15438,Categoria C2,commodity,1086.44,2
15441,Categoria C1,commodity,2223.12,1
15441,Categoria C2,commodity,6424.44,2
15442,Categoria C1,commodity,3410.04,1
15442,Categoria C2,commodity,12764.1,2
15443,Categoria C1,commodity,3410.04,1
15443,Categoria C2,commodity,9674.34,2
15451,Categoria C1,commodity,2223.12,1
15451,Categoria C2,commodity,16808.42,2
15452,Categoria C1,commodity,2223.12,1
15452,Categoria C2,commodity,10333.74,2
15459,Categoria C1,commodity,2223.12,1
15459,Categoria C2,commodity,17731.58,2
15483,Categoria C1,commodity,1802.36,1
15483,Categoria C2,commodity,879.2,2
15484,Categoria C1,commodity,2223.12,1
15484,Categoria C2,commodity,14958.96,2
15499,Categoria C1,commodity,2223.12,1
15499,Categoria C2,commodity,6424.44,2
15503,Categoria C1,commodity,5683.4,1
15503,Categoria C2,commodity,16123.9,2
15504,Categoria C1,commodity,2223.12,1
15504,Categoria C2,commodity,10333.74,2
15511,Categoria C1,commodity,2223.12,1
15511,Categoria C2,commodity,6634.82,2
15516,Categoria C1,commodity,1802.36,1
15516,Categoria C2,commodity,879.2,2
15523,Categoria C1,commodity,3410.04,1
15523,Categoria C2,commodity,9674.34,2
15537,Categoria C1,commodity,1802.36,1
15537,Categoria C2,commodity,879.2,2
15557,Categoria C1,commodity,1802.36,1
15557,Categoria C2,commodity,8277.04,2
15569,Categoria C1,commodity,2223.12,1
15569,Categoria C2,commodity,6424.44,2
15573,Categoria C1,commodity,2223.12,1
15573,Categoria C2,commodity,19581.04,2
15574,Categoria C1,commodity,3410.04,1
15574,Categoria C2,commodity,9065.18,2
15576,Categoria C1,commodity,2223.12,1
15576,Categoria C2,commodity,6424.44,2
15577,Categoria C1,commodity,2223.12,1
15577,Categoria C2,commodity,5711.66,2
15578,Categoria C1,commodity,3410.04,1
15578,Categoria C2,commodity,9674.34,2
15587,Categoria C1,commodity,3410.04,1
15587,Categoria C2,commodity,25710.32,2
15598,Categoria C1,commodity,2223.12,1
15598,Categoria C2,commodity,1086.44,2
15612,Categoria C1,commodity,2223.12,1
15612,Categoria C2,commodity,6424.44,2
15623,Categoria C1,commodity,1802.36,1
15623,Categoria C2,commodity,879.2,2
15632,Categoria C1,commodity,1802.36,1
15632,Categoria C2,commodity,3548.2,2
15638,Categoria C1,commodity,2223.12,1
15638,Categoria C2,commodity,10333.74,2
15644,Categoria C1,commodity,2223.12,1
15644,Categoria C2,commodity,1086.44,2
15647,Categoria C1,commodity,2223.12,1
15647,Categoria C2,commodity,6424.44,2
15651,Categoria C1,commodity,1802.36,1
15651,Categoria C2,commodity,3548.2,2
15652,Categoria C1,commodity,2223.12,1
15652,Categoria C2,commodity,14958.96,2
15670,Categoria C1,commodity,2223.12,1
15670,Categoria C2,commodity,28828.34,2
15684,Categoria C1,commodity,3410.04,1
15684,Categoria C2,commodity,1667.34,2
1575,Categoria C1,commodity,2223.12,1
1575,Categoria C2,commodity,1086.44,2
15770,Categoria C1,commodity,2223.12,1
15770,Categoria C2,commodity,10333.74,2
15783,Categoria C1,commodity,2223.12,1
15783,Categoria C2,commodity,1086.44,2
15786,Categoria C1,commodity,1802.36,1
15786,Categoria C2,commodity,10126.5,2
15817,Categoria C1,commodity,3410.04,1
15817,Categoria C2,commodity,9674.34,2
15819,Categoria C1,commodity,4546.72,1
15819,Categoria C2,commodity,12899.12,2
15828,Categoria C1,commodity,2223.12,1
15828,Categoria C2,commodity,7561.12,2
15830,Categoria C1,commodity,2223.12,1
15830,Categoria C2,commodity,6424.44,2
15855,Categoria C1,commodity,2223.12,1
15855,Categoria C2,commodity,10333.74,2
15888,Categoria C1,commodity,6820.08,1
15888,Categoria C2,commodity,31076.58,2
1589,Categoria C1,commodity,2223.12,1
1589,Categoria C2,commodity,1086.44,2
1592,Categoria C1,commodity,2223.12,1
1592,Categoria C2,commodity,1086.44,2
15960,Categoria C1,commodity,3410.04,1
15960,Categoria C2,commodity,7215.72,2
15965,Categoria C1,commodity,1802.36,1
15965,Categoria C2,commodity,879.2,2
15999,Categoria C1,commodity,2223.12,1
15999,Categoria C2,commodity,1086.44,2
1601,Categoria C1,commodity,2223.12,1
1601,Categoria C2,commodity,1086.44,2
16055,Categoria C1,commodity,3410.04,1
16055,Categoria C2,commodity,20161.94,2
16074,Categoria C1,commodity,2223.12,1
16074,Categoria C2,commodity,12183.2,2
16084,Categoria C1,commodity,2223.12,1
16084,Categoria C2,commodity,6424.44,2
16109,Categoria C1,commodity,3410.04,1
16109,Categoria C2,commodity,9065.18,2
16146,Categoria C1,commodity,3410.04,1
16146,Categoria C2,commodity,15539.86,2
16150,Categoria C1,commodity,0.0,1
16150,Categoria C2,commodity,0.0,2
16167,Categoria C1,commodity,2223.12,1
16167,Categoria C2,commodity,1086.44,2
16213,Categoria C1,commodity,2223.12,1
16213,Categoria C2,commodity,8484.28,2
16235,Categoria C1,commodity,11366.8,1
16235,Categoria C2,commodity,11106.18,2
1624,Categoria C1,commodity,1802.36,1
1624,Categoria C2,commodity,879.2,2
16253,Categoria C1,commodity,2223.12,1
16253,Categoria C2,commodity,1086.44,2
16266,Categoria C1,commodity,2223.12,1
16266,Categoria C2,commodity,1086.44,2
16273,Categoria C1,commodity,2223.12,1
16273,Categoria C2,commodity,12183.2,2
1628,Categoria C1,commodity,1802.36,1
1628,Categoria C2,commodity,879.2,2
16284,Categoria C1,commodity,2223.12,1
16284,Categoria C2,commodity,6634.82,2
163,Categoria C1,commodity,2223.12,1
163,Categoria C2,commodity,6424.44,2
16304,Categoria C1,commodity,2223.12,1
16304,Categoria C2,commodity,3862.2,2
16372,Categoria C1,commodity,1802.36,1
16372,Categoria C2,commodity,879.2,2
16382,Categoria C1,commodity,2223.12,1
16382,Categoria C2,commodity,6634.82,2
16385,Categoria C1,commodity,2223.12,1
16385,Categoria C2,commodity,10333.74,2
1641,Categoria C1,commodity,2223.12,1
1641,Categoria C2,commodity,7561.12,2
1643,Categoria C1,commodity,1802.36,1
1643,Categoria C2,commodity,879.2,2
16435,Categoria C1,commodity,3410.04,1
16435,Categoria C2,commodity,34034.46,2
16589,Categoria C1,commodity,2223.12,1
16589,Categoria C2,commodity,4785.36,2
16613,Categoria C1,commodity,3410.04,1
16613,Categoria C2,commodity,9674.34,2
16640,Categoria C1,commodity,2223.12,1
16640,Categoria C2,commodity,6424.44,2
16646,Categoria C1,commodity,2223.12,1
16646,Categoria C2,commodity,1086.44,2
16648,Categoria C1,commodity,1802.36,1
16648,Categoria C2,commodity,879.2,2
16662,Categoria C1,commodity,3410.04,1
16662,Categoria C2,commodity,9674.34,2
16679,Categoria C1,commodity,1802.36,1
16679,Categoria C2,commodity,879.2,2
16680,Categoria C1,commodity,1802.36,1
16680,Categoria C2,commodity,879.2,2
16684,Categoria C1,commodity,2223.12,1
16684,Categoria C2,commodity,6424.44,2
16694,Categoria C1,commodity,2223.12,1
16694,Categoria C2,commodity,5711.66,2
16701,Categoria C1,commodity,2223.12,1
16701,Categoria C2,commodity,6424.44,2
16706,Categoria C1,commodity,2223.12,1
16706,Categoria C2,commodity,6424.44,2
16707,Categoria C1,commodity,2223.12,1
16707,Categoria C2,commodity,1086.44,2
16708,Categoria C1,commodity,2223.12,1
16708,Categoria C2,commodity,6424.44,2
16718,Categoria C1,commodity,2223.12,1
16718,Categoria C2,commodity,19581.04,2
16737,Categoria C1,commodity,3410.04,1
16737,Categoria C2,commodity,15539.86,2
16742,Categoria C1,commodity,2223.12,1
16742,Categoria C2,commodity,6634.82,2
16752,Categoria C1,commodity,2223.12,1
16752,Categoria C2,commodity,56570.24,2
16754,Categoria C1,commodity,2223.12,1
16754,Categoria C2,commodity,15882.12,2
16756,Categoria C1,commodity,2223.12,1
16756,Categoria C2,commodity,6424.44,2
16762,Categoria C1,commodity,2223.12,1
16762,Categoria C2,commodity,6424.44,2
16779,Categoria C1,commodity,2223.12,1
16779,Categoria C2,commodity,10333.74,2
16804,Categoria C1,commodity,2223.12,1
16804,Categoria C2,commodity,6424.44,2
16816,Categoria C1,commodity,2223.12,1
16816,Categoria C2,commodity,1086.44,2
16817,Categoria C1,commodity,1802.36,1
16817,Categoria C2,commodity,16601.18,2
16818,Categoria C1,commodity,2223.12,1
16818,Categoria C2,commodity,4785.36,2
16819,Categoria C1,commodity,1802.36,1
16819,Categoria C2,commodity,5504.42,2
16827,Categoria C1,commodity,2223.12,1
16827,Categoria C2,commodity,6424.44,2
16828,Categoria C1,commodity,3410.04,1
16828,Categoria C2,commodity,9674.34,2
16831,Categoria C1,commodity,2223.12,1
16831,Categoria C2,commodity,19581.04,2
16834,Categoria C1,commodity,3410.04,1
16834,Categoria C2,commodity,9674.34,2
16842,Categoria C1,commodity,2223.12,1
16842,Categoria C2,commodity,1086.44,2
16846,Categoria C1,commodity,2223.12,1
16846,Categoria C2,commodity,1086.44,2
16847,Categoria C1,commodity,1802.36,1
16847,Categoria C2,commodity,879.2,2
1686,Categoria C1,commodity,2223.12,1
1686,Categoria C2,commodity,1086.44,2
16865,Categoria C1,commodity,2223.12,1
16865,Categoria C2,commodity,6424.44,2
16880,Categoria C1,commodity,3410.04,1
16880,Categoria C2,commodity,9674.34,2
16892,Categoria C1,commodity,3410.04,1
16892,Categoria C2,commodity,5366.26,2
1690,Categoria C1,commodity,1802.36,1
1690,Categoria C2,commodity,879.2,2
16907,Categoria C1,commodity,2223.12,1
16907,Categoria C2,commodity,1086.44,2
16925,Categoria C1,commodity,2223.12,1
16925,Categoria C2,commodity,6424.44,2
16947,Categoria C1,commodity,2223.12,1
16947,Categoria C2,commodity,10333.74,2
17012,Categoria C1,commodity,3410.04,1
17012,Categoria C2,commodity,1667.34,2
17025,Categoria C1,commodity,2223.12,1
17025,Categoria C2,commodity,1086.44,2
17027,Categoria C1,commodity,2223.12,1
17027,Categoria C2,commodity,6424.44,2
17056,Categoria C1,commodity,0.0,1
17056,Categoria C2,commodity,0.0,2
171,Categoria C1,commodity,3410.04,1
171,Categoria C2,commodity,9674.34,2
17116,Categoria C1,commodity,3410.04,1
17116,Categoria C2,commodity,9065.18,2
17121,Categoria C1,commodity,1802.36,1
17121,Categoria C2,commodity,5504.42,2
17143,Categoria C1,commodity,3410.04,1
17143,Categoria C2,commodity,9674.34,2
17147,Categoria C1,commodity,2223.12,1
17147,Categoria C2,commodity,1086.44,2
17168,Categoria C1,commodity,4546.72,1
17168,Categoria C2,commodity,113190.72,2
17172,Categoria C1,commodity,3410.04,1
17172,Categoria C2,commodity,9674.34,2
17196,Categoria C1,commodity,2223.12,1
17196,Categoria C2,commodity,1086.44,2
1724,Categoria C1,commodity,1802.36,1
1724,Categoria C2,commodity,3548.2,2
17241,Categoria C1,commodity,2223.12,1
17241,Categoria C2,commodity,1086.44,2
17264,Categoria C1,commodity,1802.36,1
17264,Categoria C2,commodity,3548.2,2
17271,Categoria C1,commodity,2223.12,1
17271,Categoria C2,commodity,6634.82,2
1730,Categoria C1,commodity,2223.12,1
1730,Categoria C2,commodity,4785.36,2
17316,Categoria C1,commodity,1802.36,1
17316,Categoria C2,commodity,879.2,2
17321,Categoria C1,commodity,9093.44,1
17321,Categoria C2,commodity,32188.14,2
17327,Categoria C1,commodity,2223.12,1
17327,Categoria C2,commodity,6424.44,2
17333,Categoria C1,commodity,1802.36,1
17333,Categoria C2,commodity,879.2,2
17352,Categoria C1,commodity,3410.04,1
17352,Categoria C2,commodity,7215.72,2
17362,Categoria C1,commodity,2223.12,1
17362,Categoria C2,commodity,5711.66,2
17400,Categoria C1,commodity,1802.36,1
17400,Categoria C2,commodity,3654.96,2
17404,Categoria C1,commodity,2223.12,1
17404,Categoria C2,commodity,6424.44,2
17434,Categoria C1,commodity,2223.12,1
17434,Categoria C2,commodity,5711.66,2
1753,Categoria C1,commodity,1802.36,1
1753,Categoria C2,commodity,879.2,2
17544,Categoria C1,commodity,2223.12,1
17544,Categoria C2,commodity,1086.44,2
17563,Categoria C1,commodity,3410.04,1
17563,Categoria C2,commodity,9674.34,2
17574,Categoria C1,commodity,2223.12,1
17574,Categoria C2,commodity,6424.44,2
17596,Categoria C1,commodity,2223.12,1
17596,Categoria C2,commodity,5711.66,2
1760,Categoria C1,commodity,2223.12,1
1760,Categoria C2,commodity,1086.44,2
17612,Categoria C1,commodity,1802.36,1
17612,Categoria C2,commodity,879.2,2
17625,Categoria C1,commodity,2223.12,1
17625,Categoria C2,commodity,1086.44,2
17632,Categoria C1,commodity,2223.12,1
17632,Categoria C2,commodity,6424.44,2
17642,Categoria C1,commodity,2223.12,1
17642,Categoria C2,commodity,1086.44,2
1765,Categoria C1,commodity,1802.36,1
1765,Categoria C2,commodity,4578.12,2
17675,Categoria C1,commodity,3410.04,1
17675,Categoria C2,commodity,20161.94,2
17685,Categoria C1,commodity,3410.04,1
17685,Categoria C2,commodity,12764.1,2
17686,Categoria C1,commodity,2223.12,1
17686,Categoria C2,commodity,1086.44,2
17690,Categoria C1,commodity,2223.12,1
17690,Categoria C2,commodity,1086.44,2
17704,Categoria C1,commodity,1802.36,1
17704,Categoria C2,commodity,879.2,2
17707,Categoria C1,commodity,2223.12,1
17707,Categoria C2,commodity,6634.82,2
17716,Categoria C1,commodity,2223.12,1
17716,Categoria C2,commodity,1086.44,2
17733,Categoria C1,commodity,2223.12,1
17733,Categoria C2,commodity,1086.44,2
17735,Categoria C1,commodity,1802.36,1
17735,Categoria C2,commodity,4578.12,2
17751,Categoria C1,commodity,2223.12,1
17751,Categoria C2,commodity,6424.44,2
17755,Categoria C1,commodity,2223.12,1
17755,Categoria C2,commodity,3397.48,2
17758,Categoria C1,commodity,2223.12,1
17758,Categoria C2,commodity,19581.04,2
17762,Categoria C1,commodity,2223.12,1
17762,Categoria C2,commodity,6424.44,2
17764,Categoria C1,commodity,1802.36,1
17764,Categoria C2,commodity,16783.3,2
1778,Categoria C1,commodity,2223.12,1
1778,Categoria C2,commodity,4785.36,2
1779,Categoria C1,commodity,1802.36,1
1779,Categoria C2,commodity,879.2,2
17828,Categoria C1,commodity,1802.36,1
17828,Categoria C2,commodity,16601.18,2
17847,Categoria C1,commodity,2223.12,1
17847,Categoria C2,commodity,6424.44,2
17848,Categoria C1,commodity,1802.36,1
17848,Categoria C2,commodity,879.2,2
17852,Categoria C1,commodity,2223.12,1
17852,Categoria C2,commodity,1086.44,2
17863,Categoria C1,commodity,2223.12,1
17863,Categoria C2,commodity,1086.44,2
17902,Categoria C1,commodity,2223.12,1
17902,Categoria C2,commodity,5711.66,2
17904,Categoria C1,commodity,2223.12,1
17904,Categoria C2,commodity,8484.28,2
17915,Categoria C1,commodity,1802.36,1
17915,Categoria C2,commodity,879.2,2
17953,Categoria C1,commodity,2223.12,1
17953,Categoria C2,commodity,6424.44,2
17956,Categoria C1,commodity,3410.04,1
17956,Categoria C2,commodity,10914.64,2
17958,Categoria C1,commodity,2223.12,1
17958,Categoria C2,commodity,10333.74,2
17963,Categoria C1,commodity,9093.44,1
17963,Categoria C2,commodity,18318.76,2
17964,Categoria C1,commodity,2223.12,1
17964,Categoria C2,commodity,6424.44,2
17965,Categoria C1,commodity,2223.12,1
17965,Categoria C2,commodity,5711.66,2
18020,Categoria C1,commodity,2223.12,1
18020,Categoria C2,commodity,2935.9,2
18028,Categoria C1,commodity,2223.12,1
18028,Categoria C2,commodity,14958.96,2
1803,Categoria C1,commodity,2223.12,1
1803,Categoria C2,commodity,3862.2,2
18038,Categoria C1,commodity,1802.36,1
18038,Categoria C2,commodity,3548.2,2
18041,Categoria C1,commodity,2223.12,1
18041,Categoria C2,commodity,21339.44,2
18045,Categoria C1,commodity,1802.36,1
18045,Categoria C2,commodity,3548.2,2
18047,Categoria C1,commodity,2223.12,1
18047,Categoria C2,commodity,1086.44,2
18063,Categoria C1,commodity,2223.12,1
18063,Categoria C2,commodity,1086.44,2
18070,Categoria C1,commodity,1802.36,1
18070,Categoria C2,commodity,879.2,2
18088,Categoria C1,commodity,2223.12,1
18088,Categoria C2,commodity,6424.44,2
18101,Categoria C1,commodity,2223.12,1
18101,Categoria C2,commodity,1086.44,2
18159,Categoria C1,commodity,1802.36,1
18159,Categoria C2,commodity,3548.2,2
18164,Categoria C1,commodity,1802.36,1
18164,Categoria C2,commodity,879.2,2
1817,Categoria C1,commodity,2223.12,1
1817,Categoria C2,commodity,3862.2,2
1818,Categoria C1,commodity,2223.12,1
1818,Categoria C2,commodity,1086.44,2
18181,Categoria C1,commodity,1802.36,1
18181,Categoria C2,commodity,879.2,2
18182,Categoria C1,commodity,2223.12,1
18182,Categoria C2,commodity,6424.44,2
18186,Categoria C1,commodity,2223.12,1
18186,Categoria C2,commodity,9410.58,2
1821,Categoria C1,commodity,1802.36,1
1821,Categoria C2,commodity,879.2,2
18237,Categoria C1,commodity,2223.12,1
18237,Categoria C2,commodity,6634.82,2
18249,Categoria C1,commodity,1802.36,1
18249,Categoria C2,commodity,879.2,2
18289,Categoria C1,commodity,2223.12,1
18289,Categoria C2,commodity,1086.44,2
18300,Categoria C1,commodity,2223.12,1
18300,Categoria C2,commodity,7561.12,2
18310,Categoria C1,commodity,1802.36,1
18310,Categoria C2,commodity,5504.42,2
18313,Categoria C1,commodity,2223.12,1
18313,Categoria C2,commodity,7561.12,2
18323,Categoria C1,commodity,1802.36,1
18323,Categoria C2,commodity,3548.2,2
18341,Categoria C1,commodity,1802.36,1
18341,Categoria C2,commodity,879.2,2
18348,Categoria C1,commodity,2223.12,1
18348,Categoria C2,commodity,6424.44,2
18359,Categoria C1,commodity,3410.04,1
18359,Categoria C2,commodity,9674.34,2
18418,Categoria C1,commodity,2223.12,1
18418,Categoria C2,commodity,5711.66,2
1842,Categoria C1,commodity,2223.12,1
1842,Categoria C2,commodity,1086.44,2
18427,Categoria C1,commodity,2223.12,1
18427,Categoria C2,commodity,6424.44,2
18431,Categoria C1,commodity,2223.12,1
18431,Categoria C2,commodity,6424.44,2
18432,Categoria C1,commodity,1802.36,1
18432,Categoria C2,commodity,5504.42,2
1844,Categoria C1,commodity,2223.12,1
1844,Categoria C2,commodity,1086.44,2
18442,Categoria C1,commodity,3410.04,1
18442,Categoria C2,commodity,27559.78,2
18491,Categoria C1,commodity,4546.72,1
18491,Categoria C2,commodity,13319.88,2
18590,Categoria C1,commodity,2223.12,1
18590,Categoria C2,commodity,8484.28,2
1861,Categoria C1,commodity,2223.12,1
1861,Categoria C2,commodity,4785.36,2
1865,Categoria C1,commodity,2223.12,1
1865,Categoria C2,commodity,6424.44,2
18655,Categoria C1,commodity,3410.04,1
18655,Categoria C2,commodity,9674.34,2
18661,Categoria C1,commodity,1802.36,1
18661,Categoria C2,commodity,3548.2,2
18662,Categoria C1,commodity,4546.72,1
18662,Categoria C2,commodity,12899.12,2
18670,Categoria C1,commodity,3410.04,1
18670,Categoria C2,commodity,15539.86,2
18676,Categoria C1,commodity,1802.36,1
18676,Categoria C2,commodity,879.2,2
18684,Categoria C1,commodity,1802.36,1
18684,Categoria C2,commodity,3548.2,2
18690,Categoria C1,commodity,2223.12,1
18690,Categoria C2,commodity,6424.44,2
18697,Categoria C1,commodity,1802.36,1
18697,Categoria C2,commodity,879.2,2
18734,Categoria C1,commodity,1802.36,1
18734,Categoria C2,commodity,3548.2,2
18747,Categoria C1,commodity,3410.04,1
18747,Categoria C2,commodity,1667.34,2
18749,Categoria C1,commodity,3410.04,1
18749,Categoria C2,commodity,9065.18,2
18755,Categoria C1,commodity,1802.36,1
18755,Categoria C2,commodity,3548.2,2
18759,Categoria C1,commodity,2223.12,1
18759,Categoria C2,commodity,6424.44,2
18763,Categoria C1,commodity,2223.12,1
18763,Categoria C2,commodity,1086.44,2
18765,Categoria C1,commodity,2223.12,1
18765,Categoria C2,commodity,1086.44,2
18770,Categoria C1,commodity,1802.36,1
18770,Categoria C2,commodity,879.2,2
18774,Categoria C1,commodity,2223.12,1
18774,Categoria C2,commodity,10333.74,2
18785,Categoria C1,commodity,2223.12,1
18785,Categoria C2,commodity,1086.44,2
18796,Categoria C1,commodity,2223.12,1
18796,Categoria C2,commodity,16899.48,2
18799,Categoria C1,commodity,2223.12,1
18799,Categoria C2,commodity,1086.44,2
188,Categoria C1,commodity,2223.12,1
188,Categoria C2,commodity,1086.44,2
18803,Categoria C1,commodity,2223.12,1
18803,Categoria C2,commodity,17731.58,2
18814,Categoria C1,commodity,2223.12,1
18814,Categoria C2,commodity,2935.9,2
18847,Categoria C1,commodity,2223.12,1
18847,Categoria C2,commodity,6424.44,2
18858,Categoria C1,commodity,2223.12,1
18858,Categoria C2,commodity,1086.44,2
18863,Categoria C1,commodity,3410.04,1
18863,Categoria C2,commodity,9674.34,2
18873,Categoria C1,commodity,2223.12,1
18873,Categoria C2,commodity,1086.44,2
1889,Categoria C1,commodity,1802.36,1
1889,Categoria C2,commodity,2728.66,2
18900,Categoria C1,commodity,2223.12,1
18900,Categoria C2,commodity,1086.44,2
18915,Categoria C1,commodity,2223.12,1
18915,Categoria C2,commodity,10333.74,2
18936,Categoria C1,commodity,2223.12,1
18936,Categoria C2,commodity,9872.16,2
18948,Categoria C1,commodity,2223.12,1
18948,Categoria C2,commodity,1086.44,2
1895,Categoria C1,commodity,2223.12,1
1895,Categoria C2,commodity,1086.44,2
1897,Categoria C1,commodity,2223.12,1
1897,Categoria C2,commodity,8945.86,2
19027,Categoria C1,commodity,1802.36,1
19027,Categoria C2,commodity,879.2,2
19034,Categoria C1,commodity,2223.12,1
19034,Categoria C2,commodity,10333.74,2
19056,Categoria C1,commodity,2223.12,1
19056,Categoria C2,commodity,6424.44,2
19065,Categoria C1,commodity,3410.04,1
19065,Categoria C2,commodity,9674.34,2
1908,Categoria C1,commodity,3410.04,1
1908,Categoria C2,commodity,1667.34,2
19087,Categoria C1,commodity,2223.12,1
19087,Categoria C2,commodity,10333.74,2
1909,Categoria C1,commodity,2223.12,1
1909,Categoria C2,commodity,6634.82,2
19093,Categoria C1,commodity,1802.36,1
19093,Categoria C2,commodity,879.2,2
19099,Categoria C1,commodity,2223.12,1
19099,Categoria C2,commodity,6424.44,2
191,Categoria C1,commodity,2223.12,1
191,Categoria C2,commodity,6424.44,2
19111,Categoria C1,commodity,2223.12,1
19111,Categoria C2,commodity,10333.74,2
19125,Categoria C1,commodity,2223.12,1
19125,Categoria C2,commodity,6424.44,2
19153,Categoria C1,commodity,3410.04,1
19153,Categoria C2,commodity,10914.64,2
19170,Categoria C1,commodity,2223.12,1
19170,Categoria C2,commodity,14032.66,2
19174,Categoria C1,commodity,3410.04,1
19174,Categoria C2,commodity,6659.94,2
19195,Categoria C1,commodity,2223.12,1
19195,Categoria C2,commodity,42700.86,2
19206,Categoria C1,commodity,1802.36,1
19206,Categoria C2,commodity,879.2,2
19211,Categoria C1,commodity,3410.04,1
19211,Categoria C2,commodity,12764.1,2
19212,Categoria C1,commodity,6820.08,1
19212,Categoria C2,commodity,44949.1,2
19238,Categoria C1,commodity,1802.36,1
19238,Categoria C2,commodity,879.2,2
19275,Categoria C1,commodity,2223.12,1
19275,Categoria C2,commodity,1086.44,2
19301,Categoria C1,commodity,1802.36,1
19301,Categoria C2,commodity,3190.24,2
19306,Categoria C1,commodity,1802.36,1
19306,Categoria C2,commodity,5504.42,2
19307,Categoria C1,commodity,2223.12,1
19307,Categoria C2,commodity,1086.44,2
19309,Categoria C1,commodity,2223.12,1
19309,Categoria C2,commodity,6424.44,2
19350,Categoria C1,commodity,2223.12,1
19350,Categoria C2,commodity,6634.82,2
19362,Categoria C1,commodity,2223.12,1
19362,Categoria C2,commodity,8484.28,2
19364,Categoria C1,commodity,3410.04,1
19364,Categoria C2,commodity,9674.34,2
19371,Categoria C1,commodity,3410.04,1
19371,Categoria C2,commodity,6292.56,2
19376,Categoria C1,commodity,2223.12,1
19376,Categoria C2,commodity,6424.44,2
19377,Categoria C1,commodity,2223.12,1
19377,Categoria C2,commodity,14032.66,2
19410,Categoria C1,commodity,2223.12,1
19410,Categoria C2,commodity,6424.44,2
19414,Categoria C1,commodity,2223.12,1
19414,Categoria C2,commodity,7561.12,2
19491,Categoria C1,commodity,2223.12,1
19491,Categoria C2,commodity,6424.44,2
19503,Categoria C1,commodity,1802.36,1
19503,Categoria C2,commodity,5504.42,2
19522,Categoria C1,commodity,1802.36,1
19522,Categoria C2,commodity,2728.66,2
19527,Categoria C1,commodity,1802.36,1
19527,Categoria C2,commodity,9203.34,2
19531,Categoria C1,commodity,3410.04,1
19531,Categoria C2,commodity,8142.02,2
1954,Categoria C1,commodity,4546.72,1
1954,Categoria C2,commodity,16095.64,2
19550,Categoria C1,commodity,3410.04,1
19550,Categoria C2,commodity,29409.24,2
19562,Categoria C1,commodity,2223.12,1
19562,Categoria C2,commodity,6424.44,2
19583,Categoria C1,commodity,3410.04,1
19583,Categoria C2,commodity,17389.32,2
19591,Categoria C1,commodity,2223.12,1
19591,Categoria C2,commodity,1086.44,2
19606,Categoria C1,commodity,2223.12,1
19606,Categoria C2,commodity,1086.44,2
1962,Categoria C1,commodity,1802.36,1
1962,Categoria C2,commodity,2728.66,2
1963,Categoria C1,commodity,2223.12,1
1963,Categoria C2,commodity,6634.82,2
1964,Categoria C1,commodity,2223.12,1
1964,Categoria C2,commodity,1086.44,2
19649,Categoria C1,commodity,1802.36,1
19649,Categoria C2,commodity,11052.8,2
19664,Categoria C1,commodity,0.0,1
19664,Categoria C2,commodity,0.0,2
19672,Categoria C1,commodity,2223.12,1
19672,Categoria C2,commodity,11260.04,2
19740,Categoria C1,commodity,1802.36,1
19740,Categoria C2,commodity,879.2,2
19754,Categoria C1,commodity,3410.04,1
19754,Categoria C2,commodity,10914.64,2
19757,Categoria C1,commodity,3410.04,1
19757,Categoria C2,commodity,1667.34,2
19776,Categoria C1,commodity,2223.12,1
19776,Categoria C2,commodity,6424.44,2
19777,Categoria C1,commodity,1802.36,1
19777,Categoria C2,commodity,28621.1,2
19832,Categoria C1,commodity,3410.04,1
19832,Categoria C2,commodity,9674.34,2
19842,Categoria C1,commodity,3410.04,1
19842,Categoria C2,commodity,10914.64,2
19852,Categoria C1,commodity,3410.04,1
19852,Categoria C2,commodity,20161.94,2
19858,Categoria C1,commodity,3410.04,1
19858,Categoria C2,commodity,9674.34,2
19864,Categoria C1,commodity,2223.12,1
19864,Categoria C2,commodity,14958.96,2
19881,Categoria C1,commodity,2223.12,1
19881,Categoria C2,commodity,6424.44,2
19883,Categoria C1,commodity,1802.36,1
19883,Categoria C2,commodity,879.2,2
19899,Categoria C1,commodity,3410.04,1
19899,Categoria C2,commodity,8603.6,2
19903,Categoria C1,commodity,2223.12,1
19903,Categoria C2,commodity,3862.2,2
19912,Categoria C1,commodity,2223.12,1
19912,Categoria C2,commodity,8484.28,2
19946,Categoria C1,commodity,2223.12,1
19946,Categoria C2,commodity,6424.44,2
19957,Categoria C1,commodity,2223.12,1
19957,Categoria C2,commodity,10333.74,2
19961,Categoria C1,commodity,2223.12,1
19961,Categoria C2,commodity,1086.44,2
19972,Categoria C1,commodity,2223.12,1
19972,Categoria C2,commodity,6424.44,2
1998,Categoria C1,commodity,2223.12,1
1998,Categoria C2,commodity,1086.44,2
19984,Categoria C1,commodity,1802.36,1
19984,Categoria C2,commodity,879.2,2
19992,Categoria C1,commodity,5683.4,1
19992,Categoria C2,commodity,16123.9,2
19998,Categoria C1,commodity,2223.12,1
19998,Categoria C2,commodity,24206.26,2
200,Categoria C1,commodity,2223.12,1
200,Categoria C2,commodity,1086.44,2
2000283,Categoria C1,commodity,2223.12,1
2000283,Categoria C2,commodity,1086.44,2
2000570,Categoria C1,commodity,4546.72,1
2000570,Categoria C2,commodity,2223.12,2
2000572,Categoria C1,commodity,0.0,1
2000572,Categoria C2,commodity,0.0,2
2000579,Categoria C1,commodity,2223.12,1
2000579,Categoria C2,commodity,1086.44,2
2000584,Categoria C1,commodity,0.0,1
2000584,Categoria C2,commodity,0.0,2
2000603,Categoria C1,commodity,0.0,1
2000603,Categoria C2,commodity,0.0,2
2000606,Categoria C1,commodity,0.0,1
2000606,Categoria C2,commodity,0.0,2
2000616,Categoria C1,commodity,0.0,1
2000616,Categoria C2,commodity,0.0,2
2000644,Categoria C1,commodity,2223.12,1
2000644,Categoria C2,commodity,1086.44,2
2000655,Categoria C1,commodity,1802.36,1
2000655,Categoria C2,commodity,879.2,2
2000658,Categoria C1,commodity,0.0,1
2000658,Categoria C2,commodity,0.0,2
2000661,Categoria C1,commodity,0.0,1
2000661,Categoria C2,commodity,0.0,2
2000673,Categoria C1,commodity,0.0,1
2000673,Categoria C2,commodity,0.0,2
20012,Categoria C1,commodity,3410.04,1
20012,Categoria C2,commodity,7215.72,2
20016,Categoria C1,commodity,2223.12,1
20016,Categoria C2,commodity,6424.44,2
20026,Categoria C1,commodity,2223.12,1
20026,Categoria C2,commodity,1086.44,2
20032,Categoria C1,commodity,2223.12,1
20032,Categoria C2,commodity,6424.44,2
20075,Categoria C1,commodity,2223.12,1
20075,Categoria C2,commodity,4785.36,2
20079,Categoria C1,commodity,2223.12,1
20079,Categoria C2,commodity,6424.44,2
20098,Categoria C1,commodity,2223.12,1
20098,Categoria C2,commodity,3862.2,2
20103,Categoria C1,commodity,2223.12,1
20103,Categoria C2,commodity,6424.44,2
20114,Categoria C1,commodity,1802.36,1
20114,Categoria C2,commodity,5504.42,2
20115,Categoria C1,commodity,2223.12,1
20115,Categoria C2,commodity,1086.44,2
20117,Categoria C1,commodity,2223.12,1
20117,Categoria C2,commodity,6634.82,2
20140,Categoria C1,commodity,4546.72,1
20140,Categoria C2,commodity,2223.12,2
20164,Categoria C1,commodity,2223.12,1
20164,Categoria C2,commodity,1086.44,2
20172,Categoria C1,commodity,2223.12,1
20172,Categoria C2,commodity,6424.44,2
20179,Categoria C1,commodity,4546.72,1
20179,Categoria C2,commodity,12899.12,2
20180,Categoria C1,commodity,1802.36,1
20180,Categoria C2,commodity,879.2,2
20194,Categoria C1,commodity,4546.72,1
20194,Categoria C2,commodity,16095.64,2
20244,Categoria C1,commodity,2223.12,1
20244,Categoria C2,commodity,1086.44,2
20265,Categoria C1,commodity,2223.12,1
20265,Categoria C2,commodity,6424.44,2
20283,Categoria C1,commodity,3410.04,1
20283,Categoria C2,commodity,9674.34,2
20325,Categoria C1,commodity,4546.72,1
20325,Categoria C2,commodity,2223.12,2
20328,Categoria C1,commodity,2223.12,1
20328,Categoria C2,commodity,8484.28,2
20330,Categoria C1,commodity,2223.12,1
20330,Categoria C2,commodity,6424.44,2
20335,Categoria C1,commodity,2223.12,1
20335,Categoria C2,commodity,9410.58,2
2034,Categoria C1,commodity,1802.36,1
2034,Categoria C2,commodity,879.2,2
20356,Categoria C1,commodity,2223.12,1
20356,Categoria C2,commodity,1086.44,2
20379,Categoria C1,commodity,3410.04,1
20379,Categoria C2,commodity,1667.34,2
20385,Categoria C1,commodity,2223.12,1
20385,Categoria C2,commodity,6424.44,2
20425,Categoria C1,commodity,3410.04,1
20425,Categoria C2,commodity,1667.34,2
20445,Categoria C1,commodity,2223.12,1
20445,Categoria C2,commodity,3397.48,2
20448,Categoria C1,commodity,3410.04,1
20448,Categoria C2,commodity,9065.18,2
20450,Categoria C1,commodity,2223.12,1
20450,Categoria C2,commodity,1086.44,2
20451,Categoria C1,commodity,2223.12,1
20451,Categoria C2,commodity,7561.12,2
20472,Categoria C1,commodity,2223.12,1
20472,Categoria C2,commodity,6424.44,2
20506,Categoria C1,commodity,2223.12,1
20506,Categoria C2,commodity,1086.44,2
2052,Categoria C1,commodity,2223.12,1
2052,Categoria C2,commodity,1086.44,2
20534,Categoria C1,commodity,2223.12,1
20534,Categoria C2,commodity,6424.44,2
20565,Categoria C1,commodity,2223.12,1
20565,Categoria C2,commodity,7743.24,2
20573,Categoria C1,commodity,1802.36,1
20573,Categoria C2,commodity,3654.96,2
20577,Categoria C1,commodity,1802.36,1
20577,Categoria C2,commodity,3548.2,2
20611,Categoria C1,commodity,2223.12,1
20611,Categoria C2,commodity,6424.44,2
20614,Categoria C1,commodity,3410.04,1
20614,Categoria C2,commodity,24787.16,2
20617,Categoria C1,commodity,1802.36,1
20617,Categoria C2,commodity,879.2,2
20618,Categoria C1,commodity,1802.36,1
20618,Categoria C2,commodity,879.2,2
20619,Categoria C1,commodity,1802.36,1
20619,Categoria C2,commodity,879.2,2
20647,Categoria C1,commodity,2223.12,1
20647,Categoria C2,commodity,9410.58,2
20649,Categoria C1,commodity,1802.36,1
20649,Categoria C2,commodity,879.2,2
20656,Categoria C1,commodity,3410.04,1
20656,Categoria C2,commodity,18312.48,2
20676,Categoria C1,commodity,2223.12,1
20676,Categoria C2,commodity,1086.44,2
20681,Categoria C1,commodity,2223.12,1
20681,Categoria C2,commodity,6424.44,2
20694,Categoria C1,commodity,1802.36,1
20694,Categoria C2,commodity,5504.42,2
20698,Categoria C1,commodity,2223.12,1
20698,Categoria C2,commodity,1086.44,2
20699,Categoria C1,commodity,2223.12,1
20699,Categoria C2,commodity,1086.44,2
20709,Categoria C1,commodity,2223.12,1
20709,Categoria C2,commodity,1086.44,2
20731,Categoria C1,commodity,1802.36,1
20731,Categoria C2,commodity,879.2,2
2074,Categoria C1,commodity,3410.04,1
2074,Categoria C2,commodity,15539.86,2
20758,Categoria C1,commodity,2223.12,1
20758,Categoria C2,commodity,6424.44,2
20772,Categoria C1,commodity,2223.12,1
20772,Categoria C2,commodity,10333.74,2
20780,Categoria C1,commodity,2223.12,1
20780,Categoria C2,commodity,6634.82,2
20787,Categoria C1,commodity,2223.12,1
20787,Categoria C2,commodity,6424.44,2
20827,Categoria C1,commodity,1802.36,1
20827,Categoria C2,commodity,879.2,2
2083,Categoria C1,commodity,2223.12,1
2083,Categoria C2,commodity,5711.66,2
20881,Categoria C1,commodity,1802.36,1
20881,Categoria C2,commodity,879.2,2
20890,Categoria C1,commodity,2223.12,1
20890,Categoria C2,commodity,1086.44,2
20911,Categoria C1,commodity,2223.12,1
20911,Categoria C2,commodity,6424.44,2
20918,Categoria C1,commodity,2223.12,1
20918,Categoria C2,commodity,7096.4,2
2095,Categoria C1,commodity,1802.36,1
2095,Categoria C2,commodity,1805.5,2
20962,Categoria C1,commodity,3410.04,1
20962,Categoria C2,commodity,6292.56,2
20967,Categoria C1,commodity,1802.36,1
20967,Categoria C2,commodity,6427.58,2
20971,Categoria C1,commodity,1802.36,1
20971,Categoria C2,commodity,3548.2,2
21018,Categoria C1,commodity,2223.12,1
21018,Categoria C2,commodity,19581.04,2
21028,Categoria C1,commodity,3410.04,1
21028,Categoria C2,commodity,1667.34,2
21042,Categoria C1,commodity,1802.36,1
21042,Categoria C2,commodity,879.2,2
21053,Categoria C1,commodity,3410.04,1
21053,Categoria C2,commodity,9674.34,2
21054,Categoria C1,commodity,3410.04,1
21054,Categoria C2,commodity,9674.34,2
21082,Categoria C1,commodity,2223.12,1
21082,Categoria C2,commodity,10333.74,2
21083,Categoria C1,commodity,1802.36,1
21083,Categoria C2,commodity,879.2,2
21097,Categoria C1,commodity,2223.12,1
21097,Categoria C2,commodity,8022.7,2
21106,Categoria C1,commodity,1802.36,1
21106,Categoria C2,commodity,3548.2,2
21108,Categoria C1,commodity,1802.36,1
21108,Categoria C2,commodity,879.2,2
21118,Categoria C1,commodity,2223.12,1
21118,Categoria C2,commodity,8484.28,2
21122,Categoria C1,commodity,1802.36,1
21122,Categoria C2,commodity,879.2,2
21123,Categoria C1,commodity,2223.12,1
21123,Categoria C2,commodity,7096.4,2
21125,Categoria C1,commodity,3410.04,1
21125,Categoria C2,commodity,9674.34,2
21132,Categoria C1,commodity,3410.04,1
21132,Categoria C2,commodity,20161.94,2
2114,Categoria C1,commodity,2223.12,1
2114,Categoria C2,commodity,4785.36,2
21158,Categoria C1,commodity,1802.36,1
21158,Categoria C2,commodity,879.2,2
21160,Categoria C1,commodity,2223.12,1
21160,Categoria C2,commodity,1086.44,2
21161,Categoria C1,commodity,3410.04,1
21161,Categoria C2,commodity,9065.18,2
21165,Categoria C1,commodity,1802.36,1
21165,Categoria C2,commodity,879.2,2
21174,Categoria C1,commodity,4546.72,1
21174,Categoria C2,commodity,11470.42,2
21186,Categoria C1,commodity,3410.04,1
21186,Categoria C2,commodity,8142.02,2
21188,Categoria C1,commodity,3410.04,1
21188,Categoria C2,commodity,12764.1,2
21189,Categoria C1,commodity,1802.36,1
21189,Categoria C2,commodity,879.2,2
21190,Categoria C1,commodity,5683.4,1
21190,Categoria C2,commodity,16651.42,2
21206,Categoria C1,commodity,3410.04,1
21206,Categoria C2,commodity,9674.34,2
2121,Categoria C1,commodity,1802.36,1
2121,Categoria C2,commodity,3548.2,2
21230,Categoria C1,commodity,6820.08,1
21230,Categoria C2,commodity,19348.68,2
21232,Categoria C1,commodity,2223.12,1
21232,Categoria C2,commodity,1086.44,2
21233,Categoria C1,commodity,2223.12,1
21233,Categoria C2,commodity,5711.66,2
21246,Categoria C1,commodity,2223.12,1
21246,Categoria C2,commodity,4785.36,2
21248,Categoria C1,commodity,2223.12,1
21248,Categoria C2,commodity,6424.44,2
2125,Categoria C1,commodity,1802.36,1
2125,Categoria C2,commodity,879.2,2
21261,Categoria C1,commodity,2223.12,1
21261,Categoria C2,commodity,6424.44,2
21279,Categoria C1,commodity,3410.04,1
21279,Categoria C2,commodity,9065.18,2
21281,Categoria C1,commodity,2223.12,1
21281,Categoria C2,commodity,1086.44,2
21294,Categoria C1,commodity,2223.12,1
21294,Categoria C2,commodity,6424.44,2
21315,Categoria C1,commodity,2223.12,1
21315,Categoria C2,commodity,1086.44,2
21347,Categoria C1,commodity,3410.04,1
21347,Categoria C2,commodity,20161.94,2
21355,Categoria C1,commodity,2223.12,1
21355,Categoria C2,commodity,1086.44,2
21373,Categoria C1,commodity,2223.12,1
21373,Categoria C2,commodity,5246.94,2
21374,Categoria C1,commodity,1802.36,1
21374,Categoria C2,commodity,10126.5,2
21405,Categoria C1,commodity,2223.12,1
21405,Categoria C2,commodity,1086.44,2
21406,Categoria C1,commodity,4546.72,1
21406,Categoria C2,commodity,2223.12,2
2141,Categoria C1,commodity,2223.12,1
2141,Categoria C2,commodity,5711.66,2
21417,Categoria C1,commodity,2223.12,1
21417,Categoria C2,commodity,4785.36,2
21419,Categoria C1,commodity,2223.12,1
21419,Categoria C2,commodity,21430.5,2
2143,Categoria C1,commodity,2223.12,1
2143,Categoria C2,commodity,5246.94,2
21444,Categoria C1,commodity,2223.12,1
21444,Categoria C2,commodity,6424.44,2
21457,Categoria C1,commodity,2223.12,1
21457,Categoria C2,commodity,6424.44,2
21458,Categoria C1,commodity,1802.36,1
21458,Categoria C2,commodity,4578.12,2
2148,Categoria C1,commodity,9093.44,1
2148,Categoria C2,commodity,25798.24,2
21480,Categoria C1,commodity,3410.04,1
21480,Categoria C2,commodity,12764.1,2
21511,Categoria C1,commodity,3410.04,1
21511,Categoria C2,commodity,14613.56,2
21517,Categoria C1,commodity,1802.36,1
21517,Categoria C2,commodity,3548.2,2
21521,Categoria C1,commodity,1802.36,1
21521,Categoria C2,commodity,879.2,2
21523,Categoria C1,commodity,1802.36,1
21523,Categoria C2,commodity,1805.5,2
21529,Categoria C1,commodity,5683.4,1
21529,Categoria C2,commodity,33296.56,2
21533,Categoria C1,commodity,2223.12,1
21533,Categoria C2,commodity,1086.44,2
21539,Categoria C1,commodity,2223.12,1
21539,Categoria C2,commodity,4323.78,2
21540,Categoria C1,commodity,2223.12,1
21540,Categoria C2,commodity,6424.44,2
21547,Categoria C1,commodity,2223.12,1
21547,Categoria C2,commodity,6424.44,2
21555,Categoria C1,commodity,2223.12,1
21555,Categoria C2,commodity,6424.44,2
21581,Categoria C1,commodity,5683.4,1
21581,Categoria C2,commodity,16123.9,2
21582,Categoria C1,commodity,1802.36,1
21582,Categoria C2,commodity,10126.5,2
21593,Categoria C1,commodity,3410.04,1
21593,Categoria C2,commodity,9674.34,2
21599,Categoria C1,commodity,1802.36,1
21599,Categoria C2,commodity,879.2,2
21601,Categoria C1,commodity,3410.04,1
21601,Categoria C2,commodity,27559.78,2
21609,Categoria C1,commodity,1802.36,1
21609,Categoria C2,commodity,3654.96,2
21612,Categoria C1,commodity,4546.72,1
21612,Categoria C2,commodity,29965.02,2
21627,Categoria C1,commodity,2223.12,1
21627,Categoria C2,commodity,6424.44,2
21638,Categoria C1,commodity,2223.12,1
21638,Categoria C2,commodity,6424.44,2
21648,Categoria C1,commodity,2223.12,1
21648,Categoria C2,commodity,5711.66,2
21657,Categoria C1,commodity,1802.36,1
21657,Categoria C2,commodity,11052.8,2
21659,Categoria C1,commodity,3410.04,1
21659,Categoria C2,commodity,10914.64,2
2167,Categoria C1,commodity,2223.12,1
2167,Categoria C2,commodity,4785.36,2
21671,Categoria C1,commodity,3410.04,1
21671,Categoria C2,commodity,15539.86,2
21677,Categoria C1,commodity,2223.12,1
21677,Categoria C2,commodity,6424.44,2
21678,Categoria C1,commodity,2223.12,1
21678,Categoria C2,commodity,4323.78,2
21682,Categoria C1,commodity,2223.12,1
21682,Categoria C2,commodity,6424.44,2
21688,Categoria C1,commodity,1802.36,1
21688,Categoria C2,commodity,2728.66,2
21690,Categoria C1,commodity,2223.12,1
21690,Categoria C2,commodity,6424.44,2
21691,Categoria C1,commodity,2223.12,1
21691,Categoria C2,commodity,6424.44,2
2170,Categoria C1,commodity,2223.12,1
2170,Categoria C2,commodity,1086.44,2
21738,Categoria C1,commodity,3410.04,1
21738,Categoria C2,commodity,6292.56,2
21742,Categoria C1,commodity,4546.72,1
21742,Categoria C2,commodity,16095.64,2
21756,Categoria C1,commodity,2223.12,1
21756,Categoria C2,commodity,10333.74,2
21769,Categoria C1,commodity,3410.04,1
21769,Categoria C2,commodity,10914.64,2
21781,Categoria C1,commodity,2223.12,1
21781,Categoria C2,commodity,6424.44,2
2179,Categoria C1,commodity,3410.04,1
2179,Categoria C2,commodity,1667.34,2
21792,Categoria C1,commodity,2223.12,1
21792,Categoria C2,commodity,6424.44,2
21796,Categoria C1,commodity,2223.12,1
21796,Categoria C2,commodity,3862.2,2
21797,Categoria C1,commodity,2223.12,1
21797,Categoria C2,commodity,5711.66,2
21806,Categoria C1,commodity,3410.04,1
21806,Categoria C2,commodity,9674.34,2
21810,Categoria C1,commodity,11366.8,1
21810,Categoria C2,commodity,14805.1,2
21812,Categoria C1,commodity,2223.12,1
21812,Categoria C2,commodity,20507.34,2
21826,Categoria C1,commodity,5683.4,1
21826,Categoria C2,commodity,16123.9,2
2183,Categoria C1,commodity,2223.12,1
2183,Categoria C2,commodity,4785.36,2
21846,Categoria C1,commodity,2223.12,1
21846,Categoria C2,commodity,17270.0,2
21868,Categoria C1,commodity,2223.12,1
21868,Categoria C2,commodity,2012.74,2
21869,Categoria C1,commodity,2223.12,1
21869,Categoria C2,commodity,8022.7,2
21871,Categoria C1,commodity,2223.12,1
21871,Categoria C2,commodity,1086.44,2
21872,Categoria C1,commodity,3410.04,1
21872,Categoria C2,commodity,9674.34,2
21875,Categoria C1,commodity,3410.04,1
21875,Categoria C2,commodity,15539.86,2
21882,Categoria C1,commodity,2223.12,1
21882,Categoria C2,commodity,6424.44,2
21883,Categoria C1,commodity,2223.12,1
21883,Categoria C2,commodity,10333.74,2
21920,Categoria C1,commodity,2223.12,1
21920,Categoria C2,commodity,19581.04,2
21930,Categoria C1,commodity,2223.12,1
21930,Categoria C2,commodity,5711.66,2
21936,Categoria C1,commodity,2223.12,1
21936,Categoria C2,commodity,6173.24,2
21938,Categoria C1,commodity,3410.04,1
21938,Categoria C2,commodity,9674.34,2
21958,Categoria C1,commodity,2223.12,1
21958,Categoria C2,commodity,6424.44,2
21963,Categoria C1,commodity,3410.04,1
21963,Categoria C2,commodity,12764.1,2
21978,Categoria C1,commodity,1802.36,1
21978,Categoria C2,commodity,9203.34,2
21989,Categoria C1,commodity,2223.12,1
21989,Categoria C2,commodity,6634.82,2
21992,Categoria C1,commodity,3410.04,1
21992,Categoria C2,commodity,9674.34,2
2200,Categoria C1,commodity,2223.12,1
2200,Categoria C2,commodity,1086.44,2
22006,Categoria C1,commodity,1802.36,1
22006,Categoria C2,commodity,1987.62,2
22016,Categoria C1,commodity,3410.04,1
22016,Categoria C2,commodity,38656.54,2
22027,Categoria C1,commodity,2223.12,1
22027,Categoria C2,commodity,1086.44,2
2203,Categoria C1,commodity,2223.12,1
2203,Categoria C2,commodity,9410.58,2
22030,Categoria C1,commodity,3410.04,1
22030,Categoria C2,commodity,18497.74,2
22035,Categoria C1,commodity,2223.12,1
22035,Categoria C2,commodity,6424.44,2
22049,Categoria C1,commodity,2223.12,1
22049,Categoria C2,commodity,6424.44,2
22051,Categoria C1,commodity,3410.04,1
22051,Categoria C2,commodity,9674.34,2
22062,Categoria C1,commodity,2223.12,1
22062,Categoria C2,commodity,6424.44,2
22068,Categoria C1,commodity,2223.12,1
22068,Categoria C2,commodity,1086.44,2
22075,Categoria C1,commodity,1802.36,1
22075,Categoria C2,commodity,879.2,2
22080,Categoria C1,commodity,3410.04,1
22080,Categoria C2,commodity,29409.24,2
22090,Categoria C1,commodity,2223.12,1
22090,Categoria C2,commodity,8484.28,2
2210,Categoria C1,commodity,1802.36,1
2210,Categoria C2,commodity,879.2,2
22102,Categoria C1,commodity,2223.12,1
22102,Categoria C2,commodity,8484.28,2
22116,Categoria C1,commodity,2223.12,1
22116,Categoria C2,commodity,19581.04,2
22133,Categoria C1,commodity,1802.36,1
22133,Categoria C2,commodity,879.2,2
22134,Categoria C1,commodity,2223.12,1
22134,Categoria C2,commodity,8484.28,2
22137,Categoria C1,commodity,2223.12,1
22137,Categoria C2,commodity,1086.44,2
22138,Categoria C1,commodity,2223.12,1
22138,Categoria C2,commodity,10333.74,2
2218,Categoria C1,commodity,2223.12,1
2218,Categoria C2,commodity,9410.58,2
2219,Categoria C1,commodity,1802.36,1
2219,Categoria C2,commodity,879.2,2
22193,Categoria C1,commodity,2223.12,1
22193,Categoria C2,commodity,6424.44,2
22195,Categoria C1,commodity,2223.12,1
22195,Categoria C2,commodity,1086.44,2
22206,Categoria C1,commodity,2223.12,1
22206,Categoria C2,commodity,10333.74,2
22211,Categoria C1,commodity,2223.12,1
22211,Categoria C2,commodity,8484.28,2
22216,Categoria C1,commodity,2223.12,1
22216,Categoria C2,commodity,6424.44,2
22219,Categoria C1,commodity,2223.12,1
22219,Categoria C2,commodity,1086.44,2
22227,Categoria C1,commodity,1802.36,1
22227,Categoria C2,commodity,11975.96,2
22244,Categoria C1,commodity,3410.04,1
22244,Categoria C2,commodity,1667.34,2
2227,Categoria C1,commodity,1802.36,1
2227,Categoria C2,commodity,879.2,2
2228,Categoria C1,commodity,2223.12,1
2228,Categoria C2,commodity,9410.58,2
22280,Categoria C1,commodity,2223.12,1
22280,Categoria C2,commodity,1086.44,2
22281,Categoria C1,commodity,2223.12,1
22281,Categoria C2,commodity,10333.74,2
22282,Categoria C1,commodity,2223.12,1
22282,Categoria C2,commodity,6424.44,2
22289,Categoria C1,commodity,2223.12,1
22289,Categoria C2,commodity,6424.44,2
22291,Categoria C1,commodity,2223.12,1
22291,Categoria C2,commodity,4323.78,2
22293,Categoria C1,commodity,3410.04,1
22293,Categoria C2,commodity,15539.86,2
22294,Categoria C1,commodity,1802.36,1
22294,Categoria C2,commodity,14751.72,2
22297,Categoria C1,commodity,1802.36,1
22297,Categoria C2,commodity,3548.2,2
2230,Categoria C1,commodity,3410.04,1
2230,Categoria C2,commodity,7215.72,2
22312,Categoria C1,commodity,2223.12,1
22312,Categoria C2,commodity,5711.66,2
22325,Categoria C1,commodity,2223.12,1
22325,Categoria C2,commodity,1086.44,2
22326,Categoria C1,commodity,1802.36,1
22326,Categoria C2,commodity,879.2,2
22330,Categoria C1,commodity,2223.12,1
22330,Categoria C2,commodity,6424.44,2
22335,Categoria C1,commodity,2223.12,1
22335,Categoria C2,commodity,1086.44,2
2234,Categoria C1,commodity,1802.36,1
2234,Categoria C2,commodity,879.2,2
2235,Categoria C1,commodity,2223.12,1
2235,Categoria C2,commodity,8484.28,2
22364,Categoria C1,commodity,4546.72,1
22364,Categoria C2,commodity,6848.34,2
22380,Categoria C1,commodity,1802.36,1
22380,Categoria C2,commodity,879.2,2
22399,Categoria C1,commodity,2223.12,1
22399,Categoria C2,commodity,6634.82,2
22401,Categoria C1,commodity,2223.12,1
22401,Categoria C2,commodity,3397.48,2
22405,Categoria C1,commodity,2223.12,1
22405,Categoria C2,commodity,6634.82,2
22407,Categoria C1,commodity,2223.12,1
22407,Categoria C2,commodity,6634.82,2
2242,Categoria C1,commodity,4546.72,1
2242,Categoria C2,commodity,9620.96,2
2244,Categoria C1,commodity,1802.36,1
2244,Categoria C2,commodity,879.2,2
22447,Categoria C1,commodity,2223.12,1
22447,Categoria C2,commodity,6424.44,2
22448,Categoria C1,commodity,2223.12,1
22448,Categoria C2,commodity,1086.44,2
2245,Categoria C1,commodity,3410.04,1
2245,Categoria C2,commodity,1667.34,2
22450,Categoria C1,commodity,2223.12,1
22450,Categoria C2,commodity,1086.44,2
2246,Categoria C1,commodity,2223.12,1
2246,Categoria C2,commodity,6634.82,2
22479,Categoria C1,commodity,2223.12,1
22479,Categoria C2,commodity,1086.44,2
22481,Categoria C1,commodity,1802.36,1
22481,Categoria C2,commodity,3548.2,2
22496,Categoria C1,commodity,2223.12,1
22496,Categoria C2,commodity,10333.74,2
22517,Categoria C1,commodity,2223.12,1
22517,Categoria C2,commodity,5711.66,2
22519,Categoria C1,commodity,1802.36,1
22519,Categoria C2,commodity,879.2,2
22526,Categoria C1,commodity,2223.12,1
22526,Categoria C2,commodity,16990.54,2
22527,Categoria C1,commodity,3410.04,1
22527,Categoria C2,commodity,2775.76,2
22540,Categoria C1,commodity,4546.72,1
22540,Categoria C2,commodity,16095.64,2
22544,Categoria C1,commodity,2223.12,1
22544,Categoria C2,commodity,8484.28,2
22547,Categoria C1,commodity,3410.04,1
22547,Categoria C2,commodity,10914.64,2
22568,Categoria C1,commodity,4546.72,1
22568,Categoria C2,commodity,12899.12,2
22583,Categoria C1,commodity,2223.12,1
22583,Categoria C2,commodity,6424.44,2
22584,Categoria C1,commodity,2223.12,1
22584,Categoria C2,commodity,8484.28,2
22597,Categoria C1,commodity,2223.12,1
22597,Categoria C2,commodity,8484.28,2
22615,Categoria C1,commodity,2223.12,1
22615,Categoria C2,commodity,5711.66,2
22623,Categoria C1,commodity,1802.36,1
22623,Categoria C2,commodity,11052.8,2
22629,Categoria C1,commodity,2223.12,1
22629,Categoria C2,commodity,1086.44,2
22640,Categoria C1,commodity,2223.12,1
22640,Categoria C2,commodity,8022.7,2
22648,Categoria C1,commodity,2223.12,1
22648,Categoria C2,commodity,2935.9,2
22650,Categoria C1,commodity,2223.12,1
22650,Categoria C2,commodity,10333.74,2
22675,Categoria C1,commodity,2223.12,1
22675,Categoria C2,commodity,10333.74,2
22691,Categoria C1,commodity,2223.12,1
22691,Categoria C2,commodity,1086.44,2
22703,Categoria C1,commodity,2223.12,1
22703,Categoria C2,commodity,6634.82,2
22710,Categoria C1,commodity,2223.12,1
22710,Categoria C2,commodity,6424.44,2
22711,Categoria C1,commodity,3410.04,1
22711,Categoria C2,commodity,9674.34,2
22715,Categoria C1,commodity,2223.12,1
22715,Categoria C2,commodity,10333.74,2
22721,Categoria C1,commodity,1802.36,1
22721,Categoria C2,commodity,9203.34,2
22729,Categoria C1,commodity,2223.12,1
22729,Categoria C2,commodity,1086.44,2
22737,Categoria C1,commodity,2223.12,1
22737,Categoria C2,commodity,10333.74,2
22738,Categoria C1,commodity,3410.04,1
22738,Categoria C2,commodity,12764.1,2
22746,Categoria C1,commodity,3410.04,1
22746,Categoria C2,commodity,29409.24,2
2275,Categoria C1,commodity,2223.12,1
2275,Categoria C2,commodity,1086.44,2
22759,Categoria C1,commodity,3410.04,1
22759,Categoria C2,commodity,10914.64,2
22762,Categoria C1,commodity,4546.72,1
22762,Categoria C2,commodity,11470.42,2
22788,Categoria C1,commodity,1802.36,1
22788,Categoria C2,commodity,879.2,2
22795,Categoria C1,commodity,2223.12,1
22795,Categoria C2,commodity,6424.44,2
22807,Categoria C1,commodity,2223.12,1
22807,Categoria C2,commodity,10333.74,2
22811,Categoria C1,commodity,2223.12,1
22811,Categoria C2,commodity,17270.0,2
22813,Categoria C1,commodity,2223.12,1
22813,Categoria C2,commodity,6424.44,2
22815,Categoria C1,commodity,1802.36,1
22815,Categoria C2,commodity,879.2,2
22826,Categoria C1,commodity,2223.12,1
22826,Categoria C2,commodity,1086.44,2
22846,Categoria C1,commodity,2223.12,1
22846,Categoria C2,commodity,1086.44,2
22866,Categoria C1,commodity,3410.04,1
22866,Categoria C2,commodity,9674.34,2
22869,Categoria C1,commodity,4546.72,1
22869,Categoria C2,commodity,34590.24,2
22876,Categoria C1,commodity,1802.36,1
22876,Categoria C2,commodity,879.2,2
22902,Categoria C1,commodity,2223.12,1
22902,Categoria C2,commodity,8022.7,2
22906,Categoria C1,commodity,2223.12,1
22906,Categoria C2,commodity,6634.82,2
22916,Categoria C1,commodity,2223.12,1
22916,Categoria C2,commodity,1086.44,2
22924,Categoria C1,commodity,2223.12,1
22924,Categoria C2,commodity,6424.44,2
22929,Categoria C1,commodity,2223.12,1
22929,Categoria C2,commodity,6424.44,2
22959,Categoria C1,commodity,2223.12,1
22959,Categoria C2,commodity,1086.44,2
2297,Categoria C1,commodity,1802.36,1
2297,Categoria C2,commodity,879.2,2
22975,Categoria C1,commodity,1802.36,1
22975,Categoria C2,commodity,5504.42,2
22977,Categoria C1,commodity,2223.12,1
22977,Categoria C2,commodity,16990.54,2
23004,Categoria C1,commodity,2223.12,1
23004,Categoria C2,commodity,6634.82,2
23006,Categoria C1,commodity,2223.12,1
23006,Categoria C2,commodity,6424.44,2
23019,Categoria C1,commodity,3410.04,1
23019,Categoria C2,commodity,6292.56,2
23046,Categoria C1,commodity,3410.04,1
23046,Categoria C2,commodity,13225.68,2
23047,Categoria C1,commodity,2223.12,1
23047,Categoria C2,commodity,6424.44,2
2305,Categoria C1,commodity,2223.12,1
2305,Categoria C2,commodity,1086.44,2
23069,Categoria C1,commodity,1802.36,1
23069,Categoria C2,commodity,3548.2,2
2307,Categoria C1,commodity,2223.12,1
2307,Categoria C2,commodity,12183.2,2
23072,Categoria C1,commodity,2223.12,1
23072,Categoria C2,commodity,1086.44,2
23086,Categoria C1,commodity,2223.12,1
23086,Categoria C2,commodity,4785.36,2
23088,Categoria C1,commodity,2223.12,1
23088,Categoria C2,commodity,10333.74,2
2309,Categoria C1,commodity,2223.12,1
2309,Categoria C2,commodity,12183.2,2
231,Categoria C1,commodity,3410.04,1
231,Categoria C2,commodity,1667.34,2
23103,Categoria C1,commodity,1802.36,1
23103,Categoria C2,commodity,879.2,2
23112,Categoria C1,commodity,2223.12,1
23112,Categoria C2,commodity,24206.26,2
23153,Categoria C1,commodity,3410.04,1
23153,Categoria C2,commodity,9991.48,2
23155,Categoria C1,commodity,2223.12,1
23155,Categoria C2,commodity,6424.44,2
23159,Categoria C1,commodity,2223.12,1
23159,Categoria C2,commodity,1086.44,2
23176,Categoria C1,commodity,1802.36,1
23176,Categoria C2,commodity,3190.24,2
23180,Categoria C1,commodity,2223.12,1
23180,Categoria C2,commodity,1086.44,2
23194,Categoria C1,commodity,2223.12,1
23194,Categoria C2,commodity,10333.74,2
23196,Categoria C1,commodity,3410.04,1
23196,Categoria C2,commodity,43281.76,2
23200,Categoria C1,commodity,2223.12,1
23200,Categoria C2,commodity,3862.2,2
23206,Categoria C1,commodity,1802.36,1
23206,Categoria C2,commodity,3548.2,2
23210,Categoria C1,commodity,2223.12,1
23210,Categoria C2,commodity,1086.44,2
23213,Categoria C1,commodity,2223.12,1
23213,Categoria C2,commodity,10333.74,2
23240,Categoria C1,commodity,2223.12,1
23240,Categoria C2,commodity,10333.74,2
23245,Categoria C1,commodity,2223.12,1
23245,Categoria C2,commodity,17731.58,2
23257,Categoria C1,commodity,2223.12,1
23257,Categoria C2,commodity,10333.74,2
23260,Categoria C1,commodity,2223.12,1
23260,Categoria C2,commodity,3397.48,2
23261,Categoria C1,commodity,2223.12,1
23261,Categoria C2,commodity,6424.44,2
23276,Categoria C1,commodity,1802.36,1
23276,Categoria C2,commodity,17062.76,2
23278,Categoria C1,commodity,2223.12,1
23278,Categoria C2,commodity,6424.44,2
23283,Categoria C1,commodity,2223.12,1
23283,Categoria C2,commodity,16990.54,2
23292,Categoria C1,commodity,3410.04,1
23292,Categoria C2,commodity,12764.1,2
23298,Categoria C1,commodity,1802.36,1
23298,Categoria C2,commodity,879.2,2
23304,Categoria C1,commodity,1802.36,1
23304,Categoria C2,commodity,879.2,2
23316,Categoria C1,commodity,1802.36,1
23316,Categoria C2,commodity,3548.2,2
23329,Categoria C1,commodity,3410.04,1
23329,Categoria C2,commodity,9674.34,2
23332,Categoria C1,commodity,2223.12,1
23332,Categoria C2,commodity,6424.44,2
23333,Categoria C1,commodity,2223.12,1
23333,Categoria C2,commodity,6424.44,2
23334,Categoria C1,commodity,2223.12,1
23334,Categoria C2,commodity,8484.28,2
23335,Categoria C1,commodity,3410.04,1
23335,Categoria C2,commodity,9674.34,2
23342,Categoria C1,commodity,2223.12,1
23342,Categoria C2,commodity,1086.44,2
23343,Categoria C1,commodity,2223.12,1
23343,Categoria C2,commodity,6424.44,2
2335,Categoria C1,commodity,2223.12,1
2335,Categoria C2,commodity,4785.36,2
23353,Categoria C1,commodity,1802.36,1
23353,Categoria C2,commodity,879.2,2
23373,Categoria C1,commodity,2223.12,1
23373,Categoria C2,commodity,1086.44,2
23388,Categoria C1,commodity,2223.12,1
23388,Categoria C2,commodity,6424.44,2
23407,Categoria C1,commodity,2223.12,1
23407,Categoria C2,commodity,1086.44,2
23423,Categoria C1,commodity,2223.12,1
23423,Categoria C2,commodity,10333.74,2
23429,Categoria C1,commodity,2223.12,1
23429,Categoria C2,commodity,8484.28,2
23444,Categoria C1,commodity,2223.12,1
23444,Categoria C2,commodity,10333.74,2
2345,Categoria C1,commodity,3410.04,1
2345,Categoria C2,commodity,1667.34,2
23458,Categoria C1,commodity,3410.04,1
23458,Categoria C2,commodity,9674.34,2
23463,Categoria C1,commodity,1802.36,1
23463,Categoria C2,commodity,11052.8,2
23464,Categoria C1,commodity,1802.36,1
23464,Categoria C2,commodity,879.2,2
23467,Categoria C1,commodity,2223.12,1
23467,Categoria C2,commodity,6424.44,2
23468,Categoria C1,commodity,2223.12,1
23468,Categoria C2,commodity,6424.44,2
23469,Categoria C1,commodity,2223.12,1
23469,Categoria C2,commodity,11260.04,2
2348,Categoria C1,commodity,3410.04,1
2348,Categoria C2,commodity,10914.64,2
23508,Categoria C1,commodity,2223.12,1
23508,Categoria C2,commodity,1086.44,2
23516,Categoria C1,commodity,3410.04,1
23516,Categoria C2,commodity,1667.34,2
2353,Categoria C1,commodity,2223.12,1
2353,Categoria C2,commodity,1086.44,2
23542,Categoria C1,commodity,1802.36,1
23542,Categoria C2,commodity,3548.2,2
23557,Categoria C1,commodity,2223.12,1
23557,Categoria C2,commodity,10333.74,2
23568,Categoria C1,commodity,2223.12,1
23568,Categoria C2,commodity,28828.34,2
23571,Categoria C1,commodity,2223.12,1
23571,Categoria C2,commodity,6424.44,2
2358,Categoria C1,commodity,2223.12,1
2358,Categoria C2,commodity,10333.74,2
23581,Categoria C1,commodity,1802.36,1
23581,Categoria C2,commodity,879.2,2
23582,Categoria C1,commodity,2223.12,1
23582,Categoria C2,commodity,1086.44,2
23584,Categoria C1,commodity,2223.12,1
23584,Categoria C2,commodity,8484.28,2
23589,Categoria C1,commodity,2223.12,1
23589,Categoria C2,commodity,8022.7,2
23607,Categoria C1,commodity,2223.12,1
23607,Categoria C2,commodity,10333.74,2
23628,Categoria C1,commodity,2223.12,1
23628,Categoria C2,commodity,14032.66,2
2363,Categoria C1,commodity,3410.04,1
2363,Categoria C2,commodity,6292.56,2
23631,Categoria C1,commodity,2223.12,1
23631,Categoria C2,commodity,10333.74,2
23648,Categoria C1,commodity,2223.12,1
23648,Categoria C2,commodity,6424.44,2
23649,Categoria C1,commodity,3410.04,1
23649,Categoria C2,commodity,15539.86,2
23651,Categoria C1,commodity,2223.12,1
23651,Categoria C2,commodity,6424.44,2
23656,Categoria C1,commodity,3410.04,1
23656,Categoria C2,commodity,1667.34,2
23697,Categoria C1,commodity,1802.36,1
23697,Categoria C2,commodity,879.2,2
23698,Categoria C1,commodity,1802.36,1
23698,Categoria C2,commodity,3654.96,2
2370,Categoria C1,commodity,3410.04,1
2370,Categoria C2,commodity,1667.34,2
23706,Categoria C1,commodity,2223.12,1
23706,Categoria C2,commodity,8484.28,2
23718,Categoria C1,commodity,2223.12,1
23718,Categoria C2,commodity,8484.28,2
2372,Categoria C1,commodity,1802.36,1
2372,Categoria C2,commodity,879.2,2
23726,Categoria C1,commodity,2223.12,1
23726,Categoria C2,commodity,1086.44,2
23727,Categoria C1,commodity,2223.12,1
23727,Categoria C2,commodity,9410.58,2
23728,Categoria C1,commodity,3410.04,1
23728,Categoria C2,commodity,12764.1,2
23729,Categoria C1,commodity,2223.12,1
23729,Categoria C2,commodity,1086.44,2
2373,Categoria C1,commodity,3410.04,1
2373,Categoria C2,commodity,9065.18,2
23733,Categoria C1,commodity,2223.12,1
23733,Categoria C2,commodity,6424.44,2
23750,Categoria C1,commodity,1802.36,1
23750,Categoria C2,commodity,879.2,2
23752,Categoria C1,commodity,1802.36,1
23752,Categoria C2,commodity,879.2,2
2376,Categoria C1,commodity,2223.12,1
2376,Categoria C2,commodity,6424.44,2
23764,Categoria C1,commodity,2223.12,1
23764,Categoria C2,commodity,5711.66,2
23768,Categoria C1,commodity,3410.04,1
23768,Categoria C2,commodity,9674.34,2
23772,Categoria C1,commodity,2223.12,1
23772,Categoria C2,commodity,10333.74,2
23791,Categoria C1,commodity,2223.12,1
23791,Categoria C2,commodity,10333.74,2
238,Categoria C1,commodity,4546.72,1
238,Categoria C2,commodity,6198.36,2
23804,Categoria C1,commodity,2223.12,1
23804,Categoria C2,commodity,6424.44,2
23806,Categoria C1,commodity,1802.36,1
23806,Categoria C2,commodity,879.2,2
23807,Categoria C1,commodity,2223.12,1
23807,Categoria C2,commodity,8484.28,2
23808,Categoria C1,commodity,2223.12,1
23808,Categoria C2,commodity,6424.44,2
23814,Categoria C1,commodity,2223.12,1
23814,Categoria C2,commodity,5711.66,2
23817,Categoria C1,commodity,2223.12,1
23817,Categoria C2,commodity,1086.44,2
23835,Categoria C1,commodity,2223.12,1
23835,Categoria C2,commodity,8484.28,2
23839,Categoria C1,commodity,2223.12,1
23839,Categoria C2,commodity,6424.44,2
2384,Categoria C1,commodity,2223.12,1
2384,Categoria C2,commodity,1086.44,2
23843,Categoria C1,commodity,2223.12,1
23843,Categoria C2,commodity,1086.44,2
23846,Categoria C1,commodity,1802.36,1
23846,Categoria C2,commodity,879.2,2
23847,Categoria C1,commodity,2223.12,1
23847,Categoria C2,commodity,6424.44,2
23867,Categoria C1,commodity,1802.36,1
23867,Categoria C2,commodity,879.2,2
2387,Categoria C1,commodity,3410.04,1
2387,Categoria C2,commodity,6292.56,2
23876,Categoria C1,commodity,2223.12,1
23876,Categoria C2,commodity,1086.44,2
23883,Categoria C1,commodity,1802.36,1
23883,Categoria C2,commodity,879.2,2
23908,Categoria C1,commodity,2223.12,1
23908,Categoria C2,commodity,8484.28,2
2391,Categoria C1,commodity,3410.04,1
2391,Categoria C2,commodity,10914.64,2
2392,Categoria C1,commodity,2223.12,1
2392,Categoria C2,commodity,5711.66,2
23927,Categoria C1,commodity,3410.04,1
23927,Categoria C2,commodity,9991.48,2
23939,Categoria C1,commodity,4546.72,1
23939,Categoria C2,commodity,4998.88,2
23943,Categoria C1,commodity,3410.04,1
23943,Categoria C2,commodity,1667.34,2
23948,Categoria C1,commodity,2223.12,1
23948,Categoria C2,commodity,14958.96,2
23950,Categoria C1,commodity,2223.12,1
23950,Categoria C2,commodity,10333.74,2
23961,Categoria C1,commodity,1802.36,1
23961,Categoria C2,commodity,879.2,2
23981,Categoria C1,commodity,3410.04,1
23981,Categoria C2,commodity,12764.1,2
23982,Categoria C1,commodity,4546.72,1
23982,Categoria C2,commodity,2223.12,2
23993,Categoria C1,commodity,2223.12,1
23993,Categoria C2,commodity,6424.44,2
24045,Categoria C1,commodity,2223.12,1
24045,Categoria C2,commodity,10333.74,2
24046,Categoria C1,commodity,3410.04,1
24046,Categoria C2,commodity,20161.94,2
24047,Categoria C1,commodity,2223.12,1
24047,Categoria C2,commodity,17270.0,2
2406,Categoria C1,commodity,3410.04,1
2406,Categoria C2,commodity,6292.56,2
24090,Categoria C1,commodity,1802.36,1
24090,Categoria C2,commodity,5504.42,2
24091,Categoria C1,commodity,2223.12,1
24091,Categoria C2,commodity,17361.06,2
24106,Categoria C1,commodity,2223.12,1
24106,Categoria C2,commodity,1086.44,2
24109,Categoria C1,commodity,2223.12,1
24109,Categoria C2,commodity,10333.74,2
24116,Categoria C1,commodity,2223.12,1
24116,Categoria C2,commodity,1086.44,2
24130,Categoria C1,commodity,2223.12,1
24130,Categoria C2,commodity,6424.44,2
24137,Categoria C1,commodity,4546.72,1
24137,Categoria C2,commodity,29965.02,2
24141,Categoria C1,commodity,3410.04,1
24141,Categoria C2,commodity,9674.34,2
24195,Categoria C1,commodity,2223.12,1
24195,Categoria C2,commodity,1086.44,2
24217,Categoria C1,commodity,3410.04,1
24217,Categoria C2,commodity,4443.1,2
24226,Categoria C1,commodity,2223.12,1
24226,Categoria C2,commodity,8022.7,2
24229,Categoria C1,commodity,1802.36,1
24229,Categoria C2,commodity,111846.8,2
24238,Categoria C1,commodity,3410.04,1
24238,Categoria C2,commodity,9674.34,2
2424,Categoria C1,commodity,2223.12,1
2424,Categoria C2,commodity,1086.44,2
24257,Categoria C1,commodity,1802.36,1
24257,Categoria C2,commodity,16692.24,2
2426,Categoria C1,commodity,4546.72,1
2426,Categoria C2,commodity,29965.02,2
2427,Categoria C1,commodity,2223.12,1
2427,Categoria C2,commodity,10333.74,2
24279,Categoria C1,commodity,3410.04,1
24279,Categoria C2,commodity,42355.46,2
24284,Categoria C1,commodity,3410.04,1
24284,Categoria C2,commodity,1667.34,2
24315,Categoria C1,commodity,2223.12,1
24315,Categoria C2,commodity,6424.44,2
2432,Categoria C1,commodity,1802.36,1
2432,Categoria C2,commodity,879.2,2
24325,Categoria C1,commodity,2223.12,1
24325,Categoria C2,commodity,9410.58,2
24327,Categoria C1,commodity,2223.12,1
24327,Categoria C2,commodity,9410.58,2
24330,Categoria C1,commodity,2223.12,1
24330,Categoria C2,commodity,1086.44,2
24349,Categoria C1,commodity,1802.36,1
24349,Categoria C2,commodity,5504.42,2
2435,Categoria C1,commodity,5683.4,1
2435,Categoria C2,commodity,16651.42,2
24354,Categoria C1,commodity,2223.12,1
24354,Categoria C2,commodity,8484.28,2
24367,Categoria C1,commodity,1802.36,1
24367,Categoria C2,commodity,879.2,2
2437,Categoria C1,commodity,2223.12,1
2437,Categoria C2,commodity,4785.36,2
24385,Categoria C1,commodity,5683.4,1
24385,Categoria C2,commodity,30520.8,2
24387,Categoria C1,commodity,5683.4,1
24387,Categoria C2,commodity,49015.4,2
2439,Categoria C1,commodity,2223.12,1
2439,Categoria C2,commodity,1086.44,2
24398,Categoria C1,commodity,2223.12,1
24398,Categoria C2,commodity,1086.44,2
24400,Categoria C1,commodity,5683.4,1
24400,Categoria C2,commodity,2778.9,2
2441,Categoria C1,commodity,2223.12,1
2441,Categoria C2,commodity,10333.74,2
2442,Categoria C1,commodity,1802.36,1
2442,Categoria C2,commodity,3548.2,2
24422,Categoria C1,commodity,2223.12,1
24422,Categoria C2,commodity,8484.28,2
24454,Categoria C1,commodity,2223.12,1
24454,Categoria C2,commodity,38075.64,2
24465,Categoria C1,commodity,1802.36,1
24465,Categoria C2,commodity,879.2,2
24468,Categoria C1,commodity,4546.72,1
24468,Categoria C2,commodity,29965.02,2
24474,Categoria C1,commodity,3410.04,1
24474,Categoria C2,commodity,10914.64,2
24485,Categoria C1,commodity,11366.8,1
24485,Categoria C2,commodity,32247.8,2
24487,Categoria C1,commodity,2223.12,1
24487,Categoria C2,commodity,9410.58,2
24508,Categoria C1,commodity,2223.12,1
24508,Categoria C2,commodity,6424.44,2
24513,Categoria C1,commodity,3410.04,1
24513,Categoria C2,commodity,8142.02,2
24526,Categoria C1,commodity,1802.36,1
24526,Categoria C2,commodity,879.2,2
24531,Categoria C1,commodity,2223.12,1
24531,Categoria C2,commodity,6424.44,2
24533,Categoria C1,commodity,3410.04,1
24533,Categoria C2,commodity,8142.02,2
24539,Categoria C1,commodity,2223.12,1
24539,Categoria C2,commodity,10333.74,2
24561,Categoria C1,commodity,2223.12,1
24561,Categoria C2,commodity,3397.48,2
24564,Categoria C1,commodity,9093.44,1
24564,Categoria C2,commodity,25798.24,2
24576,Categoria C1,commodity,2223.12,1
24576,Categoria C2,commodity,6424.44,2
24587,Categoria C1,commodity,2223.12,1
24587,Categoria C2,commodity,6424.44,2
24597,Categoria C1,commodity,3410.04,1
24597,Categoria C2,commodity,18312.48,2
24601,Categoria C1,commodity,6820.08,1
24601,Categoria C2,commodity,3334.68,2
24622,Categoria C1,commodity,6820.08,1
24622,Categoria C2,commodity,77313.08,2
24653,Categoria C1,commodity,2223.12,1
24653,Categoria C2,commodity,6424.44,2
24661,Categoria C1,commodity,2223.12,1
24661,Categoria C2,commodity,10333.74,2
24665,Categoria C1,commodity,2223.12,1
24665,Categoria C2,commodity,19581.04,2
24666,Categoria C1,commodity,1802.36,1
24666,Categoria C2,commodity,3548.2,2
24678,Categoria C1,commodity,2223.12,1
24678,Categoria C2,commodity,9410.58,2
2468,Categoria C1,commodity,2223.12,1
2468,Categoria C2,commodity,24206.26,2
24684,Categoria C1,commodity,3410.04,1
24684,Categoria C2,commodity,20161.94,2
24696,Categoria C1,commodity,2223.12,1
24696,Categoria C2,commodity,17270.0,2
24700,Categoria C1,commodity,2223.12,1
24700,Categoria C2,commodity,6634.82,2
24716,Categoria C1,commodity,2223.12,1
24716,Categoria C2,commodity,6424.44,2
24722,Categoria C1,commodity,2223.12,1
24722,Categoria C2,commodity,1086.44,2
24735,Categoria C1,commodity,2223.12,1
24735,Categoria C2,commodity,1086.44,2
24748,Categoria C1,commodity,1802.36,1
24748,Categoria C2,commodity,879.2,2
24762,Categoria C1,commodity,2223.12,1
24762,Categoria C2,commodity,6424.44,2
24766,Categoria C1,commodity,4546.72,1
24766,Categoria C2,commodity,57706.92,2
24781,Categoria C1,commodity,4546.72,1
24781,Categoria C2,commodity,12899.12,2
24808,Categoria C1,commodity,2223.12,1
24808,Categoria C2,commodity,6424.44,2
24814,Categoria C1,commodity,4546.72,1
24814,Categoria C2,commodity,12899.12,2
24816,Categoria C1,commodity,1802.36,1
24816,Categoria C2,commodity,3548.2,2
24838,Categoria C1,commodity,2223.12,1
24838,Categoria C2,commodity,1086.44,2
24844,Categoria C1,commodity,3410.04,1
24844,Categoria C2,commodity,10914.64,2
24853,Categoria C1,commodity,2223.12,1
24853,Categoria C2,commodity,8945.86,2
24860,Categoria C1,commodity,2223.12,1
24860,Categoria C2,commodity,14032.66,2
24874,Categoria C1,commodity,2223.12,1
24874,Categoria C2,commodity,12183.2,2
24879,Categoria C1,commodity,4546.72,1
24879,Categoria C2,commodity,12899.12,2
24880,Categoria C1,commodity,2223.12,1
24880,Categoria C2,commodity,1086.44,2
24883,Categoria C1,commodity,1802.36,1
24883,Categoria C2,commodity,879.2,2
24894,Categoria C1,commodity,4546.72,1
24894,Categoria C2,commodity,2223.12,2
24902,Categoria C1,commodity,2223.12,1
24902,Categoria C2,commodity,6424.44,2
24910,Categoria C1,commodity,2223.12,1
24910,Categoria C2,commodity,7561.12,2
24914,Categoria C1,commodity,2223.12,1
24914,Categoria C2,commodity,1086.44,2
24916,Categoria C1,commodity,2223.12,1
24916,Categoria C2,commodity,1086.44,2
24917,Categoria C1,commodity,1802.36,1
24917,Categoria C2,commodity,879.2,2
24928,Categoria C1,commodity,2223.12,1
24928,Categoria C2,commodity,1086.44,2
24936,Categoria C1,commodity,2223.12,1
24936,Categoria C2,commodity,6424.44,2
24944,Categoria C1,commodity,2223.12,1
24944,Categoria C2,commodity,6424.44,2
24954,Categoria C1,commodity,2223.12,1
24954,Categoria C2,commodity,10333.74,2
24966,Categoria C1,commodity,2223.12,1
24966,Categoria C2,commodity,6424.44,2
24967,Categoria C1,commodity,1802.36,1
24967,Categoria C2,commodity,879.2,2
2498,Categoria C1,commodity,3410.04,1
2498,Categoria C2,commodity,9674.34,2
24985,Categoria C1,commodity,4546.72,1
24985,Categoria C2,commodity,12899.12,2
24991,Categoria C1,commodity,2223.12,1
24991,Categoria C2,commodity,9410.58,2
24993,Categoria C1,commodity,3410.04,1
24993,Categoria C2,commodity,20161.94,2
25010,Categoria C1,commodity,1802.36,1
25010,Categoria C2,commodity,3548.2,2
2503,Categoria C1,commodity,3410.04,1
2503,Categoria C2,commodity,12764.1,2
2504,Categoria C1,commodity,1802.36,1
2504,Categoria C2,commodity,879.2,2
25075,Categoria C1,commodity,2223.12,1
25075,Categoria C2,commodity,5711.66,2
25081,Categoria C1,commodity,3410.04,1
25081,Categoria C2,commodity,1667.34,2
25096,Categoria C1,commodity,2223.12,1
25096,Categoria C2,commodity,1086.44,2
25118,Categoria C1,commodity,2223.12,1
25118,Categoria C2,commodity,1086.44,2
25121,Categoria C1,commodity,2223.12,1
25121,Categoria C2,commodity,6424.44,2
25122,Categoria C1,commodity,1802.36,1
25122,Categoria C2,commodity,3548.2,2
25129,Categoria C1,commodity,1802.36,1
25129,Categoria C2,commodity,3548.2,2
25155,Categoria C1,commodity,3410.04,1
25155,Categoria C2,commodity,1667.34,2
25156,Categoria C1,commodity,3410.04,1
25156,Categoria C2,commodity,12764.1,2
25187,Categoria C1,commodity,2223.12,1
25187,Categoria C2,commodity,6424.44,2
25190,Categoria C1,commodity,2223.12,1
25190,Categoria C2,commodity,8484.28,2
25192,Categoria C1,commodity,4546.72,1
25192,Categoria C2,commodity,23493.48,2
2521,Categoria C1,commodity,2223.12,1
2521,Categoria C2,commodity,6424.44,2
25211,Categoria C1,commodity,2223.12,1
25211,Categoria C2,commodity,6424.44,2
25219,Categoria C1,commodity,4546.72,1
25219,Categoria C2,commodity,29965.02,2
25221,Categoria C1,commodity,3410.04,1
25221,Categoria C2,commodity,7215.72,2
25232,Categoria C1,commodity,3410.04,1
25232,Categoria C2,commodity,10914.64,2
2525,Categoria C1,commodity,2223.12,1
2525,Categoria C2,commodity,6424.44,2
25250,Categoria C1,commodity,2223.12,1
25250,Categoria C2,commodity,19581.04,2
25251,Categoria C1,commodity,1802.36,1
25251,Categoria C2,commodity,17524.34,2
25253,Categoria C1,commodity,1802.36,1
25253,Categoria C2,commodity,879.2,2
25254,Categoria C1,commodity,2223.12,1
25254,Categoria C2,commodity,9410.58,2
25266,Categoria C1,commodity,2223.12,1
25266,Categoria C2,commodity,8484.28,2
25274,Categoria C1,commodity,1802.36,1
25274,Categoria C2,commodity,879.2,2
2528,Categoria C1,commodity,3410.04,1
2528,Categoria C2,commodity,9674.34,2
25290,Categoria C1,commodity,1802.36,1
25290,Categoria C2,commodity,3548.2,2
25303,Categoria C1,commodity,3410.04,1
25303,Categoria C2,commodity,7677.3,2
25307,Categoria C1,commodity,4546.72,1
25307,Categoria C2,commodity,66954.22,2
25309,Categoria C1,commodity,1802.36,1
25309,Categoria C2,commodity,3548.2,2
2531,Categoria C1,commodity,2223.12,1
2531,Categoria C2,commodity,6424.44,2
25311,Categoria C1,commodity,4546.72,1
25311,Categoria C2,commodity,2223.12,2
25314,Categoria C1,commodity,2223.12,1
25314,Categoria C2,commodity,17270.0,2
25315,Categoria C1,commodity,2223.12,1
25315,Categoria C2,commodity,12183.2,2
25365,Categoria C1,commodity,2223.12,1
25365,Categoria C2,commodity,1086.44,2
25391,Categoria C1,commodity,2223.12,1
25391,Categoria C2,commodity,1086.44,2
25397,Categoria C1,commodity,2223.12,1
25397,Categoria C2,commodity,5711.66,2
25398,Categoria C1,commodity,1802.36,1
25398,Categoria C2,commodity,879.2,2
25409,Categoria C1,commodity,2223.12,1
25409,Categoria C2,commodity,6424.44,2
25416,Categoria C1,commodity,3410.04,1
25416,Categoria C2,commodity,47903.84,2
25446,Categoria C1,commodity,4546.72,1
25446,Categoria C2,commodity,16095.64,2
2545,Categoria C1,commodity,2223.12,1
2545,Categoria C2,commodity,6424.44,2
25450,Categoria C1,commodity,2223.12,1
25450,Categoria C2,commodity,6424.44,2
25451,Categoria C1,commodity,2223.12,1
25451,Categoria C2,commodity,10333.74,2
25459,Categoria C1,commodity,2223.12,1
25459,Categoria C2,commodity,6424.44,2
2546,Categoria C1,commodity,2223.12,1
2546,Categoria C2,commodity,8484.28,2
255,Categoria C1,commodity,3410.04,1
255,Categoria C2,commodity,20161.94,2
25515,Categoria C1,commodity,3410.04,1
25515,Categoria C2,commodity,15539.86,2
25518,Categoria C1,commodity,2223.12,1
25518,Categoria C2,commodity,7561.12,2
25523,Categoria C1,commodity,2223.12,1
25523,Categoria C2,commodity,8484.28,2
25524,Categoria C1,commodity,2223.12,1
25524,Categoria C2,commodity,6424.44,2
25533,Categoria C1,commodity,2223.12,1
25533,Categoria C2,commodity,5711.66,2
25542,Categoria C1,commodity,4546.72,1
25542,Categoria C2,commodity,2223.12,2
2555,Categoria C1,commodity,2223.12,1
2555,Categoria C2,commodity,10333.74,2
25567,Categoria C1,commodity,2223.12,1
25567,Categoria C2,commodity,1086.44,2
25590,Categoria C1,commodity,4546.72,1
25590,Categoria C2,commodity,11470.42,2
25602,Categoria C1,commodity,2223.12,1
25602,Categoria C2,commodity,1086.44,2
25605,Categoria C1,commodity,2223.12,1
25605,Categoria C2,commodity,6424.44,2
2562,Categoria C1,commodity,2223.12,1
2562,Categoria C2,commodity,6424.44,2
25640,Categoria C1,commodity,2223.12,1
25640,Categoria C2,commodity,12183.2,2
25643,Categoria C1,commodity,2223.12,1
25643,Categoria C2,commodity,1086.44,2
25648,Categoria C1,commodity,2223.12,1
25648,Categoria C2,commodity,8484.28,2
25650,Categoria C1,commodity,1802.36,1
25650,Categoria C2,commodity,879.2,2
25651,Categoria C1,commodity,2223.12,1
25651,Categoria C2,commodity,21430.5,2
25656,Categoria C1,commodity,3410.04,1
25656,Categoria C2,commodity,18312.48,2
25667,Categoria C1,commodity,3410.04,1
25667,Categoria C2,commodity,9674.34,2
25698,Categoria C1,commodity,2223.12,1
25698,Categoria C2,commodity,15882.12,2
25715,Categoria C1,commodity,2223.12,1
25715,Categoria C2,commodity,4785.36,2
25736,Categoria C1,commodity,2223.12,1
25736,Categoria C2,commodity,6424.44,2
25778,Categoria C1,commodity,2223.12,1
25778,Categoria C2,commodity,6424.44,2
25795,Categoria C1,commodity,1802.36,1
25795,Categoria C2,commodity,3548.2,2
258,Categoria C1,commodity,2223.12,1
258,Categoria C2,commodity,5711.66,2
25816,Categoria C1,commodity,1802.36,1
25816,Categoria C2,commodity,879.2,2
25817,Categoria C1,commodity,1802.36,1
25817,Categoria C2,commodity,879.2,2
2582,Categoria C1,commodity,1802.36,1
2582,Categoria C2,commodity,4578.12,2
25823,Categoria C1,commodity,2223.12,1
25823,Categoria C2,commodity,8484.28,2
25836,Categoria C1,commodity,1802.36,1
25836,Categoria C2,commodity,2728.66,2
25845,Categoria C1,commodity,2223.12,1
25845,Categoria C2,commodity,10333.74,2
25849,Categoria C1,commodity,2223.12,1
25849,Categoria C2,commodity,6424.44,2
25855,Categoria C1,commodity,1802.36,1
25855,Categoria C2,commodity,3548.2,2
25862,Categoria C1,commodity,2223.12,1
25862,Categoria C2,commodity,10333.74,2
2587,Categoria C1,commodity,2223.12,1
2587,Categoria C2,commodity,6424.44,2
25873,Categoria C1,commodity,1802.36,1
25873,Categoria C2,commodity,5504.42,2
25882,Categoria C1,commodity,2223.12,1
25882,Categoria C2,commodity,13109.5,2
25889,Categoria C1,commodity,3410.04,1
25889,Categoria C2,commodity,75645.74,2
25896,Categoria C1,commodity,3410.04,1
25896,Categoria C2,commodity,1667.34,2
25904,Categoria C1,commodity,2223.12,1
25904,Categoria C2,commodity,8484.28,2
25909,Categoria C1,commodity,3410.04,1
25909,Categoria C2,commodity,6292.56,2
25918,Categoria C1,commodity,4546.72,1
25918,Categoria C2,commodity,12899.12,2
25923,Categoria C1,commodity,1802.36,1
25923,Categoria C2,commodity,879.2,2
2595,Categoria C1,commodity,2223.12,1
2595,Categoria C2,commodity,6424.44,2
25950,Categoria C1,commodity,2223.12,1
25950,Categoria C2,commodity,16990.54,2
25953,Categoria C1,commodity,2223.12,1
25953,Categoria C2,commodity,8484.28,2
25957,Categoria C1,commodity,3410.04,1
25957,Categoria C2,commodity,9674.34,2
25959,Categoria C1,commodity,2223.12,1
25959,Categoria C2,commodity,6424.44,2
25965,Categoria C1,commodity,1802.36,1
25965,Categoria C2,commodity,5039.7,2
25970,Categoria C1,commodity,1802.36,1
25970,Categoria C2,commodity,8277.04,2
25972,Categoria C1,commodity,1802.36,1
25972,Categoria C2,commodity,3548.2,2
25996,Categoria C1,commodity,3410.04,1
25996,Categoria C2,commodity,9065.18,2
26,Categoria C1,commodity,2223.12,1
26,Categoria C2,commodity,6424.44,2
26001,Categoria C1,commodity,2223.12,1
26001,Categoria C2,commodity,6424.44,2
26008,Categoria C1,commodity,2223.12,1
26008,Categoria C2,commodity,6424.44,2
26039,Categoria C1,commodity,2223.12,1
26039,Categoria C2,commodity,1086.44,2
2604,Categoria C1,commodity,2223.12,1
2604,Categoria C2,commodity,1086.44,2
26043,Categoria C1,commodity,3410.04,1
26043,Categoria C2,commodity,9674.34,2
26046,Categoria C1,commodity,2223.12,1
26046,Categoria C2,commodity,5246.94,2
26048,Categoria C1,commodity,2223.12,1
26048,Categoria C2,commodity,6634.82,2
26062,Categoria C1,commodity,2223.12,1
26062,Categoria C2,commodity,8484.28,2
26067,Categoria C1,commodity,3410.04,1
26067,Categoria C2,commodity,1667.34,2
26068,Categoria C1,commodity,2223.12,1
26068,Categoria C2,commodity,7561.12,2
26070,Categoria C1,commodity,2223.12,1
26070,Categoria C2,commodity,6424.44,2
26085,Categoria C1,commodity,2223.12,1
26085,Categoria C2,commodity,6424.44,2
26093,Categoria C1,commodity,2223.12,1
26093,Categoria C2,commodity,8945.86,2
26095,Categoria C1,commodity,6820.08,1
26095,Categoria C2,commodity,31076.58,2
26107,Categoria C1,commodity,3410.04,1
26107,Categoria C2,commodity,10914.64,2
26116,Categoria C1,commodity,3410.04,1
26116,Categoria C2,commodity,9674.34,2
26117,Categoria C1,commodity,1802.36,1
26117,Categoria C2,commodity,879.2,2
26119,Categoria C1,commodity,2223.12,1
26119,Categoria C2,commodity,11721.62,2
26122,Categoria C1,commodity,6820.08,1
26122,Categoria C2,commodity,26454.5,2
26127,Categoria C1,commodity,2223.12,1
26127,Categoria C2,commodity,1086.44,2
26135,Categoria C1,commodity,1802.36,1
26135,Categoria C2,commodity,879.2,2
26136,Categoria C1,commodity,4546.72,1
26136,Categoria C2,commodity,57706.92,2
26137,Categoria C1,commodity,3410.04,1
26137,Categoria C2,commodity,21735.08,2
26139,Categoria C1,commodity,2223.12,1
26139,Categoria C2,commodity,8484.28,2
26142,Categoria C1,commodity,3410.04,1
26142,Categoria C2,commodity,1667.34,2
26148,Categoria C1,commodity,2223.12,1
26148,Categoria C2,commodity,1086.44,2
26160,Categoria C1,commodity,3410.04,1
26160,Categoria C2,commodity,15539.86,2
26168,Categoria C1,commodity,2223.12,1
26168,Categoria C2,commodity,6424.44,2
26181,Categoria C1,commodity,2223.12,1
26181,Categoria C2,commodity,1086.44,2
26192,Categoria C1,commodity,7956.76,1
26192,Categoria C2,commodity,29691.84,2
26194,Categoria C1,commodity,2223.12,1
26194,Categoria C2,commodity,1086.44,2
26206,Categoria C1,commodity,2223.12,1
26206,Categoria C2,commodity,1086.44,2
26207,Categoria C1,commodity,2223.12,1
26207,Categoria C2,commodity,13109.5,2
26209,Categoria C1,commodity,4546.72,1
26209,Categoria C2,commodity,10547.26,2
26221,Categoria C1,commodity,2223.12,1
26221,Categoria C2,commodity,6424.44,2
26232,Categoria C1,commodity,3410.04,1
26232,Categoria C2,commodity,1667.34,2
26234,Categoria C1,commodity,3410.04,1
26234,Categoria C2,commodity,1667.34,2
26241,Categoria C1,commodity,2223.12,1
26241,Categoria C2,commodity,10333.74,2
26261,Categoria C1,commodity,2223.12,1
26261,Categoria C2,commodity,1086.44,2
26262,Categoria C1,commodity,1802.36,1
26262,Categoria C2,commodity,3548.2,2
26265,Categoria C1,commodity,2223.12,1
26265,Categoria C2,commodity,14958.96,2
26282,Categoria C1,commodity,2223.12,1
26282,Categoria C2,commodity,10333.74,2
26286,Categoria C1,commodity,1802.36,1
26286,Categoria C2,commodity,11975.96,2
26287,Categoria C1,commodity,2223.12,1
26287,Categoria C2,commodity,13109.5,2
26297,Categoria C1,commodity,2223.12,1
26297,Categoria C2,commodity,1086.44,2
26298,Categoria C1,commodity,2223.12,1
26298,Categoria C2,commodity,12183.2,2
26300,Categoria C1,commodity,2223.12,1
26300,Categoria C2,commodity,1086.44,2
26302,Categoria C1,commodity,2223.12,1
26302,Categoria C2,commodity,7561.12,2
26341,Categoria C1,commodity,3410.04,1
26341,Categoria C2,commodity,6292.56,2
26346,Categoria C1,commodity,4546.72,1
26346,Categoria C2,commodity,2223.12,2
26353,Categoria C1,commodity,2223.12,1
26353,Categoria C2,commodity,6424.44,2
26384,Categoria C1,commodity,1802.36,1
26384,Categoria C2,commodity,879.2,2
26396,Categoria C1,commodity,2223.12,1
26396,Categoria C2,commodity,3397.48,2
26402,Categoria C1,commodity,2223.12,1
26402,Categoria C2,commodity,19581.04,2
26442,Categoria C1,commodity,1802.36,1
26442,Categoria C2,commodity,3190.24,2
26447,Categoria C1,commodity,2223.12,1
26447,Categoria C2,commodity,38075.64,2
26449,Categoria C1,commodity,3410.04,1
26449,Categoria C2,commodity,9674.34,2
2645,Categoria C1,commodity,2223.12,1
2645,Categoria C2,commodity,6424.44,2
26450,Categoria C1,commodity,2223.12,1
26450,Categoria C2,commodity,6424.44,2
26463,Categoria C1,commodity,5683.4,1
26463,Categoria C2,commodity,49015.4,2
26464,Categoria C1,commodity,2223.12,1
26464,Categoria C2,commodity,10333.74,2
26467,Categoria C1,commodity,3410.04,1
26467,Categoria C2,commodity,15539.86,2
26468,Categoria C1,commodity,3410.04,1
26468,Categoria C2,commodity,24787.16,2
26488,Categoria C1,commodity,2223.12,1
26488,Categoria C2,commodity,6634.82,2
26508,Categoria C1,commodity,2223.12,1
26508,Categoria C2,commodity,1086.44,2
26509,Categoria C1,commodity,2223.12,1
26509,Categoria C2,commodity,6424.44,2
26531,Categoria C1,commodity,2223.12,1
26531,Categoria C2,commodity,6424.44,2
26532,Categoria C1,commodity,2223.12,1
26532,Categoria C2,commodity,6424.44,2
26551,Categoria C1,commodity,1802.36,1
26551,Categoria C2,commodity,3548.2,2
26552,Categoria C1,commodity,3410.04,1
26552,Categoria C2,commodity,1667.34,2
26571,Categoria C1,commodity,3410.04,1
26571,Categoria C2,commodity,16463.02,2
26574,Categoria C1,commodity,2223.12,1
26574,Categoria C2,commodity,10333.74,2
26593,Categoria C1,commodity,2223.12,1
26593,Categoria C2,commodity,10333.74,2
26599,Categoria C1,commodity,2223.12,1
26599,Categoria C2,commodity,6424.44,2
26605,Categoria C1,commodity,2223.12,1
26605,Categoria C2,commodity,6424.44,2
26606,Categoria C1,commodity,2223.12,1
26606,Categoria C2,commodity,6424.44,2
26614,Categoria C1,commodity,2223.12,1
26614,Categoria C2,commodity,9410.58,2
26623,Categoria C1,commodity,2223.12,1
26623,Categoria C2,commodity,1086.44,2
26633,Categoria C1,commodity,3410.04,1
26633,Categoria C2,commodity,3055.22,2
26642,Categoria C1,commodity,3410.04,1
26642,Categoria C2,commodity,1667.34,2
26643,Categoria C1,commodity,1802.36,1
26643,Categoria C2,commodity,3548.2,2
26651,Categoria C1,commodity,1802.36,1
26651,Categoria C2,commodity,3548.2,2
26657,Categoria C1,commodity,3410.04,1
26657,Categoria C2,commodity,9526.76,2
26668,Categoria C1,commodity,1802.36,1
26668,Categoria C2,commodity,8277.04,2
2667,Categoria C1,commodity,2223.12,1
2667,Categoria C2,commodity,14032.66,2
26672,Categoria C1,commodity,3410.04,1
26672,Categoria C2,commodity,9674.34,2
2668,Categoria C1,commodity,3410.04,1
2668,Categoria C2,commodity,1667.34,2
26681,Categoria C1,commodity,2223.12,1
26681,Categoria C2,commodity,1086.44,2
26690,Categoria C1,commodity,1802.36,1
26690,Categoria C2,commodity,879.2,2
26691,Categoria C1,commodity,1802.36,1
26691,Categoria C2,commodity,5504.42,2
26694,Categoria C1,commodity,2223.12,1
26694,Categoria C2,commodity,10333.74,2
26696,Categoria C1,commodity,2223.12,1
26696,Categoria C2,commodity,8484.28,2
26698,Categoria C1,commodity,2223.12,1
26698,Categoria C2,commodity,1086.44,2
26742,Categoria C1,commodity,2223.12,1
26742,Categoria C2,commodity,6634.82,2
26757,Categoria C1,commodity,2223.12,1
26757,Categoria C2,commodity,10333.74,2
26759,Categoria C1,commodity,1802.36,1
26759,Categoria C2,commodity,2728.66,2
26761,Categoria C1,commodity,1802.36,1
26761,Categoria C2,commodity,13825.42,2
26763,Categoria C1,commodity,2223.12,1
26763,Categoria C2,commodity,1086.44,2
26765,Categoria C1,commodity,2223.12,1
26765,Categoria C2,commodity,1086.44,2
26766,Categoria C1,commodity,2223.12,1
26766,Categoria C2,commodity,6424.44,2
26769,Categoria C1,commodity,2223.12,1
26769,Categoria C2,commodity,8484.28,2
26787,Categoria C1,commodity,1802.36,1
26787,Categoria C2,commodity,3548.2,2
26789,Categoria C1,commodity,2223.12,1
26789,Categoria C2,commodity,9410.58,2
2680,Categoria C1,commodity,2223.12,1
2680,Categoria C2,commodity,8484.28,2
26837,Categoria C1,commodity,1802.36,1
26837,Categoria C2,commodity,15674.88,2
26843,Categoria C1,commodity,1802.36,1
26843,Categoria C2,commodity,3548.2,2
26850,Categoria C1,commodity,1802.36,1
26850,Categoria C2,commodity,8277.04,2
26866,Categoria C1,commodity,2223.12,1
26866,Categoria C2,commodity,15882.12,2
26875,Categoria C1,commodity,3410.04,1
26875,Categoria C2,commodity,9674.34,2
26898,Categoria C1,commodity,12503.48,1
26898,Categoria C2,commodity,33855.48,2
26899,Categoria C1,commodity,2223.12,1
26899,Categoria C2,commodity,1086.44,2
26902,Categoria C1,commodity,2223.12,1
26902,Categoria C2,commodity,13109.5,2
26904,Categoria C1,commodity,2223.12,1
26904,Categoria C2,commodity,6424.44,2
26905,Categoria C1,commodity,2223.12,1
26905,Categoria C2,commodity,9410.58,2
26919,Categoria C1,commodity,2223.12,1
26919,Categoria C2,commodity,14958.96,2
26923,Categoria C1,commodity,3410.04,1
26923,Categoria C2,commodity,15539.86,2
26926,Categoria C1,commodity,3410.04,1
26926,Categoria C2,commodity,6292.56,2
26941,Categoria C1,commodity,1802.36,1
26941,Categoria C2,commodity,879.2,2
2698,Categoria C1,commodity,2223.12,1
2698,Categoria C2,commodity,5246.94,2
27037,Categoria C1,commodity,3410.04,1
27037,Categoria C2,commodity,9674.34,2
27046,Categoria C1,commodity,1802.36,1
27046,Categoria C2,commodity,6427.58,2
27047,Categoria C1,commodity,2223.12,1
27047,Categoria C2,commodity,6424.44,2
27058,Categoria C1,commodity,2223.12,1
27058,Categoria C2,commodity,5711.66,2
27059,Categoria C1,commodity,2223.12,1
27059,Categoria C2,commodity,1086.44,2
27082,Categoria C1,commodity,4546.72,1
27082,Categoria C2,commodity,20717.72,2
2709,Categoria C1,commodity,2223.12,1
2709,Categoria C2,commodity,6424.44,2
27090,Categoria C1,commodity,2223.12,1
27090,Categoria C2,commodity,1086.44,2
27108,Categoria C1,commodity,2223.12,1
27108,Categoria C2,commodity,6424.44,2
27110,Categoria C1,commodity,3410.04,1
27110,Categoria C2,commodity,1667.34,2
27125,Categoria C1,commodity,4546.72,1
27125,Categoria C2,commodity,20717.72,2
27130,Categoria C1,commodity,2223.12,1
27130,Categoria C2,commodity,10333.74,2
27133,Categoria C1,commodity,3410.04,1
27133,Categoria C2,commodity,12764.1,2
27134,Categoria C1,commodity,2223.12,1
27134,Categoria C2,commodity,10333.74,2
27144,Categoria C1,commodity,2223.12,1
27144,Categoria C2,commodity,1086.44,2
27145,Categoria C1,commodity,3410.04,1
27145,Categoria C2,commodity,22011.4,2
27151,Categoria C1,commodity,2223.12,1
27151,Categoria C2,commodity,6424.44,2
27152,Categoria C1,commodity,2223.12,1
27152,Categoria C2,commodity,8484.28,2
27159,Categoria C1,commodity,2223.12,1
27159,Categoria C2,commodity,6424.44,2
27160,Categoria C1,commodity,2223.12,1
27160,Categoria C2,commodity,7561.12,2
27161,Categoria C1,commodity,3410.04,1
27161,Categoria C2,commodity,13225.68,2
27171,Categoria C1,commodity,2223.12,1
27171,Categoria C2,commodity,6424.44,2
27172,Categoria C1,commodity,2223.12,1
27172,Categoria C2,commodity,18657.88,2
27179,Categoria C1,commodity,2223.12,1
27179,Categoria C2,commodity,6634.82,2
27181,Categoria C1,commodity,2223.12,1
27181,Categoria C2,commodity,6424.44,2
27193,Categoria C1,commodity,2223.12,1
27193,Categoria C2,commodity,6424.44,2
27195,Categoria C1,commodity,2223.12,1
27195,Categoria C2,commodity,10333.74,2
27201,Categoria C1,commodity,4546.72,1
27201,Categoria C2,commodity,9620.96,2
27207,Categoria C1,commodity,2223.12,1
27207,Categoria C2,commodity,6424.44,2
27224,Categoria C1,commodity,1802.36,1
27224,Categoria C2,commodity,879.2,2
27238,Categoria C1,commodity,3410.04,1
27238,Categoria C2,commodity,20253.0,2
27243,Categoria C1,commodity,3410.04,1
27243,Categoria C2,commodity,10914.64,2
27245,Categoria C1,commodity,2223.12,1
27245,Categoria C2,commodity,1086.44,2
27249,Categoria C1,commodity,2223.12,1
27249,Categoria C2,commodity,19581.04,2
27272,Categoria C1,commodity,2223.12,1
27272,Categoria C2,commodity,6424.44,2
27275,Categoria C1,commodity,5683.4,1
27275,Categoria C2,commodity,16651.42,2
27278,Categoria C1,commodity,1802.36,1
27278,Categoria C2,commodity,879.2,2
27283,Categoria C1,commodity,1802.36,1
27283,Categoria C2,commodity,879.2,2
27289,Categoria C1,commodity,4546.72,1
27289,Categoria C2,commodity,25342.94,2
27294,Categoria C1,commodity,2223.12,1
27294,Categoria C2,commodity,1086.44,2
27300,Categoria C1,commodity,3410.04,1
27300,Categoria C2,commodity,9674.34,2
27304,Categoria C1,commodity,2223.12,1
27304,Categoria C2,commodity,6424.44,2
27316,Categoria C1,commodity,2223.12,1
27316,Categoria C2,commodity,1086.44,2
27328,Categoria C1,commodity,3410.04,1
27328,Categoria C2,commodity,15539.86,2
27343,Categoria C1,commodity,2223.12,1
27343,Categoria C2,commodity,10333.74,2
27345,Categoria C1,commodity,2223.12,1
27345,Categoria C2,commodity,28828.34,2
27364,Categoria C1,commodity,3410.04,1
27364,Categoria C2,commodity,13690.4,2
27366,Categoria C1,commodity,3410.04,1
27366,Categoria C2,commodity,10914.64,2
27375,Categoria C1,commodity,3410.04,1
27375,Categoria C2,commodity,9674.34,2
27392,Categoria C1,commodity,1802.36,1
27392,Categoria C2,commodity,3548.2,2
27394,Categoria C1,commodity,4546.72,1
27394,Categoria C2,commodity,39397.58,2
27400,Categoria C1,commodity,3410.04,1
27400,Categoria C2,commodity,20161.94,2
27421,Categoria C1,commodity,3410.04,1
27421,Categoria C2,commodity,10914.64,2
27445,Categoria C1,commodity,3410.04,1
27445,Categoria C2,commodity,10914.64,2
27447,Categoria C1,commodity,1802.36,1
27447,Categoria C2,commodity,3548.2,2
27451,Categoria C1,commodity,2223.12,1
27451,Categoria C2,commodity,5711.66,2
27465,Categoria C1,commodity,2223.12,1
27465,Categoria C2,commodity,7561.12,2
27489,Categoria C1,commodity,2223.12,1
27489,Categoria C2,commodity,8484.28,2
27498,Categoria C1,commodity,2223.12,1
27498,Categoria C2,commodity,17822.64,2
27520,Categoria C1,commodity,2223.12,1
27520,Categoria C2,commodity,6634.82,2
27529,Categoria C1,commodity,4546.72,1
27529,Categoria C2,commodity,8697.8,2
2753,Categoria C1,commodity,2223.12,1
2753,Categoria C2,commodity,13109.5,2
27540,Categoria C1,commodity,2223.12,1
27540,Categoria C2,commodity,6424.44,2
27566,Categoria C1,commodity,2223.12,1
27566,Categoria C2,commodity,10333.74,2
27567,Categoria C1,commodity,2223.12,1
27567,Categoria C2,commodity,1086.44,2
2759,Categoria C1,commodity,2223.12,1
2759,Categoria C2,commodity,5711.66,2
27592,Categoria C1,commodity,1802.36,1
27592,Categoria C2,commodity,879.2,2
27616,Categoria C1,commodity,3410.04,1
27616,Categoria C2,commodity,1667.34,2
27623,Categoria C1,commodity,2223.12,1
27623,Categoria C2,commodity,1086.44,2
27626,Categoria C1,commodity,3410.04,1
27626,Categoria C2,commodity,12302.52,2
27643,Categoria C1,commodity,2223.12,1
27643,Categoria C2,commodity,6424.44,2
27645,Categoria C1,commodity,1802.36,1
27645,Categoria C2,commodity,4578.12,2
27665,Categoria C1,commodity,3410.04,1
27665,Categoria C2,commodity,12764.1,2
27673,Categoria C1,commodity,2223.12,1
27673,Categoria C2,commodity,12183.2,2
27678,Categoria C1,commodity,3410.04,1
27678,Categoria C2,commodity,24787.16,2
27680,Categoria C1,commodity,3410.04,1
27680,Categoria C2,commodity,7215.72,2
27681,Categoria C1,commodity,2223.12,1
27681,Categoria C2,commodity,8484.28,2
27691,Categoria C1,commodity,2223.12,1
27691,Categoria C2,commodity,22356.8,2
27693,Categoria C1,commodity,3410.04,1
27693,Categoria C2,commodity,1667.34,2
27694,Categoria C1,commodity,3410.04,1
27694,Categoria C2,commodity,20161.94,2
27701,Categoria C1,commodity,4546.72,1
27701,Categoria C2,commodity,16095.64,2
27709,Categoria C1,commodity,2223.12,1
27709,Categoria C2,commodity,1086.44,2
2771,Categoria C1,commodity,2223.12,1
2771,Categoria C2,commodity,6424.44,2
27724,Categoria C1,commodity,2223.12,1
27724,Categoria C2,commodity,1086.44,2
27726,Categoria C1,commodity,2223.12,1
27726,Categoria C2,commodity,6634.82,2
27731,Categoria C1,commodity,2223.12,1
27731,Categoria C2,commodity,6424.44,2
27735,Categoria C1,commodity,2223.12,1
27735,Categoria C2,commodity,8484.28,2
27743,Categoria C1,commodity,2223.12,1
27743,Categoria C2,commodity,8484.28,2
27759,Categoria C1,commodity,2223.12,1
27759,Categoria C2,commodity,6424.44,2
27760,Categoria C1,commodity,2223.12,1
27760,Categoria C2,commodity,10333.74,2
27764,Categoria C1,commodity,1802.36,1
27764,Categoria C2,commodity,3548.2,2
27765,Categoria C1,commodity,2223.12,1
27765,Categoria C2,commodity,10333.74,2
27767,Categoria C1,commodity,4546.72,1
27767,Categoria C2,commodity,16095.64,2
27776,Categoria C1,commodity,2223.12,1
27776,Categoria C2,commodity,10333.74,2
27815,Categoria C1,commodity,1802.36,1
27815,Categoria C2,commodity,879.2,2
27826,Categoria C1,commodity,2223.12,1
27826,Categoria C2,commodity,8484.28,2
27827,Categoria C1,commodity,1802.36,1
27827,Categoria C2,commodity,879.2,2
27831,Categoria C1,commodity,2223.12,1
27831,Categoria C2,commodity,6424.44,2
27839,Categoria C1,commodity,2223.12,1
27839,Categoria C2,commodity,1086.44,2
2784,Categoria C1,commodity,2223.12,1
2784,Categoria C2,commodity,6424.44,2
27841,Categoria C1,commodity,2223.12,1
27841,Categoria C2,commodity,6424.44,2
27842,Categoria C1,commodity,2223.12,1
27842,Categoria C2,commodity,17270.0,2
2785,Categoria C1,commodity,2223.12,1
2785,Categoria C2,commodity,15882.12,2
27850,Categoria C1,commodity,2223.12,1
27850,Categoria C2,commodity,12183.2,2
27852,Categoria C1,commodity,2223.12,1
27852,Categoria C2,commodity,6424.44,2
27862,Categoria C1,commodity,2223.12,1
27862,Categoria C2,commodity,1086.44,2
27871,Categoria C1,commodity,3410.04,1
27871,Categoria C2,commodity,9674.34,2
27879,Categoria C1,commodity,3410.04,1
27879,Categoria C2,commodity,9674.34,2
2788,Categoria C1,commodity,2223.12,1
2788,Categoria C2,commodity,6424.44,2
27897,Categoria C1,commodity,1802.36,1
27897,Categoria C2,commodity,879.2,2
27907,Categoria C1,commodity,2223.12,1
27907,Categoria C2,commodity,10333.74,2
27919,Categoria C1,commodity,2223.12,1
27919,Categoria C2,commodity,6424.44,2
27923,Categoria C1,commodity,2223.12,1
27923,Categoria C2,commodity,16808.42,2
27932,Categoria C1,commodity,4546.72,1
27932,Categoria C2,commodity,20717.72,2
27941,Categoria C1,commodity,4546.72,1
27941,Categoria C2,commodity,2223.12,2
27948,Categoria C1,commodity,1802.36,1
27948,Categoria C2,commodity,879.2,2
27949,Categoria C1,commodity,2223.12,1
27949,Categoria C2,commodity,6424.44,2
27962,Categoria C1,commodity,2223.12,1
27962,Categoria C2,commodity,1086.44,2
27963,Categoria C1,commodity,3410.04,1
27963,Categoria C2,commodity,29409.24,2
27964,Categoria C1,commodity,2223.12,1
27964,Categoria C2,commodity,8484.28,2
27979,Categoria C1,commodity,1802.36,1
27979,Categoria C2,commodity,879.2,2
27990,Categoria C1,commodity,5683.4,1
27990,Categoria C2,commodity,39768.1,2
27995,Categoria C1,commodity,4546.72,1
27995,Categoria C2,commodity,57706.92,2
28005,Categoria C1,commodity,2223.12,1
28005,Categoria C2,commodity,15882.12,2
28013,Categoria C1,commodity,4546.72,1
28013,Categoria C2,commodity,2223.12,2
2802,Categoria C1,commodity,2223.12,1
2802,Categoria C2,commodity,1086.44,2
28026,Categoria C1,commodity,3410.04,1
28026,Categoria C2,commodity,6292.56,2
28036,Categoria C1,commodity,2223.12,1
28036,Categoria C2,commodity,6424.44,2
28043,Categoria C1,commodity,3410.04,1
28043,Categoria C2,commodity,29409.24,2
28050,Categoria C1,commodity,3410.04,1
28050,Categoria C2,commodity,12764.1,2
28051,Categoria C1,commodity,2223.12,1
28051,Categoria C2,commodity,1086.44,2
28057,Categoria C1,commodity,2223.12,1
28057,Categoria C2,commodity,14032.66,2
28064,Categoria C1,commodity,2223.12,1
28064,Categoria C2,commodity,16808.42,2
28065,Categoria C1,commodity,2223.12,1
28065,Categoria C2,commodity,10333.74,2
28069,Categoria C1,commodity,2223.12,1
28069,Categoria C2,commodity,6634.82,2
2807,Categoria C1,commodity,2223.12,1
2807,Categoria C2,commodity,6424.44,2
28070,Categoria C1,commodity,1802.36,1
28070,Categoria C2,commodity,6427.58,2
28071,Categoria C1,commodity,2223.12,1
28071,Categoria C2,commodity,8484.28,2
28083,Categoria C1,commodity,2223.12,1
28083,Categoria C2,commodity,6424.44,2
28085,Categoria C1,commodity,3410.04,1
28085,Categoria C2,commodity,1667.34,2
28093,Categoria C1,commodity,4546.72,1
28093,Categoria C2,commodity,12899.12,2
28097,Categoria C1,commodity,1802.36,1
28097,Categoria C2,commodity,3654.96,2
28105,Categoria C1,commodity,2223.12,1
28105,Categoria C2,commodity,12183.2,2
2811,Categoria C1,commodity,6820.08,1
2811,Categoria C2,commodity,26454.5,2
28119,Categoria C1,commodity,2223.12,1
28119,Categoria C2,commodity,8484.28,2
28120,Categoria C1,commodity,2223.12,1
28120,Categoria C2,commodity,6424.44,2
28127,Categoria C1,commodity,4546.72,1
28127,Categoria C2,commodity,20717.72,2
28129,Categoria C1,commodity,2223.12,1
28129,Categoria C2,commodity,12183.2,2
2813,Categoria C1,commodity,2223.12,1
2813,Categoria C2,commodity,21430.5,2
28140,Categoria C1,commodity,2223.12,1
28140,Categoria C2,commodity,10333.74,2
28145,Categoria C1,commodity,2223.12,1
28145,Categoria C2,commodity,1086.44,2
28151,Categoria C1,commodity,6820.08,1
28151,Categoria C2,commodity,49571.18,2
28152,Categoria C1,commodity,2223.12,1
28152,Categoria C2,commodity,6424.44,2
28175,Categoria C1,commodity,2223.12,1
28175,Categoria C2,commodity,1086.44,2
28187,Categoria C1,commodity,2223.12,1
28187,Categoria C2,commodity,1086.44,2
28196,Categoria C1,commodity,2223.12,1
28196,Categoria C2,commodity,9410.58,2
28201,Categoria C1,commodity,2223.12,1
28201,Categoria C2,commodity,6424.44,2
2821,Categoria C1,commodity,2223.12,1
2821,Categoria C2,commodity,1086.44,2
28215,Categoria C1,commodity,2223.12,1
28215,Categoria C2,commodity,14958.96,2
28221,Categoria C1,commodity,2223.12,1
28221,Categoria C2,commodity,19581.04,2
28238,Categoria C1,commodity,1802.36,1
28238,Categoria C2,commodity,879.2,2
28240,Categoria C1,commodity,1802.36,1
28240,Categoria C2,commodity,879.2,2
28242,Categoria C1,commodity,3410.04,1
28242,Categoria C2,commodity,9674.34,2
28254,Categoria C1,commodity,5683.4,1
28254,Categoria C2,commodity,21273.5,2
28267,Categoria C1,commodity,2223.12,1
28267,Categoria C2,commodity,5711.66,2
28269,Categoria C1,commodity,3410.04,1
28269,Categoria C2,commodity,9065.18,2
28289,Categoria C1,commodity,3410.04,1
28289,Categoria C2,commodity,29409.24,2
28295,Categoria C1,commodity,2223.12,1
28295,Categoria C2,commodity,5246.94,2
28305,Categoria C1,commodity,1802.36,1
28305,Categoria C2,commodity,879.2,2
28318,Categoria C1,commodity,2223.12,1
28318,Categoria C2,commodity,1086.44,2
28321,Categoria C1,commodity,2223.12,1
28321,Categoria C2,commodity,8484.28,2
28331,Categoria C1,commodity,3410.04,1
28331,Categoria C2,commodity,1667.34,2
28334,Categoria C1,commodity,2223.12,1
28334,Categoria C2,commodity,6424.44,2
28336,Categoria C1,commodity,2223.12,1
28336,Categoria C2,commodity,8484.28,2
28337,Categoria C1,commodity,3410.04,1
28337,Categoria C2,commodity,6292.56,2
28342,Categoria C1,commodity,3410.04,1
28342,Categoria C2,commodity,8233.08,2
28349,Categoria C1,commodity,2223.12,1
28349,Categoria C2,commodity,6424.44,2
28353,Categoria C1,commodity,2223.12,1
28353,Categoria C2,commodity,2935.9,2
28357,Categoria C1,commodity,2223.12,1
28357,Categoria C2,commodity,5711.66,2
28361,Categoria C1,commodity,2223.12,1
28361,Categoria C2,commodity,1086.44,2
28378,Categoria C1,commodity,3410.04,1
28378,Categoria C2,commodity,34034.46,2
28398,Categoria C1,commodity,1802.36,1
28398,Categoria C2,commodity,879.2,2
28399,Categoria C1,commodity,2223.12,1
28399,Categoria C2,commodity,6634.82,2
28408,Categoria C1,commodity,2223.12,1
28408,Categoria C2,commodity,3397.48,2
28420,Categoria C1,commodity,3410.04,1
28420,Categoria C2,commodity,10914.64,2
28426,Categoria C1,commodity,3410.04,1
28426,Categoria C2,commodity,17941.96,2
2843,Categoria C1,commodity,2223.12,1
2843,Categoria C2,commodity,17731.58,2
28444,Categoria C1,commodity,2223.12,1
28444,Categoria C2,commodity,6424.44,2
2846,Categoria C1,commodity,2223.12,1
2846,Categoria C2,commodity,14032.66,2
28462,Categoria C1,commodity,2223.12,1
28462,Categoria C2,commodity,6424.44,2
28463,Categoria C1,commodity,3410.04,1
28463,Categoria C2,commodity,9674.34,2
28468,Categoria C1,commodity,1802.36,1
28468,Categoria C2,commodity,18726.96,2
28469,Categoria C1,commodity,1802.36,1
28469,Categoria C2,commodity,15674.88,2
28472,Categoria C1,commodity,2223.12,1
28472,Categoria C2,commodity,9410.58,2
28477,Categoria C1,commodity,2223.12,1
28477,Categoria C2,commodity,1086.44,2
28478,Categoria C1,commodity,4546.72,1
28478,Categoria C2,commodity,20441.4,2
28486,Categoria C1,commodity,2223.12,1
28486,Categoria C2,commodity,6424.44,2
28492,Categoria C1,commodity,2223.12,1
28492,Categoria C2,commodity,1086.44,2
28523,Categoria C1,commodity,2223.12,1
28523,Categoria C2,commodity,1086.44,2
28530,Categoria C1,commodity,4546.72,1
28530,Categoria C2,commodity,19794.56,2
28536,Categoria C1,commodity,3410.04,1
28536,Categoria C2,commodity,10914.64,2
28538,Categoria C1,commodity,4546.72,1
28538,Categoria C2,commodity,20717.72,2
28540,Categoria C1,commodity,2223.12,1
28540,Categoria C2,commodity,2012.74,2
28541,Categoria C1,commodity,2223.12,1
28541,Categoria C2,commodity,1086.44,2
28558,Categoria C1,commodity,2223.12,1
28558,Categoria C2,commodity,1086.44,2
28560,Categoria C1,commodity,1802.36,1
28560,Categoria C2,commodity,879.2,2
28570,Categoria C1,commodity,2223.12,1
28570,Categoria C2,commodity,1086.44,2
2858,Categoria C1,commodity,3410.04,1
2858,Categoria C2,commodity,17389.32,2
28588,Categoria C1,commodity,2223.12,1
28588,Categoria C2,commodity,33453.56,2
28604,Categoria C1,commodity,3410.04,1
28604,Categoria C2,commodity,12764.1,2
28605,Categoria C1,commodity,2223.12,1
28605,Categoria C2,commodity,1086.44,2
28608,Categoria C1,commodity,2223.12,1
28608,Categoria C2,commodity,10333.74,2
2861,Categoria C1,commodity,2223.12,1
2861,Categoria C2,commodity,14032.66,2
28619,Categoria C1,commodity,1802.36,1
28619,Categoria C2,commodity,879.2,2
28621,Categoria C1,commodity,3410.04,1
28621,Categoria C2,commodity,38656.54,2
28628,Categoria C1,commodity,2223.12,1
28628,Categoria C2,commodity,8022.7,2
28629,Categoria C1,commodity,2223.12,1
28629,Categoria C2,commodity,8484.28,2
28632,Categoria C1,commodity,5683.4,1
28632,Categoria C2,commodity,2778.9,2
28633,Categoria C1,commodity,2223.12,1
28633,Categoria C2,commodity,1086.44,2
28654,Categoria C1,commodity,1802.36,1
28654,Categoria C2,commodity,879.2,2
28655,Categoria C1,commodity,2223.12,1
28655,Categoria C2,commodity,5711.66,2
28660,Categoria C1,commodity,3410.04,1
28660,Categoria C2,commodity,25063.48,2
28667,Categoria C1,commodity,1802.36,1
28667,Categoria C2,commodity,879.2,2
28668,Categoria C1,commodity,3410.04,1
28668,Categoria C2,commodity,9674.34,2
28675,Categoria C1,commodity,2223.12,1
28675,Categoria C2,commodity,6424.44,2
28685,Categoria C1,commodity,2223.12,1
28685,Categoria C2,commodity,1086.44,2
28687,Categoria C1,commodity,3410.04,1
28687,Categoria C2,commodity,1667.34,2
28690,Categoria C1,commodity,2223.12,1
28690,Categoria C2,commodity,13109.5,2
28704,Categoria C1,commodity,2223.12,1
28704,Categoria C2,commodity,1086.44,2
28706,Categoria C1,commodity,2223.12,1
28706,Categoria C2,commodity,6424.44,2
28707,Categoria C1,commodity,2223.12,1
28707,Categoria C2,commodity,6634.82,2
28715,Categoria C1,commodity,1802.36,1
28715,Categoria C2,commodity,879.2,2
28725,Categoria C1,commodity,1802.36,1
28725,Categoria C2,commodity,3548.2,2
2873,Categoria C1,commodity,2223.12,1
2873,Categoria C2,commodity,22356.8,2
28742,Categoria C1,commodity,2223.12,1
28742,Categoria C2,commodity,10333.74,2
28763,Categoria C1,commodity,2223.12,1
28763,Categoria C2,commodity,6424.44,2
28766,Categoria C1,commodity,2223.12,1
28766,Categoria C2,commodity,6424.44,2
28768,Categoria C1,commodity,2223.12,1
28768,Categoria C2,commodity,4785.36,2
28772,Categoria C1,commodity,2223.12,1
28772,Categoria C2,commodity,5246.94,2
2879,Categoria C1,commodity,1802.36,1
2879,Categoria C2,commodity,3548.2,2
28790,Categoria C1,commodity,2223.12,1
28790,Categoria C2,commodity,6424.44,2
28806,Categoria C1,commodity,3410.04,1
28806,Categoria C2,commodity,9674.34,2
2882,Categoria C1,commodity,1802.36,1
2882,Categoria C2,commodity,879.2,2
28826,Categoria C1,commodity,2223.12,1
28826,Categoria C2,commodity,1086.44,2
28828,Categoria C1,commodity,2223.12,1
28828,Categoria C2,commodity,5711.66,2
28833,Categoria C1,commodity,4546.72,1
28833,Categoria C2,commodity,25342.94,2
2884,Categoria C1,commodity,2223.12,1
2884,Categoria C2,commodity,6424.44,2
28853,Categoria C1,commodity,2223.12,1
28853,Categoria C2,commodity,7561.12,2
28868,Categoria C1,commodity,2223.12,1
28868,Categoria C2,commodity,8484.28,2
2887,Categoria C1,commodity,4546.72,1
2887,Categoria C2,commodity,13319.88,2
28873,Categoria C1,commodity,4546.72,1
28873,Categoria C2,commodity,25342.94,2
28879,Categoria C1,commodity,2223.12,1
28879,Categoria C2,commodity,9410.58,2
28880,Categoria C1,commodity,2223.12,1
28880,Categoria C2,commodity,5711.66,2
28889,Categoria C1,commodity,2223.12,1
28889,Categoria C2,commodity,1086.44,2
28892,Categoria C1,commodity,3410.04,1
28892,Categoria C2,commodity,9674.34,2
28911,Categoria C1,commodity,1802.36,1
28911,Categoria C2,commodity,879.2,2
28915,Categoria C1,commodity,2223.12,1
28915,Categoria C2,commodity,10519.0,2
28940,Categoria C1,commodity,2223.12,1
28940,Categoria C2,commodity,4785.36,2
28941,Categoria C1,commodity,2223.12,1
28941,Categoria C2,commodity,6424.44,2
28947,Categoria C1,commodity,3410.04,1
28947,Categoria C2,commodity,8142.02,2
28957,Categoria C1,commodity,2223.12,1
28957,Categoria C2,commodity,6424.44,2
28962,Categoria C1,commodity,1802.36,1
28962,Categoria C2,commodity,9203.34,2
28965,Categoria C1,commodity,2223.12,1
28965,Categoria C2,commodity,9410.58,2
28967,Categoria C1,commodity,1802.36,1
28967,Categoria C2,commodity,4116.54,2
28972,Categoria C1,commodity,2223.12,1
28972,Categoria C2,commodity,6424.44,2
28977,Categoria C1,commodity,4546.72,1
28977,Categoria C2,commodity,39212.32,2
28985,Categoria C1,commodity,2223.12,1
28985,Categoria C2,commodity,6424.44,2
28987,Categoria C1,commodity,2223.12,1
28987,Categoria C2,commodity,6424.44,2
28992,Categoria C1,commodity,4546.72,1
28992,Categoria C2,commodity,9620.96,2
290,Categoria C1,commodity,3410.04,1
290,Categoria C2,commodity,1667.34,2
29006,Categoria C1,commodity,2223.12,1
29006,Categoria C2,commodity,6424.44,2
29019,Categoria C1,commodity,1802.36,1
29019,Categoria C2,commodity,879.2,2
29025,Categoria C1,commodity,3410.04,1
29025,Categoria C2,commodity,13225.68,2
29035,Categoria C1,commodity,2223.12,1
29035,Categoria C2,commodity,16899.48,2
29045,Categoria C1,commodity,2223.12,1
29045,Categoria C2,commodity,6424.44,2
29060,Categoria C1,commodity,2223.12,1
29060,Categoria C2,commodity,7096.4,2
29068,Categoria C1,commodity,3410.04,1
29068,Categoria C2,commodity,9674.34,2
29074,Categoria C1,commodity,2223.12,1
29074,Categoria C2,commodity,10333.74,2
29075,Categoria C1,commodity,1802.36,1
29075,Categoria C2,commodity,879.2,2
29076,Categoria C1,commodity,2223.12,1
29076,Categoria C2,commodity,6424.44,2
29081,Categoria C1,commodity,2223.12,1
29081,Categoria C2,commodity,3397.48,2
29107,Categoria C1,commodity,1802.36,1
29107,Categoria C2,commodity,3548.2,2
29109,Categoria C1,commodity,2223.12,1
29109,Categoria C2,commodity,9410.58,2
29110,Categoria C1,commodity,1802.36,1
29110,Categoria C2,commodity,3654.96,2
2913,Categoria C1,commodity,2223.12,1
2913,Categoria C2,commodity,6424.44,2
29131,Categoria C1,commodity,2223.12,1
29131,Categoria C2,commodity,16808.42,2
29144,Categoria C1,commodity,3410.04,1
29144,Categoria C2,commodity,9674.34,2
29148,Categoria C1,commodity,1802.36,1
29148,Categoria C2,commodity,879.2,2
29150,Categoria C1,commodity,3410.04,1
29150,Categoria C2,commodity,12764.1,2
29151,Categoria C1,commodity,1802.36,1
29151,Categoria C2,commodity,10126.5,2
29153,Categoria C1,commodity,1802.36,1
29153,Categoria C2,commodity,3548.2,2
29172,Categoria C1,commodity,2223.12,1
29172,Categoria C2,commodity,1086.44,2
29190,Categoria C1,commodity,2223.12,1
29190,Categoria C2,commodity,1086.44,2
29196,Categoria C1,commodity,1802.36,1
29196,Categoria C2,commodity,879.2,2
29199,Categoria C1,commodity,2223.12,1
29199,Categoria C2,commodity,1086.44,2
29206,Categoria C1,commodity,2223.12,1
29206,Categoria C2,commodity,8484.28,2
29207,Categoria C1,commodity,4546.72,1
29207,Categoria C2,commodity,13781.46,2
29229,Categoria C1,commodity,2223.12,1
29229,Categoria C2,commodity,19581.04,2
29230,Categoria C1,commodity,3410.04,1
29230,Categoria C2,commodity,29409.24,2
29235,Categoria C1,commodity,2223.12,1
29235,Categoria C2,commodity,6424.44,2
29258,Categoria C1,commodity,2223.12,1
29258,Categoria C2,commodity,6424.44,2
29271,Categoria C1,commodity,2223.12,1
29271,Categoria C2,commodity,17731.58,2
2928,Categoria C1,commodity,3410.04,1
2928,Categoria C2,commodity,1667.34,2
29284,Categoria C1,commodity,5683.4,1
29284,Categoria C2,commodity,16123.9,2
29302,Categoria C1,commodity,1802.36,1
29302,Categoria C2,commodity,3190.24,2
29308,Categoria C1,commodity,2223.12,1
29308,Categoria C2,commodity,6424.44,2
2931,Categoria C1,commodity,2223.12,1
2931,Categoria C2,commodity,47322.94,2
29315,Categoria C1,commodity,2223.12,1
29315,Categoria C2,commodity,8484.28,2
29317,Categoria C1,commodity,2223.12,1
29317,Categoria C2,commodity,10333.74,2
29318,Categoria C1,commodity,3410.04,1
29318,Categoria C2,commodity,22011.4,2
29344,Categoria C1,commodity,2223.12,1
29344,Categoria C2,commodity,10333.74,2
29359,Categoria C1,commodity,4546.72,1
29359,Categoria C2,commodity,20717.72,2
29367,Categoria C1,commodity,2223.12,1
29367,Categoria C2,commodity,7096.4,2
29376,Categoria C1,commodity,3410.04,1
29376,Categoria C2,commodity,9991.48,2
29395,Categoria C1,commodity,2223.12,1
29395,Categoria C2,commodity,8484.28,2
29396,Categoria C1,commodity,4546.72,1
29396,Categoria C2,commodity,20717.72,2
29400,Categoria C1,commodity,2223.12,1
29400,Categoria C2,commodity,10333.74,2
29402,Categoria C1,commodity,3410.04,1
29402,Categoria C2,commodity,9674.34,2
29404,Categoria C1,commodity,2223.12,1
29404,Categoria C2,commodity,3397.48,2
29406,Categoria C1,commodity,3410.04,1
29406,Categoria C2,commodity,9991.48,2
29416,Categoria C1,commodity,1802.36,1
29416,Categoria C2,commodity,879.2,2
29417,Categoria C1,commodity,1802.36,1
29417,Categoria C2,commodity,3548.2,2
29419,Categoria C1,commodity,3410.04,1
29419,Categoria C2,commodity,47903.84,2
29426,Categoria C1,commodity,2223.12,1
29426,Categoria C2,commodity,7096.4,2
29431,Categoria C1,commodity,2223.12,1
29431,Categoria C2,commodity,6424.44,2
29432,Categoria C1,commodity,4546.72,1
29432,Categoria C2,commodity,29965.02,2
29433,Categoria C1,commodity,3410.04,1
29433,Categoria C2,commodity,10914.64,2
29437,Categoria C1,commodity,3410.04,1
29437,Categoria C2,commodity,17850.9,2
29438,Categoria C1,commodity,2223.12,1
29438,Categoria C2,commodity,6424.44,2
29448,Categoria C1,commodity,1802.36,1
29448,Categoria C2,commodity,3190.24,2
2946,Categoria C1,commodity,2223.12,1
2946,Categoria C2,commodity,1086.44,2
29477,Categoria C1,commodity,2223.12,1
29477,Categoria C2,commodity,12183.2,2
29478,Categoria C1,commodity,2223.12,1
29478,Categoria C2,commodity,10333.74,2
29504,Categoria C1,commodity,2223.12,1
29504,Categoria C2,commodity,1086.44,2
29506,Categoria C1,commodity,2223.12,1
29506,Categoria C2,commodity,38075.64,2
29511,Categoria C1,commodity,1802.36,1
29511,Categoria C2,commodity,3654.96,2
29524,Categoria C1,commodity,2223.12,1
29524,Categoria C2,commodity,24206.26,2
29543,Categoria C1,commodity,2223.12,1
29543,Categoria C2,commodity,10333.74,2
29582,Categoria C1,commodity,2223.12,1
29582,Categoria C2,commodity,6424.44,2
2959,Categoria C1,commodity,2223.12,1
2959,Categoria C2,commodity,8484.28,2
29597,Categoria C1,commodity,4546.72,1
29597,Categoria C2,commodity,33663.94,2
29603,Categoria C1,commodity,1802.36,1
29603,Categoria C2,commodity,879.2,2
29605,Categoria C1,commodity,2223.12,1
29605,Categoria C2,commodity,1086.44,2
29611,Categoria C1,commodity,2223.12,1
29611,Categoria C2,commodity,6424.44,2
29639,Categoria C1,commodity,2223.12,1
29639,Categoria C2,commodity,6424.44,2
2965,Categoria C1,commodity,1802.36,1
2965,Categoria C2,commodity,11975.96,2
29668,Categoria C1,commodity,2223.12,1
29668,Categoria C2,commodity,3862.2,2
29669,Categoria C1,commodity,2223.12,1
29669,Categoria C2,commodity,33453.56,2
29673,Categoria C1,commodity,3410.04,1
29673,Categoria C2,commodity,29409.24,2
29674,Categoria C1,commodity,3410.04,1
29674,Categoria C2,commodity,10914.64,2
29678,Categoria C1,commodity,2223.12,1
29678,Categoria C2,commodity,3397.48,2
29679,Categoria C1,commodity,2223.12,1
29679,Categoria C2,commodity,17084.74,2
29680,Categoria C1,commodity,2223.12,1
29680,Categoria C2,commodity,1086.44,2
29685,Categoria C1,commodity,2223.12,1
29685,Categoria C2,commodity,16990.54,2
29712,Categoria C1,commodity,2223.12,1
29712,Categoria C2,commodity,12183.2,2
29716,Categoria C1,commodity,4546.72,1
29716,Categoria C2,commodity,94696.12,2
2973,Categoria C1,commodity,2223.12,1
2973,Categoria C2,commodity,6424.44,2
29731,Categoria C1,commodity,3410.04,1
29731,Categoria C2,commodity,10914.64,2
29734,Categoria C1,commodity,2223.12,1
29734,Categoria C2,commodity,6634.82,2
29736,Categoria C1,commodity,1802.36,1
29736,Categoria C2,commodity,879.2,2
29747,Categoria C1,commodity,4546.72,1
29747,Categoria C2,commodity,6848.34,2
29748,Categoria C1,commodity,2223.12,1
29748,Categoria C2,commodity,17731.58,2
29749,Categoria C1,commodity,1802.36,1
29749,Categoria C2,commodity,879.2,2
2975,Categoria C1,commodity,3410.04,1
2975,Categoria C2,commodity,24787.16,2
29768,Categoria C1,commodity,2223.12,1
29768,Categoria C2,commodity,15420.54,2
29795,Categoria C1,commodity,4546.72,1
29795,Categoria C2,commodity,20717.72,2
29805,Categoria C1,commodity,2223.12,1
29805,Categoria C2,commodity,28828.34,2
29827,Categoria C1,commodity,2223.12,1
29827,Categoria C2,commodity,10333.74,2
29833,Categoria C1,commodity,2223.12,1
29833,Categoria C2,commodity,5711.66,2
29838,Categoria C1,commodity,2223.12,1
29838,Categoria C2,commodity,6424.44,2
29839,Categoria C1,commodity,3410.04,1
29839,Categoria C2,commodity,9674.34,2
29843,Categoria C1,commodity,2223.12,1
29843,Categoria C2,commodity,6424.44,2
29853,Categoria C1,commodity,2223.12,1
29853,Categoria C2,commodity,1086.44,2
29855,Categoria C1,commodity,2223.12,1
29855,Categoria C2,commodity,14958.96,2
29856,Categoria C1,commodity,2223.12,1
29856,Categoria C2,commodity,6634.82,2
29857,Categoria C1,commodity,2223.12,1
29857,Categoria C2,commodity,6634.82,2
29870,Categoria C1,commodity,2223.12,1
29870,Categoria C2,commodity,12183.2,2
29875,Categoria C1,commodity,2223.12,1
29875,Categoria C2,commodity,7561.12,2
29878,Categoria C1,commodity,3410.04,1
29878,Categoria C2,commodity,15539.86,2
29882,Categoria C1,commodity,1802.36,1
29882,Categoria C2,commodity,879.2,2
2991,Categoria C1,commodity,1802.36,1
2991,Categoria C2,commodity,8277.04,2
29912,Categoria C1,commodity,2223.12,1
29912,Categoria C2,commodity,6424.44,2
29942,Categoria C1,commodity,2223.12,1
29942,Categoria C2,commodity,1086.44,2
29943,Categoria C1,commodity,3410.04,1
29943,Categoria C2,commodity,15539.86,2
29944,Categoria C1,commodity,2223.12,1
29944,Categoria C2,commodity,6424.44,2
2995,Categoria C1,commodity,2223.12,1
2995,Categoria C2,commodity,6424.44,2
29955,Categoria C1,commodity,1802.36,1
29955,Categoria C2,commodity,19373.8,2
29967,Categoria C1,commodity,3410.04,1
29967,Categoria C2,commodity,22011.4,2
29968,Categoria C1,commodity,3410.04,1
29968,Categoria C2,commodity,15539.86,2
29973,Categoria C1,commodity,2223.12,1
29973,Categoria C2,commodity,1086.44,2
29978,Categoria C1,commodity,1802.36,1
29978,Categoria C2,commodity,3548.2,2
29981,Categoria C1,commodity,3410.04,1
29981,Categoria C2,commodity,22011.4,2
29989,Categoria C1,commodity,1802.36,1
29989,Categoria C2,commodity,1805.5,2
3,Categoria C1,commodity,2223.12,1
3,Categoria C2,commodity,6424.44,2
30,Categoria C1,commodity,2223.12,1
30,Categoria C2,commodity,9410.58,2
300,Categoria C1,commodity,2223.12,1
300,Categoria C2,commodity,6634.82,2
30013,Categoria C1,commodity,3410.04,1
30013,Categoria C2,commodity,9674.34,2
30037,Categoria C1,commodity,1802.36,1
30037,Categoria C2,commodity,15674.88,2
30047,Categoria C1,commodity,1802.36,1
30047,Categoria C2,commodity,879.2,2
30056,Categoria C1,commodity,2223.12,1
30056,Categoria C2,commodity,9410.58,2
30059,Categoria C1,commodity,3410.04,1
30059,Categoria C2,commodity,29409.24,2
30062,Categoria C1,commodity,1802.36,1
30062,Categoria C2,commodity,879.2,2
3008,Categoria C1,commodity,2223.12,1
3008,Categoria C2,commodity,24206.26,2
30080,Categoria C1,commodity,2223.12,1
30080,Categoria C2,commodity,10333.74,2
30087,Categoria C1,commodity,2223.12,1
30087,Categoria C2,commodity,16808.42,2
30089,Categoria C1,commodity,2223.12,1
30089,Categoria C2,commodity,4785.36,2
30094,Categoria C1,commodity,3410.04,1
30094,Categoria C2,commodity,9065.18,2
30101,Categoria C1,commodity,2223.12,1
30101,Categoria C2,commodity,12183.2,2
30126,Categoria C1,commodity,2223.12,1
30126,Categoria C2,commodity,6424.44,2
30148,Categoria C1,commodity,2223.12,1
30148,Categoria C2,commodity,8484.28,2
30149,Categoria C1,commodity,2223.12,1
30149,Categoria C2,commodity,23279.96,2
30199,Categoria C1,commodity,3410.04,1
30199,Categoria C2,commodity,20161.94,2
30200,Categoria C1,commodity,3410.04,1
30200,Categoria C2,commodity,9674.34,2
30202,Categoria C1,commodity,2223.12,1
30202,Categoria C2,commodity,10333.74,2
30209,Categoria C1,commodity,3410.04,1
30209,Categoria C2,commodity,1667.34,2
30210,Categoria C1,commodity,2223.12,1
30210,Categoria C2,commodity,10333.74,2
30216,Categoria C1,commodity,1802.36,1
30216,Categoria C2,commodity,5504.42,2
30222,Categoria C1,commodity,2223.12,1
30222,Categoria C2,commodity,6634.82,2
30224,Categoria C1,commodity,2223.12,1
30224,Categoria C2,commodity,11260.04,2
30225,Categoria C1,commodity,2223.12,1
30225,Categoria C2,commodity,1086.44,2
30228,Categoria C1,commodity,2223.12,1
30228,Categoria C2,commodity,1086.44,2
30231,Categoria C1,commodity,2223.12,1
30231,Categoria C2,commodity,10333.74,2
30232,Categoria C1,commodity,2223.12,1
30232,Categoria C2,commodity,6424.44,2
30266,Categoria C1,commodity,2223.12,1
30266,Categoria C2,commodity,14958.96,2
30272,Categoria C1,commodity,2223.12,1
30272,Categoria C2,commodity,17731.58,2
30282,Categoria C1,commodity,3410.04,1
30282,Categoria C2,commodity,8142.02,2
30284,Categoria C1,commodity,2223.12,1
30284,Categoria C2,commodity,6424.44,2
30291,Categoria C1,commodity,3410.04,1
30291,Categoria C2,commodity,10914.64,2
30294,Categoria C1,commodity,2223.12,1
30294,Categoria C2,commodity,1086.44,2
30313,Categoria C1,commodity,2223.12,1
30313,Categoria C2,commodity,1086.44,2
30335,Categoria C1,commodity,3410.04,1
30335,Categoria C2,commodity,9674.34,2
30338,Categoria C1,commodity,1802.36,1
30338,Categoria C2,commodity,879.2,2
30344,Categoria C1,commodity,1802.36,1
30344,Categoria C2,commodity,879.2,2
30347,Categoria C1,commodity,3410.04,1
30347,Categoria C2,commodity,10914.64,2
30348,Categoria C1,commodity,5683.4,1
30348,Categoria C2,commodity,49015.4,2
30352,Categoria C1,commodity,2223.12,1
30352,Categoria C2,commodity,5711.66,2
30362,Categoria C1,commodity,2223.12,1
30362,Categoria C2,commodity,6424.44,2
30376,Categoria C1,commodity,3410.04,1
30376,Categoria C2,commodity,1667.34,2
30399,Categoria C1,commodity,2223.12,1
30399,Categoria C2,commodity,10333.74,2
30403,Categoria C1,commodity,1802.36,1
30403,Categoria C2,commodity,3548.2,2
30409,Categoria C1,commodity,3410.04,1
30409,Categoria C2,commodity,9674.34,2
3042,Categoria C1,commodity,2223.12,1
3042,Categoria C2,commodity,6424.44,2
30425,Categoria C1,commodity,3410.04,1
30425,Categoria C2,commodity,9674.34,2
30432,Categoria C1,commodity,1802.36,1
30432,Categoria C2,commodity,879.2,2
30434,Categoria C1,commodity,1802.36,1
30434,Categoria C2,commodity,3548.2,2
3044,Categoria C1,commodity,3410.04,1
3044,Categoria C2,commodity,9674.34,2
30442,Categoria C1,commodity,1802.36,1
30442,Categoria C2,commodity,879.2,2
30444,Categoria C1,commodity,1802.36,1
30444,Categoria C2,commodity,8277.04,2
30452,Categoria C1,commodity,2223.12,1
30452,Categoria C2,commodity,9410.58,2
30453,Categoria C1,commodity,3410.04,1
30453,Categoria C2,commodity,9674.34,2
30454,Categoria C1,commodity,3410.04,1
30454,Categoria C2,commodity,1667.34,2
30459,Categoria C1,commodity,2223.12,1
30459,Categoria C2,commodity,8484.28,2
30467,Categoria C1,commodity,1802.36,1
30467,Categoria C2,commodity,879.2,2
30469,Categoria C1,commodity,1802.36,1
30469,Categoria C2,commodity,879.2,2
30472,Categoria C1,commodity,2223.12,1
30472,Categoria C2,commodity,11260.04,2
30473,Categoria C1,commodity,3410.04,1
30473,Categoria C2,commodity,9674.34,2
3049,Categoria C1,commodity,4546.72,1
3049,Categoria C2,commodity,12899.12,2
30491,Categoria C1,commodity,2223.12,1
30491,Categoria C2,commodity,6634.82,2
30492,Categoria C1,commodity,2223.12,1
30492,Categoria C2,commodity,5711.66,2
30493,Categoria C1,commodity,0.0,1
30493,Categoria C2,commodity,0.0,2
30500,Categoria C1,commodity,3410.04,1
30500,Categoria C2,commodity,5827.84,2
30502,Categoria C1,commodity,1802.36,1
30502,Categoria C2,commodity,6427.58,2
30514,Categoria C1,commodity,1802.36,1
30514,Categoria C2,commodity,11975.96,2
30521,Categoria C1,commodity,1802.36,1
30521,Categoria C2,commodity,4578.12,2
30530,Categoria C1,commodity,2223.12,1
30530,Categoria C2,commodity,21430.5,2
30532,Categoria C1,commodity,3410.04,1
30532,Categoria C2,commodity,5366.26,2
30542,Categoria C1,commodity,1802.36,1
30542,Categoria C2,commodity,3548.2,2
30544,Categoria C1,commodity,2223.12,1
30544,Categoria C2,commodity,18657.88,2
30545,Categoria C1,commodity,3410.04,1
30545,Categoria C2,commodity,9674.34,2
30547,Categoria C1,commodity,2223.12,1
30547,Categoria C2,commodity,1086.44,2
30554,Categoria C1,commodity,2223.12,1
30554,Categoria C2,commodity,6424.44,2
3056,Categoria C1,commodity,1802.36,1
3056,Categoria C2,commodity,879.2,2
30562,Categoria C1,commodity,3410.04,1
30562,Categoria C2,commodity,9674.34,2
30573,Categoria C1,commodity,2223.12,1
30573,Categoria C2,commodity,6424.44,2
30582,Categoria C1,commodity,2223.12,1
30582,Categoria C2,commodity,6424.44,2
30585,Categoria C1,commodity,1802.36,1
30585,Categoria C2,commodity,879.2,2
30607,Categoria C1,commodity,3410.04,1
30607,Categoria C2,commodity,19238.78,2
30612,Categoria C1,commodity,2223.12,1
30612,Categoria C2,commodity,1086.44,2
30615,Categoria C1,commodity,2223.12,1
30615,Categoria C2,commodity,6424.44,2
30618,Categoria C1,commodity,4546.72,1
30618,Categoria C2,commodity,20717.72,2
30620,Categoria C1,commodity,2223.12,1
30620,Categoria C2,commodity,6424.44,2
30626,Categoria C1,commodity,3410.04,1
30626,Categoria C2,commodity,15539.86,2
30628,Categoria C1,commodity,3410.04,1
30628,Categoria C2,commodity,9674.34,2
30651,Categoria C1,commodity,2223.12,1
30651,Categoria C2,commodity,10333.74,2
30661,Categoria C1,commodity,2223.12,1
30661,Categoria C2,commodity,8484.28,2
30662,Categoria C1,commodity,1802.36,1
30662,Categoria C2,commodity,5504.42,2
30674,Categoria C1,commodity,2223.12,1
30674,Categoria C2,commodity,7561.12,2
30677,Categoria C1,commodity,1802.36,1
30677,Categoria C2,commodity,879.2,2
3068,Categoria C1,commodity,2223.12,1
3068,Categoria C2,commodity,5711.66,2
30682,Categoria C1,commodity,3410.04,1
30682,Categoria C2,commodity,10914.64,2
30695,Categoria C1,commodity,2223.12,1
30695,Categoria C2,commodity,6424.44,2
30696,Categoria C1,commodity,3410.04,1
30696,Categoria C2,commodity,17756.7,2
30702,Categoria C1,commodity,2223.12,1
30702,Categoria C2,commodity,8484.28,2
30711,Categoria C1,commodity,1802.36,1
30711,Categoria C2,commodity,3548.2,2
30714,Categoria C1,commodity,2223.12,1
30714,Categoria C2,commodity,8484.28,2
30721,Categoria C1,commodity,2223.12,1
30721,Categoria C2,commodity,10333.74,2
30731,Categoria C1,commodity,2223.12,1
30731,Categoria C2,commodity,1086.44,2
30732,Categoria C1,commodity,2223.12,1
30732,Categoria C2,commodity,8484.28,2
30737,Categoria C1,commodity,2223.12,1
30737,Categoria C2,commodity,6424.44,2
30746,Categoria C1,commodity,3410.04,1
30746,Categoria C2,commodity,8603.6,2
30751,Categoria C1,commodity,3410.04,1
30751,Categoria C2,commodity,9674.34,2
30761,Categoria C1,commodity,2223.12,1
30761,Categoria C2,commodity,10333.74,2
30763,Categoria C1,commodity,5683.4,1
30763,Categoria C2,commodity,49015.4,2
30774,Categoria C1,commodity,2223.12,1
30774,Categoria C2,commodity,8484.28,2
30790,Categoria C1,commodity,2223.12,1
30790,Categoria C2,commodity,17546.32,2
30791,Categoria C1,commodity,2223.12,1
30791,Categoria C2,commodity,1086.44,2
30801,Categoria C1,commodity,2223.12,1
30801,Categoria C2,commodity,6424.44,2
30806,Categoria C1,commodity,2223.12,1
30806,Categoria C2,commodity,8484.28,2
30832,Categoria C1,commodity,3410.04,1
30832,Categoria C2,commodity,1667.34,2
30834,Categoria C1,commodity,2223.12,1
30834,Categoria C2,commodity,6424.44,2
30852,Categoria C1,commodity,2223.12,1
30852,Categoria C2,commodity,3397.48,2
30857,Categoria C1,commodity,13640.16,1
30857,Categoria C2,commodity,62153.16,2
30864,Categoria C1,commodity,2223.12,1
30864,Categoria C2,commodity,6424.44,2
30870,Categoria C1,commodity,1802.36,1
30870,Categoria C2,commodity,104448.96,2
30873,Categoria C1,commodity,2223.12,1
30873,Categoria C2,commodity,1086.44,2
30874,Categoria C1,commodity,2223.12,1
30874,Categoria C2,commodity,1086.44,2
30883,Categoria C1,commodity,3410.04,1
30883,Categoria C2,commodity,9065.18,2
30886,Categoria C1,commodity,1802.36,1
30886,Categoria C2,commodity,3190.24,2
30894,Categoria C1,commodity,2223.12,1
30894,Categoria C2,commodity,1177.5,2
30900,Categoria C1,commodity,1802.36,1
30900,Categoria C2,commodity,74857.6,2
30906,Categoria C1,commodity,2223.12,1
30906,Categoria C2,commodity,6634.82,2
30910,Categoria C1,commodity,2223.12,1
30910,Categoria C2,commodity,1086.44,2
30934,Categoria C1,commodity,2223.12,1
30934,Categoria C2,commodity,8022.7,2
30980,Categoria C1,commodity,2223.12,1
30980,Categoria C2,commodity,6424.44,2
31008,Categoria C1,commodity,1802.36,1
31008,Categoria C2,commodity,879.2,2
31050,Categoria C1,commodity,2223.12,1
31050,Categoria C2,commodity,1086.44,2
31055,Categoria C1,commodity,3410.04,1
31055,Categoria C2,commodity,15539.86,2
31062,Categoria C1,commodity,2223.12,1
31062,Categoria C2,commodity,10333.74,2
31063,Categoria C1,commodity,2223.12,1
31063,Categoria C2,commodity,9410.58,2
31066,Categoria C1,commodity,1802.36,1
31066,Categoria C2,commodity,879.2,2
31073,Categoria C1,commodity,6820.08,1
31073,Categoria C2,commodity,58818.48,2
31081,Categoria C1,commodity,3410.04,1
31081,Categoria C2,commodity,12764.1,2
31087,Categoria C1,commodity,2223.12,1
31087,Categoria C2,commodity,6424.44,2
3110,Categoria C1,commodity,2223.12,1
3110,Categoria C2,commodity,6424.44,2
31101,Categoria C1,commodity,3410.04,1
31101,Categoria C2,commodity,34034.46,2
3111,Categoria C1,commodity,2223.12,1
3111,Categoria C2,commodity,6424.44,2
31111,Categoria C1,commodity,3410.04,1
31111,Categoria C2,commodity,18312.48,2
31115,Categoria C1,commodity,2223.12,1
31115,Categoria C2,commodity,6424.44,2
31125,Categoria C1,commodity,2223.12,1
31125,Categoria C2,commodity,3862.2,2
31131,Categoria C1,commodity,2223.12,1
31131,Categoria C2,commodity,12183.2,2
31142,Categoria C1,commodity,3410.04,1
31142,Categoria C2,commodity,43281.76,2
31149,Categoria C1,commodity,2223.12,1
31149,Categoria C2,commodity,19581.04,2
31160,Categoria C1,commodity,2223.12,1
31160,Categoria C2,commodity,6424.44,2
31180,Categoria C1,commodity,2223.12,1
31180,Categoria C2,commodity,1086.44,2
31193,Categoria C1,commodity,2223.12,1
31193,Categoria C2,commodity,8022.7,2
31198,Categoria C1,commodity,2223.12,1
31198,Categoria C2,commodity,8484.28,2
31203,Categoria C1,commodity,1802.36,1
31203,Categoria C2,commodity,879.2,2
31215,Categoria C1,commodity,1802.36,1
31215,Categoria C2,commodity,879.2,2
31220,Categoria C1,commodity,1802.36,1
31220,Categoria C2,commodity,879.2,2
31235,Categoria C1,commodity,3410.04,1
31235,Categoria C2,commodity,9674.34,2
31246,Categoria C1,commodity,2223.12,1
31246,Categoria C2,commodity,12183.2,2
31251,Categoria C1,commodity,3410.04,1
31251,Categoria C2,commodity,1667.34,2
31252,Categoria C1,commodity,6820.08,1
31252,Categoria C2,commodity,40323.88,2
31263,Categoria C1,commodity,2223.12,1
31263,Categoria C2,commodity,1086.44,2
31282,Categoria C1,commodity,4546.72,1
31282,Categoria C2,commodity,43837.54,2
3129,Categoria C1,commodity,2223.12,1
3129,Categoria C2,commodity,6424.44,2
31317,Categoria C1,commodity,2223.12,1
31317,Categoria C2,commodity,10333.74,2
31318,Categoria C1,commodity,4546.72,1
31318,Categoria C2,commodity,11470.42,2
31321,Categoria C1,commodity,1802.36,1
31321,Categoria C2,commodity,879.2,2
31323,Categoria C1,commodity,2223.12,1
31323,Categoria C2,commodity,6424.44,2
31342,Categoria C1,commodity,3410.04,1
31342,Categoria C2,commodity,14613.56,2
31343,Categoria C1,commodity,1802.36,1
31343,Categoria C2,commodity,879.2,2
31344,Categoria C1,commodity,2223.12,1
31344,Categoria C2,commodity,5711.66,2
31355,Categoria C1,commodity,2223.12,1
31355,Categoria C2,commodity,1086.44,2
31366,Categoria C1,commodity,2223.12,1
31366,Categoria C2,commodity,6424.44,2
31367,Categoria C1,commodity,2223.12,1
31367,Categoria C2,commodity,3397.48,2
31379,Categoria C1,commodity,3410.04,1
31379,Categoria C2,commodity,7215.72,2
31380,Categoria C1,commodity,2223.12,1
31380,Categoria C2,commodity,3862.2,2
31381,Categoria C1,commodity,2223.12,1
31381,Categoria C2,commodity,6634.82,2
31386,Categoria C1,commodity,4546.72,1
31386,Categoria C2,commodity,12899.12,2
3142,Categoria C1,commodity,2223.12,1
3142,Categoria C2,commodity,6424.44,2
31421,Categoria C1,commodity,2223.12,1
31421,Categoria C2,commodity,6424.44,2
31432,Categoria C1,commodity,5683.4,1
31432,Categoria C2,commodity,16123.9,2
31442,Categoria C1,commodity,1802.36,1
31442,Categoria C2,commodity,879.2,2
31458,Categoria C1,commodity,1802.36,1
31458,Categoria C2,commodity,28621.1,2
31459,Categoria C1,commodity,2223.12,1
31459,Categoria C2,commodity,10333.74,2
31460,Categoria C1,commodity,2223.12,1
31460,Categoria C2,commodity,5711.66,2
31461,Categoria C1,commodity,3410.04,1
31461,Categoria C2,commodity,9674.34,2
31478,Categoria C1,commodity,2223.12,1
31478,Categoria C2,commodity,6424.44,2
31480,Categoria C1,commodity,2223.12,1
31480,Categoria C2,commodity,1086.44,2
31482,Categoria C1,commodity,2223.12,1
31482,Categoria C2,commodity,6424.44,2
31490,Categoria C1,commodity,2223.12,1
31490,Categoria C2,commodity,6424.44,2
31496,Categoria C1,commodity,2223.12,1
31496,Categoria C2,commodity,8484.28,2
31506,Categoria C1,commodity,1802.36,1
31506,Categoria C2,commodity,14751.72,2
31509,Categoria C1,commodity,2223.12,1
31509,Categoria C2,commodity,6424.44,2
31524,Categoria C1,commodity,3410.04,1
31524,Categoria C2,commodity,6292.56,2
3153,Categoria C1,commodity,2223.12,1
3153,Categoria C2,commodity,6424.44,2
3157,Categoria C1,commodity,2223.12,1
3157,Categoria C2,commodity,1086.44,2
31570,Categoria C1,commodity,1802.36,1
31570,Categoria C2,commodity,3548.2,2
3158,Categoria C1,commodity,2223.12,1
3158,Categoria C2,commodity,38075.64,2
31591,Categoria C1,commodity,2223.12,1
31591,Categoria C2,commodity,8022.7,2
31592,Categoria C1,commodity,1802.36,1
31592,Categoria C2,commodity,23072.72,2
31598,Categoria C1,commodity,2223.12,1
31598,Categoria C2,commodity,6634.82,2
31608,Categoria C1,commodity,2223.12,1
31608,Categoria C2,commodity,16808.42,2
3161,Categoria C1,commodity,1802.36,1
3161,Categoria C2,commodity,879.2,2
31610,Categoria C1,commodity,2223.12,1
31610,Categoria C2,commodity,12183.2,2
31617,Categoria C1,commodity,1802.36,1
31617,Categoria C2,commodity,879.2,2
31618,Categoria C1,commodity,2223.12,1
31618,Categoria C2,commodity,6424.44,2
31634,Categoria C1,commodity,2223.12,1
31634,Categoria C2,commodity,6424.44,2
31639,Categoria C1,commodity,3410.04,1
31639,Categoria C2,commodity,20161.94,2
31649,Categoria C1,commodity,2223.12,1
31649,Categoria C2,commodity,6634.82,2
31664,Categoria C1,commodity,2223.12,1
31664,Categoria C2,commodity,10333.74,2
31665,Categoria C1,commodity,2223.12,1
31665,Categoria C2,commodity,17084.74,2
3168,Categoria C1,commodity,2223.12,1
3168,Categoria C2,commodity,1086.44,2
31680,Categoria C1,commodity,2223.12,1
31680,Categoria C2,commodity,14958.96,2
31681,Categoria C1,commodity,2223.12,1
31681,Categoria C2,commodity,3397.48,2
31699,Categoria C1,commodity,1802.36,1
31699,Categoria C2,commodity,13825.42,2
317,Categoria C1,commodity,3410.04,1
317,Categoria C2,commodity,1667.34,2
31701,Categoria C1,commodity,3410.04,1
31701,Categoria C2,commodity,18312.48,2
31707,Categoria C1,commodity,5683.4,1
31707,Categoria C2,commodity,12026.2,2
31720,Categoria C1,commodity,2223.12,1
31720,Categoria C2,commodity,8484.28,2
31726,Categoria C1,commodity,1802.36,1
31726,Categoria C2,commodity,879.2,2
31736,Categoria C1,commodity,2223.12,1
31736,Categoria C2,commodity,1086.44,2
31747,Categoria C1,commodity,2223.12,1
31747,Categoria C2,commodity,6424.44,2
31770,Categoria C1,commodity,4546.72,1
31770,Categoria C2,commodity,11470.42,2
3178,Categoria C1,commodity,2223.12,1
3178,Categoria C2,commodity,6424.44,2
3180,Categoria C1,commodity,2223.12,1
3180,Categoria C2,commodity,6424.44,2
31803,Categoria C1,commodity,2223.12,1
31803,Categoria C2,commodity,8484.28,2
3182,Categoria C1,commodity,2223.12,1
3182,Categoria C2,commodity,6424.44,2
31829,Categoria C1,commodity,2223.12,1
31829,Categoria C2,commodity,8484.28,2
31840,Categoria C1,commodity,2223.12,1
31840,Categoria C2,commodity,1086.44,2
31843,Categoria C1,commodity,2223.12,1
31843,Categoria C2,commodity,6634.82,2
31847,Categoria C1,commodity,2223.12,1
31847,Categoria C2,commodity,6424.44,2
31848,Categoria C1,commodity,3410.04,1
31848,Categoria C2,commodity,9674.34,2
31849,Categoria C1,commodity,3410.04,1
31849,Categoria C2,commodity,29409.24,2
31857,Categoria C1,commodity,2223.12,1
31857,Categoria C2,commodity,6634.82,2
31861,Categoria C1,commodity,2223.12,1
31861,Categoria C2,commodity,10333.74,2
31862,Categoria C1,commodity,2223.12,1
31862,Categoria C2,commodity,6424.44,2
31888,Categoria C1,commodity,2223.12,1
31888,Categoria C2,commodity,6424.44,2
31901,Categoria C1,commodity,2223.12,1
31901,Categoria C2,commodity,4785.36,2
31903,Categoria C1,commodity,2223.12,1
31903,Categoria C2,commodity,6424.44,2
31906,Categoria C1,commodity,3410.04,1
31906,Categoria C2,commodity,9065.18,2
31916,Categoria C1,commodity,3410.04,1
31916,Categoria C2,commodity,12764.1,2
31945,Categoria C1,commodity,1802.36,1
31945,Categoria C2,commodity,3190.24,2
31946,Categoria C1,commodity,3410.04,1
31946,Categoria C2,commodity,15539.86,2
31977,Categoria C1,commodity,2223.12,1
31977,Categoria C2,commodity,2935.9,2
31978,Categoria C1,commodity,3410.04,1
31978,Categoria C2,commodity,10914.64,2
32000,Categoria C1,commodity,2223.12,1
32000,Categoria C2,commodity,42700.86,2
32005,Categoria C1,commodity,2223.12,1
32005,Categoria C2,commodity,10333.74,2
32014,Categoria C1,commodity,4546.72,1
32014,Categoria C2,commodity,6848.34,2
32020,Categoria C1,commodity,3410.04,1
32020,Categoria C2,commodity,1667.34,2
32023,Categoria C1,commodity,2223.12,1
32023,Categoria C2,commodity,8484.28,2
32028,Categoria C1,commodity,3410.04,1
32028,Categoria C2,commodity,19791.42,2
32042,Categoria C1,commodity,3410.04,1
32042,Categoria C2,commodity,27098.2,2
32047,Categoria C1,commodity,1802.36,1
32047,Categoria C2,commodity,11052.8,2
32060,Categoria C1,commodity,3410.04,1
32060,Categoria C2,commodity,9674.34,2
32067,Categoria C1,commodity,3410.04,1
32067,Categoria C2,commodity,9674.34,2
32073,Categoria C1,commodity,3410.04,1
32073,Categoria C2,commodity,12302.52,2
32090,Categoria C1,commodity,2223.12,1
32090,Categoria C2,commodity,17084.74,2
3210,Categoria C1,commodity,3410.04,1
3210,Categoria C2,commodity,9674.34,2
32132,Categoria C1,commodity,2223.12,1
32132,Categoria C2,commodity,6424.44,2
32134,Categoria C1,commodity,2223.12,1
32134,Categoria C2,commodity,6424.44,2
3215,Categoria C1,commodity,1802.36,1
3215,Categoria C2,commodity,879.2,2
3217,Categoria C1,commodity,2223.12,1
3217,Categoria C2,commodity,6424.44,2
3218,Categoria C1,commodity,2223.12,1
3218,Categoria C2,commodity,1086.44,2
32190,Categoria C1,commodity,4546.72,1
32190,Categoria C2,commodity,2223.12,2
32191,Categoria C1,commodity,2223.12,1
32191,Categoria C2,commodity,10333.74,2
32192,Categoria C1,commodity,1802.36,1
32192,Categoria C2,commodity,3548.2,2
32193,Categoria C1,commodity,3410.04,1
32193,Categoria C2,commodity,29409.24,2
32206,Categoria C1,commodity,2223.12,1
32206,Categoria C2,commodity,1086.44,2
32215,Categoria C1,commodity,1802.36,1
32215,Categoria C2,commodity,879.2,2
32216,Categoria C1,commodity,3410.04,1
32216,Categoria C2,commodity,9674.34,2
32225,Categoria C1,commodity,2223.12,1
32225,Categoria C2,commodity,10333.74,2
32226,Categoria C1,commodity,3410.04,1
32226,Categoria C2,commodity,8603.6,2
32249,Categoria C1,commodity,3410.04,1
32249,Categoria C2,commodity,20161.94,2
32268,Categoria C1,commodity,2223.12,1
32268,Categoria C2,commodity,8484.28,2
32269,Categoria C1,commodity,1802.36,1
32269,Categoria C2,commodity,11975.96,2
32289,Categoria C1,commodity,6820.08,1
32289,Categoria C2,commodity,31076.58,2
32290,Categoria C1,commodity,3410.04,1
32290,Categoria C2,commodity,15539.86,2
32297,Categoria C1,commodity,2223.12,1
32297,Categoria C2,commodity,4785.36,2
32303,Categoria C1,commodity,2223.12,1
32303,Categoria C2,commodity,6634.82,2
32316,Categoria C1,commodity,2223.12,1
32316,Categoria C2,commodity,6424.44,2
32331,Categoria C1,commodity,2223.12,1
32331,Categoria C2,commodity,6424.44,2
32332,Categoria C1,commodity,1802.36,1
32332,Categoria C2,commodity,879.2,2
32345,Categoria C1,commodity,2223.12,1
32345,Categoria C2,commodity,6424.44,2
32365,Categoria C1,commodity,3410.04,1
32365,Categoria C2,commodity,9674.34,2
3239,Categoria C1,commodity,2223.12,1
3239,Categoria C2,commodity,6424.44,2
32398,Categoria C1,commodity,2223.12,1
32398,Categoria C2,commodity,6634.82,2
32405,Categoria C1,commodity,3410.04,1
32405,Categoria C2,commodity,9674.34,2
32412,Categoria C1,commodity,4546.72,1
32412,Categoria C2,commodity,12899.12,2
3242,Categoria C1,commodity,2223.12,1
3242,Categoria C2,commodity,1086.44,2
32431,Categoria C1,commodity,3410.04,1
32431,Categoria C2,commodity,9674.34,2
32457,Categoria C1,commodity,2223.12,1
32457,Categoria C2,commodity,10333.74,2
32481,Categoria C1,commodity,4546.72,1
32481,Categoria C2,commodity,12899.12,2
32501,Categoria C1,commodity,4546.72,1
32501,Categoria C2,commodity,2223.12,2
32503,Categoria C1,commodity,2223.12,1
32503,Categoria C2,commodity,17731.58,2
32520,Categoria C1,commodity,3410.04,1
32520,Categoria C2,commodity,10914.64,2
32522,Categoria C1,commodity,2223.12,1
32522,Categoria C2,commodity,6424.44,2
3253,Categoria C1,commodity,2223.12,1
3253,Categoria C2,commodity,1086.44,2
32547,Categoria C1,commodity,2223.12,1
32547,Categoria C2,commodity,6424.44,2
32548,Categoria C1,commodity,4546.72,1
32548,Categoria C2,commodity,18868.26,2
32562,Categoria C1,commodity,2223.12,1
32562,Categoria C2,commodity,1086.44,2
32565,Categoria C1,commodity,3410.04,1
32565,Categoria C2,commodity,4443.1,2
32580,Categoria C1,commodity,2223.12,1
32580,Categoria C2,commodity,6424.44,2
32582,Categoria C1,commodity,2223.12,1
32582,Categoria C2,commodity,5711.66,2
32600,Categoria C1,commodity,2223.12,1
32600,Categoria C2,commodity,6634.82,2
32615,Categoria C1,commodity,2223.12,1
32615,Categoria C2,commodity,3397.48,2
32639,Categoria C1,commodity,2223.12,1
32639,Categoria C2,commodity,12183.2,2
3264,Categoria C1,commodity,2223.12,1
3264,Categoria C2,commodity,1086.44,2
32640,Categoria C1,commodity,1802.36,1
32640,Categoria C2,commodity,3654.96,2
32651,Categoria C1,commodity,2223.12,1
32651,Categoria C2,commodity,2935.9,2
32652,Categoria C1,commodity,3410.04,1
32652,Categoria C2,commodity,6292.56,2
32668,Categoria C1,commodity,1802.36,1
32668,Categoria C2,commodity,879.2,2
32674,Categoria C1,commodity,2223.12,1
32674,Categoria C2,commodity,6424.44,2
32688,Categoria C1,commodity,3410.04,1
32688,Categoria C2,commodity,15539.86,2
32695,Categoria C1,commodity,4546.72,1
32695,Categoria C2,commodity,8697.8,2
32702,Categoria C1,commodity,2223.12,1
32702,Categoria C2,commodity,8484.28,2
32705,Categoria C1,commodity,2223.12,1
32705,Categoria C2,commodity,4785.36,2
32720,Categoria C1,commodity,3410.04,1
32720,Categoria C2,commodity,9674.34,2
32721,Categoria C1,commodity,3410.04,1
32721,Categoria C2,commodity,15539.86,2
32745,Categoria C1,commodity,2223.12,1
32745,Categoria C2,commodity,6424.44,2
32747,Categoria C1,commodity,1802.36,1
32747,Categoria C2,commodity,879.2,2
32758,Categoria C1,commodity,1802.36,1
32758,Categoria C2,commodity,47115.7,2
32759,Categoria C1,commodity,4546.72,1
32759,Categoria C2,commodity,25342.94,2
32770,Categoria C1,commodity,2223.12,1
32770,Categoria C2,commodity,6424.44,2
32787,Categoria C1,commodity,1802.36,1
32787,Categoria C2,commodity,17062.76,2
32793,Categoria C1,commodity,2223.12,1
32793,Categoria C2,commodity,6424.44,2
32817,Categoria C1,commodity,2223.12,1
32817,Categoria C2,commodity,16808.42,2
32819,Categoria C1,commodity,2223.12,1
32819,Categoria C2,commodity,10333.74,2
32820,Categoria C1,commodity,2223.12,1
32820,Categoria C2,commodity,6424.44,2
32831,Categoria C1,commodity,2223.12,1
32831,Categoria C2,commodity,6424.44,2
32845,Categoria C1,commodity,9093.44,1
32845,Categoria C2,commodity,115413.84,2
32872,Categoria C1,commodity,1802.36,1
32872,Categoria C2,commodity,3548.2,2
32883,Categoria C1,commodity,2223.12,1
32883,Categoria C2,commodity,10333.74,2
32894,Categoria C1,commodity,1802.36,1
32894,Categoria C2,commodity,19373.8,2
32897,Categoria C1,commodity,2223.12,1
32897,Categoria C2,commodity,1086.44,2
32918,Categoria C1,commodity,2223.12,1
32918,Categoria C2,commodity,10333.74,2
32928,Categoria C1,commodity,4546.72,1
32928,Categoria C2,commodity,9620.96,2
32936,Categoria C1,commodity,2223.12,1
32936,Categoria C2,commodity,8484.28,2
32951,Categoria C1,commodity,3410.04,1
32951,Categoria C2,commodity,10914.64,2
32953,Categoria C1,commodity,1802.36,1
32953,Categoria C2,commodity,2728.66,2
32955,Categoria C1,commodity,2223.12,1
32955,Categoria C2,commodity,1086.44,2
32965,Categoria C1,commodity,2223.12,1
32965,Categoria C2,commodity,16808.42,2
32966,Categoria C1,commodity,2223.12,1
32966,Categoria C2,commodity,1086.44,2
32986,Categoria C1,commodity,3410.04,1
32986,Categoria C2,commodity,15539.86,2
32995,Categoria C1,commodity,2223.12,1
32995,Categoria C2,commodity,1086.44,2
330,Categoria C1,commodity,2223.12,1
330,Categoria C2,commodity,10333.74,2
3300,Categoria C1,commodity,2223.12,1
3300,Categoria C2,commodity,14958.96,2
33006,Categoria C1,commodity,2223.12,1
33006,Categoria C2,commodity,7561.12,2
33032,Categoria C1,commodity,3410.04,1
33032,Categoria C2,commodity,1667.34,2
33039,Categoria C1,commodity,2223.12,1
33039,Categoria C2,commodity,6424.44,2
33040,Categoria C1,commodity,1802.36,1
33040,Categoria C2,commodity,3190.24,2
33064,Categoria C1,commodity,2223.12,1
33064,Categoria C2,commodity,6634.82,2
33090,Categoria C1,commodity,2223.12,1
33090,Categoria C2,commodity,8484.28,2
33096,Categoria C1,commodity,2223.12,1
33096,Categoria C2,commodity,6424.44,2
33105,Categoria C1,commodity,2223.12,1
33105,Categoria C2,commodity,1086.44,2
33115,Categoria C1,commodity,2223.12,1
33115,Categoria C2,commodity,6634.82,2
33122,Categoria C1,commodity,6820.08,1
33122,Categoria C2,commodity,49571.18,2
33132,Categoria C1,commodity,2223.12,1
33132,Categoria C2,commodity,17270.0,2
33134,Categoria C1,commodity,3410.04,1
33134,Categoria C2,commodity,9674.34,2
33156,Categoria C1,commodity,1802.36,1
33156,Categoria C2,commodity,879.2,2
33158,Categoria C1,commodity,1802.36,1
33158,Categoria C2,commodity,5504.42,2
33160,Categoria C1,commodity,2223.12,1
33160,Categoria C2,commodity,10333.74,2
33166,Categoria C1,commodity,1802.36,1
33166,Categoria C2,commodity,879.2,2
33171,Categoria C1,commodity,2223.12,1
33171,Categoria C2,commodity,6424.44,2
33172,Categoria C1,commodity,3410.04,1
33172,Categoria C2,commodity,9674.34,2
33173,Categoria C1,commodity,2223.12,1
33173,Categoria C2,commodity,6424.44,2
33180,Categoria C1,commodity,2223.12,1
33180,Categoria C2,commodity,15882.12,2
33195,Categoria C1,commodity,2223.12,1
33195,Categoria C2,commodity,7561.12,2
33196,Categoria C1,commodity,2223.12,1
33196,Categoria C2,commodity,19581.04,2
33211,Categoria C1,commodity,2223.12,1
33211,Categoria C2,commodity,6424.44,2
33218,Categoria C1,commodity,2223.12,1
33218,Categoria C2,commodity,1086.44,2
33226,Categoria C1,commodity,3410.04,1
33226,Categoria C2,commodity,20161.94,2
33237,Categoria C1,commodity,2223.12,1
33237,Categoria C2,commodity,5711.66,2
33246,Categoria C1,commodity,2223.12,1
33246,Categoria C2,commodity,8484.28,2
33260,Categoria C1,commodity,1802.36,1
33260,Categoria C2,commodity,5504.42,2
3327,Categoria C1,commodity,2223.12,1
3327,Categoria C2,commodity,1086.44,2
33270,Categoria C1,commodity,3410.04,1
33270,Categoria C2,commodity,9065.18,2
33274,Categoria C1,commodity,5683.4,1
33274,Categoria C2,commodity,13875.66,2
33275,Categoria C1,commodity,1802.36,1
33275,Categoria C2,commodity,8277.04,2
33285,Categoria C1,commodity,2223.12,1
33285,Categoria C2,commodity,5711.66,2
33295,Categoria C1,commodity,1802.36,1
33295,Categoria C2,commodity,879.2,2
33315,Categoria C1,commodity,2223.12,1
33315,Categoria C2,commodity,6424.44,2
33322,Categoria C1,commodity,2223.12,1
33322,Categoria C2,commodity,2012.74,2
33325,Categoria C1,commodity,2223.12,1
33325,Categoria C2,commodity,6424.44,2
33327,Categoria C1,commodity,2223.12,1
33327,Categoria C2,commodity,10333.74,2
33338,Categoria C1,commodity,1802.36,1
33338,Categoria C2,commodity,879.2,2
33355,Categoria C1,commodity,2223.12,1
33355,Categoria C2,commodity,6424.44,2
33366,Categoria C1,commodity,2223.12,1
33366,Categoria C2,commodity,6424.44,2
33393,Categoria C1,commodity,3410.04,1
33393,Categoria C2,commodity,9674.34,2
33395,Categoria C1,commodity,2223.12,1
33395,Categoria C2,commodity,6424.44,2
33418,Categoria C1,commodity,3410.04,1
33418,Categoria C2,commodity,9674.34,2
3343,Categoria C1,commodity,2223.12,1
3343,Categoria C2,commodity,1086.44,2
33443,Categoria C1,commodity,2223.12,1
33443,Categoria C2,commodity,6634.82,2
33445,Categoria C1,commodity,2223.12,1
33445,Categoria C2,commodity,6424.44,2
33457,Categoria C1,commodity,2223.12,1
33457,Categoria C2,commodity,6424.44,2
3346,Categoria C1,commodity,2223.12,1
3346,Categoria C2,commodity,6424.44,2
33485,Categoria C1,commodity,2223.12,1
33485,Categoria C2,commodity,1086.44,2
33490,Categoria C1,commodity,4546.72,1
33490,Categoria C2,commodity,2223.12,2
33505,Categoria C1,commodity,9093.44,1
33505,Categoria C2,commodity,32188.14,2
33520,Categoria C1,commodity,2223.12,1
33520,Categoria C2,commodity,24206.26,2
33532,Categoria C1,commodity,2223.12,1
33532,Categoria C2,commodity,3862.2,2
33547,Categoria C1,commodity,2223.12,1
33547,Categoria C2,commodity,1086.44,2
33558,Categoria C1,commodity,3410.04,1
33558,Categoria C2,commodity,12764.1,2
33565,Categoria C1,commodity,3410.04,1
33565,Categoria C2,commodity,15539.86,2
33575,Categoria C1,commodity,3410.04,1
33575,Categoria C2,commodity,1667.34,2
3358,Categoria C1,commodity,2223.12,1
3358,Categoria C2,commodity,6424.44,2
33595,Categoria C1,commodity,4546.72,1
33595,Categoria C2,commodity,39212.32,2
33623,Categoria C1,commodity,2223.12,1
33623,Categoria C2,commodity,6424.44,2
33640,Categoria C1,commodity,4546.72,1
33640,Categoria C2,commodity,12899.12,2
33651,Categoria C1,commodity,2223.12,1
33651,Categoria C2,commodity,38075.64,2
33665,Categoria C1,commodity,2223.12,1
33665,Categoria C2,commodity,10333.74,2
33676,Categoria C1,commodity,2223.12,1
33676,Categoria C2,commodity,14958.96,2
33679,Categoria C1,commodity,2223.12,1
33679,Categoria C2,commodity,9410.58,2
33680,Categoria C1,commodity,2223.12,1
33680,Categoria C2,commodity,10333.74,2
33681,Categoria C1,commodity,2223.12,1
33681,Categoria C2,commodity,8484.28,2
33706,Categoria C1,commodity,3410.04,1
33706,Categoria C2,commodity,29409.24,2
33709,Categoria C1,commodity,27280.32,1
33709,Categoria C2,commodity,87317.12,2
33731,Categoria C1,commodity,5683.4,1
33731,Categoria C2,commodity,16123.9,2
33734,Categoria C1,commodity,2223.12,1
33734,Categoria C2,commodity,8484.28,2
3374,Categoria C1,commodity,2223.12,1
3374,Categoria C2,commodity,1086.44,2
33750,Categoria C1,commodity,2223.12,1
33750,Categoria C2,commodity,1086.44,2
33767,Categoria C1,commodity,3410.04,1
33767,Categoria C2,commodity,7215.72,2
33768,Categoria C1,commodity,2223.12,1
33768,Categoria C2,commodity,6424.44,2
33786,Categoria C1,commodity,2223.12,1
33786,Categoria C2,commodity,6424.44,2
33814,Categoria C1,commodity,3410.04,1
33814,Categoria C2,commodity,15539.86,2
33816,Categoria C1,commodity,1802.36,1
33816,Categoria C2,commodity,10126.5,2
33822,Categoria C1,commodity,2223.12,1
33822,Categoria C2,commodity,6634.82,2
33825,Categoria C1,commodity,3410.04,1
33825,Categoria C2,commodity,7215.72,2
3383,Categoria C1,commodity,2223.12,1
3383,Categoria C2,commodity,13109.5,2
33841,Categoria C1,commodity,2223.12,1
33841,Categoria C2,commodity,5711.66,2
33847,Categoria C1,commodity,2223.12,1
33847,Categoria C2,commodity,10333.74,2
3386,Categoria C1,commodity,2223.12,1
3386,Categoria C2,commodity,8945.86,2
33861,Categoria C1,commodity,2223.12,1
33861,Categoria C2,commodity,10333.74,2
33885,Categoria C1,commodity,2223.12,1
33885,Categoria C2,commodity,6424.44,2
33889,Categoria C1,commodity,1802.36,1
33889,Categoria C2,commodity,879.2,2
33903,Categoria C1,commodity,1802.36,1
33903,Categoria C2,commodity,3548.2,2
33915,Categoria C1,commodity,2223.12,1
33915,Categoria C2,commodity,6424.44,2
33916,Categoria C1,commodity,4546.72,1
33916,Categoria C2,commodity,13319.88,2
33929,Categoria C1,commodity,2223.12,1
33929,Categoria C2,commodity,10333.74,2
33931,Categoria C1,commodity,3410.04,1
33931,Categoria C2,commodity,12764.1,2
33942,Categoria C1,commodity,2223.12,1
33942,Categoria C2,commodity,6424.44,2
33953,Categoria C1,commodity,5683.4,1
33953,Categoria C2,commodity,21273.5,2
33954,Categoria C1,commodity,3410.04,1
33954,Categoria C2,commodity,1667.34,2
33962,Categoria C1,commodity,3410.04,1
33962,Categoria C2,commodity,43281.76,2
33980,Categoria C1,commodity,2223.12,1
33980,Categoria C2,commodity,11260.04,2
33981,Categoria C1,commodity,2223.12,1
33981,Categoria C2,commodity,6634.82,2
33987,Categoria C1,commodity,2223.12,1
33987,Categoria C2,commodity,1086.44,2
33991,Categoria C1,commodity,1802.36,1
33991,Categoria C2,commodity,3548.2,2
33993,Categoria C1,commodity,4546.72,1
33993,Categoria C2,commodity,7771.5,2
33994,Categoria C1,commodity,2223.12,1
33994,Categoria C2,commodity,1086.44,2
34012,Categoria C1,commodity,2223.12,1
34012,Categoria C2,commodity,6424.44,2
34023,Categoria C1,commodity,2223.12,1
34023,Categoria C2,commodity,8484.28,2
34041,Categoria C1,commodity,2223.12,1
34041,Categoria C2,commodity,8484.28,2
34044,Categoria C1,commodity,3410.04,1
34044,Categoria C2,commodity,9674.34,2
34045,Categoria C1,commodity,3410.04,1
34045,Categoria C2,commodity,5366.26,2
34055,Categoria C1,commodity,2223.12,1
34055,Categoria C2,commodity,14958.96,2
34061,Categoria C1,commodity,2223.12,1
34061,Categoria C2,commodity,6424.44,2
34084,Categoria C1,commodity,2223.12,1
34084,Categoria C2,commodity,3397.48,2
34090,Categoria C1,commodity,2223.12,1
34090,Categoria C2,commodity,7096.4,2
34123,Categoria C1,commodity,2223.12,1
34123,Categoria C2,commodity,5711.66,2
34124,Categoria C1,commodity,6820.08,1
34124,Categoria C2,commodity,40323.88,2
34126,Categoria C1,commodity,2223.12,1
34126,Categoria C2,commodity,9410.58,2
34128,Categoria C1,commodity,3410.04,1
34128,Categoria C2,commodity,15539.86,2
34129,Categoria C1,commodity,3410.04,1
34129,Categoria C2,commodity,10914.64,2
34141,Categoria C1,commodity,2223.12,1
34141,Categoria C2,commodity,6634.82,2
34142,Categoria C1,commodity,1802.36,1
34142,Categoria C2,commodity,3548.2,2
34162,Categoria C1,commodity,2223.12,1
34162,Categoria C2,commodity,14958.96,2
34172,Categoria C1,commodity,1802.36,1
34172,Categoria C2,commodity,3548.2,2
34176,Categoria C1,commodity,3410.04,1
34176,Categoria C2,commodity,29409.24,2
3418,Categoria C1,commodity,1802.36,1
3418,Categoria C2,commodity,3654.96,2
34181,Categoria C1,commodity,2223.12,1
34181,Categoria C2,commodity,6424.44,2
34185,Categoria C1,commodity,3410.04,1
34185,Categoria C2,commodity,1667.34,2
34190,Categoria C1,commodity,2223.12,1
34190,Categoria C2,commodity,3397.48,2
34193,Categoria C1,commodity,3410.04,1
34193,Categoria C2,commodity,12764.1,2
34194,Categoria C1,commodity,1802.36,1
34194,Categoria C2,commodity,5504.42,2
34211,Categoria C1,commodity,2223.12,1
34211,Categoria C2,commodity,6424.44,2
34212,Categoria C1,commodity,2223.12,1
34212,Categoria C2,commodity,6424.44,2
34222,Categoria C1,commodity,2223.12,1
34222,Categoria C2,commodity,8022.7,2
34223,Categoria C1,commodity,2223.12,1
34223,Categoria C2,commodity,1086.44,2
34232,Categoria C1,commodity,2223.12,1
34232,Categoria C2,commodity,10333.74,2
34240,Categoria C1,commodity,2223.12,1
34240,Categoria C2,commodity,2935.9,2
34244,Categoria C1,commodity,1802.36,1
34244,Categoria C2,commodity,3548.2,2
34292,Categoria C1,commodity,1802.36,1
34292,Categoria C2,commodity,16601.18,2
34301,Categoria C1,commodity,2223.12,1
34301,Categoria C2,commodity,3862.2,2
34302,Categoria C1,commodity,1802.36,1
34302,Categoria C2,commodity,879.2,2
34307,Categoria C1,commodity,2223.12,1
34307,Categoria C2,commodity,6424.44,2
34311,Categoria C1,commodity,3410.04,1
34311,Categoria C2,commodity,3978.38,2
34320,Categoria C1,commodity,3410.04,1
34320,Categoria C2,commodity,9674.34,2
34327,Categoria C1,commodity,2223.12,1
34327,Categoria C2,commodity,6634.82,2
34334,Categoria C1,commodity,2223.12,1
34334,Categoria C2,commodity,6424.44,2
34335,Categoria C1,commodity,2223.12,1
34335,Categoria C2,commodity,17175.8,2
34349,Categoria C1,commodity,3410.04,1
34349,Categoria C2,commodity,29409.24,2
34350,Categoria C1,commodity,2223.12,1
34350,Categoria C2,commodity,8022.7,2
34363,Categoria C1,commodity,5683.4,1
34363,Categoria C2,commodity,25898.72,2
34365,Categoria C1,commodity,5683.4,1
34365,Categoria C2,commodity,58262.7,2
34370,Categoria C1,commodity,2223.12,1
34370,Categoria C2,commodity,1086.44,2
34375,Categoria C1,commodity,1802.36,1
34375,Categoria C2,commodity,14751.72,2
34390,Categoria C1,commodity,2223.12,1
34390,Categoria C2,commodity,1086.44,2
34391,Categoria C1,commodity,2223.12,1
34391,Categoria C2,commodity,6424.44,2
34402,Categoria C1,commodity,2223.12,1
34402,Categoria C2,commodity,6424.44,2
34416,Categoria C1,commodity,2223.12,1
34416,Categoria C2,commodity,6424.44,2
34418,Categoria C1,commodity,4546.72,1
34418,Categoria C2,commodity,76201.52,2
34420,Categoria C1,commodity,2223.12,1
34420,Categoria C2,commodity,18193.16,2
34421,Categoria C1,commodity,2223.12,1
34421,Categoria C2,commodity,1086.44,2
34440,Categoria C1,commodity,1802.36,1
34440,Categoria C2,commodity,11052.8,2
34441,Categoria C1,commodity,2223.12,1
34441,Categoria C2,commodity,14958.96,2
34449,Categoria C1,commodity,1802.36,1
34449,Categoria C2,commodity,879.2,2
34451,Categoria C1,commodity,2223.12,1
34451,Categoria C2,commodity,10333.74,2
3447,Categoria C1,commodity,1802.36,1
3447,Categoria C2,commodity,3548.2,2
34471,Categoria C1,commodity,3410.04,1
34471,Categoria C2,commodity,9674.34,2
34472,Categoria C1,commodity,4546.72,1
34472,Categoria C2,commodity,20717.72,2
34482,Categoria C1,commodity,2223.12,1
34482,Categoria C2,commodity,1086.44,2
34501,Categoria C1,commodity,2223.12,1
34501,Categoria C2,commodity,6634.82,2
34514,Categoria C1,commodity,2223.12,1
34514,Categoria C2,commodity,10333.74,2
34515,Categoria C1,commodity,2223.12,1
34515,Categoria C2,commodity,17731.58,2
34519,Categoria C1,commodity,2223.12,1
34519,Categoria C2,commodity,11260.04,2
34537,Categoria C1,commodity,3410.04,1
34537,Categoria C2,commodity,15539.86,2
34543,Categoria C1,commodity,2223.12,1
34543,Categoria C2,commodity,6424.44,2
34556,Categoria C1,commodity,3410.04,1
34556,Categoria C2,commodity,15539.86,2
34559,Categoria C1,commodity,2223.12,1
34559,Categoria C2,commodity,7096.4,2
34586,Categoria C1,commodity,2223.12,1
34586,Categoria C2,commodity,6424.44,2
34594,Categoria C1,commodity,2223.12,1
34594,Categoria C2,commodity,10333.74,2
346,Categoria C1,commodity,2223.12,1
346,Categoria C2,commodity,9410.58,2
34605,Categoria C1,commodity,1802.36,1
34605,Categoria C2,commodity,3548.2,2
34608,Categoria C1,commodity,3410.04,1
34608,Categoria C2,commodity,12764.1,2
34618,Categoria C1,commodity,2223.12,1
34618,Categoria C2,commodity,3862.2,2
34625,Categoria C1,commodity,1802.36,1
34625,Categoria C2,commodity,879.2,2
34627,Categoria C1,commodity,3410.04,1
34627,Categoria C2,commodity,47903.84,2
34631,Categoria C1,commodity,3410.04,1
34631,Categoria C2,commodity,29409.24,2
34634,Categoria C1,commodity,2223.12,1
34634,Categoria C2,commodity,6424.44,2
34636,Categoria C1,commodity,2223.12,1
34636,Categoria C2,commodity,8484.28,2
34637,Categoria C1,commodity,2223.12,1
34637,Categoria C2,commodity,6424.44,2
34639,Categoria C1,commodity,2223.12,1
34639,Categoria C2,commodity,42700.86,2
34641,Categoria C1,commodity,2223.12,1
34641,Categoria C2,commodity,7561.12,2
34671,Categoria C1,commodity,3410.04,1
34671,Categoria C2,commodity,9674.34,2
34676,Categoria C1,commodity,2223.12,1
34676,Categoria C2,commodity,6424.44,2
34679,Categoria C1,commodity,2223.12,1
34679,Categoria C2,commodity,15882.12,2
34682,Categoria C1,commodity,2223.12,1
34682,Categoria C2,commodity,19581.04,2
34686,Categoria C1,commodity,2223.12,1
34686,Categoria C2,commodity,19672.1,2
34687,Categoria C1,commodity,2223.12,1
34687,Categoria C2,commodity,6424.44,2
34695,Categoria C1,commodity,3410.04,1
34695,Categoria C2,commodity,9526.76,2
34704,Categoria C1,commodity,3410.04,1
34704,Categoria C2,commodity,9674.34,2
34705,Categoria C1,commodity,4546.72,1
34705,Categoria C2,commodity,15169.34,2
34708,Categoria C1,commodity,2223.12,1
34708,Categoria C2,commodity,2935.9,2
34726,Categoria C1,commodity,3410.04,1
34726,Categoria C2,commodity,6292.56,2
34729,Categoria C1,commodity,2223.12,1
34729,Categoria C2,commodity,1086.44,2
34732,Categoria C1,commodity,3410.04,1
34732,Categoria C2,commodity,29409.24,2
34758,Categoria C1,commodity,5683.4,1
34758,Categoria C2,commodity,16651.42,2
34761,Categoria C1,commodity,2223.12,1
34761,Categoria C2,commodity,6634.82,2
34765,Categoria C1,commodity,2223.12,1
34765,Categoria C2,commodity,6634.82,2
34773,Categoria C1,commodity,1802.36,1
34773,Categoria C2,commodity,3548.2,2
34777,Categoria C1,commodity,4546.72,1
34777,Categoria C2,commodity,16095.64,2
3478,Categoria C1,commodity,2223.12,1
3478,Categoria C2,commodity,33453.56,2
34793,Categoria C1,commodity,1802.36,1
34793,Categoria C2,commodity,879.2,2
34808,Categoria C1,commodity,3410.04,1
34808,Categoria C2,commodity,18221.42,2
34810,Categoria C1,commodity,2223.12,1
34810,Categoria C2,commodity,6424.44,2
34811,Categoria C1,commodity,2223.12,1
34811,Categoria C2,commodity,8022.7,2
34814,Categoria C1,commodity,2223.12,1
34814,Categoria C2,commodity,6424.44,2
34817,Categoria C1,commodity,3410.04,1
34817,Categoria C2,commodity,10914.64,2
34823,Categoria C1,commodity,2223.12,1
34823,Categoria C2,commodity,3862.2,2
34833,Categoria C1,commodity,2223.12,1
34833,Categoria C2,commodity,24206.26,2
34853,Categoria C1,commodity,2223.12,1
34853,Categoria C2,commodity,5711.66,2
34855,Categoria C1,commodity,1802.36,1
34855,Categoria C2,commodity,879.2,2
34856,Categoria C1,commodity,2223.12,1
34856,Categoria C2,commodity,8022.7,2
34859,Categoria C1,commodity,3410.04,1
34859,Categoria C2,commodity,34034.46,2
34871,Categoria C1,commodity,1802.36,1
34871,Categoria C2,commodity,879.2,2
34878,Categoria C1,commodity,1802.36,1
34878,Categoria C2,commodity,879.2,2
34881,Categoria C1,commodity,2223.12,1
34881,Categoria C2,commodity,8484.28,2
34885,Categoria C1,commodity,2223.12,1
34885,Categoria C2,commodity,10333.74,2
34890,Categoria C1,commodity,2223.12,1
34890,Categoria C2,commodity,10333.74,2
34895,Categoria C1,commodity,1802.36,1
34895,Categoria C2,commodity,879.2,2
349,Categoria C1,commodity,2223.12,1
349,Categoria C2,commodity,6424.44,2
34904,Categoria C1,commodity,1802.36,1
34904,Categoria C2,commodity,879.2,2
34907,Categoria C1,commodity,2223.12,1
34907,Categoria C2,commodity,6424.44,2
34933,Categoria C1,commodity,3410.04,1
34933,Categoria C2,commodity,9674.34,2
34934,Categoria C1,commodity,1802.36,1
34934,Categoria C2,commodity,8277.04,2
34937,Categoria C1,commodity,1802.36,1
34937,Categoria C2,commodity,16601.18,2
34945,Categoria C1,commodity,2223.12,1
34945,Categoria C2,commodity,6424.44,2
34946,Categoria C1,commodity,3410.04,1
34946,Categoria C2,commodity,9674.34,2
34961,Categoria C1,commodity,2223.12,1
34961,Categoria C2,commodity,2935.9,2
34962,Categoria C1,commodity,2223.12,1
34962,Categoria C2,commodity,19581.04,2
34969,Categoria C1,commodity,2223.12,1
34969,Categoria C2,commodity,3397.48,2
34983,Categoria C1,commodity,2223.12,1
34983,Categoria C2,commodity,6424.44,2
34987,Categoria C1,commodity,1802.36,1
34987,Categoria C2,commodity,5504.42,2
34989,Categoria C1,commodity,6820.08,1
34989,Categoria C2,commodity,3334.68,2
34990,Categoria C1,commodity,1802.36,1
34990,Categoria C2,commodity,879.2,2
34992,Categoria C1,commodity,3410.04,1
34992,Categoria C2,commodity,1667.34,2
35020,Categoria C1,commodity,2223.12,1
35020,Categoria C2,commodity,1086.44,2
3503,Categoria C1,commodity,2223.12,1
3503,Categoria C2,commodity,56570.24,2
35038,Categoria C1,commodity,2223.12,1
35038,Categoria C2,commodity,1086.44,2
35039,Categoria C1,commodity,2223.12,1
35039,Categoria C2,commodity,6424.44,2
35043,Categoria C1,commodity,2223.12,1
35043,Categoria C2,commodity,6424.44,2
35049,Categoria C1,commodity,3410.04,1
35049,Categoria C2,commodity,7215.72,2
3505,Categoria C1,commodity,2223.12,1
3505,Categoria C2,commodity,6424.44,2
35052,Categoria C1,commodity,2223.12,1
35052,Categoria C2,commodity,1086.44,2
35061,Categoria C1,commodity,2223.12,1
35061,Categoria C2,commodity,6424.44,2
35077,Categoria C1,commodity,2223.12,1
35077,Categoria C2,commodity,1086.44,2
35080,Categoria C1,commodity,1802.36,1
35080,Categoria C2,commodity,879.2,2
35091,Categoria C1,commodity,2223.12,1
35091,Categoria C2,commodity,8022.7,2
35093,Categoria C1,commodity,2223.12,1
35093,Categoria C2,commodity,5711.66,2
351,Categoria C1,commodity,5683.4,1
351,Categoria C2,commodity,12026.2,2
35104,Categoria C1,commodity,3410.04,1
35104,Categoria C2,commodity,9674.34,2
35105,Categoria C1,commodity,2223.12,1
35105,Categoria C2,commodity,6424.44,2
35106,Categoria C1,commodity,2223.12,1
35106,Categoria C2,commodity,6634.82,2
35117,Categoria C1,commodity,3410.04,1
35117,Categoria C2,commodity,9674.34,2
35118,Categoria C1,commodity,3410.04,1
35118,Categoria C2,commodity,11840.94,2
35121,Categoria C1,commodity,1802.36,1
35121,Categoria C2,commodity,879.2,2
35122,Categoria C1,commodity,3410.04,1
35122,Categoria C2,commodity,15539.86,2
35135,Categoria C1,commodity,3410.04,1
35135,Categoria C2,commodity,29409.24,2
35139,Categoria C1,commodity,3410.04,1
35139,Categoria C2,commodity,9065.18,2
35141,Categoria C1,commodity,2223.12,1
35141,Categoria C2,commodity,7561.12,2
35159,Categoria C1,commodity,1802.36,1
35159,Categoria C2,commodity,3548.2,2
3516,Categoria C1,commodity,2223.12,1
3516,Categoria C2,commodity,6424.44,2
35162,Categoria C1,commodity,1802.36,1
35162,Categoria C2,commodity,879.2,2
35187,Categoria C1,commodity,2223.12,1
35187,Categoria C2,commodity,6424.44,2
35189,Categoria C1,commodity,2223.12,1
35189,Categoria C2,commodity,6424.44,2
35193,Categoria C1,commodity,3410.04,1
35193,Categoria C2,commodity,57151.14,2
35195,Categoria C1,commodity,1802.36,1
35195,Categoria C2,commodity,879.2,2
35202,Categoria C1,commodity,2223.12,1
35202,Categoria C2,commodity,8022.7,2
35208,Categoria C1,commodity,2223.12,1
35208,Categoria C2,commodity,6424.44,2
35210,Categoria C1,commodity,1802.36,1
35210,Categoria C2,commodity,879.2,2
35211,Categoria C1,commodity,1802.36,1
35211,Categoria C2,commodity,879.2,2
35217,Categoria C1,commodity,4546.72,1
35217,Categoria C2,commodity,12899.12,2
35220,Categoria C1,commodity,2223.12,1
35220,Categoria C2,commodity,14958.96,2
35226,Categoria C1,commodity,3410.04,1
35226,Categoria C2,commodity,29409.24,2
35230,Categoria C1,commodity,2223.12,1
35230,Categoria C2,commodity,1086.44,2
35238,Categoria C1,commodity,2223.12,1
35238,Categoria C2,commodity,10333.74,2
35239,Categoria C1,commodity,1802.36,1
35239,Categoria C2,commodity,10126.5,2
35255,Categoria C1,commodity,2223.12,1
35255,Categoria C2,commodity,6424.44,2
35263,Categoria C1,commodity,2223.12,1
35263,Categoria C2,commodity,4785.36,2
35264,Categoria C1,commodity,3410.04,1
35264,Categoria C2,commodity,9065.18,2
35266,Categoria C1,commodity,2223.12,1
35266,Categoria C2,commodity,6424.44,2
35267,Categoria C1,commodity,3410.04,1
35267,Categoria C2,commodity,11840.94,2
35275,Categoria C1,commodity,4546.72,1
35275,Categoria C2,commodity,57706.92,2
35294,Categoria C1,commodity,2223.12,1
35294,Categoria C2,commodity,6424.44,2
35333,Categoria C1,commodity,4546.72,1
35333,Categoria C2,commodity,29965.02,2
3534,Categoria C1,commodity,2223.12,1
3534,Categoria C2,commodity,1086.44,2
35347,Categoria C1,commodity,2223.12,1
35347,Categoria C2,commodity,10333.74,2
35359,Categoria C1,commodity,1802.36,1
35359,Categoria C2,commodity,3548.2,2
35373,Categoria C1,commodity,2223.12,1
35373,Categoria C2,commodity,6424.44,2
35390,Categoria C1,commodity,1802.36,1
35390,Categoria C2,commodity,3548.2,2
35395,Categoria C1,commodity,1802.36,1
35395,Categoria C2,commodity,3548.2,2
35398,Categoria C1,commodity,3410.04,1
35398,Categoria C2,commodity,10914.64,2
35407,Categoria C1,commodity,2223.12,1
35407,Categoria C2,commodity,1086.44,2
35408,Categoria C1,commodity,1802.36,1
35408,Categoria C2,commodity,3548.2,2
35410,Categoria C1,commodity,2223.12,1
35410,Categoria C2,commodity,10333.74,2
35416,Categoria C1,commodity,3410.04,1
35416,Categoria C2,commodity,1667.34,2
35425,Categoria C1,commodity,10230.12,1
35425,Categoria C2,commodity,51238.52,2
35426,Categoria C1,commodity,2223.12,1
35426,Categoria C2,commodity,12183.2,2
35432,Categoria C1,commodity,2223.12,1
35432,Categoria C2,commodity,10333.74,2
35434,Categoria C1,commodity,3410.04,1
35434,Categoria C2,commodity,9674.34,2
35435,Categoria C1,commodity,4546.72,1
35435,Categoria C2,commodity,39212.32,2
3545,Categoria C1,commodity,2223.12,1
3545,Categoria C2,commodity,6424.44,2
35451,Categoria C1,commodity,2223.12,1
35451,Categoria C2,commodity,10333.74,2
35472,Categoria C1,commodity,2223.12,1
35472,Categoria C2,commodity,6424.44,2
35481,Categoria C1,commodity,1802.36,1
35481,Categoria C2,commodity,879.2,2
35492,Categoria C1,commodity,2223.12,1
35492,Categoria C2,commodity,1086.44,2
35505,Categoria C1,commodity,2223.12,1
35505,Categoria C2,commodity,5711.66,2
35506,Categoria C1,commodity,2223.12,1
35506,Categoria C2,commodity,6424.44,2
35511,Categoria C1,commodity,2223.12,1
35511,Categoria C2,commodity,6424.44,2
35514,Categoria C1,commodity,2223.12,1
35514,Categoria C2,commodity,1086.44,2
35536,Categoria C1,commodity,2223.12,1
35536,Categoria C2,commodity,5711.66,2
35544,Categoria C1,commodity,3410.04,1
35544,Categoria C2,commodity,9674.34,2
35557,Categoria C1,commodity,3410.04,1
35557,Categoria C2,commodity,11840.94,2
35558,Categoria C1,commodity,3410.04,1
35558,Categoria C2,commodity,1667.34,2
35566,Categoria C1,commodity,2223.12,1
35566,Categoria C2,commodity,6424.44,2
35568,Categoria C1,commodity,4546.72,1
35568,Categoria C2,commodity,11470.42,2
35570,Categoria C1,commodity,2223.12,1
35570,Categoria C2,commodity,8022.7,2
35571,Categoria C1,commodity,2223.12,1
35571,Categoria C2,commodity,1086.44,2
35572,Categoria C1,commodity,3410.04,1
35572,Categoria C2,commodity,24787.16,2
35573,Categoria C1,commodity,6820.08,1
35573,Categoria C2,commodity,40323.88,2
35590,Categoria C1,commodity,3410.04,1
35590,Categoria C2,commodity,10914.64,2
35596,Categoria C1,commodity,2223.12,1
35596,Categoria C2,commodity,6424.44,2
356,Categoria C1,commodity,2223.12,1
356,Categoria C2,commodity,6424.44,2
3560,Categoria C1,commodity,2223.12,1
3560,Categoria C2,commodity,1086.44,2
35614,Categoria C1,commodity,2223.12,1
35614,Categoria C2,commodity,10333.74,2
35615,Categoria C1,commodity,2223.12,1
35615,Categoria C2,commodity,1086.44,2
35618,Categoria C1,commodity,2223.12,1
35618,Categoria C2,commodity,56570.24,2
35647,Categoria C1,commodity,2223.12,1
35647,Categoria C2,commodity,8022.7,2
35666,Categoria C1,commodity,4546.72,1
35666,Categoria C2,commodity,29965.02,2
35674,Categoria C1,commodity,3410.04,1
35674,Categoria C2,commodity,57151.14,2
35675,Categoria C1,commodity,1802.36,1
35675,Categoria C2,commodity,879.2,2
35676,Categoria C1,commodity,1802.36,1
35676,Categoria C2,commodity,879.2,2
35686,Categoria C1,commodity,2223.12,1
35686,Categoria C2,commodity,10333.74,2
35693,Categoria C1,commodity,3410.04,1
35693,Categoria C2,commodity,1667.34,2
35705,Categoria C1,commodity,2223.12,1
35705,Categoria C2,commodity,8484.28,2
35708,Categoria C1,commodity,2223.12,1
35708,Categoria C2,commodity,12183.2,2
35710,Categoria C1,commodity,2223.12,1
35710,Categoria C2,commodity,12183.2,2
35711,Categoria C1,commodity,2223.12,1
35711,Categoria C2,commodity,1086.44,2
35714,Categoria C1,commodity,3410.04,1
35714,Categoria C2,commodity,22937.7,2
35720,Categoria C1,commodity,2223.12,1
35720,Categoria C2,commodity,8484.28,2
35742,Categoria C1,commodity,4546.72,1
35742,Categoria C2,commodity,12899.12,2
35747,Categoria C1,commodity,3410.04,1
35747,Categoria C2,commodity,1667.34,2
35748,Categoria C1,commodity,6820.08,1
35748,Categoria C2,commodity,23678.74,2
35766,Categoria C1,commodity,2223.12,1
35766,Categoria C2,commodity,6424.44,2
35774,Categoria C1,commodity,2223.12,1
35774,Categoria C2,commodity,6424.44,2
35791,Categoria C1,commodity,2223.12,1
35791,Categoria C2,commodity,19581.04,2
35813,Categoria C1,commodity,2223.12,1
35813,Categoria C2,commodity,5711.66,2
35822,Categoria C1,commodity,2223.12,1
35822,Categoria C2,commodity,8022.7,2
3583,Categoria C1,commodity,1802.36,1
3583,Categoria C2,commodity,879.2,2
35837,Categoria C1,commodity,5683.4,1
35837,Categoria C2,commodity,12026.2,2
35840,Categoria C1,commodity,2223.12,1
35840,Categoria C2,commodity,6424.44,2
35847,Categoria C1,commodity,4546.72,1
35847,Categoria C2,commodity,18868.26,2
35851,Categoria C1,commodity,2223.12,1
35851,Categoria C2,commodity,6424.44,2
35853,Categoria C1,commodity,3410.04,1
35853,Categoria C2,commodity,29409.24,2
35861,Categoria C1,commodity,2223.12,1
35861,Categoria C2,commodity,7096.4,2
35868,Categoria C1,commodity,2223.12,1
35868,Categoria C2,commodity,28828.34,2
35886,Categoria C1,commodity,3410.04,1
35886,Categoria C2,commodity,38656.54,2
35895,Categoria C1,commodity,2223.12,1
35895,Categoria C2,commodity,6424.44,2
35896,Categoria C1,commodity,2223.12,1
35896,Categoria C2,commodity,6424.44,2
35904,Categoria C1,commodity,3410.04,1
35904,Categoria C2,commodity,6292.56,2
35905,Categoria C1,commodity,3410.04,1
35905,Categoria C2,commodity,9674.34,2
35906,Categoria C1,commodity,3410.04,1
35906,Categoria C2,commodity,9674.34,2
35907,Categoria C1,commodity,4546.72,1
35907,Categoria C2,commodity,57706.92,2
35923,Categoria C1,commodity,2223.12,1
35923,Categoria C2,commodity,1086.44,2
35926,Categoria C1,commodity,2223.12,1
35926,Categoria C2,commodity,8484.28,2
35931,Categoria C1,commodity,2223.12,1
35931,Categoria C2,commodity,6634.82,2
35934,Categoria C1,commodity,4546.72,1
35934,Categoria C2,commodity,25342.94,2
35948,Categoria C1,commodity,1802.36,1
35948,Categoria C2,commodity,879.2,2
35959,Categoria C1,commodity,3410.04,1
35959,Categoria C2,commodity,9674.34,2
35962,Categoria C1,commodity,3410.04,1
35962,Categoria C2,commodity,19238.78,2
35972,Categoria C1,commodity,4546.72,1
35972,Categoria C2,commodity,18868.26,2
35977,Categoria C1,commodity,2223.12,1
35977,Categoria C2,commodity,4785.36,2
35978,Categoria C1,commodity,1802.36,1
35978,Categoria C2,commodity,3548.2,2
35983,Categoria C1,commodity,1802.36,1
35983,Categoria C2,commodity,74857.6,2
36014,Categoria C1,commodity,2223.12,1
36014,Categoria C2,commodity,9872.16,2
36017,Categoria C1,commodity,1802.36,1
36017,Categoria C2,commodity,3548.2,2
36027,Categoria C1,commodity,3410.04,1
36027,Categoria C2,commodity,9674.34,2
36029,Categoria C1,commodity,1802.36,1
36029,Categoria C2,commodity,10126.5,2
36037,Categoria C1,commodity,2223.12,1
36037,Categoria C2,commodity,6424.44,2
36043,Categoria C1,commodity,4546.72,1
36043,Categoria C2,commodity,11470.42,2
3607,Categoria C1,commodity,2223.12,1
3607,Categoria C2,commodity,6424.44,2
36076,Categoria C1,commodity,2223.12,1
36076,Categoria C2,commodity,12183.2,2
36095,Categoria C1,commodity,5683.4,1
36095,Categoria C2,commodity,30520.8,2
36109,Categoria C1,commodity,1802.36,1
36109,Categoria C2,commodity,5504.42,2
36119,Categoria C1,commodity,2223.12,1
36119,Categoria C2,commodity,6424.44,2
36153,Categoria C1,commodity,3410.04,1
36153,Categoria C2,commodity,7215.72,2
36156,Categoria C1,commodity,2223.12,1
36156,Categoria C2,commodity,6634.82,2
36163,Categoria C1,commodity,1802.36,1
36163,Categoria C2,commodity,879.2,2
36196,Categoria C1,commodity,2223.12,1
36196,Categoria C2,commodity,6424.44,2
36208,Categoria C1,commodity,2223.12,1
36208,Categoria C2,commodity,6424.44,2
36215,Categoria C1,commodity,4546.72,1
36215,Categoria C2,commodity,9159.38,2
36249,Categoria C1,commodity,3410.04,1
36249,Categoria C2,commodity,15539.86,2
36250,Categoria C1,commodity,3410.04,1
36250,Categoria C2,commodity,9674.34,2
36253,Categoria C1,commodity,2223.12,1
36253,Categoria C2,commodity,6424.44,2
36263,Categoria C1,commodity,2223.12,1
36263,Categoria C2,commodity,6424.44,2
36264,Categoria C1,commodity,3410.04,1
36264,Categoria C2,commodity,15539.86,2
36279,Categoria C1,commodity,1802.36,1
36279,Categoria C2,commodity,879.2,2
36291,Categoria C1,commodity,2223.12,1
36291,Categoria C2,commodity,10333.74,2
36295,Categoria C1,commodity,3410.04,1
36295,Categoria C2,commodity,18312.48,2
36329,Categoria C1,commodity,2223.12,1
36329,Categoria C2,commodity,12644.78,2
36348,Categoria C1,commodity,2223.12,1
36348,Categoria C2,commodity,6634.82,2
36349,Categoria C1,commodity,2223.12,1
36349,Categoria C2,commodity,6424.44,2
3637,Categoria C1,commodity,2223.12,1
3637,Categoria C2,commodity,13109.5,2
36374,Categoria C1,commodity,4546.72,1
36374,Categoria C2,commodity,39212.32,2
36382,Categoria C1,commodity,2223.12,1
36382,Categoria C2,commodity,6424.44,2
36390,Categoria C1,commodity,2223.12,1
36390,Categoria C2,commodity,8484.28,2
36391,Categoria C1,commodity,1802.36,1
36391,Categoria C2,commodity,879.2,2
36419,Categoria C1,commodity,2223.12,1
36419,Categoria C2,commodity,7561.12,2
36422,Categoria C1,commodity,2223.12,1
36422,Categoria C2,commodity,1086.44,2
36431,Categoria C1,commodity,1802.36,1
36431,Categoria C2,commodity,879.2,2
36448,Categoria C1,commodity,4546.72,1
36448,Categoria C2,commodity,20717.72,2
36463,Categoria C1,commodity,2223.12,1
36463,Categoria C2,commodity,6424.44,2
36464,Categoria C1,commodity,11366.8,1
36464,Categoria C2,commodity,61041.6,2
36472,Categoria C1,commodity,3410.04,1
36472,Categoria C2,commodity,10914.64,2
36474,Categoria C1,commodity,7956.76,1
36474,Categoria C2,commodity,45504.88,2
36477,Categoria C1,commodity,2223.12,1
36477,Categoria C2,commodity,6424.44,2
36486,Categoria C1,commodity,3410.04,1
36486,Categoria C2,commodity,17850.9,2
36492,Categoria C1,commodity,3410.04,1
36492,Categoria C2,commodity,108012.86,2
36494,Categoria C1,commodity,3410.04,1
36494,Categoria C2,commodity,20161.94,2
36500,Categoria C1,commodity,3410.04,1
36500,Categoria C2,commodity,20161.94,2
36502,Categoria C1,commodity,3410.04,1
36502,Categoria C2,commodity,9674.34,2
36503,Categoria C1,commodity,2223.12,1
36503,Categoria C2,commodity,9410.58,2
36506,Categoria C1,commodity,3410.04,1
36506,Categoria C2,commodity,24787.16,2
36511,Categoria C1,commodity,3410.04,1
36511,Categoria C2,commodity,9674.34,2
36521,Categoria C1,commodity,2223.12,1
36521,Categoria C2,commodity,12183.2,2
36541,Categoria C1,commodity,3410.04,1
36541,Categoria C2,commodity,10914.64,2
36544,Categoria C1,commodity,3410.04,1
36544,Categoria C2,commodity,15539.86,2
36565,Categoria C1,commodity,3410.04,1
36565,Categoria C2,commodity,9674.34,2
36569,Categoria C1,commodity,3410.04,1
36569,Categoria C2,commodity,5366.26,2
36581,Categoria C1,commodity,2223.12,1
36581,Categoria C2,commodity,10333.74,2
36583,Categoria C1,commodity,3410.04,1
36583,Categoria C2,commodity,23860.86,2
36587,Categoria C1,commodity,3410.04,1
36587,Categoria C2,commodity,29409.24,2
36590,Categoria C1,commodity,2223.12,1
36590,Categoria C2,commodity,10333.74,2
36597,Categoria C1,commodity,3410.04,1
36597,Categoria C2,commodity,29409.24,2
36601,Categoria C1,commodity,2223.12,1
36601,Categoria C2,commodity,6424.44,2
36608,Categoria C1,commodity,2223.12,1
36608,Categoria C2,commodity,19581.04,2
36609,Categoria C1,commodity,3410.04,1
36609,Categoria C2,commodity,12764.1,2
36612,Categoria C1,commodity,2223.12,1
36612,Categoria C2,commodity,2935.9,2
36628,Categoria C1,commodity,2223.12,1
36628,Categoria C2,commodity,10333.74,2
36632,Categoria C1,commodity,1802.36,1
36632,Categoria C2,commodity,879.2,2
36633,Categoria C1,commodity,2223.12,1
36633,Categoria C2,commodity,19581.04,2
36639,Categoria C1,commodity,4546.72,1
36639,Categoria C2,commodity,34590.24,2
36642,Categoria C1,commodity,1802.36,1
36642,Categoria C2,commodity,879.2,2
36643,Categoria C1,commodity,2223.12,1
36643,Categoria C2,commodity,6424.44,2
36645,Categoria C1,commodity,2223.12,1
36645,Categoria C2,commodity,12183.2,2
36651,Categoria C1,commodity,2223.12,1
36651,Categoria C2,commodity,6424.44,2
36653,Categoria C1,commodity,2223.12,1
36653,Categoria C2,commodity,6634.82,2
36684,Categoria C1,commodity,1802.36,1
36684,Categoria C2,commodity,879.2,2
367,Categoria C1,commodity,3410.04,1
367,Categoria C2,commodity,20161.94,2
36706,Categoria C1,commodity,1802.36,1
36706,Categoria C2,commodity,3548.2,2
36710,Categoria C1,commodity,3410.04,1
36710,Categoria C2,commodity,61776.36,2
36713,Categoria C1,commodity,3410.04,1
36713,Categoria C2,commodity,9674.34,2
36718,Categoria C1,commodity,3410.04,1
36718,Categoria C2,commodity,24787.16,2
36731,Categoria C1,commodity,2223.12,1
36731,Categoria C2,commodity,1086.44,2
36733,Categoria C1,commodity,1802.36,1
36733,Categoria C2,commodity,3548.2,2
36745,Categoria C1,commodity,3410.04,1
36745,Categoria C2,commodity,15539.86,2
36746,Categoria C1,commodity,4546.72,1
36746,Categoria C2,commodity,15169.34,2
36750,Categoria C1,commodity,4546.72,1
36750,Categoria C2,commodity,39212.32,2
36752,Categoria C1,commodity,2223.12,1
36752,Categoria C2,commodity,18748.94,2
36756,Categoria C1,commodity,5683.4,1
36756,Categoria C2,commodity,16123.9,2
36766,Categoria C1,commodity,1802.36,1
36766,Categoria C2,commodity,14751.72,2
36784,Categoria C1,commodity,2223.12,1
36784,Categoria C2,commodity,6424.44,2
36789,Categoria C1,commodity,3410.04,1
36789,Categoria C2,commodity,15539.86,2
36790,Categoria C1,commodity,2223.12,1
36790,Categoria C2,commodity,17822.64,2
36795,Categoria C1,commodity,4546.72,1
36795,Categoria C2,commodity,8697.8,2
36801,Categoria C1,commodity,2223.12,1
36801,Categoria C2,commodity,12644.78,2
36802,Categoria C1,commodity,1802.36,1
36802,Categoria C2,commodity,879.2,2
36810,Categoria C1,commodity,2223.12,1
36810,Categoria C2,commodity,6424.44,2
3682,Categoria C1,commodity,1802.36,1
3682,Categoria C2,commodity,6427.58,2
36827,Categoria C1,commodity,2223.12,1
36827,Categoria C2,commodity,8022.7,2
3683,Categoria C1,commodity,3410.04,1
3683,Categoria C2,commodity,7215.72,2
36835,Categoria C1,commodity,1802.36,1
36835,Categoria C2,commodity,3548.2,2
36838,Categoria C1,commodity,1802.36,1
36838,Categoria C2,commodity,5504.42,2
36845,Categoria C1,commodity,2223.12,1
36845,Categoria C2,commodity,6424.44,2
36847,Categoria C1,commodity,3410.04,1
36847,Categoria C2,commodity,29409.24,2
36849,Categoria C1,commodity,3410.04,1
36849,Categoria C2,commodity,3516.8,2
3685,Categoria C1,commodity,2223.12,1
3685,Categoria C2,commodity,12183.2,2
36860,Categoria C1,commodity,3410.04,1
36860,Categoria C2,commodity,66398.44,2
36863,Categoria C1,commodity,2223.12,1
36863,Categoria C2,commodity,6424.44,2
36864,Categoria C1,commodity,3410.04,1
36864,Categoria C2,commodity,9674.34,2
36869,Categoria C1,commodity,1802.36,1
36869,Categoria C2,commodity,8277.04,2
3688,Categoria C1,commodity,2223.12,1
3688,Categoria C2,commodity,14958.96,2
36882,Categoria C1,commodity,2223.12,1
36882,Categoria C2,commodity,10333.74,2
36893,Categoria C1,commodity,3410.04,1
36893,Categoria C2,commodity,15539.86,2
369,Categoria C1,commodity,2223.12,1
369,Categoria C2,commodity,1086.44,2
36908,Categoria C1,commodity,6820.08,1
36908,Categoria C2,commodity,31076.58,2
36914,Categoria C1,commodity,2223.12,1
36914,Categoria C2,commodity,1086.44,2
36940,Categoria C1,commodity,1802.36,1
36940,Categoria C2,commodity,11052.8,2
36943,Categoria C1,commodity,3410.04,1
36943,Categoria C2,commodity,20161.94,2
36946,Categoria C1,commodity,4546.72,1
36946,Categoria C2,commodity,9159.38,2
36953,Categoria C1,commodity,2223.12,1
36953,Categoria C2,commodity,1086.44,2
36954,Categoria C1,commodity,3410.04,1
36954,Categoria C2,commodity,9674.34,2
36960,Categoria C1,commodity,1802.36,1
36960,Categoria C2,commodity,3548.2,2
36961,Categoria C1,commodity,4546.72,1
36961,Categoria C2,commodity,20717.72,2
36962,Categoria C1,commodity,1802.36,1
36962,Categoria C2,commodity,3548.2,2
36963,Categoria C1,commodity,2223.12,1
36963,Categoria C2,commodity,10333.74,2
36967,Categoria C1,commodity,3410.04,1
36967,Categoria C2,commodity,12764.1,2
36972,Categoria C1,commodity,6820.08,1
36972,Categoria C2,commodity,21829.28,2
36976,Categoria C1,commodity,2223.12,1
36976,Categoria C2,commodity,5711.66,2
3698,Categoria C1,commodity,2223.12,1
3698,Categoria C2,commodity,8484.28,2
36980,Categoria C1,commodity,2223.12,1
36980,Categoria C2,commodity,6424.44,2
36981,Categoria C1,commodity,4546.72,1
36981,Categoria C2,commodity,12899.12,2
36993,Categoria C1,commodity,3410.04,1
36993,Categoria C2,commodity,17941.96,2
37000,Categoria C1,commodity,2223.12,1
37000,Categoria C2,commodity,6424.44,2
37005,Categoria C1,commodity,3410.04,1
37005,Categoria C2,commodity,8603.6,2
3701,Categoria C1,commodity,2223.12,1
3701,Categoria C2,commodity,12183.2,2
3703,Categoria C1,commodity,2223.12,1
3703,Categoria C2,commodity,1086.44,2
37042,Categoria C1,commodity,3410.04,1
37042,Categoria C2,commodity,9674.34,2
37059,Categoria C1,commodity,2223.12,1
37059,Categoria C2,commodity,7561.12,2
37065,Categoria C1,commodity,2223.12,1
37065,Categoria C2,commodity,17270.0,2
37067,Categoria C1,commodity,3410.04,1
37067,Categoria C2,commodity,61776.36,2
37068,Categoria C1,commodity,3410.04,1
37068,Categoria C2,commodity,13225.68,2
37072,Categoria C1,commodity,3410.04,1
37072,Categoria C2,commodity,9674.34,2
37076,Categoria C1,commodity,1802.36,1
37076,Categoria C2,commodity,3190.24,2
3709,Categoria C1,commodity,3410.04,1
3709,Categoria C2,commodity,10914.64,2
37092,Categoria C1,commodity,2223.12,1
37092,Categoria C2,commodity,12183.2,2
37097,Categoria C1,commodity,3410.04,1
37097,Categoria C2,commodity,10914.64,2
3710,Categoria C1,commodity,2223.12,1
3710,Categoria C2,commodity,10333.74,2
37104,Categoria C1,commodity,4546.72,1
37104,Categoria C2,commodity,20717.72,2
37107,Categoria C1,commodity,2223.12,1
37107,Categoria C2,commodity,1086.44,2
37108,Categoria C1,commodity,3410.04,1
37108,Categoria C2,commodity,12764.1,2
37111,Categoria C1,commodity,4546.72,1
37111,Categoria C2,commodity,11470.42,2
37120,Categoria C1,commodity,2223.12,1
37120,Categoria C2,commodity,6424.44,2
37126,Categoria C1,commodity,2223.12,1
37126,Categoria C2,commodity,1086.44,2
37130,Categoria C1,commodity,2223.12,1
37130,Categoria C2,commodity,6424.44,2
37141,Categoria C1,commodity,10230.12,1
37141,Categoria C2,commodity,60485.82,2
37148,Categoria C1,commodity,4546.72,1
37148,Categoria C2,commodity,20717.72,2
37158,Categoria C1,commodity,3410.04,1
37158,Categoria C2,commodity,9065.18,2
37163,Categoria C1,commodity,2223.12,1
37163,Categoria C2,commodity,5711.66,2
37182,Categoria C1,commodity,3410.04,1
37182,Categoria C2,commodity,10914.64,2
37189,Categoria C1,commodity,2223.12,1
37189,Categoria C2,commodity,6634.82,2
37197,Categoria C1,commodity,2223.12,1
37197,Categoria C2,commodity,10333.74,2
37198,Categoria C1,commodity,2223.12,1
37198,Categoria C2,commodity,18007.9,2
37206,Categoria C1,commodity,2223.12,1
37206,Categoria C2,commodity,8484.28,2
37210,Categoria C1,commodity,1802.36,1
37210,Categoria C2,commodity,3548.2,2
37218,Categoria C1,commodity,3410.04,1
37218,Categoria C2,commodity,20161.94,2
3722,Categoria C1,commodity,3410.04,1
3722,Categoria C2,commodity,6292.56,2
3723,Categoria C1,commodity,2223.12,1
3723,Categoria C2,commodity,15882.12,2
37232,Categoria C1,commodity,2223.12,1
37232,Categoria C2,commodity,15882.12,2
37244,Categoria C1,commodity,3410.04,1
37244,Categoria C2,commodity,9065.18,2
37245,Categoria C1,commodity,1802.36,1
37245,Categoria C2,commodity,879.2,2
37252,Categoria C1,commodity,3410.04,1
37252,Categoria C2,commodity,14613.56,2
37271,Categoria C1,commodity,3410.04,1
37271,Categoria C2,commodity,9991.48,2
3728,Categoria C1,commodity,2223.12,1
3728,Categoria C2,commodity,38075.64,2
37297,Categoria C1,commodity,3410.04,1
37297,Categoria C2,commodity,9674.34,2
37298,Categoria C1,commodity,2223.12,1
37298,Categoria C2,commodity,8484.28,2
37302,Categoria C1,commodity,2223.12,1
37302,Categoria C2,commodity,8484.28,2
37305,Categoria C1,commodity,3410.04,1
37305,Categoria C2,commodity,24787.16,2
37307,Categoria C1,commodity,2223.12,1
37307,Categoria C2,commodity,6424.44,2
37311,Categoria C1,commodity,2223.12,1
37311,Categoria C2,commodity,1086.44,2
37325,Categoria C1,commodity,4546.72,1
37325,Categoria C2,commodity,11470.42,2
37331,Categoria C1,commodity,3410.04,1
37331,Categoria C2,commodity,9674.34,2
37335,Categoria C1,commodity,3410.04,1
37335,Categoria C2,commodity,10914.64,2
37339,Categoria C1,commodity,2223.12,1
37339,Categoria C2,commodity,17455.26,2
37340,Categoria C1,commodity,2223.12,1
37340,Categoria C2,commodity,1086.44,2
37351,Categoria C1,commodity,2223.12,1
37351,Categoria C2,commodity,2935.9,2
37364,Categoria C1,commodity,3410.04,1
37364,Categoria C2,commodity,9674.34,2
37395,Categoria C1,commodity,4546.72,1
37395,Categoria C2,commodity,12899.12,2
37396,Categoria C1,commodity,2223.12,1
37396,Categoria C2,commodity,10333.74,2
37400,Categoria C1,commodity,2223.12,1
37400,Categoria C2,commodity,6424.44,2
37401,Categoria C1,commodity,2223.12,1
37401,Categoria C2,commodity,13109.5,2
37405,Categoria C1,commodity,2223.12,1
37405,Categoria C2,commodity,14958.96,2
37409,Categoria C1,commodity,3410.04,1
37409,Categoria C2,commodity,1667.34,2
37412,Categoria C1,commodity,3410.04,1
37412,Categoria C2,commodity,20161.94,2
37414,Categoria C1,commodity,1802.36,1
37414,Categoria C2,commodity,879.2,2
37427,Categoria C1,commodity,2223.12,1
37427,Categoria C2,commodity,8484.28,2
37428,Categoria C1,commodity,2223.12,1
37428,Categoria C2,commodity,6634.82,2
3745,Categoria C1,commodity,2223.12,1
3745,Categoria C2,commodity,10333.74,2
37451,Categoria C1,commodity,2223.12,1
37451,Categoria C2,commodity,6424.44,2
37453,Categoria C1,commodity,2223.12,1
37453,Categoria C2,commodity,1086.44,2
37463,Categoria C1,commodity,3410.04,1
37463,Categoria C2,commodity,9674.34,2
37464,Categoria C1,commodity,2223.12,1
37464,Categoria C2,commodity,15882.12,2
37467,Categoria C1,commodity,2223.12,1
37467,Categoria C2,commodity,6424.44,2
37468,Categoria C1,commodity,6820.08,1
37468,Categoria C2,commodity,40323.88,2
37477,Categoria C1,commodity,2223.12,1
37477,Categoria C2,commodity,6424.44,2
3749,Categoria C1,commodity,1802.36,1
3749,Categoria C2,commodity,5504.42,2
3750,Categoria C1,commodity,1802.36,1
3750,Categoria C2,commodity,5504.42,2
37516,Categoria C1,commodity,3410.04,1
37516,Categoria C2,commodity,9674.34,2
37520,Categoria C1,commodity,3410.04,1
37520,Categoria C2,commodity,9674.34,2
37521,Categoria C1,commodity,3410.04,1
37521,Categoria C2,commodity,24787.16,2
37533,Categoria C1,commodity,2223.12,1
37533,Categoria C2,commodity,6424.44,2
37534,Categoria C1,commodity,2223.12,1
37534,Categoria C2,commodity,6424.44,2
37535,Categoria C1,commodity,2223.12,1
37535,Categoria C2,commodity,6424.44,2
37539,Categoria C1,commodity,2223.12,1
37539,Categoria C2,commodity,26978.88,2
3754,Categoria C1,commodity,2223.12,1
3754,Categoria C2,commodity,6634.82,2
37549,Categoria C1,commodity,0.0,1
37549,Categoria C2,commodity,0.0,2
37551,Categoria C1,commodity,4546.72,1
37551,Categoria C2,commodity,25342.94,2
37553,Categoria C1,commodity,1802.36,1
37553,Categoria C2,commodity,7353.88,2
3756,Categoria C1,commodity,2223.12,1
3756,Categoria C2,commodity,6634.82,2
37571,Categoria C1,commodity,1802.36,1
37571,Categoria C2,commodity,3548.2,2
37581,Categoria C1,commodity,1802.36,1
37581,Categoria C2,commodity,47115.7,2
37586,Categoria C1,commodity,2223.12,1
37586,Categoria C2,commodity,6424.44,2
37590,Categoria C1,commodity,3410.04,1
37590,Categoria C2,commodity,18312.48,2
37594,Categoria C1,commodity,3410.04,1
37594,Categoria C2,commodity,29409.24,2
37595,Categoria C1,commodity,3410.04,1
37595,Categoria C2,commodity,17850.9,2
37598,Categoria C1,commodity,2223.12,1
37598,Categoria C2,commodity,17361.06,2
376,Categoria C1,commodity,3410.04,1
376,Categoria C2,commodity,15539.86,2
3760,Categoria C1,commodity,2223.12,1
3760,Categoria C2,commodity,6634.82,2
37601,Categoria C1,commodity,4546.72,1
37601,Categoria C2,commodity,13319.88,2
37612,Categoria C1,commodity,1802.36,1
37612,Categoria C2,commodity,3548.2,2
37617,Categoria C1,commodity,2223.12,1
37617,Categoria C2,commodity,6424.44,2
37620,Categoria C1,commodity,1802.36,1
37620,Categoria C2,commodity,3548.2,2
37627,Categoria C1,commodity,2223.12,1
37627,Categoria C2,commodity,1086.44,2
37632,Categoria C1,commodity,2223.12,1
37632,Categoria C2,commodity,6424.44,2
37634,Categoria C1,commodity,2223.12,1
37634,Categoria C2,commodity,9410.58,2
37636,Categoria C1,commodity,9093.44,1
37636,Categoria C2,commodity,4446.24,2
37642,Categoria C1,commodity,2223.12,1
37642,Categoria C2,commodity,1086.44,2
37644,Categoria C1,commodity,2223.12,1
37644,Categoria C2,commodity,19581.04,2
37652,Categoria C1,commodity,2223.12,1
37652,Categoria C2,commodity,24206.26,2
37653,Categoria C1,commodity,2223.12,1
37653,Categoria C2,commodity,24206.26,2
37654,Categoria C1,commodity,2223.12,1
37654,Categoria C2,commodity,6424.44,2
37655,Categoria C1,commodity,2223.12,1
37655,Categoria C2,commodity,24206.26,2
37656,Categoria C1,commodity,2223.12,1
37656,Categoria C2,commodity,6424.44,2
37703,Categoria C1,commodity,2223.12,1
37703,Categoria C2,commodity,6634.82,2
37715,Categoria C1,commodity,3410.04,1
37715,Categoria C2,commodity,8142.02,2
37725,Categoria C1,commodity,1802.36,1
37725,Categoria C2,commodity,2728.66,2
37729,Categoria C1,commodity,2223.12,1
37729,Categoria C2,commodity,7561.12,2
37738,Categoria C1,commodity,2223.12,1
37738,Categoria C2,commodity,6424.44,2
37747,Categoria C1,commodity,2223.12,1
37747,Categoria C2,commodity,6424.44,2
37753,Categoria C1,commodity,3410.04,1
37753,Categoria C2,commodity,29409.24,2
37754,Categoria C1,commodity,3410.04,1
37754,Categoria C2,commodity,9674.34,2
37755,Categoria C1,commodity,2223.12,1
37755,Categoria C2,commodity,6424.44,2
37756,Categoria C1,commodity,2223.12,1
37756,Categoria C2,commodity,8484.28,2
3776,Categoria C1,commodity,1802.36,1
3776,Categoria C2,commodity,3654.96,2
37760,Categoria C1,commodity,2223.12,1
37760,Categoria C2,commodity,10333.74,2
37766,Categoria C1,commodity,2223.12,1
37766,Categoria C2,commodity,6424.44,2
37784,Categoria C1,commodity,2223.12,1
37784,Categoria C2,commodity,6424.44,2
37796,Categoria C1,commodity,1802.36,1
37796,Categoria C2,commodity,3548.2,2
37799,Categoria C1,commodity,2223.12,1
37799,Categoria C2,commodity,6424.44,2
37803,Categoria C1,commodity,4546.72,1
37803,Categoria C2,commodity,2223.12,2
37830,Categoria C1,commodity,2223.12,1
37830,Categoria C2,commodity,8484.28,2
37834,Categoria C1,commodity,2223.12,1
37834,Categoria C2,commodity,11260.04,2
3784,Categoria C1,commodity,2223.12,1
3784,Categoria C2,commodity,6634.82,2
37847,Categoria C1,commodity,2223.12,1
37847,Categoria C2,commodity,6424.44,2
37849,Categoria C1,commodity,2223.12,1
37849,Categoria C2,commodity,19581.04,2
37851,Categoria C1,commodity,3410.04,1
37851,Categoria C2,commodity,1667.34,2
37859,Categoria C1,commodity,3410.04,1
37859,Categoria C2,commodity,9674.34,2
37861,Categoria C1,commodity,3410.04,1
37861,Categoria C2,commodity,29409.24,2
37876,Categoria C1,commodity,4546.72,1
37876,Categoria C2,commodity,16095.64,2
37877,Categoria C1,commodity,1802.36,1
37877,Categoria C2,commodity,879.2,2
37888,Categoria C1,commodity,2223.12,1
37888,Categoria C2,commodity,6424.44,2
37892,Categoria C1,commodity,1802.36,1
37892,Categoria C2,commodity,3548.2,2
37934,Categoria C1,commodity,4546.72,1
37934,Categoria C2,commodity,12899.12,2
37938,Categoria C1,commodity,2223.12,1
37938,Categoria C2,commodity,1086.44,2
37942,Categoria C1,commodity,2223.12,1
37942,Categoria C2,commodity,14032.66,2
37943,Categoria C1,commodity,2223.12,1
37943,Categoria C2,commodity,8022.7,2
37949,Categoria C1,commodity,2223.12,1
37949,Categoria C2,commodity,8022.7,2
37958,Categoria C1,commodity,2223.12,1
37958,Categoria C2,commodity,6424.44,2
37961,Categoria C1,commodity,3410.04,1
37961,Categoria C2,commodity,9674.34,2
37967,Categoria C1,commodity,1802.36,1
37967,Categoria C2,commodity,10126.5,2
37969,Categoria C1,commodity,2223.12,1
37969,Categoria C2,commodity,6424.44,2
37972,Categoria C1,commodity,3410.04,1
37972,Categoria C2,commodity,10914.64,2
37974,Categoria C1,commodity,2223.12,1
37974,Categoria C2,commodity,1086.44,2
37980,Categoria C1,commodity,2223.12,1
37980,Categoria C2,commodity,6424.44,2
37982,Categoria C1,commodity,2223.12,1
37982,Categoria C2,commodity,6424.44,2
37985,Categoria C1,commodity,2223.12,1
37985,Categoria C2,commodity,4785.36,2
3799,Categoria C1,commodity,3410.04,1
3799,Categoria C2,commodity,8142.02,2
37992,Categoria C1,commodity,2223.12,1
37992,Categoria C2,commodity,3862.2,2
37994,Categoria C1,commodity,2223.12,1
37994,Categoria C2,commodity,6424.44,2
37996,Categoria C1,commodity,2223.12,1
37996,Categoria C2,commodity,6424.44,2
37997,Categoria C1,commodity,1802.36,1
37997,Categoria C2,commodity,3548.2,2
38003,Categoria C1,commodity,4546.72,1
38003,Categoria C2,commodity,2223.12,2
38010,Categoria C1,commodity,2223.12,1
38010,Categoria C2,commodity,6424.44,2
38021,Categoria C1,commodity,2223.12,1
38021,Categoria C2,commodity,4785.36,2
38027,Categoria C1,commodity,4546.72,1
38027,Categoria C2,commodity,12899.12,2
38042,Categoria C1,commodity,2223.12,1
38042,Categoria C2,commodity,1086.44,2
38043,Categoria C1,commodity,2223.12,1
38043,Categoria C2,commodity,6424.44,2
38052,Categoria C1,commodity,1802.36,1
38052,Categoria C2,commodity,879.2,2
38060,Categoria C1,commodity,2223.12,1
38060,Categoria C2,commodity,8022.7,2
38064,Categoria C1,commodity,1802.36,1
38064,Categoria C2,commodity,6427.58,2
3814,Categoria C1,commodity,2223.12,1
3814,Categoria C2,commodity,10333.74,2
382,Categoria C1,commodity,2223.12,1
382,Categoria C2,commodity,1086.44,2
383,Categoria C1,commodity,3410.04,1
383,Categoria C2,commodity,20161.94,2
3837,Categoria C1,commodity,2223.12,1
3837,Categoria C2,commodity,14958.96,2
38482,Categoria C1,commodity,1802.36,1
38482,Categoria C2,commodity,9203.34,2
38492,Categoria C1,commodity,3410.04,1
38492,Categoria C2,commodity,7215.72,2
38496,Categoria C1,commodity,2223.12,1
38496,Categoria C2,commodity,1086.44,2
38499,Categoria C1,commodity,2223.12,1
38499,Categoria C2,commodity,24206.26,2
38500,Categoria C1,commodity,2223.12,1
38500,Categoria C2,commodity,24206.26,2
38501,Categoria C1,commodity,2223.12,1
38501,Categoria C2,commodity,6424.44,2
38502,Categoria C1,commodity,3410.04,1
38502,Categoria C2,commodity,9674.34,2
38510,Categoria C1,commodity,2223.12,1
38510,Categoria C2,commodity,1086.44,2
38532,Categoria C1,commodity,2223.12,1
38532,Categoria C2,commodity,6424.44,2
38534,Categoria C1,commodity,3410.04,1
38534,Categoria C2,commodity,1667.34,2
38542,Categoria C1,commodity,2223.12,1
38542,Categoria C2,commodity,1086.44,2
38575,Categoria C1,commodity,2223.12,1
38575,Categoria C2,commodity,6424.44,2
38576,Categoria C1,commodity,2223.12,1
38576,Categoria C2,commodity,2935.9,2
38577,Categoria C1,commodity,2223.12,1
38577,Categoria C2,commodity,24206.26,2
38578,Categoria C1,commodity,1802.36,1
38578,Categoria C2,commodity,879.2,2
38579,Categoria C1,commodity,3410.04,1
38579,Categoria C2,commodity,9674.34,2
38581,Categoria C1,commodity,2223.12,1
38581,Categoria C2,commodity,19581.04,2
38594,Categoria C1,commodity,2223.12,1
38594,Categoria C2,commodity,14958.96,2
38597,Categoria C1,commodity,2223.12,1
38597,Categoria C2,commodity,1086.44,2
38601,Categoria C1,commodity,1802.36,1
38601,Categoria C2,commodity,879.2,2
38612,Categoria C1,commodity,2223.12,1
38612,Categoria C2,commodity,1086.44,2
38625,Categoria C1,commodity,3410.04,1
38625,Categoria C2,commodity,1667.34,2
38631,Categoria C1,commodity,2223.12,1
38631,Categoria C2,commodity,6424.44,2
38636,Categoria C1,commodity,4546.72,1
38636,Categoria C2,commodity,5922.04,2
38649,Categoria C1,commodity,2223.12,1
38649,Categoria C2,commodity,3862.2,2
38671,Categoria C1,commodity,2223.12,1
38671,Categoria C2,commodity,10333.74,2
38675,Categoria C1,commodity,1802.36,1
38675,Categoria C2,commodity,879.2,2
38684,Categoria C1,commodity,1802.36,1
38684,Categoria C2,commodity,3548.2,2
38685,Categoria C1,commodity,2223.12,1
38685,Categoria C2,commodity,6424.44,2
38686,Categoria C1,commodity,1802.36,1
38686,Categoria C2,commodity,879.2,2
38687,Categoria C1,commodity,2223.12,1
38687,Categoria C2,commodity,1086.44,2
38688,Categoria C1,commodity,1802.36,1
38688,Categoria C2,commodity,3548.2,2
38691,Categoria C1,commodity,2223.12,1
38691,Categoria C2,commodity,7096.4,2
38697,Categoria C1,commodity,1802.36,1
38697,Categoria C2,commodity,879.2,2
38698,Categoria C1,commodity,3410.04,1
38698,Categoria C2,commodity,9991.48,2
38700,Categoria C1,commodity,2223.12,1
38700,Categoria C2,commodity,10333.74,2
38715,Categoria C1,commodity,1802.36,1
38715,Categoria C2,commodity,3548.2,2
38716,Categoria C1,commodity,1802.36,1
38716,Categoria C2,commodity,12902.26,2
38736,Categoria C1,commodity,3410.04,1
38736,Categoria C2,commodity,1667.34,2
38739,Categoria C1,commodity,2223.12,1
38739,Categoria C2,commodity,1086.44,2
38747,Categoria C1,commodity,3410.04,1
38747,Categoria C2,commodity,12764.1,2
38753,Categoria C1,commodity,3410.04,1
38753,Categoria C2,commodity,9674.34,2
38758,Categoria C1,commodity,3410.04,1
38758,Categoria C2,commodity,38656.54,2
38760,Categoria C1,commodity,2223.12,1
38760,Categoria C2,commodity,24206.26,2
38764,Categoria C1,commodity,0.0,1
38764,Categoria C2,commodity,0.0,2
38767,Categoria C1,commodity,3410.04,1
38767,Categoria C2,commodity,1667.34,2
38776,Categoria C1,commodity,3410.04,1
38776,Categoria C2,commodity,9065.18,2
38793,Categoria C1,commodity,2223.12,1
38793,Categoria C2,commodity,3862.2,2
38795,Categoria C1,commodity,3410.04,1
38795,Categoria C2,commodity,15075.14,2
38803,Categoria C1,commodity,1802.36,1
38803,Categoria C2,commodity,3548.2,2
38837,Categoria C1,commodity,1802.36,1
38837,Categoria C2,commodity,879.2,2
38856,Categoria C1,commodity,2223.12,1
38856,Categoria C2,commodity,5711.66,2
38897,Categoria C1,commodity,4546.72,1
38897,Categoria C2,commodity,11470.42,2
38901,Categoria C1,commodity,2223.12,1
38901,Categoria C2,commodity,12183.2,2
38908,Categoria C1,commodity,2223.12,1
38908,Categoria C2,commodity,1086.44,2
38918,Categoria C1,commodity,2223.12,1
38918,Categoria C2,commodity,7561.12,2
38920,Categoria C1,commodity,3410.04,1
38920,Categoria C2,commodity,24787.16,2
38934,Categoria C1,commodity,4546.72,1
38934,Categoria C2,commodity,39212.32,2
3894,Categoria C1,commodity,2223.12,1
3894,Categoria C2,commodity,17731.58,2
38969,Categoria C1,commodity,2223.12,1
38969,Categoria C2,commodity,1086.44,2
38978,Categoria C1,commodity,6820.08,1
38978,Categoria C2,commodity,49571.18,2
38997,Categoria C1,commodity,6820.08,1
38997,Categoria C2,commodity,35701.8,2
39016,Categoria C1,commodity,0.0,1
39016,Categoria C2,commodity,0.0,2
39027,Categoria C1,commodity,2223.12,1
39027,Categoria C2,commodity,3862.2,2
39031,Categoria C1,commodity,3410.04,1
39031,Categoria C2,commodity,20161.94,2
39036,Categoria C1,commodity,2223.12,1
39036,Categoria C2,commodity,6424.44,2
39037,Categoria C1,commodity,2223.12,1
39037,Categoria C2,commodity,24206.26,2
39038,Categoria C1,commodity,2223.12,1
39038,Categoria C2,commodity,24206.26,2
39041,Categoria C1,commodity,2223.12,1
39041,Categoria C2,commodity,8484.28,2
39062,Categoria C1,commodity,0.0,1
39062,Categoria C2,commodity,0.0,2
39075,Categoria C1,commodity,2223.12,1
39075,Categoria C2,commodity,1086.44,2
39082,Categoria C1,commodity,2223.12,1
39082,Categoria C2,commodity,1086.44,2
39083,Categoria C1,commodity,1802.36,1
39083,Categoria C2,commodity,14751.72,2
39108,Categoria C1,commodity,2223.12,1
39108,Categoria C2,commodity,1086.44,2
39127,Categoria C1,commodity,3410.04,1
39127,Categoria C2,commodity,20161.94,2
39152,Categoria C1,commodity,1802.36,1
39152,Categoria C2,commodity,879.2,2
39154,Categoria C1,commodity,1802.36,1
39154,Categoria C2,commodity,3548.2,2
39156,Categoria C1,commodity,3410.04,1
39156,Categoria C2,commodity,9674.34,2
39164,Categoria C1,commodity,2223.12,1
39164,Categoria C2,commodity,18657.88,2
39166,Categoria C1,commodity,2223.12,1
39166,Categoria C2,commodity,6424.44,2
39167,Categoria C1,commodity,2223.12,1
39167,Categoria C2,commodity,6424.44,2
39175,Categoria C1,commodity,2223.12,1
39175,Categoria C2,commodity,12183.2,2
39181,Categoria C1,commodity,3410.04,1
39181,Categoria C2,commodity,17389.32,2
39183,Categoria C1,commodity,2223.12,1
39183,Categoria C2,commodity,12183.2,2
39184,Categoria C1,commodity,2223.12,1
39184,Categoria C2,commodity,6424.44,2
39187,Categoria C1,commodity,2223.12,1
39187,Categoria C2,commodity,22356.8,2
3919,Categoria C1,commodity,2223.12,1
3919,Categoria C2,commodity,1086.44,2
39191,Categoria C1,commodity,2223.12,1
39191,Categoria C2,commodity,6424.44,2
3920,Categoria C1,commodity,2223.12,1
3920,Categoria C2,commodity,1086.44,2
39212,Categoria C1,commodity,3410.04,1
39212,Categoria C2,commodity,12764.1,2
39230,Categoria C1,commodity,3410.04,1
39230,Categoria C2,commodity,9674.34,2
39232,Categoria C1,commodity,2223.12,1
39232,Categoria C2,commodity,12183.2,2
39244,Categoria C1,commodity,3410.04,1
39244,Categoria C2,commodity,18312.48,2
39261,Categoria C1,commodity,1802.36,1
39261,Categoria C2,commodity,37868.4,2
39272,Categoria C1,commodity,2223.12,1
39272,Categoria C2,commodity,6424.44,2
3928,Categoria C1,commodity,5683.4,1
3928,Categoria C2,commodity,76757.3,2
39286,Categoria C1,commodity,1802.36,1
39286,Categoria C2,commodity,879.2,2
39287,Categoria C1,commodity,1802.36,1
39287,Categoria C2,commodity,5504.42,2
39289,Categoria C1,commodity,2223.12,1
39289,Categoria C2,commodity,6424.44,2
39294,Categoria C1,commodity,3410.04,1
39294,Categoria C2,commodity,18312.48,2
39298,Categoria C1,commodity,2223.12,1
39298,Categoria C2,commodity,6634.82,2
3930,Categoria C1,commodity,2223.12,1
3930,Categoria C2,commodity,6424.44,2
39300,Categoria C1,commodity,2223.12,1
39300,Categoria C2,commodity,19581.04,2
39302,Categoria C1,commodity,2223.12,1
39302,Categoria C2,commodity,6424.44,2
39305,Categoria C1,commodity,2223.12,1
39305,Categoria C2,commodity,10333.74,2
39311,Categoria C1,commodity,2223.12,1
39311,Categoria C2,commodity,1086.44,2
39312,Categoria C1,commodity,2223.12,1
39312,Categoria C2,commodity,6424.44,2
39321,Categoria C1,commodity,2223.12,1
39321,Categoria C2,commodity,6424.44,2
39329,Categoria C1,commodity,2223.12,1
39329,Categoria C2,commodity,1086.44,2
3933,Categoria C1,commodity,2223.12,1
3933,Categoria C2,commodity,1086.44,2
39350,Categoria C1,commodity,1802.36,1
39350,Categoria C2,commodity,879.2,2
39357,Categoria C1,commodity,1802.36,1
39357,Categoria C2,commodity,11975.96,2
39365,Categoria C1,commodity,14776.84,1
39365,Categoria C2,commodity,44214.34,2
3937,Categoria C1,commodity,2223.12,1
3937,Categoria C2,commodity,6424.44,2
39378,Categoria C1,commodity,3410.04,1
39378,Categoria C2,commodity,7215.72,2
39381,Categoria C1,commodity,3410.04,1
39381,Categoria C2,commodity,47903.84,2
39382,Categoria C1,commodity,1802.36,1
39382,Categoria C2,commodity,879.2,2
39387,Categoria C1,commodity,2223.12,1
39387,Categoria C2,commodity,6424.44,2
39389,Categoria C1,commodity,2223.12,1
39389,Categoria C2,commodity,1086.44,2
39394,Categoria C1,commodity,3410.04,1
39394,Categoria C2,commodity,1667.34,2
39396,Categoria C1,commodity,4546.72,1
39396,Categoria C2,commodity,9620.96,2
39402,Categoria C1,commodity,2223.12,1
39402,Categoria C2,commodity,6634.82,2
39404,Categoria C1,commodity,1802.36,1
39404,Categoria C2,commodity,879.2,2
39405,Categoria C1,commodity,3410.04,1
39405,Categoria C2,commodity,6292.56,2
39407,Categoria C1,commodity,2223.12,1
39407,Categoria C2,commodity,9410.58,2
39408,Categoria C1,commodity,2223.12,1
39408,Categoria C2,commodity,10333.74,2
39414,Categoria C1,commodity,3410.04,1
39414,Categoria C2,commodity,6292.56,2
39417,Categoria C1,commodity,3410.04,1
39417,Categoria C2,commodity,29409.24,2
39432,Categoria C1,commodity,2223.12,1
39432,Categoria C2,commodity,6634.82,2
39439,Categoria C1,commodity,0.0,1
39439,Categoria C2,commodity,0.0,2
39452,Categoria C1,commodity,2223.12,1
39452,Categoria C2,commodity,24206.26,2
39454,Categoria C1,commodity,2223.12,1
39454,Categoria C2,commodity,6424.44,2
39462,Categoria C1,commodity,2223.12,1
39462,Categoria C2,commodity,9410.58,2
39475,Categoria C1,commodity,2223.12,1
39475,Categoria C2,commodity,12183.2,2
39571,Categoria C1,commodity,3410.04,1
39571,Categoria C2,commodity,38656.54,2
39600,Categoria C1,commodity,2223.12,1
39600,Categoria C2,commodity,6424.44,2
39651,Categoria C1,commodity,1802.36,1
39651,Categoria C2,commodity,879.2,2
39653,Categoria C1,commodity,2223.12,1
39653,Categoria C2,commodity,5711.66,2
39661,Categoria C1,commodity,3410.04,1
39661,Categoria C2,commodity,1667.34,2
39667,Categoria C1,commodity,2223.12,1
39667,Categoria C2,commodity,1086.44,2
39685,Categoria C1,commodity,1802.36,1
39685,Categoria C2,commodity,879.2,2
39691,Categoria C1,commodity,2223.12,1
39691,Categoria C2,commodity,6424.44,2
39697,Categoria C1,commodity,2223.12,1
39697,Categoria C2,commodity,14958.96,2
39699,Categoria C1,commodity,2223.12,1
39699,Categoria C2,commodity,6424.44,2
39700,Categoria C1,commodity,3410.04,1
39700,Categoria C2,commodity,9674.34,2
39718,Categoria C1,commodity,2223.12,1
39718,Categoria C2,commodity,56570.24,2
39721,Categoria C1,commodity,2223.12,1
39721,Categoria C2,commodity,10333.74,2
39723,Categoria C1,commodity,2223.12,1
39723,Categoria C2,commodity,1086.44,2
39754,Categoria C1,commodity,2223.12,1
39754,Categoria C2,commodity,10333.74,2
39756,Categoria C1,commodity,2223.12,1
39756,Categoria C2,commodity,1086.44,2
39760,Categoria C1,commodity,2223.12,1
39760,Categoria C2,commodity,12644.78,2
39761,Categoria C1,commodity,2223.12,1
39761,Categoria C2,commodity,1086.44,2
39774,Categoria C1,commodity,3410.04,1
39774,Categoria C2,commodity,9065.18,2
39777,Categoria C1,commodity,3410.04,1
39777,Categoria C2,commodity,9991.48,2
39792,Categoria C1,commodity,3410.04,1
39792,Categoria C2,commodity,9674.34,2
39798,Categoria C1,commodity,3410.04,1
39798,Categoria C2,commodity,1667.34,2
39799,Categoria C1,commodity,1802.36,1
39799,Categoria C2,commodity,5504.42,2
39800,Categoria C1,commodity,2223.12,1
39800,Categoria C2,commodity,1086.44,2
39814,Categoria C1,commodity,2223.12,1
39814,Categoria C2,commodity,6424.44,2
39816,Categoria C1,commodity,2223.12,1
39816,Categoria C2,commodity,1086.44,2
39860,Categoria C1,commodity,2223.12,1
39860,Categoria C2,commodity,6424.44,2
39862,Categoria C1,commodity,7956.76,1
39862,Categoria C2,commodity,50126.96,2
39863,Categoria C1,commodity,3410.04,1
39863,Categoria C2,commodity,15539.86,2
39870,Categoria C1,commodity,3410.04,1
39870,Categoria C2,commodity,9674.34,2
39878,Categoria C1,commodity,3410.04,1
39878,Categoria C2,commodity,10914.64,2
39879,Categoria C1,commodity,2223.12,1
39879,Categoria C2,commodity,4785.36,2
39891,Categoria C1,commodity,2223.12,1
39891,Categoria C2,commodity,1086.44,2
39893,Categoria C1,commodity,1802.36,1
39893,Categoria C2,commodity,13825.42,2
39913,Categoria C1,commodity,3410.04,1
39913,Categoria C2,commodity,10914.64,2
39917,Categoria C1,commodity,2223.12,1
39917,Categoria C2,commodity,28828.34,2
39945,Categoria C1,commodity,3410.04,1
39945,Categoria C2,commodity,29409.24,2
39949,Categoria C1,commodity,2223.12,1
39949,Categoria C2,commodity,6634.82,2
39951,Categoria C1,commodity,3410.04,1
39951,Categoria C2,commodity,15539.86,2
39952,Categoria C1,commodity,2223.12,1
39952,Categoria C2,commodity,8484.28,2
39959,Categoria C1,commodity,2223.12,1
39959,Categoria C2,commodity,10333.74,2
39965,Categoria C1,commodity,4546.72,1
39965,Categoria C2,commodity,29965.02,2
39969,Categoria C1,commodity,4546.72,1
39969,Categoria C2,commodity,8697.8,2
39974,Categoria C1,commodity,2223.12,1
39974,Categoria C2,commodity,14958.96,2
39976,Categoria C1,commodity,1802.36,1
39976,Categoria C2,commodity,879.2,2
39982,Categoria C1,commodity,1802.36,1
39982,Categoria C2,commodity,879.2,2
400,Categoria C1,commodity,2223.12,1
400,Categoria C2,commodity,6424.44,2
40015,Categoria C1,commodity,3410.04,1
40015,Categoria C2,commodity,9065.18,2
40046,Categoria C1,commodity,4546.72,1
40046,Categoria C2,commodity,12899.12,2
40047,Categoria C1,commodity,4546.72,1
40047,Categoria C2,commodity,12899.12,2
40062,Categoria C1,commodity,2223.12,1
40062,Categoria C2,commodity,12183.2,2
40074,Categoria C1,commodity,2223.12,1
40074,Categoria C2,commodity,6424.44,2
40089,Categoria C1,commodity,2223.12,1
40089,Categoria C2,commodity,10333.74,2
40095,Categoria C1,commodity,3410.04,1
40095,Categoria C2,commodity,9065.18,2
40098,Categoria C1,commodity,3410.04,1
40098,Categoria C2,commodity,10914.64,2
40106,Categoria C1,commodity,2223.12,1
40106,Categoria C2,commodity,5246.94,2
40110,Categoria C1,commodity,1802.36,1
40110,Categoria C2,commodity,4578.12,2
4012,Categoria C1,commodity,2223.12,1
4012,Categoria C2,commodity,3397.48,2
40128,Categoria C1,commodity,4546.72,1
40128,Categoria C2,commodity,16095.64,2
40159,Categoria C1,commodity,2223.12,1
40159,Categoria C2,commodity,14958.96,2
40160,Categoria C1,commodity,3410.04,1
40160,Categoria C2,commodity,12764.1,2
40174,Categoria C1,commodity,1802.36,1
40174,Categoria C2,commodity,879.2,2
40179,Categoria C1,commodity,2223.12,1
40179,Categoria C2,commodity,10333.74,2
40190,Categoria C1,commodity,2223.12,1
40190,Categoria C2,commodity,6424.44,2
40193,Categoria C1,commodity,3410.04,1
40193,Categoria C2,commodity,15539.86,2
40194,Categoria C1,commodity,2223.12,1
40194,Categoria C2,commodity,1086.44,2
40195,Categoria C1,commodity,1802.36,1
40195,Categoria C2,commodity,879.2,2
40196,Categoria C1,commodity,2223.12,1
40196,Categoria C2,commodity,3397.48,2
4020,Categoria C1,commodity,3410.04,1
4020,Categoria C2,commodity,10914.64,2
40204,Categoria C1,commodity,1802.36,1
40204,Categoria C2,commodity,2728.66,2
40218,Categoria C1,commodity,2223.12,1
40218,Categoria C2,commodity,8484.28,2
40220,Categoria C1,commodity,3410.04,1
40220,Categoria C2,commodity,14613.56,2
40240,Categoria C1,commodity,1802.36,1
40240,Categoria C2,commodity,879.2,2
40243,Categoria C1,commodity,2223.12,1
40243,Categoria C2,commodity,8484.28,2
40244,Categoria C1,commodity,2223.12,1
40244,Categoria C2,commodity,18378.42,2
40246,Categoria C1,commodity,0.0,1
40246,Categoria C2,commodity,15904.1,2
40248,Categoria C1,commodity,2223.12,1
40248,Categoria C2,commodity,10333.74,2
40251,Categoria C1,commodity,3410.04,1
40251,Categoria C2,commodity,29409.24,2
40252,Categoria C1,commodity,2223.12,1
40252,Categoria C2,commodity,6634.82,2
40264,Categoria C1,commodity,3410.04,1
40264,Categoria C2,commodity,1667.34,2
40268,Categoria C1,commodity,2223.12,1
40268,Categoria C2,commodity,8484.28,2
40273,Categoria C1,commodity,4546.72,1
40273,Categoria C2,commodity,29965.02,2
40280,Categoria C1,commodity,2223.12,1
40280,Categoria C2,commodity,6424.44,2
40294,Categoria C1,commodity,3410.04,1
40294,Categoria C2,commodity,24787.16,2
40295,Categoria C1,commodity,2223.12,1
40295,Categoria C2,commodity,6424.44,2
40312,Categoria C1,commodity,2223.12,1
40312,Categoria C2,commodity,1086.44,2
40315,Categoria C1,commodity,2223.12,1
40315,Categoria C2,commodity,8484.28,2
40316,Categoria C1,commodity,3410.04,1
40316,Categoria C2,commodity,34034.46,2
40320,Categoria C1,commodity,4546.72,1
40320,Categoria C2,commodity,20717.72,2
40323,Categoria C1,commodity,2223.12,1
40323,Categoria C2,commodity,28828.34,2
40324,Categoria C1,commodity,3410.04,1
40324,Categoria C2,commodity,15539.86,2
40326,Categoria C1,commodity,3410.04,1
40326,Categoria C2,commodity,13690.4,2
40331,Categoria C1,commodity,0.0,1
40331,Categoria C2,commodity,0.0,2
40335,Categoria C1,commodity,2223.12,1
40335,Categoria C2,commodity,9410.58,2
40340,Categoria C1,commodity,3410.04,1
40340,Categoria C2,commodity,10914.64,2
40349,Categoria C1,commodity,0.0,1
40349,Categoria C2,commodity,0.0,2
40352,Categoria C1,commodity,2223.12,1
40352,Categoria C2,commodity,1086.44,2
40353,Categoria C1,commodity,0.0,1
40353,Categoria C2,commodity,0.0,2
40358,Categoria C1,commodity,3410.04,1
40358,Categoria C2,commodity,9674.34,2
40363,Categoria C1,commodity,2223.12,1
40363,Categoria C2,commodity,10333.74,2
40366,Categoria C1,commodity,2223.12,1
40366,Categoria C2,commodity,6424.44,2
40371,Categoria C1,commodity,2223.12,1
40371,Categoria C2,commodity,8484.28,2
40372,Categoria C1,commodity,3410.04,1
40372,Categoria C2,commodity,24787.16,2
40373,Categoria C1,commodity,2223.12,1
40373,Categoria C2,commodity,6424.44,2
40374,Categoria C1,commodity,2223.12,1
40374,Categoria C2,commodity,19581.04,2
40381,Categoria C1,commodity,2223.12,1
40381,Categoria C2,commodity,12183.2,2
40383,Categoria C1,commodity,2223.12,1
40383,Categoria C2,commodity,24206.26,2
40386,Categoria C1,commodity,2223.12,1
40386,Categoria C2,commodity,6424.44,2
40397,Categoria C1,commodity,3410.04,1
40397,Categoria C2,commodity,5366.26,2
40398,Categoria C1,commodity,3410.04,1
40398,Categoria C2,commodity,9674.34,2
40403,Categoria C1,commodity,1802.36,1
40403,Categoria C2,commodity,879.2,2
40411,Categoria C1,commodity,3410.04,1
40411,Categoria C2,commodity,1667.34,2
40417,Categoria C1,commodity,1802.36,1
40417,Categoria C2,commodity,3654.96,2
40422,Categoria C1,commodity,1802.36,1
40422,Categoria C2,commodity,879.2,2
40431,Categoria C1,commodity,0.0,1
40431,Categoria C2,commodity,0.0,2
40433,Categoria C1,commodity,3410.04,1
40433,Categoria C2,commodity,1667.34,2
40434,Categoria C1,commodity,3410.04,1
40434,Categoria C2,commodity,20161.94,2
40436,Categoria C1,commodity,2223.12,1
40436,Categoria C2,commodity,1086.44,2
40437,Categoria C1,commodity,3410.04,1
40437,Categoria C2,commodity,29409.24,2
40439,Categoria C1,commodity,9093.44,1
40439,Categoria C2,commodity,87671.94,2
40442,Categoria C1,commodity,3410.04,1
40442,Categoria C2,commodity,29409.24,2
40446,Categoria C1,commodity,6820.08,1
40446,Categoria C2,commodity,24605.04,2
40447,Categoria C1,commodity,2223.12,1
40447,Categoria C2,commodity,6424.44,2
4045,Categoria C1,commodity,2223.12,1
4045,Categoria C2,commodity,10333.74,2
40454,Categoria C1,commodity,2223.12,1
40454,Categoria C2,commodity,1086.44,2
40456,Categoria C1,commodity,2223.12,1
40456,Categoria C2,commodity,1086.44,2
4047,Categoria C1,commodity,1802.36,1
4047,Categoria C2,commodity,879.2,2
40477,Categoria C1,commodity,2223.12,1
40477,Categoria C2,commodity,6424.44,2
4048,Categoria C1,commodity,3410.04,1
4048,Categoria C2,commodity,9065.18,2
4049,Categoria C1,commodity,2223.12,1
4049,Categoria C2,commodity,6424.44,2
40496,Categoria C1,commodity,2223.12,1
40496,Categoria C2,commodity,8484.28,2
40497,Categoria C1,commodity,3410.04,1
40497,Categoria C2,commodity,20623.52,2
40500,Categoria C1,commodity,1802.36,1
40500,Categoria C2,commodity,879.2,2
40501,Categoria C1,commodity,1802.36,1
40501,Categoria C2,commodity,3548.2,2
40504,Categoria C1,commodity,3410.04,1
40504,Categoria C2,commodity,1667.34,2
40511,Categoria C1,commodity,2223.12,1
40511,Categoria C2,commodity,6424.44,2
40512,Categoria C1,commodity,2223.12,1
40512,Categoria C2,commodity,10333.74,2
40513,Categoria C1,commodity,3410.04,1
40513,Categoria C2,commodity,9674.34,2
40516,Categoria C1,commodity,1802.36,1
40516,Categoria C2,commodity,879.2,2
40521,Categoria C1,commodity,4546.72,1
40521,Categoria C2,commodity,20717.72,2
40526,Categoria C1,commodity,2223.12,1
40526,Categoria C2,commodity,5711.66,2
40527,Categoria C1,commodity,2223.12,1
40527,Categoria C2,commodity,10333.74,2
40575,Categoria C1,commodity,2223.12,1
40575,Categoria C2,commodity,10333.74,2
40576,Categoria C1,commodity,2223.12,1
40576,Categoria C2,commodity,11260.04,2
40578,Categoria C1,commodity,1802.36,1
40578,Categoria C2,commodity,879.2,2
4058,Categoria C1,commodity,2223.12,1
4058,Categoria C2,commodity,9410.58,2
40582,Categoria C1,commodity,4546.72,1
40582,Categoria C2,commodity,20717.72,2
40583,Categoria C1,commodity,2223.12,1
40583,Categoria C2,commodity,6424.44,2
40588,Categoria C1,commodity,4546.72,1
40588,Categoria C2,commodity,16095.64,2
40590,Categoria C1,commodity,2223.12,1
40590,Categoria C2,commodity,6424.44,2
40598,Categoria C1,commodity,0.0,1
40598,Categoria C2,commodity,7397.84,2
40599,Categoria C1,commodity,2223.12,1
40599,Categoria C2,commodity,1086.44,2
40604,Categoria C1,commodity,2223.12,1
40604,Categoria C2,commodity,14958.96,2
40610,Categoria C1,commodity,2223.12,1
40610,Categoria C2,commodity,6424.44,2
40612,Categoria C1,commodity,1802.36,1
40612,Categoria C2,commodity,10126.5,2
40613,Categoria C1,commodity,2223.12,1
40613,Categoria C2,commodity,8022.7,2
40616,Categoria C1,commodity,2223.12,1
40616,Categoria C2,commodity,5711.66,2
40617,Categoria C1,commodity,2223.12,1
40617,Categoria C2,commodity,6424.44,2
40622,Categoria C1,commodity,3410.04,1
40622,Categoria C2,commodity,10914.64,2
40629,Categoria C1,commodity,2223.12,1
40629,Categoria C2,commodity,7561.12,2
4063,Categoria C1,commodity,2223.12,1
4063,Categoria C2,commodity,1086.44,2
40633,Categoria C1,commodity,0.0,1
40633,Categoria C2,commodity,0.0,2
40636,Categoria C1,commodity,2223.12,1
40636,Categoria C2,commodity,19581.04,2
40638,Categoria C1,commodity,2223.12,1
40638,Categoria C2,commodity,7561.12,2
40641,Categoria C1,commodity,2223.12,1
40641,Categoria C2,commodity,14958.96,2
40649,Categoria C1,commodity,2223.12,1
40649,Categoria C2,commodity,1086.44,2
40650,Categoria C1,commodity,2223.12,1
40650,Categoria C2,commodity,1086.44,2
40651,Categoria C1,commodity,2223.12,1
40651,Categoria C2,commodity,1086.44,2
40659,Categoria C1,commodity,2223.12,1
40659,Categoria C2,commodity,10333.74,2
40669,Categoria C1,commodity,2223.12,1
40669,Categoria C2,commodity,5711.66,2
40675,Categoria C1,commodity,2223.12,1
40675,Categoria C2,commodity,10333.74,2
40677,Categoria C1,commodity,0.0,1
40677,Categoria C2,commodity,0.0,2
40688,Categoria C1,commodity,1802.36,1
40688,Categoria C2,commodity,5504.42,2
40694,Categoria C1,commodity,1802.36,1
40694,Categoria C2,commodity,3548.2,2
40704,Categoria C1,commodity,2223.12,1
40704,Categoria C2,commodity,1086.44,2
40706,Categoria C1,commodity,2223.12,1
40706,Categoria C2,commodity,6424.44,2
40707,Categoria C1,commodity,2223.12,1
40707,Categoria C2,commodity,6634.82,2
40708,Categoria C1,commodity,2223.12,1
40708,Categoria C2,commodity,8022.7,2
40710,Categoria C1,commodity,2223.12,1
40710,Categoria C2,commodity,6424.44,2
40714,Categoria C1,commodity,1802.36,1
40714,Categoria C2,commodity,879.2,2
40717,Categoria C1,commodity,1802.36,1
40717,Categoria C2,commodity,3548.2,2
40720,Categoria C1,commodity,2223.12,1
40720,Categoria C2,commodity,6424.44,2
40733,Categoria C1,commodity,2223.12,1
40733,Categoria C2,commodity,12183.2,2
40743,Categoria C1,commodity,4546.72,1
40743,Categoria C2,commodity,11470.42,2
4075,Categoria C1,commodity,1802.36,1
4075,Categoria C2,commodity,3654.96,2
40757,Categoria C1,commodity,2223.12,1
40757,Categoria C2,commodity,6424.44,2
40766,Categoria C1,commodity,2223.12,1
40766,Categoria C2,commodity,5711.66,2
40767,Categoria C1,commodity,3410.04,1
40767,Categoria C2,commodity,15539.86,2
40768,Categoria C1,commodity,2223.12,1
40768,Categoria C2,commodity,1086.44,2
40781,Categoria C1,commodity,2223.12,1
40781,Categoria C2,commodity,8022.7,2
40798,Categoria C1,commodity,2223.12,1
40798,Categoria C2,commodity,24206.26,2
40803,Categoria C1,commodity,2223.12,1
40803,Categoria C2,commodity,3397.48,2
4081,Categoria C1,commodity,3410.04,1
4081,Categoria C2,commodity,12764.1,2
40822,Categoria C1,commodity,3410.04,1
40822,Categoria C2,commodity,1667.34,2
40825,Categoria C1,commodity,4546.72,1
40825,Categoria C2,commodity,20717.72,2
40826,Categoria C1,commodity,2223.12,1
40826,Categoria C2,commodity,6424.44,2
40828,Categoria C1,commodity,3410.04,1
40828,Categoria C2,commodity,1667.34,2
4083,Categoria C1,commodity,2223.12,1
4083,Categoria C2,commodity,6634.82,2
40832,Categoria C1,commodity,2223.12,1
40832,Categoria C2,commodity,1086.44,2
40833,Categoria C1,commodity,2223.12,1
40833,Categoria C2,commodity,24206.26,2
40841,Categoria C1,commodity,2223.12,1
40841,Categoria C2,commodity,4785.36,2
40843,Categoria C1,commodity,2223.12,1
40843,Categoria C2,commodity,1086.44,2
40851,Categoria C1,commodity,2223.12,1
40851,Categoria C2,commodity,1086.44,2
40864,Categoria C1,commodity,1802.36,1
40864,Categoria C2,commodity,879.2,2
40866,Categoria C1,commodity,2223.12,1
40866,Categoria C2,commodity,1086.44,2
40881,Categoria C1,commodity,2223.12,1
40881,Categoria C2,commodity,11260.04,2
40885,Categoria C1,commodity,2223.12,1
40885,Categoria C2,commodity,19581.04,2
40890,Categoria C1,commodity,3410.04,1
40890,Categoria C2,commodity,24787.16,2
40891,Categoria C1,commodity,1802.36,1
40891,Categoria C2,commodity,879.2,2
40892,Categoria C1,commodity,3410.04,1
40892,Categoria C2,commodity,8142.02,2
40897,Categoria C1,commodity,3410.04,1
40897,Categoria C2,commodity,20161.94,2
4090,Categoria C1,commodity,2223.12,1
4090,Categoria C2,commodity,1086.44,2
40900,Categoria C1,commodity,2223.12,1
40900,Categoria C2,commodity,6424.44,2
40908,Categoria C1,commodity,2223.12,1
40908,Categoria C2,commodity,6424.44,2
4092,Categoria C1,commodity,3410.04,1
4092,Categoria C2,commodity,1667.34,2
40929,Categoria C1,commodity,3410.04,1
40929,Categoria C2,commodity,15539.86,2
40944,Categoria C1,commodity,2223.12,1
40944,Categoria C2,commodity,6424.44,2
40974,Categoria C1,commodity,1802.36,1
40974,Categoria C2,commodity,3654.96,2
40980,Categoria C1,commodity,2223.12,1
40980,Categoria C2,commodity,1086.44,2
40994,Categoria C1,commodity,2223.12,1
40994,Categoria C2,commodity,10333.74,2
40995,Categoria C1,commodity,3410.04,1
40995,Categoria C2,commodity,10914.64,2
4101,Categoria C1,commodity,3410.04,1
4101,Categoria C2,commodity,13225.68,2
41012,Categoria C1,commodity,2223.12,1
41012,Categoria C2,commodity,6424.44,2
41014,Categoria C1,commodity,2223.12,1
41014,Categoria C2,commodity,7561.12,2
41024,Categoria C1,commodity,3410.04,1
41024,Categoria C2,commodity,12764.1,2
41041,Categoria C1,commodity,3410.04,1
41041,Categoria C2,commodity,10914.64,2
41044,Categoria C1,commodity,6820.08,1
41044,Categoria C2,commodity,3334.68,2
41045,Categoria C1,commodity,4546.72,1
41045,Categoria C2,commodity,2223.12,2
41046,Categoria C1,commodity,0.0,1
41046,Categoria C2,commodity,0.0,2
41052,Categoria C1,commodity,1802.36,1
41052,Categoria C2,commodity,879.2,2
41053,Categoria C1,commodity,3410.04,1
41053,Categoria C2,commodity,10914.64,2
41054,Categoria C1,commodity,0.0,1
41054,Categoria C2,commodity,0.0,2
41058,Categoria C1,commodity,0.0,1
41058,Categoria C2,commodity,0.0,2
41062,Categoria C1,commodity,4546.72,1
41062,Categoria C2,commodity,12899.12,2
41065,Categoria C1,commodity,2223.12,1
41065,Categoria C2,commodity,6424.44,2
41079,Categoria C1,commodity,4546.72,1
41079,Categoria C2,commodity,20717.72,2
41080,Categoria C1,commodity,2223.12,1
41080,Categoria C2,commodity,6424.44,2
41088,Categoria C1,commodity,3410.04,1
41088,Categoria C2,commodity,8603.6,2
4111,Categoria C1,commodity,3410.04,1
4111,Categoria C2,commodity,15539.86,2
41115,Categoria C1,commodity,2223.12,1
41115,Categoria C2,commodity,5711.66,2
41122,Categoria C1,commodity,2223.12,1
41122,Categoria C2,commodity,5711.66,2
41125,Categoria C1,commodity,2223.12,1
41125,Categoria C2,commodity,6424.44,2
41126,Categoria C1,commodity,2223.12,1
41126,Categoria C2,commodity,6424.44,2
41130,Categoria C1,commodity,3410.04,1
41130,Categoria C2,commodity,6292.56,2
41136,Categoria C1,commodity,3410.04,1
41136,Categoria C2,commodity,1667.34,2
41140,Categoria C1,commodity,2223.12,1
41140,Categoria C2,commodity,1086.44,2
41145,Categoria C1,commodity,3410.04,1
41145,Categoria C2,commodity,24787.16,2
41169,Categoria C1,commodity,3410.04,1
41169,Categoria C2,commodity,8142.02,2
41173,Categoria C1,commodity,3410.04,1
41173,Categoria C2,commodity,9991.48,2
41174,Categoria C1,commodity,3410.04,1
41174,Categoria C2,commodity,15539.86,2
41175,Categoria C1,commodity,3410.04,1
41175,Categoria C2,commodity,9991.48,2
41179,Categoria C1,commodity,3410.04,1
41179,Categoria C2,commodity,1667.34,2
41186,Categoria C1,commodity,2223.12,1
41186,Categoria C2,commodity,5711.66,2
41202,Categoria C1,commodity,2223.12,1
41202,Categoria C2,commodity,6424.44,2
41208,Categoria C1,commodity,2223.12,1
41208,Categoria C2,commodity,1086.44,2
41232,Categoria C1,commodity,2223.12,1
41232,Categoria C2,commodity,9410.58,2
41235,Categoria C1,commodity,2223.12,1
41235,Categoria C2,commodity,4785.36,2
41254,Categoria C1,commodity,2223.12,1
41254,Categoria C2,commodity,5711.66,2
41256,Categoria C1,commodity,2223.12,1
41256,Categoria C2,commodity,3397.48,2
41259,Categoria C1,commodity,2223.12,1
41259,Categoria C2,commodity,1086.44,2
41287,Categoria C1,commodity,5683.4,1
41287,Categoria C2,commodity,2778.9,2
41298,Categoria C1,commodity,4546.72,1
41298,Categoria C2,commodity,2223.12,2
41319,Categoria C1,commodity,3410.04,1
41319,Categoria C2,commodity,8603.6,2
41322,Categoria C1,commodity,1802.36,1
41322,Categoria C2,commodity,3190.24,2
4133,Categoria C1,commodity,2223.12,1
4133,Categoria C2,commodity,10333.74,2
41332,Categoria C1,commodity,2223.12,1
41332,Categoria C2,commodity,6424.44,2
41340,Categoria C1,commodity,2223.12,1
41340,Categoria C2,commodity,6424.44,2
41349,Categoria C1,commodity,3410.04,1
41349,Categoria C2,commodity,7215.72,2
41356,Categoria C1,commodity,0.0,1
41356,Categoria C2,commodity,0.0,2
41363,Categoria C1,commodity,2223.12,1
41363,Categoria C2,commodity,8484.28,2
41364,Categoria C1,commodity,2223.12,1
41364,Categoria C2,commodity,1086.44,2
41365,Categoria C1,commodity,0.0,1
41365,Categoria C2,commodity,0.0,2
41368,Categoria C1,commodity,2223.12,1
41368,Categoria C2,commodity,12183.2,2
41369,Categoria C1,commodity,2223.12,1
41369,Categoria C2,commodity,14958.96,2
41386,Categoria C1,commodity,2223.12,1
41386,Categoria C2,commodity,1086.44,2
41389,Categoria C1,commodity,3410.04,1
41389,Categoria C2,commodity,9065.18,2
4139,Categoria C1,commodity,1802.36,1
4139,Categoria C2,commodity,3548.2,2
41391,Categoria C1,commodity,2223.12,1
41391,Categoria C2,commodity,1086.44,2
41394,Categoria C1,commodity,1802.36,1
41394,Categoria C2,commodity,14751.72,2
41399,Categoria C1,commodity,0.0,1
41399,Categoria C2,commodity,0.0,2
41405,Categoria C1,commodity,2223.12,1
41405,Categoria C2,commodity,6424.44,2
41406,Categoria C1,commodity,2223.12,1
41406,Categoria C2,commodity,6424.44,2
41409,Categoria C1,commodity,2223.12,1
41409,Categoria C2,commodity,5711.66,2
41421,Categoria C1,commodity,2223.12,1
41421,Categoria C2,commodity,5246.94,2
41423,Categoria C1,commodity,3410.04,1
41423,Categoria C2,commodity,12764.1,2
41428,Categoria C1,commodity,2223.12,1
41428,Categoria C2,commodity,8484.28,2
41429,Categoria C1,commodity,2223.12,1
41429,Categoria C2,commodity,10333.74,2
41432,Categoria C1,commodity,1802.36,1
41432,Categoria C2,commodity,10126.5,2
41435,Categoria C1,commodity,4546.72,1
41435,Categoria C2,commodity,16095.64,2
41444,Categoria C1,commodity,1802.36,1
41444,Categoria C2,commodity,879.2,2
41445,Categoria C1,commodity,6820.08,1
41445,Categoria C2,commodity,3334.68,2
41446,Categoria C1,commodity,2223.12,1
41446,Categoria C2,commodity,7561.12,2
41452,Categoria C1,commodity,3410.04,1
41452,Categoria C2,commodity,9674.34,2
41459,Categoria C1,commodity,2223.12,1
41459,Categoria C2,commodity,3862.2,2
41460,Categoria C1,commodity,3410.04,1
41460,Categoria C2,commodity,18312.48,2
41474,Categoria C1,commodity,1802.36,1
41474,Categoria C2,commodity,879.2,2
41477,Categoria C1,commodity,1802.36,1
41477,Categoria C2,commodity,879.2,2
41479,Categoria C1,commodity,1802.36,1
41479,Categoria C2,commodity,879.2,2
41480,Categoria C1,commodity,2223.12,1
41480,Categoria C2,commodity,10795.32,2
41482,Categoria C1,commodity,3410.04,1
41482,Categoria C2,commodity,209733.16,2
41489,Categoria C1,commodity,2223.12,1
41489,Categoria C2,commodity,3862.2,2
41490,Categoria C1,commodity,3410.04,1
41490,Categoria C2,commodity,9674.34,2
41491,Categoria C1,commodity,0.0,1
41491,Categoria C2,commodity,0.0,2
41494,Categoria C1,commodity,2223.12,1
41494,Categoria C2,commodity,6424.44,2
41497,Categoria C1,commodity,4546.72,1
41497,Categoria C2,commodity,9620.96,2
41498,Categoria C1,commodity,3410.04,1
41498,Categoria C2,commodity,10914.64,2
41499,Categoria C1,commodity,2223.12,1
41499,Categoria C2,commodity,24206.26,2
41501,Categoria C1,commodity,2223.12,1
41501,Categoria C2,commodity,6634.82,2
41503,Categoria C1,commodity,0.0,1
41503,Categoria C2,commodity,0.0,2
41509,Categoria C1,commodity,2223.12,1
41509,Categoria C2,commodity,10333.74,2
41510,Categoria C1,commodity,1802.36,1
41510,Categoria C2,commodity,879.2,2
41512,Categoria C1,commodity,2223.12,1
41512,Categoria C2,commodity,6424.44,2
41518,Categoria C1,commodity,4546.72,1
41518,Categoria C2,commodity,12899.12,2
41520,Categoria C1,commodity,2223.12,1
41520,Categoria C2,commodity,1086.44,2
41522,Categoria C1,commodity,2223.12,1
41522,Categoria C2,commodity,19581.04,2
41524,Categoria C1,commodity,2223.12,1
41524,Categoria C2,commodity,9410.58,2
41526,Categoria C1,commodity,2223.12,1
41526,Categoria C2,commodity,6634.82,2
41530,Categoria C1,commodity,2223.12,1
41530,Categoria C2,commodity,1086.44,2
41531,Categoria C1,commodity,4546.72,1
41531,Categoria C2,commodity,2223.12,2
41536,Categoria C1,commodity,2223.12,1
41536,Categoria C2,commodity,6634.82,2
41538,Categoria C1,commodity,2223.12,1
41538,Categoria C2,commodity,6424.44,2
41542,Categoria C1,commodity,2223.12,1
41542,Categoria C2,commodity,6634.82,2
41548,Categoria C1,commodity,1802.36,1
41548,Categoria C2,commodity,879.2,2
41551,Categoria C1,commodity,3410.04,1
41551,Categoria C2,commodity,12764.1,2
4156,Categoria C1,commodity,1802.36,1
4156,Categoria C2,commodity,3548.2,2
41567,Categoria C1,commodity,1802.36,1
41567,Categoria C2,commodity,1805.5,2
41570,Categoria C1,commodity,2223.12,1
41570,Categoria C2,commodity,8484.28,2
41580,Categoria C1,commodity,3410.04,1
41580,Categoria C2,commodity,24787.16,2
41586,Categoria C1,commodity,2223.12,1
41586,Categoria C2,commodity,10333.74,2
41587,Categoria C1,commodity,2223.12,1
41587,Categoria C2,commodity,10704.26,2
41620,Categoria C1,commodity,2223.12,1
41620,Categoria C2,commodity,6424.44,2
41622,Categoria C1,commodity,3410.04,1
41622,Categoria C2,commodity,12764.1,2
41635,Categoria C1,commodity,3410.04,1
41635,Categoria C2,commodity,43281.76,2
41637,Categoria C1,commodity,2223.12,1
41637,Categoria C2,commodity,19581.04,2
41643,Categoria C1,commodity,1802.36,1
41643,Categoria C2,commodity,3654.96,2
41644,Categoria C1,commodity,2223.12,1
41644,Categoria C2,commodity,2935.9,2
41645,Categoria C1,commodity,2223.12,1
41645,Categoria C2,commodity,1086.44,2
41648,Categoria C1,commodity,1802.36,1
41648,Categoria C2,commodity,879.2,2
41650,Categoria C1,commodity,3410.04,1
41650,Categoria C2,commodity,1667.34,2
41658,Categoria C1,commodity,3410.04,1
41658,Categoria C2,commodity,29409.24,2
41663,Categoria C1,commodity,1802.36,1
41663,Categoria C2,commodity,879.2,2
41670,Categoria C1,commodity,2223.12,1
41670,Categoria C2,commodity,1086.44,2
41671,Categoria C1,commodity,2223.12,1
41671,Categoria C2,commodity,6424.44,2
41673,Categoria C1,commodity,2223.12,1
41673,Categoria C2,commodity,6424.44,2
41683,Categoria C1,commodity,0.0,1
41683,Categoria C2,commodity,0.0,2
41686,Categoria C1,commodity,2223.12,1
41686,Categoria C2,commodity,1086.44,2
41688,Categoria C1,commodity,6820.08,1
41688,Categoria C2,commodity,3334.68,2
41689,Categoria C1,commodity,2223.12,1
41689,Categoria C2,commodity,6424.44,2
41695,Categoria C1,commodity,3410.04,1
41695,Categoria C2,commodity,1667.34,2
41697,Categoria C1,commodity,4546.72,1
41697,Categoria C2,commodity,12396.72,2
41699,Categoria C1,commodity,3410.04,1
41699,Categoria C2,commodity,9065.18,2
41702,Categoria C1,commodity,4546.72,1
41702,Categoria C2,commodity,12899.12,2
41706,Categoria C1,commodity,3410.04,1
41706,Categoria C2,commodity,9991.48,2
41710,Categoria C1,commodity,2223.12,1
41710,Categoria C2,commodity,4785.36,2
41717,Categoria C1,commodity,2223.12,1
41717,Categoria C2,commodity,1086.44,2
41721,Categoria C1,commodity,2223.12,1
41721,Categoria C2,commodity,6424.44,2
41727,Categoria C1,commodity,1802.36,1
41727,Categoria C2,commodity,879.2,2
41731,Categoria C1,commodity,2223.12,1
41731,Categoria C2,commodity,1086.44,2
41736,Categoria C1,commodity,3410.04,1
41736,Categoria C2,commodity,15539.86,2
41739,Categoria C1,commodity,2223.12,1
41739,Categoria C2,commodity,10333.74,2
41740,Categoria C1,commodity,3410.04,1
41740,Categoria C2,commodity,15539.86,2
41770,Categoria C1,commodity,0.0,1
41770,Categoria C2,commodity,0.0,2
41777,Categoria C1,commodity,2223.12,1
41777,Categoria C2,commodity,1086.44,2
41781,Categoria C1,commodity,1802.36,1
41781,Categoria C2,commodity,879.2,2
41789,Categoria C1,commodity,3410.04,1
41789,Categoria C2,commodity,9674.34,2
41792,Categoria C1,commodity,2223.12,1
41792,Categoria C2,commodity,5711.66,2
41793,Categoria C1,commodity,2223.12,1
41793,Categoria C2,commodity,1086.44,2
41796,Categoria C1,commodity,1802.36,1
41796,Categoria C2,commodity,5504.42,2
41802,Categoria C1,commodity,2223.12,1
41802,Categoria C2,commodity,1086.44,2
41803,Categoria C1,commodity,3410.04,1
41803,Categoria C2,commodity,6292.56,2
41804,Categoria C1,commodity,3410.04,1
41804,Categoria C2,commodity,7215.72,2
41806,Categoria C1,commodity,3410.04,1
41806,Categoria C2,commodity,7215.72,2
41807,Categoria C1,commodity,2223.12,1
41807,Categoria C2,commodity,5711.66,2
41808,Categoria C1,commodity,1802.36,1
41808,Categoria C2,commodity,2728.66,2
41809,Categoria C1,commodity,3410.04,1
41809,Categoria C2,commodity,9991.48,2
41811,Categoria C1,commodity,0.0,1
41811,Categoria C2,commodity,0.0,2
41813,Categoria C1,commodity,1802.36,1
41813,Categoria C2,commodity,879.2,2
41814,Categoria C1,commodity,2223.12,1
41814,Categoria C2,commodity,8484.28,2
41822,Categoria C1,commodity,4546.72,1
41822,Categoria C2,commodity,2223.12,2
41823,Categoria C1,commodity,0.0,1
41823,Categoria C2,commodity,0.0,2
41824,Categoria C1,commodity,1802.36,1
41824,Categoria C2,commodity,879.2,2
41829,Categoria C1,commodity,3410.04,1
41829,Categoria C2,commodity,1667.34,2
41832,Categoria C1,commodity,3410.04,1
41832,Categoria C2,commodity,15539.86,2
41836,Categoria C1,commodity,3410.04,1
41836,Categoria C2,commodity,24787.16,2
41841,Categoria C1,commodity,2223.12,1
41841,Categoria C2,commodity,1086.44,2
41858,Categoria C1,commodity,2223.12,1
41858,Categoria C2,commodity,1086.44,2
41862,Categoria C1,commodity,3410.04,1
41862,Categoria C2,commodity,10914.64,2
41866,Categoria C1,commodity,3410.04,1
41866,Categoria C2,commodity,10914.64,2
41867,Categoria C1,commodity,2223.12,1
41867,Categoria C2,commodity,10333.74,2
41868,Categoria C1,commodity,3410.04,1
41868,Categoria C2,commodity,10914.64,2
41869,Categoria C1,commodity,1802.36,1
41869,Categoria C2,commodity,5504.42,2
41877,Categoria C1,commodity,1802.36,1
41877,Categoria C2,commodity,879.2,2
41885,Categoria C1,commodity,0.0,1
41885,Categoria C2,commodity,0.0,2
41887,Categoria C1,commodity,2223.12,1
41887,Categoria C2,commodity,11260.04,2
41900,Categoria C1,commodity,0.0,1
41900,Categoria C2,commodity,0.0,2
41906,Categoria C1,commodity,3410.04,1
41906,Categoria C2,commodity,24787.16,2
41908,Categoria C1,commodity,3410.04,1
41908,Categoria C2,commodity,1667.34,2
41909,Categoria C1,commodity,3410.04,1
41909,Categoria C2,commodity,1667.34,2
41921,Categoria C1,commodity,2223.12,1
41921,Categoria C2,commodity,6424.44,2
41923,Categoria C1,commodity,2223.12,1
41923,Categoria C2,commodity,6634.82,2
41924,Categoria C1,commodity,2223.12,1
41924,Categoria C2,commodity,3862.2,2
41926,Categoria C1,commodity,2223.12,1
41926,Categoria C2,commodity,10333.74,2
41928,Categoria C1,commodity,2223.12,1
41928,Categoria C2,commodity,1086.44,2
41930,Categoria C1,commodity,2223.12,1
41930,Categoria C2,commodity,6424.44,2
41931,Categoria C1,commodity,1802.36,1
41931,Categoria C2,commodity,1805.5,2
41933,Categoria C1,commodity,3410.04,1
41933,Categoria C2,commodity,13690.4,2
41945,Categoria C1,commodity,0.0,1
41945,Categoria C2,commodity,0.0,2
41946,Categoria C1,commodity,0.0,1
41946,Categoria C2,commodity,0.0,2
41947,Categoria C1,commodity,3410.04,1
41947,Categoria C2,commodity,9065.18,2
41948,Categoria C1,commodity,3410.04,1
41948,Categoria C2,commodity,9674.34,2
41952,Categoria C1,commodity,2223.12,1
41952,Categoria C2,commodity,10333.74,2
41954,Categoria C1,commodity,3410.04,1
41954,Categoria C2,commodity,9674.34,2
41955,Categoria C1,commodity,2223.12,1
41955,Categoria C2,commodity,1086.44,2
41956,Categoria C1,commodity,2223.12,1
41956,Categoria C2,commodity,6424.44,2
41959,Categoria C1,commodity,0.0,1
41959,Categoria C2,commodity,0.0,2
41962,Categoria C1,commodity,2223.12,1
41962,Categoria C2,commodity,7561.12,2
41964,Categoria C1,commodity,5683.4,1
41964,Categoria C2,commodity,2778.9,2
41966,Categoria C1,commodity,2223.12,1
41966,Categoria C2,commodity,1086.44,2
41970,Categoria C1,commodity,2223.12,1
41970,Categoria C2,commodity,1086.44,2
41971,Categoria C1,commodity,0.0,1
41971,Categoria C2,commodity,0.0,2
41977,Categoria C1,commodity,2223.12,1
41977,Categoria C2,commodity,6424.44,2
41982,Categoria C1,commodity,0.0,1
41982,Categoria C2,commodity,0.0,2
41986,Categoria C1,commodity,0.0,1
41986,Categoria C2,commodity,0.0,2
41988,Categoria C1,commodity,2223.12,1
41988,Categoria C2,commodity,1086.44,2
41993,Categoria C1,commodity,1802.36,1
41993,Categoria C2,commodity,5039.7,2
41996,Categoria C1,commodity,3410.04,1
41996,Categoria C2,commodity,20161.94,2
42002,Categoria C1,commodity,2223.12,1
42002,Categoria C2,commodity,6424.44,2
42006,Categoria C1,commodity,2223.12,1
42006,Categoria C2,commodity,6424.44,2
42013,Categoria C1,commodity,1802.36,1
42013,Categoria C2,commodity,8277.04,2
42015,Categoria C1,commodity,1802.36,1
42015,Categoria C2,commodity,879.2,2
42016,Categoria C1,commodity,3410.04,1
42016,Categoria C2,commodity,9674.34,2
42021,Categoria C1,commodity,0.0,1
42021,Categoria C2,commodity,0.0,2
42022,Categoria C1,commodity,3410.04,1
42022,Categoria C2,commodity,1667.34,2
42026,Categoria C1,commodity,2223.12,1
42026,Categoria C2,commodity,6424.44,2
42027,Categoria C1,commodity,2223.12,1
42027,Categoria C2,commodity,6424.44,2
42031,Categoria C1,commodity,2223.12,1
42031,Categoria C2,commodity,6424.44,2
42032,Categoria C1,commodity,3410.04,1
42032,Categoria C2,commodity,1667.34,2
42033,Categoria C1,commodity,2223.12,1
42033,Categoria C2,commodity,5711.66,2
42034,Categoria C1,commodity,5683.4,1
42034,Categoria C2,commodity,21273.5,2
42035,Categoria C1,commodity,4546.72,1
42035,Categoria C2,commodity,25342.94,2
42037,Categoria C1,commodity,2223.12,1
42037,Categoria C2,commodity,1086.44,2
42044,Categoria C1,commodity,3410.04,1
42044,Categoria C2,commodity,15539.86,2
42046,Categoria C1,commodity,9093.44,1
42046,Categoria C2,commodity,50682.74,2
42053,Categoria C1,commodity,3410.04,1
42053,Categoria C2,commodity,9065.18,2
42054,Categoria C1,commodity,3410.04,1
42054,Categoria C2,commodity,15539.86,2
42055,Categoria C1,commodity,0.0,1
42055,Categoria C2,commodity,0.0,2
42065,Categoria C1,commodity,3410.04,1
42065,Categoria C2,commodity,7215.72,2
42071,Categoria C1,commodity,3410.04,1
42071,Categoria C2,commodity,9674.34,2
42073,Categoria C1,commodity,3410.04,1
42073,Categoria C2,commodity,9674.34,2
42078,Categoria C1,commodity,3410.04,1
42078,Categoria C2,commodity,9674.34,2
42083,Categoria C1,commodity,3410.04,1
42083,Categoria C2,commodity,1667.34,2
42089,Categoria C1,commodity,2223.12,1
42089,Categoria C2,commodity,1086.44,2
42096,Categoria C1,commodity,2223.12,1
42096,Categoria C2,commodity,1086.44,2
42097,Categoria C1,commodity,3410.04,1
42097,Categoria C2,commodity,12764.1,2
42101,Categoria C1,commodity,2223.12,1
42101,Categoria C2,commodity,6424.44,2
42103,Categoria C1,commodity,3410.04,1
42103,Categoria C2,commodity,10914.64,2
42106,Categoria C1,commodity,5683.4,1
42106,Categoria C2,commodity,2778.9,2
42107,Categoria C1,commodity,3410.04,1
42107,Categoria C2,commodity,1667.34,2
42109,Categoria C1,commodity,3410.04,1
42109,Categoria C2,commodity,9674.34,2
42111,Categoria C1,commodity,2223.12,1
42111,Categoria C2,commodity,1086.44,2
42113,Categoria C1,commodity,3410.04,1
42113,Categoria C2,commodity,9674.34,2
42116,Categoria C1,commodity,2223.12,1
42116,Categoria C2,commodity,1086.44,2
42121,Categoria C1,commodity,4546.72,1
42121,Categoria C2,commodity,12899.12,2
42122,Categoria C1,commodity,0.0,1
42122,Categoria C2,commodity,0.0,2
42133,Categoria C1,commodity,3410.04,1
42133,Categoria C2,commodity,10914.64,2
42134,Categoria C1,commodity,2223.12,1
42134,Categoria C2,commodity,1086.44,2
42136,Categoria C1,commodity,0.0,1
42136,Categoria C2,commodity,0.0,2
42148,Categoria C1,commodity,3410.04,1
42148,Categoria C2,commodity,12764.1,2
42151,Categoria C1,commodity,5683.4,1
42151,Categoria C2,commodity,2778.9,2
42152,Categoria C1,commodity,0.0,1
42152,Categoria C2,commodity,0.0,2
42154,Categoria C1,commodity,1802.36,1
42154,Categoria C2,commodity,879.2,2
42155,Categoria C1,commodity,2223.12,1
42155,Categoria C2,commodity,1086.44,2
42157,Categoria C1,commodity,3410.04,1
42157,Categoria C2,commodity,10914.64,2
4216,Categoria C1,commodity,2223.12,1
4216,Categoria C2,commodity,6634.82,2
42160,Categoria C1,commodity,2223.12,1
42160,Categoria C2,commodity,6424.44,2
42170,Categoria C1,commodity,2223.12,1
42170,Categoria C2,commodity,1086.44,2
42172,Categoria C1,commodity,2223.12,1
42172,Categoria C2,commodity,7561.12,2
42175,Categoria C1,commodity,3410.04,1
42175,Categoria C2,commodity,1667.34,2
42177,Categoria C1,commodity,1802.36,1
42177,Categoria C2,commodity,1805.5,2
42181,Categoria C1,commodity,0.0,1
42181,Categoria C2,commodity,0.0,2
42183,Categoria C1,commodity,3410.04,1
42183,Categoria C2,commodity,1667.34,2
42184,Categoria C1,commodity,2223.12,1
42184,Categoria C2,commodity,6424.44,2
42187,Categoria C1,commodity,3410.04,1
42187,Categoria C2,commodity,6292.56,2
42188,Categoria C1,commodity,1802.36,1
42188,Categoria C2,commodity,6427.58,2
4219,Categoria C1,commodity,1802.36,1
4219,Categoria C2,commodity,10126.5,2
42191,Categoria C1,commodity,2223.12,1
42191,Categoria C2,commodity,5711.66,2
42194,Categoria C1,commodity,2223.12,1
42194,Categoria C2,commodity,1086.44,2
42197,Categoria C1,commodity,2223.12,1
42197,Categoria C2,commodity,1086.44,2
42205,Categoria C1,commodity,1802.36,1
42205,Categoria C2,commodity,879.2,2
42208,Categoria C1,commodity,2223.12,1
42208,Categoria C2,commodity,1086.44,2
42209,Categoria C1,commodity,2223.12,1
42209,Categoria C2,commodity,6424.44,2
42210,Categoria C1,commodity,3410.04,1
42210,Categoria C2,commodity,1667.34,2
42213,Categoria C1,commodity,2223.12,1
42213,Categoria C2,commodity,6424.44,2
42219,Categoria C1,commodity,2223.12,1
42219,Categoria C2,commodity,6424.44,2
42220,Categoria C1,commodity,2223.12,1
42220,Categoria C2,commodity,24206.26,2
42222,Categoria C1,commodity,2223.12,1
42222,Categoria C2,commodity,5711.66,2
42232,Categoria C1,commodity,0.0,1
42232,Categoria C2,commodity,0.0,2
42233,Categoria C1,commodity,2223.12,1
42233,Categoria C2,commodity,10333.74,2
42235,Categoria C1,commodity,2223.12,1
42235,Categoria C2,commodity,1086.44,2
42238,Categoria C1,commodity,2223.12,1
42238,Categoria C2,commodity,10333.74,2
42239,Categoria C1,commodity,2223.12,1
42239,Categoria C2,commodity,6424.44,2
42244,Categoria C1,commodity,2223.12,1
42244,Categoria C2,commodity,1086.44,2
42282,Categoria C1,commodity,2223.12,1
42282,Categoria C2,commodity,1086.44,2
42283,Categoria C1,commodity,4546.72,1
42283,Categoria C2,commodity,2223.12,2
42285,Categoria C1,commodity,2223.12,1
42285,Categoria C2,commodity,3862.2,2
42286,Categoria C1,commodity,4546.72,1
42286,Categoria C2,commodity,20717.72,2
42287,Categoria C1,commodity,4546.72,1
42287,Categoria C2,commodity,7771.5,2
42288,Categoria C1,commodity,4546.72,1
42288,Categoria C2,commodity,12899.12,2
42290,Categoria C1,commodity,4546.72,1
42290,Categoria C2,commodity,16095.64,2
42292,Categoria C1,commodity,3410.04,1
42292,Categoria C2,commodity,9674.34,2
42293,Categoria C1,commodity,2223.12,1
42293,Categoria C2,commodity,24206.26,2
42295,Categoria C1,commodity,3410.04,1
42295,Categoria C2,commodity,1667.34,2
42296,Categoria C1,commodity,2223.12,1
42296,Categoria C2,commodity,8022.7,2
42297,Categoria C1,commodity,2223.12,1
42297,Categoria C2,commodity,1086.44,2
42298,Categoria C1,commodity,2223.12,1
42298,Categoria C2,commodity,1086.44,2
42300,Categoria C1,commodity,2223.12,1
42300,Categoria C2,commodity,5711.66,2
42302,Categoria C1,commodity,2223.12,1
42302,Categoria C2,commodity,1086.44,2
42303,Categoria C1,commodity,2223.12,1
42303,Categoria C2,commodity,1086.44,2
42304,Categoria C1,commodity,2223.12,1
42304,Categoria C2,commodity,8484.28,2
42307,Categoria C1,commodity,4546.72,1
42307,Categoria C2,commodity,2223.12,2
42310,Categoria C1,commodity,2223.12,1
42310,Categoria C2,commodity,1271.7,2
42322,Categoria C1,commodity,2223.12,1
42322,Categoria C2,commodity,6634.82,2
42323,Categoria C1,commodity,2223.12,1
42323,Categoria C2,commodity,1086.44,2
42324,Categoria C1,commodity,2223.12,1
42324,Categoria C2,commodity,6424.44,2
42326,Categoria C1,commodity,3410.04,1
42326,Categoria C2,commodity,1667.34,2
42329,Categoria C1,commodity,2223.12,1
42329,Categoria C2,commodity,1086.44,2
42330,Categoria C1,commodity,2223.12,1
42330,Categoria C2,commodity,10333.74,2
42332,Categoria C1,commodity,2223.12,1
42332,Categoria C2,commodity,1086.44,2
42334,Categoria C1,commodity,2223.12,1
42334,Categoria C2,commodity,6424.44,2
42335,Categoria C1,commodity,0.0,1
42335,Categoria C2,commodity,0.0,2
4234,Categoria C1,commodity,1802.36,1
4234,Categoria C2,commodity,879.2,2
42342,Categoria C1,commodity,1802.36,1
42342,Categoria C2,commodity,879.2,2
42343,Categoria C1,commodity,3410.04,1
42343,Categoria C2,commodity,1667.34,2
42347,Categoria C1,commodity,2223.12,1
42347,Categoria C2,commodity,6424.44,2
42350,Categoria C1,commodity,2223.12,1
42350,Categoria C2,commodity,14958.96,2
42352,Categoria C1,commodity,0.0,1
42352,Categoria C2,commodity,0.0,2
42356,Categoria C1,commodity,2223.12,1
42356,Categoria C2,commodity,5711.66,2
42359,Categoria C1,commodity,3410.04,1
42359,Categoria C2,commodity,1667.34,2
42360,Categoria C1,commodity,2223.12,1
42360,Categoria C2,commodity,6424.44,2
42361,Categoria C1,commodity,3410.04,1
42361,Categoria C2,commodity,7215.72,2
42364,Categoria C1,commodity,3410.04,1
42364,Categoria C2,commodity,1667.34,2
4237,Categoria C1,commodity,2223.12,1
4237,Categoria C2,commodity,6424.44,2
42374,Categoria C1,commodity,3410.04,1
42374,Categoria C2,commodity,1667.34,2
42375,Categoria C1,commodity,3410.04,1
42375,Categoria C2,commodity,1667.34,2
42381,Categoria C1,commodity,0.0,1
42381,Categoria C2,commodity,0.0,2
42382,Categoria C1,commodity,0.0,1
42382,Categoria C2,commodity,0.0,2
42386,Categoria C1,commodity,2223.12,1
42386,Categoria C2,commodity,6424.44,2
42387,Categoria C1,commodity,2223.12,1
42387,Categoria C2,commodity,1086.44,2
42389,Categoria C1,commodity,2223.12,1
42389,Categoria C2,commodity,6424.44,2
42390,Categoria C1,commodity,2223.12,1
42390,Categoria C2,commodity,1086.44,2
42394,Categoria C1,commodity,0.0,1
42394,Categoria C2,commodity,0.0,2
42395,Categoria C1,commodity,2223.12,1
42395,Categoria C2,commodity,10333.74,2
42396,Categoria C1,commodity,2223.12,1
42396,Categoria C2,commodity,10333.74,2
42398,Categoria C1,commodity,2223.12,1
42398,Categoria C2,commodity,1086.44,2
42401,Categoria C1,commodity,1802.36,1
42401,Categoria C2,commodity,879.2,2
42403,Categoria C1,commodity,2223.12,1
42403,Categoria C2,commodity,6634.82,2
42407,Categoria C1,commodity,2223.12,1
42407,Categoria C2,commodity,1086.44,2
42410,Categoria C1,commodity,2223.12,1
42410,Categoria C2,commodity,1086.44,2
42414,Categoria C1,commodity,3410.04,1
42414,Categoria C2,commodity,1667.34,2
42420,Categoria C1,commodity,2223.12,1
42420,Categoria C2,commodity,10333.74,2
42421,Categoria C1,commodity,0.0,1
42421,Categoria C2,commodity,0.0,2
42426,Categoria C1,commodity,1802.36,1
42426,Categoria C2,commodity,879.2,2
42428,Categoria C1,commodity,2223.12,1
42428,Categoria C2,commodity,6424.44,2
42429,Categoria C1,commodity,2223.12,1
42429,Categoria C2,commodity,1086.44,2
42431,Categoria C1,commodity,2223.12,1
42431,Categoria C2,commodity,1086.44,2
42432,Categoria C1,commodity,3410.04,1
42432,Categoria C2,commodity,15539.86,2
42435,Categoria C1,commodity,4546.72,1
42435,Categoria C2,commodity,2223.12,2
42437,Categoria C1,commodity,1802.36,1
42437,Categoria C2,commodity,879.2,2
42439,Categoria C1,commodity,2223.12,1
42439,Categoria C2,commodity,1086.44,2
42440,Categoria C1,commodity,2223.12,1
42440,Categoria C2,commodity,4785.36,2
42443,Categoria C1,commodity,1802.36,1
42443,Categoria C2,commodity,879.2,2
42445,Categoria C1,commodity,3410.04,1
42445,Categoria C2,commodity,6292.56,2
42447,Categoria C1,commodity,0.0,1
42447,Categoria C2,commodity,0.0,2
42448,Categoria C1,commodity,0.0,1
42448,Categoria C2,commodity,0.0,2
42450,Categoria C1,commodity,2223.12,1
42450,Categoria C2,commodity,1086.44,2
42454,Categoria C1,commodity,3410.04,1
42454,Categoria C2,commodity,1667.34,2
42456,Categoria C1,commodity,2223.12,1
42456,Categoria C2,commodity,1086.44,2
42460,Categoria C1,commodity,2223.12,1
42460,Categoria C2,commodity,1086.44,2
42462,Categoria C1,commodity,3410.04,1
42462,Categoria C2,commodity,1667.34,2
42464,Categoria C1,commodity,0.0,1
42464,Categoria C2,commodity,0.0,2
42469,Categoria C1,commodity,3410.04,1
42469,Categoria C2,commodity,1667.34,2
42471,Categoria C1,commodity,3410.04,1
42471,Categoria C2,commodity,10914.64,2
42473,Categoria C1,commodity,3410.04,1
42473,Categoria C2,commodity,1667.34,2
42478,Categoria C1,commodity,3410.04,1
42478,Categoria C2,commodity,10914.64,2
42479,Categoria C1,commodity,2223.12,1
42479,Categoria C2,commodity,6424.44,2
42483,Categoria C1,commodity,3410.04,1
42483,Categoria C2,commodity,13225.68,2
42484,Categoria C1,commodity,2223.12,1
42484,Categoria C2,commodity,1086.44,2
42488,Categoria C1,commodity,4546.72,1
42488,Categoria C2,commodity,2223.12,2
42490,Categoria C1,commodity,2223.12,1
42490,Categoria C2,commodity,6424.44,2
42493,Categoria C1,commodity,2223.12,1
42493,Categoria C2,commodity,1086.44,2
42494,Categoria C1,commodity,2223.12,1
42494,Categoria C2,commodity,6424.44,2
42495,Categoria C1,commodity,3410.04,1
42495,Categoria C2,commodity,1667.34,2
42496,Categoria C1,commodity,1802.36,1
42496,Categoria C2,commodity,879.2,2
42498,Categoria C1,commodity,3410.04,1
42498,Categoria C2,commodity,20161.94,2
42499,Categoria C1,commodity,4546.72,1
42499,Categoria C2,commodity,20717.72,2
42500,Categoria C1,commodity,4546.72,1
42500,Categoria C2,commodity,2223.12,2
42503,Categoria C1,commodity,2223.12,1
42503,Categoria C2,commodity,1086.44,2
42504,Categoria C1,commodity,3410.04,1
42504,Categoria C2,commodity,9674.34,2
42507,Categoria C1,commodity,7956.76,1
42507,Categoria C2,commodity,3890.46,2
4251,Categoria C1,commodity,2223.12,1
4251,Categoria C2,commodity,1086.44,2
42512,Categoria C1,commodity,1802.36,1
42512,Categoria C2,commodity,879.2,2
42513,Categoria C1,commodity,2223.12,1
42513,Categoria C2,commodity,1086.44,2
42517,Categoria C1,commodity,3410.04,1
42517,Categoria C2,commodity,1667.34,2
42518,Categoria C1,commodity,4546.72,1
42518,Categoria C2,commodity,2223.12,2
42519,Categoria C1,commodity,2223.12,1
42519,Categoria C2,commodity,1086.44,2
42521,Categoria C1,commodity,2223.12,1
42521,Categoria C2,commodity,1086.44,2
42523,Categoria C1,commodity,2223.12,1
42523,Categoria C2,commodity,10333.74,2
42524,Categoria C1,commodity,0.0,1
42524,Categoria C2,commodity,0.0,2
42525,Categoria C1,commodity,3410.04,1
42525,Categoria C2,commodity,1667.34,2
42526,Categoria C1,commodity,3410.04,1
42526,Categoria C2,commodity,1667.34,2
42529,Categoria C1,commodity,3410.04,1
42529,Categoria C2,commodity,1667.34,2
42534,Categoria C1,commodity,6820.08,1
42534,Categoria C2,commodity,3334.68,2
42535,Categoria C1,commodity,2223.12,1
42535,Categoria C2,commodity,1086.44,2
42537,Categoria C1,commodity,4546.72,1
42537,Categoria C2,commodity,2223.12,2
42539,Categoria C1,commodity,1802.36,1
42539,Categoria C2,commodity,879.2,2
4254,Categoria C1,commodity,2223.12,1
4254,Categoria C2,commodity,6424.44,2
42540,Categoria C1,commodity,1802.36,1
42540,Categoria C2,commodity,879.2,2
42542,Categoria C1,commodity,6820.08,1
42542,Categoria C2,commodity,3334.68,2
42543,Categoria C1,commodity,2223.12,1
42543,Categoria C2,commodity,1086.44,2
42544,Categoria C1,commodity,2223.12,1
42544,Categoria C2,commodity,1086.44,2
42546,Categoria C1,commodity,0.0,1
42546,Categoria C2,commodity,0.0,2
42547,Categoria C1,commodity,2223.12,1
42547,Categoria C2,commodity,1086.44,2
42548,Categoria C1,commodity,2223.12,1
42548,Categoria C2,commodity,1086.44,2
42549,Categoria C1,commodity,3410.04,1
42549,Categoria C2,commodity,1667.34,2
42552,Categoria C1,commodity,3410.04,1
42552,Categoria C2,commodity,1667.34,2
42554,Categoria C1,commodity,1802.36,1
42554,Categoria C2,commodity,879.2,2
42559,Categoria C1,commodity,2223.12,1
42559,Categoria C2,commodity,1086.44,2
42566,Categoria C1,commodity,1802.36,1
42566,Categoria C2,commodity,879.2,2
42567,Categoria C1,commodity,2223.12,1
42567,Categoria C2,commodity,1086.44,2
42568,Categoria C1,commodity,2223.12,1
42568,Categoria C2,commodity,1086.44,2
42569,Categoria C1,commodity,0.0,1
42569,Categoria C2,commodity,0.0,2
42570,Categoria C1,commodity,1802.36,1
42570,Categoria C2,commodity,879.2,2
42574,Categoria C1,commodity,3410.04,1
42574,Categoria C2,commodity,1667.34,2
42575,Categoria C1,commodity,2223.12,1
42575,Categoria C2,commodity,1086.44,2
42576,Categoria C1,commodity,2223.12,1
42576,Categoria C2,commodity,1086.44,2
42577,Categoria C1,commodity,2223.12,1
42577,Categoria C2,commodity,1086.44,2
42580,Categoria C1,commodity,2223.12,1
42580,Categoria C2,commodity,1086.44,2
42581,Categoria C1,commodity,1802.36,1
42581,Categoria C2,commodity,879.2,2
42591,Categoria C1,commodity,2223.12,1
42591,Categoria C2,commodity,1086.44,2
42592,Categoria C1,commodity,3410.04,1
42592,Categoria C2,commodity,1667.34,2
42595,Categoria C1,commodity,2223.12,1
42595,Categoria C2,commodity,1086.44,2
42600,Categoria C1,commodity,6820.08,1
42600,Categoria C2,commodity,3334.68,2
42607,Categoria C1,commodity,2223.12,1
42607,Categoria C2,commodity,1086.44,2
42614,Categoria C1,commodity,3410.04,1
42614,Categoria C2,commodity,1667.34,2
42615,Categoria C1,commodity,2223.12,1
42615,Categoria C2,commodity,1086.44,2
42616,Categoria C1,commodity,0.0,1
42616,Categoria C2,commodity,0.0,2
42617,Categoria C1,commodity,3410.04,1
42617,Categoria C2,commodity,1667.34,2
42619,Categoria C1,commodity,1802.36,1
42619,Categoria C2,commodity,879.2,2
42620,Categoria C1,commodity,2223.12,1
42620,Categoria C2,commodity,1086.44,2
42623,Categoria C1,commodity,1802.36,1
42623,Categoria C2,commodity,879.2,2
42624,Categoria C1,commodity,3410.04,1
42624,Categoria C2,commodity,1667.34,2
42625,Categoria C1,commodity,2223.12,1
42625,Categoria C2,commodity,1086.44,2
42627,Categoria C1,commodity,2223.12,1
42627,Categoria C2,commodity,1086.44,2
42628,Categoria C1,commodity,2223.12,1
42628,Categoria C2,commodity,1086.44,2
42630,Categoria C1,commodity,3410.04,1
42630,Categoria C2,commodity,1667.34,2
42635,Categoria C1,commodity,3410.04,1
42635,Categoria C2,commodity,1667.34,2
42636,Categoria C1,commodity,3410.04,1
42636,Categoria C2,commodity,1667.34,2
42637,Categoria C1,commodity,2223.12,1
42637,Categoria C2,commodity,1086.44,2
42639,Categoria C1,commodity,3410.04,1
42639,Categoria C2,commodity,1667.34,2
42640,Categoria C1,commodity,3410.04,1
42640,Categoria C2,commodity,1667.34,2
42645,Categoria C1,commodity,4546.72,1
42645,Categoria C2,commodity,2223.12,2
42646,Categoria C1,commodity,2223.12,1
42646,Categoria C2,commodity,1086.44,2
42647,Categoria C1,commodity,0.0,1
42647,Categoria C2,commodity,0.0,2
42650,Categoria C1,commodity,3410.04,1
42650,Categoria C2,commodity,1667.34,2
42653,Categoria C1,commodity,1802.36,1
42653,Categoria C2,commodity,879.2,2
42654,Categoria C1,commodity,3410.04,1
42654,Categoria C2,commodity,1667.34,2
42655,Categoria C1,commodity,3410.04,1
42655,Categoria C2,commodity,1667.34,2
42658,Categoria C1,commodity,2223.12,1
42658,Categoria C2,commodity,1086.44,2
42659,Categoria C1,commodity,2223.12,1
42659,Categoria C2,commodity,1086.44,2
42661,Categoria C1,commodity,2223.12,1
42661,Categoria C2,commodity,1086.44,2
42663,Categoria C1,commodity,3410.04,1
42663,Categoria C2,commodity,1667.34,2
42699,Categoria C1,commodity,3410.04,1
42699,Categoria C2,commodity,1667.34,2
42700,Categoria C1,commodity,3410.04,1
42700,Categoria C2,commodity,1667.34,2
42701,Categoria C1,commodity,2223.12,1
42701,Categoria C2,commodity,1086.44,2
42703,Categoria C1,commodity,2223.12,1
42703,Categoria C2,commodity,1086.44,2
42704,Categoria C1,commodity,1802.36,1
42704,Categoria C2,commodity,879.2,2
42706,Categoria C1,commodity,2223.12,1
42706,Categoria C2,commodity,1086.44,2
42709,Categoria C1,commodity,3410.04,1
42709,Categoria C2,commodity,1667.34,2
42711,Categoria C1,commodity,3410.04,1
42711,Categoria C2,commodity,1667.34,2
42717,Categoria C1,commodity,3410.04,1
42717,Categoria C2,commodity,1667.34,2
42718,Categoria C1,commodity,2223.12,1
42718,Categoria C2,commodity,1086.44,2
42719,Categoria C1,commodity,4546.72,1
42719,Categoria C2,commodity,2223.12,2
42720,Categoria C1,commodity,3410.04,1
42720,Categoria C2,commodity,1667.34,2
42721,Categoria C1,commodity,3410.04,1
42721,Categoria C2,commodity,1667.34,2
42722,Categoria C1,commodity,3410.04,1
42722,Categoria C2,commodity,1667.34,2
42724,Categoria C1,commodity,3410.04,1
42724,Categoria C2,commodity,1667.34,2
42725,Categoria C1,commodity,3410.04,1
42725,Categoria C2,commodity,1667.34,2
42726,Categoria C1,commodity,3410.04,1
42726,Categoria C2,commodity,1667.34,2
42727,Categoria C1,commodity,3410.04,1
42727,Categoria C2,commodity,1667.34,2
42728,Categoria C1,commodity,2223.12,1
42728,Categoria C2,commodity,1086.44,2
42729,Categoria C1,commodity,3410.04,1
42729,Categoria C2,commodity,1667.34,2
42730,Categoria C1,commodity,3410.04,1
42730,Categoria C2,commodity,1667.34,2
42731,Categoria C1,commodity,3410.04,1
42731,Categoria C2,commodity,1667.34,2
42732,Categoria C1,commodity,3410.04,1
42732,Categoria C2,commodity,1667.34,2
42733,Categoria C1,commodity,3410.04,1
42733,Categoria C2,commodity,1667.34,2
42734,Categoria C1,commodity,3410.04,1
42734,Categoria C2,commodity,1667.34,2
42735,Categoria C1,commodity,3410.04,1
42735,Categoria C2,commodity,1667.34,2
42736,Categoria C1,commodity,3410.04,1
42736,Categoria C2,commodity,1667.34,2
42737,Categoria C1,commodity,3410.04,1
42737,Categoria C2,commodity,1667.34,2
42738,Categoria C1,commodity,3410.04,1
42738,Categoria C2,commodity,1667.34,2
42739,Categoria C1,commodity,3410.04,1
42739,Categoria C2,commodity,1667.34,2
42740,Categoria C1,commodity,3410.04,1
42740,Categoria C2,commodity,1667.34,2
42741,Categoria C1,commodity,3410.04,1
42741,Categoria C2,commodity,1667.34,2
42742,Categoria C1,commodity,3410.04,1
42742,Categoria C2,commodity,1667.34,2
42743,Categoria C1,commodity,3410.04,1
42743,Categoria C2,commodity,1667.34,2
42744,Categoria C1,commodity,1802.36,1
42744,Categoria C2,commodity,879.2,2
42745,Categoria C1,commodity,3410.04,1
42745,Categoria C2,commodity,1667.34,2
42747,Categoria C1,commodity,3410.04,1
42747,Categoria C2,commodity,1667.34,2
42748,Categoria C1,commodity,3410.04,1
42748,Categoria C2,commodity,1667.34,2
42750,Categoria C1,commodity,3410.04,1
42750,Categoria C2,commodity,1667.34,2
42751,Categoria C1,commodity,3410.04,1
42751,Categoria C2,commodity,1667.34,2
42752,Categoria C1,commodity,0.0,1
42752,Categoria C2,commodity,0.0,2
42753,Categoria C1,commodity,3410.04,1
42753,Categoria C2,commodity,1667.34,2
42754,Categoria C1,commodity,3410.04,1
42754,Categoria C2,commodity,1667.34,2
42755,Categoria C1,commodity,3410.04,1
42755,Categoria C2,commodity,1667.34,2
42756,Categoria C1,commodity,3410.04,1
42756,Categoria C2,commodity,1667.34,2
42757,Categoria C1,commodity,3410.04,1
42757,Categoria C2,commodity,1667.34,2
42760,Categoria C1,commodity,2223.12,1
42760,Categoria C2,commodity,1086.44,2
42761,Categoria C1,commodity,2223.12,1
42761,Categoria C2,commodity,1086.44,2
42763,Categoria C1,commodity,1802.36,1
42763,Categoria C2,commodity,879.2,2
42764,Categoria C1,commodity,3410.04,1
42764,Categoria C2,commodity,1667.34,2
42766,Categoria C1,commodity,1802.36,1
42766,Categoria C2,commodity,879.2,2
42771,Categoria C1,commodity,2223.12,1
42771,Categoria C2,commodity,1086.44,2
42773,Categoria C1,commodity,0.0,1
42773,Categoria C2,commodity,0.0,2
42774,Categoria C1,commodity,2223.12,1
42774,Categoria C2,commodity,1086.44,2
42776,Categoria C1,commodity,2223.12,1
42776,Categoria C2,commodity,1086.44,2
42777,Categoria C1,commodity,2223.12,1
42777,Categoria C2,commodity,1086.44,2
42778,Categoria C1,commodity,2223.12,1
42778,Categoria C2,commodity,1086.44,2
42779,Categoria C1,commodity,1802.36,1
42779,Categoria C2,commodity,879.2,2
42781,Categoria C1,commodity,3410.04,1
42781,Categoria C2,commodity,1667.34,2
42782,Categoria C1,commodity,0.0,1
42782,Categoria C2,commodity,0.0,2
42783,Categoria C1,commodity,3410.04,1
42783,Categoria C2,commodity,1667.34,2
42784,Categoria C1,commodity,2223.12,1
42784,Categoria C2,commodity,1086.44,2
42785,Categoria C1,commodity,2223.12,1
42785,Categoria C2,commodity,1086.44,2
42786,Categoria C1,commodity,3410.04,1
42786,Categoria C2,commodity,1667.34,2
42788,Categoria C1,commodity,3410.04,1
42788,Categoria C2,commodity,1667.34,2
42790,Categoria C1,commodity,4546.72,1
42790,Categoria C2,commodity,2223.12,2
42791,Categoria C1,commodity,1802.36,1
42791,Categoria C2,commodity,879.2,2
42792,Categoria C1,commodity,2223.12,1
42792,Categoria C2,commodity,1086.44,2
42793,Categoria C1,commodity,2223.12,1
42793,Categoria C2,commodity,1086.44,2
42795,Categoria C1,commodity,0.0,1
42795,Categoria C2,commodity,0.0,2
42796,Categoria C1,commodity,1802.36,1
42796,Categoria C2,commodity,879.2,2
42798,Categoria C1,commodity,0.0,1
42798,Categoria C2,commodity,0.0,2
42799,Categoria C1,commodity,1802.36,1
42799,Categoria C2,commodity,879.2,2
42803,Categoria C1,commodity,3410.04,1
42803,Categoria C2,commodity,1667.34,2
42805,Categoria C1,commodity,2223.12,1
42805,Categoria C2,commodity,1086.44,2
42806,Categoria C1,commodity,3410.04,1
42806,Categoria C2,commodity,1667.34,2
42807,Categoria C1,commodity,2223.12,1
42807,Categoria C2,commodity,1086.44,2
42808,Categoria C1,commodity,2223.12,1
42808,Categoria C2,commodity,1086.44,2
42809,Categoria C1,commodity,2223.12,1
42809,Categoria C2,commodity,1086.44,2
42811,Categoria C1,commodity,1802.36,1
42811,Categoria C2,commodity,879.2,2
42813,Categoria C1,commodity,2223.12,1
42813,Categoria C2,commodity,1086.44,2
42814,Categoria C1,commodity,1802.36,1
42814,Categoria C2,commodity,879.2,2
42815,Categoria C1,commodity,3410.04,1
42815,Categoria C2,commodity,1667.34,2
42817,Categoria C1,commodity,2223.12,1
42817,Categoria C2,commodity,1086.44,2
42819,Categoria C1,commodity,5683.4,1
42819,Categoria C2,commodity,2778.9,2
42821,Categoria C1,commodity,3410.04,1
42821,Categoria C2,commodity,1667.34,2
42822,Categoria C1,commodity,1802.36,1
42822,Categoria C2,commodity,879.2,2
42823,Categoria C1,commodity,1802.36,1
42823,Categoria C2,commodity,879.2,2
42825,Categoria C1,commodity,2223.12,1
42825,Categoria C2,commodity,1086.44,2
42826,Categoria C1,commodity,2223.12,1
42826,Categoria C2,commodity,1086.44,2
42828,Categoria C1,commodity,4546.72,1
42828,Categoria C2,commodity,2223.12,2
42830,Categoria C1,commodity,2223.12,1
42830,Categoria C2,commodity,1086.44,2
42831,Categoria C1,commodity,2223.12,1
42831,Categoria C2,commodity,1086.44,2
42832,Categoria C1,commodity,2223.12,1
42832,Categoria C2,commodity,1086.44,2
42839,Categoria C1,commodity,1802.36,1
42839,Categoria C2,commodity,879.2,2
42840,Categoria C1,commodity,2223.12,1
42840,Categoria C2,commodity,1086.44,2
42843,Categoria C1,commodity,2223.12,1
42843,Categoria C2,commodity,1086.44,2
42844,Categoria C1,commodity,2223.12,1
42844,Categoria C2,commodity,1086.44,2
42845,Categoria C1,commodity,2223.12,1
42845,Categoria C2,commodity,1086.44,2
42846,Categoria C1,commodity,1802.36,1
42846,Categoria C2,commodity,879.2,2
42847,Categoria C1,commodity,2223.12,1
42847,Categoria C2,commodity,1086.44,2
42848,Categoria C1,commodity,3410.04,1
42848,Categoria C2,commodity,1667.34,2
42849,Categoria C1,commodity,2223.12,1
42849,Categoria C2,commodity,1086.44,2
42850,Categoria C1,commodity,2223.12,1
42850,Categoria C2,commodity,1086.44,2
42852,Categoria C1,commodity,2223.12,1
42852,Categoria C2,commodity,1086.44,2
42853,Categoria C1,commodity,1802.36,1
42853,Categoria C2,commodity,879.2,2
42854,Categoria C1,commodity,1802.36,1
42854,Categoria C2,commodity,879.2,2
42855,Categoria C1,commodity,2223.12,1
42855,Categoria C2,commodity,1086.44,2
42856,Categoria C1,commodity,3410.04,1
42856,Categoria C2,commodity,1667.34,2
42857,Categoria C1,commodity,0.0,1
42857,Categoria C2,commodity,0.0,2
42859,Categoria C1,commodity,3410.04,1
42859,Categoria C2,commodity,1667.34,2
42860,Categoria C1,commodity,1802.36,1
42860,Categoria C2,commodity,879.2,2
42862,Categoria C1,commodity,2223.12,1
42862,Categoria C2,commodity,1086.44,2
42864,Categoria C1,commodity,3410.04,1
42864,Categoria C2,commodity,1667.34,2
42865,Categoria C1,commodity,9093.44,1
42865,Categoria C2,commodity,4446.24,2
42867,Categoria C1,commodity,2223.12,1
42867,Categoria C2,commodity,1086.44,2
42871,Categoria C1,commodity,4546.72,1
42871,Categoria C2,commodity,2223.12,2
42872,Categoria C1,commodity,1802.36,1
42872,Categoria C2,commodity,879.2,2
42881,Categoria C1,commodity,3410.04,1
42881,Categoria C2,commodity,1667.34,2
42882,Categoria C1,commodity,3410.04,1
42882,Categoria C2,commodity,1667.34,2
42883,Categoria C1,commodity,2223.12,1
42883,Categoria C2,commodity,1086.44,2
42884,Categoria C1,commodity,1802.36,1
42884,Categoria C2,commodity,879.2,2
42885,Categoria C1,commodity,2223.12,1
42885,Categoria C2,commodity,1086.44,2
42886,Categoria C1,commodity,1802.36,1
42886,Categoria C2,commodity,879.2,2
42887,Categoria C1,commodity,1802.36,1
42887,Categoria C2,commodity,879.2,2
42889,Categoria C1,commodity,3410.04,1
42889,Categoria C2,commodity,1667.34,2
42890,Categoria C1,commodity,2223.12,1
42890,Categoria C2,commodity,1086.44,2
42892,Categoria C1,commodity,4546.72,1
42892,Categoria C2,commodity,2223.12,2
42893,Categoria C1,commodity,0.0,1
42893,Categoria C2,commodity,0.0,2
42894,Categoria C1,commodity,1802.36,1
42894,Categoria C2,commodity,879.2,2
42896,Categoria C1,commodity,2223.12,1
42896,Categoria C2,commodity,1086.44,2
42899,Categoria C1,commodity,2223.12,1
42899,Categoria C2,commodity,1086.44,2
42900,Categoria C1,commodity,4546.72,1
42900,Categoria C2,commodity,2223.12,2
42902,Categoria C1,commodity,3410.04,1
42902,Categoria C2,commodity,1667.34,2
42903,Categoria C1,commodity,1802.36,1
42903,Categoria C2,commodity,879.2,2
42904,Categoria C1,commodity,6820.08,1
42904,Categoria C2,commodity,3334.68,2
42905,Categoria C1,commodity,3410.04,1
42905,Categoria C2,commodity,1667.34,2
42906,Categoria C1,commodity,3410.04,1
42906,Categoria C2,commodity,1667.34,2
42909,Categoria C1,commodity,2223.12,1
42909,Categoria C2,commodity,1086.44,2
42910,Categoria C1,commodity,3410.04,1
42910,Categoria C2,commodity,1667.34,2
42911,Categoria C1,commodity,3410.04,1
42911,Categoria C2,commodity,1667.34,2
42912,Categoria C1,commodity,2223.12,1
42912,Categoria C2,commodity,1086.44,2
42914,Categoria C1,commodity,3410.04,1
42914,Categoria C2,commodity,1667.34,2
42917,Categoria C1,commodity,4546.72,1
42917,Categoria C2,commodity,2223.12,2
42919,Categoria C1,commodity,2223.12,1
42919,Categoria C2,commodity,1086.44,2
42921,Categoria C1,commodity,3410.04,1
42921,Categoria C2,commodity,1667.34,2
42925,Categoria C1,commodity,1802.36,1
42925,Categoria C2,commodity,879.2,2
42928,Categoria C1,commodity,1802.36,1
42928,Categoria C2,commodity,879.2,2
42929,Categoria C1,commodity,1802.36,1
42929,Categoria C2,commodity,879.2,2
42930,Categoria C1,commodity,4546.72,1
42930,Categoria C2,commodity,2223.12,2
42931,Categoria C1,commodity,3410.04,1
42931,Categoria C2,commodity,1667.34,2
42933,Categoria C1,commodity,2223.12,1
42933,Categoria C2,commodity,1086.44,2
42936,Categoria C1,commodity,3410.04,1
42936,Categoria C2,commodity,1667.34,2
42937,Categoria C1,commodity,3410.04,1
42937,Categoria C2,commodity,1667.34,2
42938,Categoria C1,commodity,2223.12,1
42938,Categoria C2,commodity,1086.44,2
42940,Categoria C1,commodity,2223.12,1
42940,Categoria C2,commodity,1086.44,2
42941,Categoria C1,commodity,3410.04,1
42941,Categoria C2,commodity,1667.34,2
42943,Categoria C1,commodity,0.0,1
42943,Categoria C2,commodity,0.0,2
42945,Categoria C1,commodity,1802.36,1
42945,Categoria C2,commodity,879.2,2
42946,Categoria C1,commodity,3410.04,1
42946,Categoria C2,commodity,1667.34,2
42947,Categoria C1,commodity,2223.12,1
42947,Categoria C2,commodity,1086.44,2
42951,Categoria C1,commodity,2223.12,1
42951,Categoria C2,commodity,1086.44,2
42952,Categoria C1,commodity,3410.04,1
42952,Categoria C2,commodity,1667.34,2
42954,Categoria C1,commodity,2223.12,1
42954,Categoria C2,commodity,1086.44,2
42955,Categoria C1,commodity,2223.12,1
42955,Categoria C2,commodity,1086.44,2
42956,Categoria C1,commodity,2223.12,1
42956,Categoria C2,commodity,1086.44,2
42958,Categoria C1,commodity,1802.36,1
42958,Categoria C2,commodity,879.2,2
42959,Categoria C1,commodity,3410.04,1
42959,Categoria C2,commodity,1667.34,2
42960,Categoria C1,commodity,2223.12,1
42960,Categoria C2,commodity,1086.44,2
42965,Categoria C1,commodity,1802.36,1
42965,Categoria C2,commodity,879.2,2
42966,Categoria C1,commodity,3410.04,1
42966,Categoria C2,commodity,1667.34,2
42974,Categoria C1,commodity,2223.12,1
42974,Categoria C2,commodity,1086.44,2
42978,Categoria C1,commodity,3410.04,1
42978,Categoria C2,commodity,1667.34,2
42979,Categoria C1,commodity,0.0,1
42979,Categoria C2,commodity,0.0,2
42980,Categoria C1,commodity,3410.04,1
42980,Categoria C2,commodity,1667.34,2
42981,Categoria C1,commodity,3410.04,1
42981,Categoria C2,commodity,1667.34,2
42983,Categoria C1,commodity,2223.12,1
42983,Categoria C2,commodity,1086.44,2
42985,Categoria C1,commodity,2223.12,1
42985,Categoria C2,commodity,1086.44,2
42986,Categoria C1,commodity,3410.04,1
42986,Categoria C2,commodity,1667.34,2
42987,Categoria C1,commodity,3410.04,1
42987,Categoria C2,commodity,1667.34,2
42988,Categoria C1,commodity,0.0,1
42988,Categoria C2,commodity,0.0,2
42991,Categoria C1,commodity,2223.12,1
42991,Categoria C2,commodity,1086.44,2
42993,Categoria C1,commodity,2223.12,1
42993,Categoria C2,commodity,1086.44,2
42994,Categoria C1,commodity,2223.12,1
42994,Categoria C2,commodity,1086.44,2
42995,Categoria C1,commodity,2223.12,1
42995,Categoria C2,commodity,1086.44,2
42996,Categoria C1,commodity,4546.72,1
42996,Categoria C2,commodity,2223.12,2
42997,Categoria C1,commodity,1802.36,1
42997,Categoria C2,commodity,879.2,2
42998,Categoria C1,commodity,2223.12,1
42998,Categoria C2,commodity,1086.44,2
42999,Categoria C1,commodity,3410.04,1
42999,Categoria C2,commodity,1667.34,2
43000,Categoria C1,commodity,0.0,1
43000,Categoria C2,commodity,0.0,2
43001,Categoria C1,commodity,0.0,1
43001,Categoria C2,commodity,0.0,2
43006,Categoria C1,commodity,3410.04,1
43006,Categoria C2,commodity,1667.34,2
43007,Categoria C1,commodity,3410.04,1
43007,Categoria C2,commodity,1667.34,2
43008,Categoria C1,commodity,2223.12,1
43008,Categoria C2,commodity,1086.44,2
43009,Categoria C1,commodity,2223.12,1
43009,Categoria C2,commodity,1086.44,2
43010,Categoria C1,commodity,2223.12,1
43010,Categoria C2,commodity,1086.44,2
43013,Categoria C1,commodity,3410.04,1
43013,Categoria C2,commodity,1667.34,2
43015,Categoria C1,commodity,3410.04,1
43015,Categoria C2,commodity,1667.34,2
43016,Categoria C1,commodity,1802.36,1
43016,Categoria C2,commodity,879.2,2
43017,Categoria C1,commodity,2223.12,1
43017,Categoria C2,commodity,1086.44,2
43018,Categoria C1,commodity,2223.12,1
43018,Categoria C2,commodity,1086.44,2
43019,Categoria C1,commodity,2223.12,1
43019,Categoria C2,commodity,1086.44,2
43020,Categoria C1,commodity,3410.04,1
43020,Categoria C2,commodity,1667.34,2
43022,Categoria C1,commodity,3410.04,1
43022,Categoria C2,commodity,1667.34,2
43023,Categoria C1,commodity,0.0,1
43023,Categoria C2,commodity,0.0,2
43024,Categoria C1,commodity,3410.04,1
43024,Categoria C2,commodity,1667.34,2
43026,Categoria C1,commodity,2223.12,1
43026,Categoria C2,commodity,1086.44,2
43028,Categoria C1,commodity,2223.12,1
43028,Categoria C2,commodity,1086.44,2
43030,Categoria C1,commodity,2223.12,1
43030,Categoria C2,commodity,1086.44,2
43032,Categoria C1,commodity,2223.12,1
43032,Categoria C2,commodity,1086.44,2
43034,Categoria C1,commodity,2223.12,1
43034,Categoria C2,commodity,1086.44,2
43035,Categoria C1,commodity,4546.72,1
43035,Categoria C2,commodity,2223.12,2
43037,Categoria C1,commodity,1802.36,1
43037,Categoria C2,commodity,879.2,2
43038,Categoria C1,commodity,1802.36,1
43038,Categoria C2,commodity,879.2,2
43039,Categoria C1,commodity,1802.36,1
43039,Categoria C2,commodity,879.2,2
43040,Categoria C1,commodity,3410.04,1
43040,Categoria C2,commodity,1667.34,2
43041,Categoria C1,commodity,3410.04,1
43041,Categoria C2,commodity,1667.34,2
43043,Categoria C1,commodity,0.0,1
43043,Categoria C2,commodity,0.0,2
43044,Categoria C1,commodity,2223.12,1
43044,Categoria C2,commodity,1086.44,2
43045,Categoria C1,commodity,2223.12,1
43045,Categoria C2,commodity,1086.44,2
43046,Categoria C1,commodity,2223.12,1
43046,Categoria C2,commodity,1086.44,2
43048,Categoria C1,commodity,1802.36,1
43048,Categoria C2,commodity,879.2,2
43050,Categoria C1,commodity,0.0,1
43050,Categoria C2,commodity,0.0,2
43052,Categoria C1,commodity,0.0,1
43052,Categoria C2,commodity,0.0,2
43053,Categoria C1,commodity,2223.12,1
43053,Categoria C2,commodity,1086.44,2
43054,Categoria C1,commodity,0.0,1
43054,Categoria C2,commodity,0.0,2
43055,Categoria C1,commodity,4546.72,1
43055,Categoria C2,commodity,2223.12,2
43056,Categoria C1,commodity,1802.36,1
43056,Categoria C2,commodity,879.2,2
43058,Categoria C1,commodity,1802.36,1
43058,Categoria C2,commodity,879.2,2
43060,Categoria C1,commodity,1802.36,1
43060,Categoria C2,commodity,879.2,2
43062,Categoria C1,commodity,3410.04,1
43062,Categoria C2,commodity,1667.34,2
43064,Categoria C1,commodity,3410.04,1
43064,Categoria C2,commodity,1667.34,2
43068,Categoria C1,commodity,2223.12,1
43068,Categoria C2,commodity,1086.44,2
43070,Categoria C1,commodity,5683.4,1
43070,Categoria C2,commodity,2778.9,2
43071,Categoria C1,commodity,0.0,1
43071,Categoria C2,commodity,0.0,2
43072,Categoria C1,commodity,2223.12,1
43072,Categoria C2,commodity,1086.44,2
43073,Categoria C1,commodity,2223.12,1
43073,Categoria C2,commodity,1086.44,2
43074,Categoria C1,commodity,2223.12,1
43074,Categoria C2,commodity,1086.44,2
43078,Categoria C1,commodity,3410.04,1
43078,Categoria C2,commodity,1667.34,2
43079,Categoria C1,commodity,2223.12,1
43079,Categoria C2,commodity,1086.44,2
43080,Categoria C1,commodity,1802.36,1
43080,Categoria C2,commodity,879.2,2
43082,Categoria C1,commodity,5683.4,1
43082,Categoria C2,commodity,2778.9,2
43083,Categoria C1,commodity,2223.12,1
43083,Categoria C2,commodity,1086.44,2
43084,Categoria C1,commodity,4546.72,1
43084,Categoria C2,commodity,2223.12,2
43085,Categoria C1,commodity,0.0,1
43085,Categoria C2,commodity,0.0,2
43086,Categoria C1,commodity,1802.36,1
43086,Categoria C2,commodity,879.2,2
43087,Categoria C1,commodity,2223.12,1
43087,Categoria C2,commodity,1086.44,2
43090,Categoria C1,commodity,1802.36,1
43090,Categoria C2,commodity,879.2,2
43091,Categoria C1,commodity,0.0,1
43091,Categoria C2,commodity,0.0,2
43096,Categoria C1,commodity,3410.04,1
43096,Categoria C2,commodity,1667.34,2
43099,Categoria C1,commodity,1802.36,1
43099,Categoria C2,commodity,879.2,2
43101,Categoria C1,commodity,3410.04,1
43101,Categoria C2,commodity,1667.34,2
43102,Categoria C1,commodity,0.0,1
43102,Categoria C2,commodity,0.0,2
43103,Categoria C1,commodity,2223.12,1
43103,Categoria C2,commodity,1086.44,2
43104,Categoria C1,commodity,2223.12,1
43104,Categoria C2,commodity,1086.44,2
43105,Categoria C1,commodity,2223.12,1
43105,Categoria C2,commodity,1086.44,2
43106,Categoria C1,commodity,4546.72,1
43106,Categoria C2,commodity,2223.12,2
43107,Categoria C1,commodity,1802.36,1
43107,Categoria C2,commodity,879.2,2
43108,Categoria C1,commodity,0.0,1
43108,Categoria C2,commodity,0.0,2
43112,Categoria C1,commodity,0.0,1
43112,Categoria C2,commodity,0.0,2
43113,Categoria C1,commodity,0.0,1
43113,Categoria C2,commodity,0.0,2
43114,Categoria C1,commodity,3410.04,1
43114,Categoria C2,commodity,1667.34,2
43115,Categoria C1,commodity,3410.04,1
43115,Categoria C2,commodity,1667.34,2
43116,Categoria C1,commodity,3410.04,1
43116,Categoria C2,commodity,1667.34,2
43120,Categoria C1,commodity,3410.04,1
43120,Categoria C2,commodity,1667.34,2
43121,Categoria C1,commodity,1802.36,1
43121,Categoria C2,commodity,879.2,2
43122,Categoria C1,commodity,2223.12,1
43122,Categoria C2,commodity,1086.44,2
43123,Categoria C1,commodity,4546.72,1
43123,Categoria C2,commodity,2223.12,2
43124,Categoria C1,commodity,3410.04,1
43124,Categoria C2,commodity,1667.34,2
43125,Categoria C1,commodity,3410.04,1
43125,Categoria C2,commodity,1667.34,2
43126,Categoria C1,commodity,3410.04,1
43126,Categoria C2,commodity,1667.34,2
43127,Categoria C1,commodity,1802.36,1
43127,Categoria C2,commodity,879.2,2
43128,Categoria C1,commodity,2223.12,1
43128,Categoria C2,commodity,1086.44,2
43129,Categoria C1,commodity,4546.72,1
43129,Categoria C2,commodity,2223.12,2
43130,Categoria C1,commodity,2223.12,1
43130,Categoria C2,commodity,1086.44,2
43132,Categoria C1,commodity,3410.04,1
43132,Categoria C2,commodity,1667.34,2
43134,Categoria C1,commodity,3410.04,1
43134,Categoria C2,commodity,1667.34,2
43135,Categoria C1,commodity,2223.12,1
43135,Categoria C2,commodity,1086.44,2
43136,Categoria C1,commodity,2223.12,1
43136,Categoria C2,commodity,1086.44,2
43137,Categoria C1,commodity,1802.36,1
43137,Categoria C2,commodity,879.2,2
43138,Categoria C1,commodity,2223.12,1
43138,Categoria C2,commodity,1086.44,2
43139,Categoria C1,commodity,1802.36,1
43139,Categoria C2,commodity,879.2,2
43140,Categoria C1,commodity,1802.36,1
43140,Categoria C2,commodity,879.2,2
43141,Categoria C1,commodity,2223.12,1
43141,Categoria C2,commodity,1086.44,2
43142,Categoria C1,commodity,3410.04,1
43142,Categoria C2,commodity,1667.34,2
43143,Categoria C1,commodity,2223.12,1
43143,Categoria C2,commodity,1086.44,2
43145,Categoria C1,commodity,2223.12,1
43145,Categoria C2,commodity,1086.44,2
43146,Categoria C1,commodity,3410.04,1
43146,Categoria C2,commodity,1667.34,2
43148,Categoria C1,commodity,3410.04,1
43148,Categoria C2,commodity,1667.34,2
43149,Categoria C1,commodity,3410.04,1
43149,Categoria C2,commodity,1667.34,2
43150,Categoria C1,commodity,1802.36,1
43150,Categoria C2,commodity,879.2,2
43155,Categoria C1,commodity,3410.04,1
43155,Categoria C2,commodity,1667.34,2
43156,Categoria C1,commodity,0.0,1
43156,Categoria C2,commodity,0.0,2
43158,Categoria C1,commodity,4546.72,1
43158,Categoria C2,commodity,2223.12,2
43160,Categoria C1,commodity,0.0,1
43160,Categoria C2,commodity,0.0,2
43161,Categoria C1,commodity,4546.72,1
43161,Categoria C2,commodity,2223.12,2
43162,Categoria C1,commodity,0.0,1
43162,Categoria C2,commodity,0.0,2
43163,Categoria C1,commodity,3410.04,1
43163,Categoria C2,commodity,1667.34,2
43164,Categoria C1,commodity,2223.12,1
43164,Categoria C2,commodity,1086.44,2
43168,Categoria C1,commodity,3410.04,1
43168,Categoria C2,commodity,1667.34,2
43169,Categoria C1,commodity,2223.12,1
43169,Categoria C2,commodity,1086.44,2
43170,Categoria C1,commodity,0.0,1
43170,Categoria C2,commodity,0.0,2
43175,Categoria C1,commodity,2223.12,1
43175,Categoria C2,commodity,1086.44,2
43177,Categoria C1,commodity,3410.04,1
43177,Categoria C2,commodity,1667.34,2
43178,Categoria C1,commodity,4546.72,1
43178,Categoria C2,commodity,2223.12,2
43180,Categoria C1,commodity,3410.04,1
43180,Categoria C2,commodity,1667.34,2
43181,Categoria C1,commodity,3410.04,1
43181,Categoria C2,commodity,1667.34,2
43183,Categoria C1,commodity,3410.04,1
43183,Categoria C2,commodity,1667.34,2
43186,Categoria C1,commodity,3410.04,1
43186,Categoria C2,commodity,1667.34,2
43188,Categoria C1,commodity,1802.36,1
43188,Categoria C2,commodity,879.2,2
43189,Categoria C1,commodity,2223.12,1
43189,Categoria C2,commodity,1086.44,2
43190,Categoria C1,commodity,2223.12,1
43190,Categoria C2,commodity,1086.44,2
43193,Categoria C1,commodity,0.0,1
43193,Categoria C2,commodity,0.0,2
43197,Categoria C1,commodity,2223.12,1
43197,Categoria C2,commodity,1086.44,2
43200,Categoria C1,commodity,3410.04,1
43200,Categoria C2,commodity,1667.34,2
43203,Categoria C1,commodity,0.0,1
43203,Categoria C2,commodity,0.0,2
43205,Categoria C1,commodity,0.0,1
43205,Categoria C2,commodity,0.0,2
43206,Categoria C1,commodity,1802.36,1
43206,Categoria C2,commodity,879.2,2
43207,Categoria C1,commodity,2223.12,1
43207,Categoria C2,commodity,1086.44,2
43210,Categoria C1,commodity,2223.12,1
43210,Categoria C2,commodity,1086.44,2
43212,Categoria C1,commodity,3410.04,1
43212,Categoria C2,commodity,1667.34,2
43213,Categoria C1,commodity,2223.12,1
43213,Categoria C2,commodity,1086.44,2
43218,Categoria C1,commodity,2223.12,1
43218,Categoria C2,commodity,1086.44,2
43219,Categoria C1,commodity,0.0,1
43219,Categoria C2,commodity,0.0,2
43220,Categoria C1,commodity,3410.04,1
43220,Categoria C2,commodity,1667.34,2
43225,Categoria C1,commodity,0.0,1
43225,Categoria C2,commodity,0.0,2
43227,Categoria C1,commodity,0.0,1
43227,Categoria C2,commodity,0.0,2
43231,Categoria C1,commodity,1802.36,1
43231,Categoria C2,commodity,879.2,2
43234,Categoria C1,commodity,0.0,1
43234,Categoria C2,commodity,0.0,2
43235,Categoria C1,commodity,2223.12,1
43235,Categoria C2,commodity,1086.44,2
43236,Categoria C1,commodity,0.0,1
43236,Categoria C2,commodity,0.0,2
43237,Categoria C1,commodity,2223.12,1
43237,Categoria C2,commodity,1086.44,2
43239,Categoria C1,commodity,3410.04,1
43239,Categoria C2,commodity,1667.34,2
43240,Categoria C1,commodity,0.0,1
43240,Categoria C2,commodity,0.0,2
43242,Categoria C1,commodity,0.0,1
43242,Categoria C2,commodity,0.0,2
43243,Categoria C1,commodity,5683.4,1
43243,Categoria C2,commodity,2778.9,2
43244,Categoria C1,commodity,0.0,1
43244,Categoria C2,commodity,0.0,2
43245,Categoria C1,commodity,0.0,1
43245,Categoria C2,commodity,0.0,2
43247,Categoria C1,commodity,0.0,1
43247,Categoria C2,commodity,0.0,2
43248,Categoria C1,commodity,1802.36,1
43248,Categoria C2,commodity,879.2,2
43249,Categoria C1,commodity,1802.36,1
43249,Categoria C2,commodity,879.2,2
43254,Categoria C1,commodity,0.0,1
43254,Categoria C2,commodity,0.0,2
43255,Categoria C1,commodity,3410.04,1
43255,Categoria C2,commodity,1667.34,2
43256,Categoria C1,commodity,0.0,1
43256,Categoria C2,commodity,0.0,2
43257,Categoria C1,commodity,1802.36,1
43257,Categoria C2,commodity,879.2,2
43258,Categoria C1,commodity,0.0,1
43258,Categoria C2,commodity,0.0,2
43259,Categoria C1,commodity,2223.12,1
43259,Categoria C2,commodity,1086.44,2
43264,Categoria C1,commodity,0.0,1
43264,Categoria C2,commodity,0.0,2
43270,Categoria C1,commodity,4546.72,1
43270,Categoria C2,commodity,2223.12,2
43271,Categoria C1,commodity,0.0,1
43271,Categoria C2,commodity,0.0,2
43272,Categoria C1,commodity,2223.12,1
43272,Categoria C2,commodity,1086.44,2
43274,Categoria C1,commodity,2223.12,1
43274,Categoria C2,commodity,1086.44,2
43275,Categoria C1,commodity,2223.12,1
43275,Categoria C2,commodity,1086.44,2
43277,Categoria C1,commodity,1802.36,1
43277,Categoria C2,commodity,879.2,2
43278,Categoria C1,commodity,0.0,1
43278,Categoria C2,commodity,0.0,2
43279,Categoria C1,commodity,0.0,1
43279,Categoria C2,commodity,0.0,2
43280,Categoria C1,commodity,0.0,1
43280,Categoria C2,commodity,0.0,2
43281,Categoria C1,commodity,0.0,1
43281,Categoria C2,commodity,0.0,2
43282,Categoria C1,commodity,0.0,1
43282,Categoria C2,commodity,0.0,2
43283,Categoria C1,commodity,0.0,1
43283,Categoria C2,commodity,0.0,2
43285,Categoria C1,commodity,2223.12,1
43285,Categoria C2,commodity,1086.44,2
43286,Categoria C1,commodity,3410.04,1
43286,Categoria C2,commodity,1667.34,2
43289,Categoria C1,commodity,0.0,1
43289,Categoria C2,commodity,0.0,2
4329,Categoria C1,commodity,1802.36,1
4329,Categoria C2,commodity,879.2,2
43291,Categoria C1,commodity,0.0,1
43291,Categoria C2,commodity,0.0,2
43294,Categoria C1,commodity,0.0,1
43294,Categoria C2,commodity,0.0,2
43298,Categoria C1,commodity,3410.04,1
43298,Categoria C2,commodity,1667.34,2
433,Categoria C1,commodity,3410.04,1
433,Categoria C2,commodity,6292.56,2
43300,Categoria C1,commodity,0.0,1
43300,Categoria C2,commodity,0.0,2
43301,Categoria C1,commodity,0.0,1
43301,Categoria C2,commodity,0.0,2
43303,Categoria C1,commodity,0.0,1
43303,Categoria C2,commodity,0.0,2
43305,Categoria C1,commodity,0.0,1
43305,Categoria C2,commodity,0.0,2
43308,Categoria C1,commodity,0.0,1
43308,Categoria C2,commodity,0.0,2
43310,Categoria C1,commodity,0.0,1
43310,Categoria C2,commodity,0.0,2
43311,Categoria C1,commodity,0.0,1
43311,Categoria C2,commodity,0.0,2
43312,Categoria C1,commodity,0.0,1
43312,Categoria C2,commodity,0.0,2
43313,Categoria C1,commodity,0.0,1
43313,Categoria C2,commodity,0.0,2
43314,Categoria C1,commodity,0.0,1
43314,Categoria C2,commodity,0.0,2
43315,Categoria C1,commodity,0.0,1
43315,Categoria C2,commodity,0.0,2
43316,Categoria C1,commodity,0.0,1
43316,Categoria C2,commodity,0.0,2
43317,Categoria C1,commodity,0.0,1
43317,Categoria C2,commodity,0.0,2
43318,Categoria C1,commodity,0.0,1
43318,Categoria C2,commodity,0.0,2
43319,Categoria C1,commodity,0.0,1
43319,Categoria C2,commodity,0.0,2
43320,Categoria C1,commodity,0.0,1
43320,Categoria C2,commodity,0.0,2
43321,Categoria C1,commodity,0.0,1
43321,Categoria C2,commodity,0.0,2
43322,Categoria C1,commodity,0.0,1
43322,Categoria C2,commodity,0.0,2
435,Categoria C1,commodity,2223.12,1
435,Categoria C2,commodity,6424.44,2
4358,Categoria C1,commodity,3410.04,1
4358,Categoria C2,commodity,1667.34,2
4359,Categoria C1,commodity,2223.12,1
4359,Categoria C2,commodity,6424.44,2
4406,Categoria C1,commodity,2223.12,1
4406,Categoria C2,commodity,6424.44,2
4412,Categoria C1,commodity,1802.36,1
4412,Categoria C2,commodity,3548.2,2
4414,Categoria C1,commodity,2223.12,1
4414,Categoria C2,commodity,6424.44,2
4415,Categoria C1,commodity,2223.12,1
4415,Categoria C2,commodity,8484.28,2
4425,Categoria C1,commodity,2223.12,1
4425,Categoria C2,commodity,11260.04,2
4451,Categoria C1,commodity,1802.36,1
4451,Categoria C2,commodity,879.2,2
4459,Categoria C1,commodity,2223.12,1
4459,Categoria C2,commodity,6424.44,2
4464,Categoria C1,commodity,4546.72,1
4464,Categoria C2,commodity,29965.02,2
4473,Categoria C1,commodity,2223.12,1
4473,Categoria C2,commodity,6424.44,2
4484,Categoria C1,commodity,2223.12,1
4484,Categoria C2,commodity,8484.28,2
4500,Categoria C1,commodity,2223.12,1
4500,Categoria C2,commodity,1086.44,2
4539,Categoria C1,commodity,1802.36,1
4539,Categoria C2,commodity,8738.62,2
4544,Categoria C1,commodity,2223.12,1
4544,Categoria C2,commodity,2935.9,2
4549,Categoria C1,commodity,3410.04,1
4549,Categoria C2,commodity,18312.48,2
4561,Categoria C1,commodity,1802.36,1
4561,Categoria C2,commodity,5504.42,2
46,Categoria C1,commodity,4546.72,1
46,Categoria C2,commodity,2223.12,2
462,Categoria C1,commodity,2223.12,1
462,Categoria C2,commodity,6424.44,2
4646,Categoria C1,commodity,3410.04,1
4646,Categoria C2,commodity,9674.34,2
4648,Categoria C1,commodity,1802.36,1
4648,Categoria C2,commodity,879.2,2
4656,Categoria C1,commodity,2223.12,1
4656,Categoria C2,commodity,6424.44,2
4660,Categoria C1,commodity,2223.12,1
4660,Categoria C2,commodity,28828.34,2
4668,Categoria C1,commodity,2223.12,1
4668,Categoria C2,commodity,10333.74,2
4681,Categoria C1,commodity,3410.04,1
4681,Categoria C2,commodity,9674.34,2
4710,Categoria C1,commodity,2223.12,1
4710,Categoria C2,commodity,8484.28,2
4717,Categoria C1,commodity,1802.36,1
4717,Categoria C2,commodity,3548.2,2
4722,Categoria C1,commodity,1802.36,1
4722,Categoria C2,commodity,5504.42,2
4725,Categoria C1,commodity,1802.36,1
4725,Categoria C2,commodity,879.2,2
473,Categoria C1,commodity,3410.04,1
473,Categoria C2,commodity,9674.34,2
4731,Categoria C1,commodity,2223.12,1
4731,Categoria C2,commodity,6424.44,2
474,Categoria C1,commodity,3410.04,1
474,Categoria C2,commodity,9674.34,2
4748,Categoria C1,commodity,3410.04,1
4748,Categoria C2,commodity,22011.4,2
475,Categoria C1,commodity,2223.12,1
475,Categoria C2,commodity,6424.44,2
4753,Categoria C1,commodity,3410.04,1
4753,Categoria C2,commodity,12764.1,2
4759,Categoria C1,commodity,1802.36,1
4759,Categoria C2,commodity,3548.2,2
4764,Categoria C1,commodity,2223.12,1
4764,Categoria C2,commodity,6424.44,2
4767,Categoria C1,commodity,5683.4,1
4767,Categoria C2,commodity,53640.62,2
477,Categoria C1,commodity,2223.12,1
477,Categoria C2,commodity,6424.44,2
4773,Categoria C1,commodity,1802.36,1
4773,Categoria C2,commodity,3548.2,2
4797,Categoria C1,commodity,4546.72,1
4797,Categoria C2,commodity,39212.32,2
4807,Categoria C1,commodity,2223.12,1
4807,Categoria C2,commodity,1086.44,2
4830,Categoria C1,commodity,1802.36,1
4830,Categoria C2,commodity,879.2,2
4832,Categoria C1,commodity,2223.12,1
4832,Categoria C2,commodity,1086.44,2
4835,Categoria C1,commodity,2223.12,1
4835,Categoria C2,commodity,1086.44,2
4845,Categoria C1,commodity,1802.36,1
4845,Categoria C2,commodity,879.2,2
4852,Categoria C1,commodity,0.0,1
4852,Categoria C2,commodity,0.0,2
4872,Categoria C1,commodity,2223.12,1
4872,Categoria C2,commodity,6634.82,2
4876,Categoria C1,commodity,1802.36,1
4876,Categoria C2,commodity,879.2,2
4895,Categoria C1,commodity,1802.36,1
4895,Categoria C2,commodity,879.2,2
4897,Categoria C1,commodity,1802.36,1
4897,Categoria C2,commodity,879.2,2
4903,Categoria C1,commodity,1802.36,1
4903,Categoria C2,commodity,879.2,2
4910,Categoria C1,commodity,2223.12,1
4910,Categoria C2,commodity,1086.44,2
4913,Categoria C1,commodity,1802.36,1
4913,Categoria C2,commodity,879.2,2
4919,Categoria C1,commodity,1802.36,1
4919,Categoria C2,commodity,879.2,2
4944,Categoria C1,commodity,1802.36,1
4944,Categoria C2,commodity,879.2,2
495,Categoria C1,commodity,2223.12,1
495,Categoria C2,commodity,1827.48,2
4953,Categoria C1,commodity,2223.12,1
4953,Categoria C2,commodity,1086.44,2
496,Categoria C1,commodity,2223.12,1
496,Categoria C2,commodity,1086.44,2
497,Categoria C1,commodity,2223.12,1
497,Categoria C2,commodity,1086.44,2
4989,Categoria C1,commodity,1802.36,1
4989,Categoria C2,commodity,879.2,2
5017,Categoria C1,commodity,2223.12,1
5017,Categoria C2,commodity,1086.44,2
5036,Categoria C1,commodity,1802.36,1
5036,Categoria C2,commodity,879.2,2
5040,Categoria C1,commodity,1802.36,1
5040,Categoria C2,commodity,879.2,2
5047,Categoria C1,commodity,1802.36,1
5047,Categoria C2,commodity,879.2,2
5067,Categoria C1,commodity,2223.12,1
5067,Categoria C2,commodity,1086.44,2
5076,Categoria C1,commodity,2223.12,1
5076,Categoria C2,commodity,14958.96,2
5079,Categoria C1,commodity,3410.04,1
5079,Categoria C2,commodity,9674.34,2
5087,Categoria C1,commodity,2223.12,1
5087,Categoria C2,commodity,8484.28,2
5104,Categoria C1,commodity,3410.04,1
5104,Categoria C2,commodity,12764.1,2
5111,Categoria C1,commodity,2223.12,1
5111,Categoria C2,commodity,6634.82,2
5114,Categoria C1,commodity,2223.12,1
5114,Categoria C2,commodity,6634.82,2
5115,Categoria C1,commodity,3410.04,1
5115,Categoria C2,commodity,4443.1,2
5125,Categoria C1,commodity,2223.12,1
5125,Categoria C2,commodity,10333.74,2
5129,Categoria C1,commodity,2223.12,1
5129,Categoria C2,commodity,10333.74,2
5134,Categoria C1,commodity,2223.12,1
5134,Categoria C2,commodity,10333.74,2
5136,Categoria C1,commodity,2223.12,1
5136,Categoria C2,commodity,8484.28,2
5154,Categoria C1,commodity,3410.04,1
5154,Categoria C2,commodity,12764.1,2
5160,Categoria C1,commodity,3410.04,1
5160,Categoria C2,commodity,9065.18,2
5171,Categoria C1,commodity,3410.04,1
5171,Categoria C2,commodity,1667.34,2
519,Categoria C1,commodity,2223.12,1
519,Categoria C2,commodity,6424.44,2
5191,Categoria C1,commodity,2223.12,1
5191,Categoria C2,commodity,12183.2,2
5194,Categoria C1,commodity,2223.12,1
5194,Categoria C2,commodity,10333.74,2
5195,Categoria C1,commodity,2223.12,1
5195,Categoria C2,commodity,12183.2,2
5209,Categoria C1,commodity,2223.12,1
5209,Categoria C2,commodity,12183.2,2
5210,Categoria C1,commodity,1802.36,1
5210,Categoria C2,commodity,5504.42,2
5213,Categoria C1,commodity,1802.36,1
5213,Categoria C2,commodity,879.2,2
523,Categoria C1,commodity,2223.12,1
523,Categoria C2,commodity,6424.44,2
5251,Categoria C1,commodity,2223.12,1
5251,Categoria C2,commodity,1086.44,2
5255,Categoria C1,commodity,2223.12,1
5255,Categoria C2,commodity,1086.44,2
5273,Categoria C1,commodity,3410.04,1
5273,Categoria C2,commodity,10914.64,2
5275,Categoria C1,commodity,2223.12,1
5275,Categoria C2,commodity,8484.28,2
5292,Categoria C1,commodity,3410.04,1
5292,Categoria C2,commodity,9674.34,2
5300,Categoria C1,commodity,2223.12,1
5300,Categoria C2,commodity,6424.44,2
5336,Categoria C1,commodity,2223.12,1
5336,Categoria C2,commodity,19581.04,2
5337,Categoria C1,commodity,3410.04,1
5337,Categoria C2,commodity,12764.1,2
5347,Categoria C1,commodity,3410.04,1
5347,Categoria C2,commodity,9065.18,2
5362,Categoria C1,commodity,2223.12,1
5362,Categoria C2,commodity,10333.74,2
5371,Categoria C1,commodity,4546.72,1
5371,Categoria C2,commodity,48459.62,2
5394,Categoria C1,commodity,2223.12,1
5394,Categoria C2,commodity,10333.74,2
5395,Categoria C1,commodity,1802.36,1
5395,Categoria C2,commodity,3548.2,2
542,Categoria C1,commodity,2223.12,1
542,Categoria C2,commodity,12183.2,2
5430,Categoria C1,commodity,3410.04,1
5430,Categoria C2,commodity,9526.76,2
5437,Categoria C1,commodity,3410.04,1
5437,Categoria C2,commodity,1667.34,2
544,Categoria C1,commodity,2223.12,1
544,Categoria C2,commodity,6424.44,2
5447,Categoria C1,commodity,2223.12,1
5447,Categoria C2,commodity,1086.44,2
5462,Categoria C1,commodity,3410.04,1
5462,Categoria C2,commodity,4443.1,2
5492,Categoria C1,commodity,1802.36,1
5492,Categoria C2,commodity,879.2,2
5495,Categoria C1,commodity,2223.12,1
5495,Categoria C2,commodity,7561.12,2
5501,Categoria C1,commodity,1802.36,1
5501,Categoria C2,commodity,879.2,2
551,Categoria C1,commodity,2223.12,1
551,Categoria C2,commodity,14958.96,2
553,Categoria C1,commodity,3410.04,1
553,Categoria C2,commodity,20161.94,2
5532,Categoria C1,commodity,1802.36,1
5532,Categoria C2,commodity,5504.42,2
5534,Categoria C1,commodity,2223.12,1
5534,Categoria C2,commodity,4785.36,2
5540,Categoria C1,commodity,2223.12,1
5540,Categoria C2,commodity,6634.82,2
5547,Categoria C1,commodity,1802.36,1
5547,Categoria C2,commodity,879.2,2
5548,Categoria C1,commodity,1802.36,1
5548,Categoria C2,commodity,3548.2,2
5554,Categoria C1,commodity,2223.12,1
5554,Categoria C2,commodity,4785.36,2
5567,Categoria C1,commodity,3410.04,1
5567,Categoria C2,commodity,8142.02,2
5577,Categoria C1,commodity,1802.36,1
5577,Categoria C2,commodity,879.2,2
5584,Categoria C1,commodity,4546.72,1
5584,Categoria C2,commodity,2223.12,2
5592,Categoria C1,commodity,2223.12,1
5592,Categoria C2,commodity,6634.82,2
5601,Categoria C1,commodity,2223.12,1
5601,Categoria C2,commodity,1086.44,2
5602,Categoria C1,commodity,2223.12,1
5602,Categoria C2,commodity,8484.28,2
5604,Categoria C1,commodity,4546.72,1
5604,Categoria C2,commodity,15169.34,2
5606,Categoria C1,commodity,1802.36,1
5606,Categoria C2,commodity,6427.58,2
5615,Categoria C1,commodity,1802.36,1
5615,Categoria C2,commodity,879.2,2
5628,Categoria C1,commodity,2223.12,1
5628,Categoria C2,commodity,10333.74,2
5629,Categoria C1,commodity,2223.12,1
5629,Categoria C2,commodity,6424.44,2
5665,Categoria C1,commodity,2223.12,1
5665,Categoria C2,commodity,18472.62,2
5686,Categoria C1,commodity,2223.12,1
5686,Categoria C2,commodity,12183.2,2
5696,Categoria C1,commodity,1802.36,1
5696,Categoria C2,commodity,879.2,2
5699,Categoria C1,commodity,2223.12,1
5699,Categoria C2,commodity,6424.44,2
5718,Categoria C1,commodity,2223.12,1
5718,Categoria C2,commodity,6424.44,2
5728,Categoria C1,commodity,3410.04,1
5728,Categoria C2,commodity,9674.34,2
573,Categoria C1,commodity,2223.12,1
573,Categoria C2,commodity,6424.44,2
5748,Categoria C1,commodity,2223.12,1
5748,Categoria C2,commodity,8484.28,2
5757,Categoria C1,commodity,2223.12,1
5757,Categoria C2,commodity,10333.74,2
576,Categoria C1,commodity,2223.12,1
576,Categoria C2,commodity,5711.66,2
5762,Categoria C1,commodity,2223.12,1
5762,Categoria C2,commodity,9410.58,2
5769,Categoria C1,commodity,2223.12,1
5769,Categoria C2,commodity,10333.74,2
5776,Categoria C1,commodity,2223.12,1
5776,Categoria C2,commodity,6424.44,2
5784,Categoria C1,commodity,4546.72,1
5784,Categoria C2,commodity,8233.08,2
5787,Categoria C1,commodity,5683.4,1
5787,Categoria C2,commodity,16123.9,2
5789,Categoria C1,commodity,4546.72,1
5789,Categoria C2,commodity,20717.72,2
5790,Categoria C1,commodity,2223.12,1
5790,Categoria C2,commodity,10333.74,2
5802,Categoria C1,commodity,2223.12,1
5802,Categoria C2,commodity,1086.44,2
5814,Categoria C1,commodity,2223.12,1
5814,Categoria C2,commodity,1086.44,2
583,Categoria C1,commodity,3410.04,1
583,Categoria C2,commodity,9674.34,2
5837,Categoria C1,commodity,1802.36,1
5837,Categoria C2,commodity,3548.2,2
5842,Categoria C1,commodity,3410.04,1
5842,Categoria C2,commodity,18588.8,2
5853,Categoria C1,commodity,3410.04,1
5853,Categoria C2,commodity,9065.18,2
5860,Categoria C1,commodity,2223.12,1
5860,Categoria C2,commodity,6424.44,2
5863,Categoria C1,commodity,2223.12,1
5863,Categoria C2,commodity,2935.9,2
5871,Categoria C1,commodity,1802.36,1
5871,Categoria C2,commodity,15674.88,2
5878,Categoria C1,commodity,4546.72,1
5878,Categoria C2,commodity,2223.12,2
5879,Categoria C1,commodity,3410.04,1
5879,Categoria C2,commodity,10914.64,2
5885,Categoria C1,commodity,2223.12,1
5885,Categoria C2,commodity,13109.5,2
5887,Categoria C1,commodity,2223.12,1
5887,Categoria C2,commodity,6424.44,2
5908,Categoria C1,commodity,2223.12,1
5908,Categoria C2,commodity,12183.2,2
5922,Categoria C1,commodity,2223.12,1
5922,Categoria C2,commodity,6424.44,2
5924,Categoria C1,commodity,3410.04,1
5924,Categoria C2,commodity,9674.34,2
5931,Categoria C1,commodity,2223.12,1
5931,Categoria C2,commodity,1086.44,2
5939,Categoria C1,commodity,2223.12,1
5939,Categoria C2,commodity,21430.5,2
6007,Categoria C1,commodity,3410.04,1
6007,Categoria C2,commodity,1667.34,2
6010,Categoria C1,commodity,2223.12,1
6010,Categoria C2,commodity,17640.52,2
6029,Categoria C1,commodity,4546.72,1
6029,Categoria C2,commodity,12899.12,2
6060,Categoria C1,commodity,2223.12,1
6060,Categoria C2,commodity,1086.44,2
6073,Categoria C1,commodity,1802.36,1
6073,Categoria C2,commodity,879.2,2
6123,Categoria C1,commodity,3410.04,1
6123,Categoria C2,commodity,16463.02,2
6131,Categoria C1,commodity,2223.12,1
6131,Categoria C2,commodity,10333.74,2
6147,Categoria C1,commodity,3410.04,1
6147,Categoria C2,commodity,9674.34,2
6158,Categoria C1,commodity,2223.12,1
6158,Categoria C2,commodity,1086.44,2
6170,Categoria C1,commodity,2223.12,1
6170,Categoria C2,commodity,9410.58,2
6184,Categoria C1,commodity,3410.04,1
6184,Categoria C2,commodity,9674.34,2
6187,Categoria C1,commodity,2223.12,1
6187,Categoria C2,commodity,1086.44,2
6197,Categoria C1,commodity,9093.44,1
6197,Categoria C2,commodity,22940.84,2
6208,Categoria C1,commodity,9093.44,1
6208,Categoria C2,commodity,22940.84,2
6211,Categoria C1,commodity,2223.12,1
6211,Categoria C2,commodity,17546.32,2
6213,Categoria C1,commodity,2223.12,1
6213,Categoria C2,commodity,6424.44,2
6217,Categoria C1,commodity,2223.12,1
6217,Categoria C2,commodity,6424.44,2
6225,Categoria C1,commodity,3410.04,1
6225,Categoria C2,commodity,34034.46,2
6230,Categoria C1,commodity,5683.4,1
6230,Categoria C2,commodity,11103.04,2
6248,Categoria C1,commodity,3410.04,1
6248,Categoria C2,commodity,20161.94,2
6249,Categoria C1,commodity,2223.12,1
6249,Categoria C2,commodity,1086.44,2
6250,Categoria C1,commodity,2223.12,1
6250,Categoria C2,commodity,6424.44,2
6253,Categoria C1,commodity,1802.36,1
6253,Categoria C2,commodity,879.2,2
6259,Categoria C1,commodity,3410.04,1
6259,Categoria C2,commodity,9065.18,2
6270,Categoria C1,commodity,1802.36,1
6270,Categoria C2,commodity,16877.5,2
6272,Categoria C1,commodity,3410.04,1
6272,Categoria C2,commodity,12764.1,2
6278,Categoria C1,commodity,2223.12,1
6278,Categoria C2,commodity,14958.96,2
6307,Categoria C1,commodity,2223.12,1
6307,Categoria C2,commodity,6424.44,2
631,Categoria C1,commodity,3410.04,1
631,Categoria C2,commodity,29409.24,2
632,Categoria C1,commodity,2223.12,1
632,Categoria C2,commodity,1086.44,2
6330,Categoria C1,commodity,2223.12,1
6330,Categoria C2,commodity,6424.44,2
6342,Categoria C1,commodity,3410.04,1
6342,Categoria C2,commodity,9674.34,2
6346,Categoria C1,commodity,1802.36,1
6346,Categoria C2,commodity,879.2,2
6347,Categoria C1,commodity,2223.12,1
6347,Categoria C2,commodity,5711.66,2
6360,Categoria C1,commodity,3410.04,1
6360,Categoria C2,commodity,6292.56,2
6361,Categoria C1,commodity,2223.12,1
6361,Categoria C2,commodity,1086.44,2
64,Categoria C1,commodity,2223.12,1
64,Categoria C2,commodity,6424.44,2
6401,Categoria C1,commodity,3410.04,1
6401,Categoria C2,commodity,7215.72,2
6407,Categoria C1,commodity,2223.12,1
6407,Categoria C2,commodity,10333.74,2
6421,Categoria C1,commodity,2223.12,1
6421,Categoria C2,commodity,12183.2,2
6426,Categoria C1,commodity,2223.12,1
6426,Categoria C2,commodity,10333.74,2
6471,Categoria C1,commodity,2223.12,1
6471,Categoria C2,commodity,14958.96,2
6476,Categoria C1,commodity,2223.12,1
6476,Categoria C2,commodity,14958.96,2
6479,Categoria C1,commodity,2223.12,1
6479,Categoria C2,commodity,6424.44,2
6485,Categoria C1,commodity,2223.12,1
6485,Categoria C2,commodity,1086.44,2
6488,Categoria C1,commodity,2223.12,1
6488,Categoria C2,commodity,6424.44,2
6491,Categoria C1,commodity,2223.12,1
6491,Categoria C2,commodity,4785.36,2
6495,Categoria C1,commodity,2223.12,1
6495,Categoria C2,commodity,12183.2,2
6510,Categoria C1,commodity,3410.04,1
6510,Categoria C2,commodity,15539.86,2
6518,Categoria C1,commodity,1802.36,1
6518,Categoria C2,commodity,3548.2,2
6525,Categoria C1,commodity,2223.12,1
6525,Categoria C2,commodity,8484.28,2
653,Categoria C1,commodity,1802.36,1
653,Categoria C2,commodity,3548.2,2
654,Categoria C1,commodity,2223.12,1
654,Categoria C2,commodity,6634.82,2
6546,Categoria C1,commodity,5683.4,1
6546,Categoria C2,commodity,39768.1,2
6553,Categoria C1,commodity,3410.04,1
6553,Categoria C2,commodity,29409.24,2
6556,Categoria C1,commodity,1802.36,1
6556,Categoria C2,commodity,3548.2,2
6569,Categoria C1,commodity,1802.36,1
6569,Categoria C2,commodity,879.2,2
6574,Categoria C1,commodity,2223.12,1
6574,Categoria C2,commodity,9410.58,2
6582,Categoria C1,commodity,2223.12,1
6582,Categoria C2,commodity,6424.44,2
6585,Categoria C1,commodity,2223.12,1
6585,Categoria C2,commodity,6424.44,2
66,Categoria C1,commodity,3410.04,1
66,Categoria C2,commodity,15539.86,2
6611,Categoria C1,commodity,2223.12,1
6611,Categoria C2,commodity,7561.12,2
6625,Categoria C1,commodity,4546.72,1
6625,Categoria C2,commodity,12899.12,2
664,Categoria C1,commodity,1802.36,1
664,Categoria C2,commodity,3548.2,2
6642,Categoria C1,commodity,4546.72,1
6642,Categoria C2,commodity,39212.32,2
6652,Categoria C1,commodity,2223.12,1
6652,Categoria C2,commodity,4785.36,2
6654,Categoria C1,commodity,2223.12,1
6654,Categoria C2,commodity,6424.44,2
6656,Categoria C1,commodity,2223.12,1
6656,Categoria C2,commodity,16808.42,2
6661,Categoria C1,commodity,1802.36,1
6661,Categoria C2,commodity,16968.56,2
6666,Categoria C1,commodity,2223.12,1
6666,Categoria C2,commodity,1086.44,2
667,Categoria C1,commodity,1802.36,1
667,Categoria C2,commodity,879.2,2
6671,Categoria C1,commodity,1802.36,1
6671,Categoria C2,commodity,879.2,2
6676,Categoria C1,commodity,3410.04,1
6676,Categoria C2,commodity,9065.18,2
6680,Categoria C1,commodity,1802.36,1
6680,Categoria C2,commodity,14751.72,2
6682,Categoria C1,commodity,3410.04,1
6682,Categoria C2,commodity,3978.38,2
669,Categoria C1,commodity,2223.12,1
669,Categoria C2,commodity,12183.2,2
6690,Categoria C1,commodity,4546.72,1
6690,Categoria C2,commodity,29965.02,2
670,Categoria C1,commodity,1802.36,1
670,Categoria C2,commodity,879.2,2
6700,Categoria C1,commodity,2223.12,1
6700,Categoria C2,commodity,8484.28,2
6710,Categoria C1,commodity,1802.36,1
6710,Categoria C2,commodity,879.2,2
6711,Categoria C1,commodity,2223.12,1
6711,Categoria C2,commodity,17731.58,2
6712,Categoria C1,commodity,3410.04,1
6712,Categoria C2,commodity,4443.1,2
6713,Categoria C1,commodity,2223.12,1
6713,Categoria C2,commodity,6424.44,2
6715,Categoria C1,commodity,2223.12,1
6715,Categoria C2,commodity,3397.48,2
6716,Categoria C1,commodity,2223.12,1
6716,Categoria C2,commodity,24206.26,2
6718,Categoria C1,commodity,2223.12,1
6718,Categoria C2,commodity,1086.44,2
6725,Categoria C1,commodity,2223.12,1
6725,Categoria C2,commodity,1086.44,2
6731,Categoria C1,commodity,2223.12,1
6731,Categoria C2,commodity,8484.28,2
6734,Categoria C1,commodity,2223.12,1
6734,Categoria C2,commodity,6424.44,2
6742,Categoria C1,commodity,2223.12,1
6742,Categoria C2,commodity,6424.44,2
6757,Categoria C1,commodity,4546.72,1
6757,Categoria C2,commodity,12899.12,2
6809,Categoria C1,commodity,2223.12,1
6809,Categoria C2,commodity,10333.74,2
6822,Categoria C1,commodity,3410.04,1
6822,Categoria C2,commodity,6292.56,2
6829,Categoria C1,commodity,1802.36,1
6829,Categoria C2,commodity,3548.2,2
683,Categoria C1,commodity,1802.36,1
683,Categoria C2,commodity,879.2,2
6832,Categoria C1,commodity,2223.12,1
6832,Categoria C2,commodity,6634.82,2
6838,Categoria C1,commodity,1802.36,1
6838,Categoria C2,commodity,879.2,2
6849,Categoria C1,commodity,3410.04,1
6849,Categoria C2,commodity,10914.64,2
685,Categoria C1,commodity,2223.12,1
685,Categoria C2,commodity,6424.44,2
69,Categoria C1,commodity,2223.12,1
69,Categoria C2,commodity,6424.44,2
6917,Categoria C1,commodity,2223.12,1
6917,Categoria C2,commodity,2935.9,2
6920,Categoria C1,commodity,2223.12,1
6920,Categoria C2,commodity,6424.44,2
6928,Categoria C1,commodity,2223.12,1
6928,Categoria C2,commodity,7096.4,2
6956,Categoria C1,commodity,2223.12,1
6956,Categoria C2,commodity,16990.54,2
6963,Categoria C1,commodity,3410.04,1
6963,Categoria C2,commodity,29409.24,2
6987,Categoria C1,commodity,1802.36,1
6987,Categoria C2,commodity,11052.8,2
6990,Categoria C1,commodity,3410.04,1
6990,Categoria C2,commodity,5827.84,2
7000,Categoria C1,commodity,6820.08,1
7000,Categoria C2,commodity,35607.6,2
7004,Categoria C1,commodity,1802.36,1
7004,Categoria C2,commodity,3548.2,2
7017,Categoria C1,commodity,2223.12,1
7017,Categoria C2,commodity,1086.44,2
7022,Categoria C1,commodity,2223.12,1
7022,Categoria C2,commodity,6634.82,2
7025,Categoria C1,commodity,1802.36,1
7025,Categoria C2,commodity,3548.2,2
7026,Categoria C1,commodity,2223.12,1
7026,Categoria C2,commodity,6634.82,2
7031,Categoria C1,commodity,2223.12,1
7031,Categoria C2,commodity,10333.74,2
7034,Categoria C1,commodity,2223.12,1
7034,Categoria C2,commodity,5711.66,2
7037,Categoria C1,commodity,1802.36,1
7037,Categoria C2,commodity,2728.66,2
7046,Categoria C1,commodity,1802.36,1
7046,Categoria C2,commodity,879.2,2
7051,Categoria C1,commodity,2223.12,1
7051,Categoria C2,commodity,10333.74,2
7065,Categoria C1,commodity,1802.36,1
7065,Categoria C2,commodity,3548.2,2
7090,Categoria C1,commodity,3410.04,1
7090,Categoria C2,commodity,10914.64,2
7094,Categoria C1,commodity,3410.04,1
7094,Categoria C2,commodity,15539.86,2
7095,Categoria C1,commodity,2223.12,1
7095,Categoria C2,commodity,1086.44,2
7135,Categoria C1,commodity,4546.72,1
7135,Categoria C2,commodity,18868.26,2
714,Categoria C1,commodity,1802.36,1
714,Categoria C2,commodity,9203.34,2
716,Categoria C1,commodity,2223.12,1
716,Categoria C2,commodity,1086.44,2
7170,Categoria C1,commodity,2223.12,1
7170,Categoria C2,commodity,6634.82,2
7175,Categoria C1,commodity,2223.12,1
7175,Categoria C2,commodity,10333.74,2
7186,Categoria C1,commodity,2223.12,1
7186,Categoria C2,commodity,8484.28,2
7192,Categoria C1,commodity,2223.12,1
7192,Categoria C2,commodity,28828.34,2
720,Categoria C1,commodity,2223.12,1
720,Categoria C2,commodity,10333.74,2
7201,Categoria C1,commodity,2223.12,1
7201,Categoria C2,commodity,6424.44,2
7212,Categoria C1,commodity,3410.04,1
7212,Categoria C2,commodity,20161.94,2
7213,Categoria C1,commodity,1802.36,1
7213,Categoria C2,commodity,879.2,2
7218,Categoria C1,commodity,3410.04,1
7218,Categoria C2,commodity,20161.94,2
722,Categoria C1,commodity,2223.12,1
722,Categoria C2,commodity,10333.74,2
7228,Categoria C1,commodity,2223.12,1
7228,Categoria C2,commodity,6424.44,2
7239,Categoria C1,commodity,1802.36,1
7239,Categoria C2,commodity,879.2,2
7250,Categoria C1,commodity,2223.12,1
7250,Categoria C2,commodity,6424.44,2
7275,Categoria C1,commodity,2223.12,1
7275,Categoria C2,commodity,1086.44,2
728,Categoria C1,commodity,3410.04,1
728,Categoria C2,commodity,9065.18,2
7280,Categoria C1,commodity,2223.12,1
7280,Categoria C2,commodity,6424.44,2
7283,Categoria C1,commodity,4546.72,1
7283,Categoria C2,commodity,20717.72,2
7289,Categoria C1,commodity,2223.12,1
7289,Categoria C2,commodity,6424.44,2
7295,Categoria C1,commodity,3410.04,1
7295,Categoria C2,commodity,15539.86,2
7304,Categoria C1,commodity,3410.04,1
7304,Categoria C2,commodity,20161.94,2
732,Categoria C1,commodity,2223.12,1
732,Categoria C2,commodity,6424.44,2
7325,Categoria C1,commodity,2223.12,1
7325,Categoria C2,commodity,8484.28,2
7332,Categoria C1,commodity,2223.12,1
7332,Categoria C2,commodity,16899.48,2
7341,Categoria C1,commodity,2223.12,1
7341,Categoria C2,commodity,17640.52,2
7342,Categoria C1,commodity,5683.4,1
7342,Categoria C2,commodity,2778.9,2
7346,Categoria C1,commodity,3410.04,1
7346,Categoria C2,commodity,6292.56,2
7356,Categoria C1,commodity,3410.04,1
7356,Categoria C2,commodity,13225.68,2
7362,Categoria C1,commodity,3410.04,1
7362,Categoria C2,commodity,23860.86,2
7372,Categoria C1,commodity,2223.12,1
7372,Categoria C2,commodity,12183.2,2
7382,Categoria C1,commodity,2223.12,1
7382,Categoria C2,commodity,15882.12,2
7408,Categoria C1,commodity,3410.04,1
7408,Categoria C2,commodity,4443.1,2
7410,Categoria C1,commodity,1802.36,1
7410,Categoria C2,commodity,879.2,2
7412,Categoria C1,commodity,3410.04,1
7412,Categoria C2,commodity,9674.34,2
7420,Categoria C1,commodity,1802.36,1
7420,Categoria C2,commodity,879.2,2
7422,Categoria C1,commodity,2223.12,1
7422,Categoria C2,commodity,19581.04,2
743,Categoria C1,commodity,3410.04,1
743,Categoria C2,commodity,9674.34,2
7434,Categoria C1,commodity,3410.04,1
7434,Categoria C2,commodity,8603.6,2
7451,Categoria C1,commodity,2223.12,1
7451,Categoria C2,commodity,1086.44,2
7466,Categoria C1,commodity,3410.04,1
7466,Categoria C2,commodity,1667.34,2
7469,Categoria C1,commodity,2223.12,1
7469,Categoria C2,commodity,4785.36,2
7471,Categoria C1,commodity,2223.12,1
7471,Categoria C2,commodity,3397.48,2
7475,Categoria C1,commodity,3410.04,1
7475,Categoria C2,commodity,9674.34,2
7480,Categoria C1,commodity,4546.72,1
7480,Categoria C2,commodity,2223.12,2
7484,Categoria C1,commodity,2223.12,1
7484,Categoria C2,commodity,1086.44,2
7496,Categoria C1,commodity,1802.36,1
7496,Categoria C2,commodity,3190.24,2
7497,Categoria C1,commodity,2223.12,1
7497,Categoria C2,commodity,2935.9,2
752,Categoria C1,commodity,3410.04,1
752,Categoria C2,commodity,38656.54,2
7523,Categoria C1,commodity,2223.12,1
7523,Categoria C2,commodity,17084.74,2
7539,Categoria C1,commodity,5683.4,1
7539,Categoria C2,commodity,2778.9,2
7543,Categoria C1,commodity,2223.12,1
7543,Categoria C2,commodity,6424.44,2
7547,Categoria C1,commodity,4546.72,1
7547,Categoria C2,commodity,29965.02,2
7549,Categoria C1,commodity,3410.04,1
7549,Categoria C2,commodity,6292.56,2
7563,Categoria C1,commodity,3410.04,1
7563,Categoria C2,commodity,6292.56,2
7566,Categoria C1,commodity,3410.04,1
7566,Categoria C2,commodity,38656.54,2
7586,Categoria C1,commodity,2223.12,1
7586,Categoria C2,commodity,1086.44,2
7595,Categoria C1,commodity,3410.04,1
7595,Categoria C2,commodity,11840.94,2
7598,Categoria C1,commodity,2223.12,1
7598,Categoria C2,commodity,6424.44,2
760,Categoria C1,commodity,3410.04,1
760,Categoria C2,commodity,15539.86,2
7602,Categoria C1,commodity,2223.12,1
7602,Categoria C2,commodity,17546.32,2
7608,Categoria C1,commodity,3410.04,1
7608,Categoria C2,commodity,20161.94,2
761,Categoria C1,commodity,3410.04,1
761,Categoria C2,commodity,6292.56,2
7618,Categoria C1,commodity,1802.36,1
7618,Categoria C2,commodity,879.2,2
7629,Categoria C1,commodity,1802.36,1
7629,Categoria C2,commodity,879.2,2
763,Categoria C1,commodity,2223.12,1
763,Categoria C2,commodity,1086.44,2
764,Categoria C1,commodity,2223.12,1
764,Categoria C2,commodity,1086.44,2
7642,Categoria C1,commodity,2223.12,1
7642,Categoria C2,commodity,5711.66,2
7644,Categoria C1,commodity,2223.12,1
7644,Categoria C2,commodity,8484.28,2
7647,Categoria C1,commodity,3410.04,1
7647,Categoria C2,commodity,9674.34,2
7648,Categoria C1,commodity,2223.12,1
7648,Categoria C2,commodity,8484.28,2
7649,Categoria C1,commodity,2223.12,1
7649,Categoria C2,commodity,19581.04,2
7660,Categoria C1,commodity,2223.12,1
7660,Categoria C2,commodity,8484.28,2
7661,Categoria C1,commodity,4546.72,1
7661,Categoria C2,commodity,12899.12,2
7670,Categoria C1,commodity,2223.12,1
7670,Categoria C2,commodity,8022.7,2
768,Categoria C1,commodity,2223.12,1
768,Categoria C2,commodity,14958.96,2
7690,Categoria C1,commodity,2223.12,1
7690,Categoria C2,commodity,6634.82,2
7698,Categoria C1,commodity,3410.04,1
7698,Categoria C2,commodity,9674.34,2
7700,Categoria C1,commodity,3410.04,1
7700,Categoria C2,commodity,10914.64,2
7708,Categoria C1,commodity,1802.36,1
7708,Categoria C2,commodity,879.2,2
7716,Categoria C1,commodity,3410.04,1
7716,Categoria C2,commodity,9674.34,2
7733,Categoria C1,commodity,3410.04,1
7733,Categoria C2,commodity,10914.64,2
7735,Categoria C1,commodity,2223.12,1
7735,Categoria C2,commodity,10333.74,2
7736,Categoria C1,commodity,2223.12,1
7736,Categoria C2,commodity,6424.44,2
7739,Categoria C1,commodity,4546.72,1
7739,Categoria C2,commodity,16095.64,2
7750,Categoria C1,commodity,4546.72,1
7750,Categoria C2,commodity,25342.94,2
7751,Categoria C1,commodity,2223.12,1
7751,Categoria C2,commodity,6424.44,2
7773,Categoria C1,commodity,1802.36,1
7773,Categoria C2,commodity,879.2,2
7777,Categoria C1,commodity,3410.04,1
7777,Categoria C2,commodity,15539.86,2
778,Categoria C1,commodity,3410.04,1
778,Categoria C2,commodity,6292.56,2
7785,Categoria C1,commodity,3410.04,1
7785,Categoria C2,commodity,1667.34,2
7790,Categoria C1,commodity,1802.36,1
7790,Categoria C2,commodity,3548.2,2
7836,Categoria C1,commodity,5683.4,1
7836,Categoria C2,commodity,30520.8,2
7868,Categoria C1,commodity,2223.12,1
7868,Categoria C2,commodity,6424.44,2
7880,Categoria C1,commodity,2223.12,1
7880,Categoria C2,commodity,6424.44,2
7881,Categoria C1,commodity,4546.72,1
7881,Categoria C2,commodity,25342.94,2
7892,Categoria C1,commodity,2223.12,1
7892,Categoria C2,commodity,75064.84,2
7919,Categoria C1,commodity,2223.12,1
7919,Categoria C2,commodity,6424.44,2
7920,Categoria C1,commodity,3410.04,1
7920,Categoria C2,commodity,9674.34,2
7931,Categoria C1,commodity,3410.04,1
7931,Categoria C2,commodity,9674.34,2
7932,Categoria C1,commodity,1802.36,1
7932,Categoria C2,commodity,879.2,2
7941,Categoria C1,commodity,2223.12,1
7941,Categoria C2,commodity,12644.78,2
7948,Categoria C1,commodity,2223.12,1
7948,Categoria C2,commodity,12183.2,2
7959,Categoria C1,commodity,1802.36,1
7959,Categoria C2,commodity,879.2,2
7966,Categoria C1,commodity,2223.12,1
7966,Categoria C2,commodity,6424.44,2
7971,Categoria C1,commodity,2223.12,1
7971,Categoria C2,commodity,12183.2,2
7972,Categoria C1,commodity,3410.04,1
7972,Categoria C2,commodity,12764.1,2
7985,Categoria C1,commodity,3410.04,1
7985,Categoria C2,commodity,9674.34,2
7992,Categoria C1,commodity,2223.12,1
7992,Categoria C2,commodity,6424.44,2
8001,Categoria C1,commodity,2223.12,1
8001,Categoria C2,commodity,17822.64,2
801,Categoria C1,commodity,1802.36,1
801,Categoria C2,commodity,879.2,2
8032,Categoria C1,commodity,1802.36,1
8032,Categoria C2,commodity,3548.2,2
8049,Categoria C1,commodity,3410.04,1
8049,Categoria C2,commodity,10914.64,2
8073,Categoria C1,commodity,4546.72,1
8073,Categoria C2,commodity,11470.42,2
8074,Categoria C1,commodity,3410.04,1
8074,Categoria C2,commodity,3978.38,2
8089,Categoria C1,commodity,2223.12,1
8089,Categoria C2,commodity,6424.44,2
8090,Categoria C1,commodity,3410.04,1
8090,Categoria C2,commodity,20161.94,2
8091,Categoria C1,commodity,2223.12,1
8091,Categoria C2,commodity,10333.74,2
8104,Categoria C1,commodity,2223.12,1
8104,Categoria C2,commodity,8022.7,2
813,Categoria C1,commodity,3410.04,1
813,Categoria C2,commodity,10914.64,2
8130,Categoria C1,commodity,5683.4,1
8130,Categoria C2,commodity,25898.72,2
8131,Categoria C1,commodity,3410.04,1
8131,Categoria C2,commodity,20161.94,2
814,Categoria C1,commodity,2223.12,1
814,Categoria C2,commodity,6424.44,2
8149,Categoria C1,commodity,2223.12,1
8149,Categoria C2,commodity,9410.58,2
8154,Categoria C1,commodity,1802.36,1
8154,Categoria C2,commodity,3548.2,2
8157,Categoria C1,commodity,2223.12,1
8157,Categoria C2,commodity,1086.44,2
8158,Categoria C1,commodity,2223.12,1
8158,Categoria C2,commodity,1086.44,2
816,Categoria C1,commodity,1802.36,1
816,Categoria C2,commodity,3548.2,2
8160,Categoria C1,commodity,3410.04,1
8160,Categoria C2,commodity,18312.48,2
8173,Categoria C1,commodity,6820.08,1
8173,Categoria C2,commodity,26454.5,2
8177,Categoria C1,commodity,4546.72,1
8177,Categoria C2,commodity,34590.24,2
818,Categoria C1,commodity,2223.12,1
818,Categoria C2,commodity,1086.44,2
8182,Categoria C1,commodity,2223.12,1
8182,Categoria C2,commodity,6424.44,2
8191,Categoria C1,commodity,1802.36,1
8191,Categoria C2,commodity,11975.96,2
8206,Categoria C1,commodity,2223.12,1
8206,Categoria C2,commodity,9410.58,2
8215,Categoria C1,commodity,3410.04,1
8215,Categoria C2,commodity,1667.34,2
8229,Categoria C1,commodity,3410.04,1
8229,Categoria C2,commodity,9674.34,2
8230,Categoria C1,commodity,3410.04,1
8230,Categoria C2,commodity,10914.64,2
8232,Categoria C1,commodity,2223.12,1
8232,Categoria C2,commodity,11260.04,2
8234,Categoria C1,commodity,3410.04,1
8234,Categoria C2,commodity,1667.34,2
8239,Categoria C1,commodity,2223.12,1
8239,Categoria C2,commodity,6424.44,2
8260,Categoria C1,commodity,2223.12,1
8260,Categoria C2,commodity,3862.2,2
827,Categoria C1,commodity,1802.36,1
827,Categoria C2,commodity,4578.12,2
8271,Categoria C1,commodity,1802.36,1
8271,Categoria C2,commodity,879.2,2
8276,Categoria C1,commodity,3410.04,1
8276,Categoria C2,commodity,9674.34,2
8278,Categoria C1,commodity,2223.12,1
8278,Categoria C2,commodity,1086.44,2
8279,Categoria C1,commodity,1802.36,1
8279,Categoria C2,commodity,879.2,2
8288,Categoria C1,commodity,2223.12,1
8288,Categoria C2,commodity,24206.26,2
8292,Categoria C1,commodity,3410.04,1
8292,Categoria C2,commodity,5366.26,2
8302,Categoria C1,commodity,2223.12,1
8302,Categoria C2,commodity,6424.44,2
8304,Categoria C1,commodity,1802.36,1
8304,Categoria C2,commodity,3548.2,2
8314,Categoria C1,commodity,1802.36,1
8314,Categoria C2,commodity,3548.2,2
8323,Categoria C1,commodity,3410.04,1
8323,Categoria C2,commodity,15539.86,2
8330,Categoria C1,commodity,1802.36,1
8330,Categoria C2,commodity,3548.2,2
8341,Categoria C1,commodity,2223.12,1
8341,Categoria C2,commodity,6424.44,2
8342,Categoria C1,commodity,2223.12,1
8342,Categoria C2,commodity,6424.44,2
8348,Categoria C1,commodity,2223.12,1
8348,Categoria C2,commodity,9410.58,2
8349,Categoria C1,commodity,2223.12,1
8349,Categoria C2,commodity,6424.44,2
8355,Categoria C1,commodity,2223.12,1
8355,Categoria C2,commodity,6424.44,2
8359,Categoria C1,commodity,3410.04,1
8359,Categoria C2,commodity,15539.86,2
8362,Categoria C1,commodity,2223.12,1
8362,Categoria C2,commodity,1086.44,2
8369,Categoria C1,commodity,3410.04,1
8369,Categoria C2,commodity,10914.64,2
8370,Categoria C1,commodity,2223.12,1
8370,Categoria C2,commodity,5711.66,2
8389,Categoria C1,commodity,2223.12,1
8389,Categoria C2,commodity,6424.44,2
8404,Categoria C1,commodity,7956.76,1
8404,Categoria C2,commodity,3890.46,2
841,Categoria C1,commodity,2223.12,1
841,Categoria C2,commodity,5711.66,2
8410,Categoria C1,commodity,2223.12,1
8410,Categoria C2,commodity,1086.44,2
8413,Categoria C1,commodity,2223.12,1
8413,Categoria C2,commodity,1086.44,2
8421,Categoria C1,commodity,2223.12,1
8421,Categoria C2,commodity,10333.74,2
8428,Categoria C1,commodity,2223.12,1
8428,Categoria C2,commodity,10333.74,2
8431,Categoria C1,commodity,4546.72,1
8431,Categoria C2,commodity,12396.72,2
8438,Categoria C1,commodity,2223.12,1
8438,Categoria C2,commodity,19581.04,2
8441,Categoria C1,commodity,1802.36,1
8441,Categoria C2,commodity,879.2,2
8447,Categoria C1,commodity,3410.04,1
8447,Categoria C2,commodity,1667.34,2
8504,Categoria C1,commodity,2223.12,1
8504,Categoria C2,commodity,6424.44,2
8532,Categoria C1,commodity,3410.04,1
8532,Categoria C2,commodity,15539.86,2
8547,Categoria C1,commodity,1802.36,1
8547,Categoria C2,commodity,879.2,2
8562,Categoria C1,commodity,1802.36,1
8562,Categoria C2,commodity,10126.5,2
8580,Categoria C1,commodity,3410.04,1
8580,Categoria C2,commodity,15539.86,2
8613,Categoria C1,commodity,3410.04,1
8613,Categoria C2,commodity,9674.34,2
8616,Categoria C1,commodity,2223.12,1
8616,Categoria C2,commodity,6424.44,2
8619,Categoria C1,commodity,1802.36,1
8619,Categoria C2,commodity,3548.2,2
8630,Categoria C1,commodity,2223.12,1
8630,Categoria C2,commodity,3397.48,2
8637,Categoria C1,commodity,2223.12,1
8637,Categoria C2,commodity,3397.48,2
8651,Categoria C1,commodity,4546.72,1
8651,Categoria C2,commodity,53084.84,2
8663,Categoria C1,commodity,2223.12,1
8663,Categoria C2,commodity,6424.44,2
8670,Categoria C1,commodity,1802.36,1
8670,Categoria C2,commodity,4578.12,2
8686,Categoria C1,commodity,3410.04,1
8686,Categoria C2,commodity,10914.64,2
8702,Categoria C1,commodity,2223.12,1
8702,Categoria C2,commodity,1086.44,2
8704,Categoria C1,commodity,5683.4,1
8704,Categoria C2,commodity,16123.9,2
8714,Categoria C1,commodity,3410.04,1
8714,Categoria C2,commodity,1667.34,2
8724,Categoria C1,commodity,4546.72,1
8724,Categoria C2,commodity,66954.22,2
8742,Categoria C1,commodity,3410.04,1
8742,Categoria C2,commodity,11840.94,2
8747,Categoria C1,commodity,2223.12,1
8747,Categoria C2,commodity,8484.28,2
8749,Categoria C1,commodity,2223.12,1
8749,Categoria C2,commodity,10333.74,2
8750,Categoria C1,commodity,3410.04,1
8750,Categoria C2,commodity,38656.54,2
8751,Categoria C1,commodity,1802.36,1
8751,Categoria C2,commodity,879.2,2
8755,Categoria C1,commodity,2223.12,1
8755,Categoria C2,commodity,7096.4,2
8757,Categoria C1,commodity,3410.04,1
8757,Categoria C2,commodity,18312.48,2
8768,Categoria C1,commodity,2223.12,1
8768,Categoria C2,commodity,1086.44,2
878,Categoria C1,commodity,3410.04,1
878,Categoria C2,commodity,29409.24,2
879,Categoria C1,commodity,3410.04,1
879,Categoria C2,commodity,8603.6,2
8791,Categoria C1,commodity,2223.12,1
8791,Categoria C2,commodity,10333.74,2
8808,Categoria C1,commodity,2223.12,1
8808,Categoria C2,commodity,6424.44,2
8809,Categoria C1,commodity,2223.12,1
8809,Categoria C2,commodity,12183.2,2
8813,Categoria C1,commodity,2223.12,1
8813,Categoria C2,commodity,14958.96,2
8816,Categoria C1,commodity,2223.12,1
8816,Categoria C2,commodity,1086.44,2
8818,Categoria C1,commodity,1802.36,1
8818,Categoria C2,commodity,879.2,2
8845,Categoria C1,commodity,1802.36,1
8845,Categoria C2,commodity,3548.2,2
8849,Categoria C1,commodity,4546.72,1
8849,Categoria C2,commodity,94696.12,2
8850,Categoria C1,commodity,2223.12,1
8850,Categoria C2,commodity,6424.44,2
8851,Categoria C1,commodity,3410.04,1
8851,Categoria C2,commodity,9674.34,2
8854,Categoria C1,commodity,3410.04,1
8854,Categoria C2,commodity,24787.16,2
8856,Categoria C1,commodity,2223.12,1
8856,Categoria C2,commodity,4785.36,2
8872,Categoria C1,commodity,9093.44,1
8872,Categoria C2,commodity,41435.44,2
8875,Categoria C1,commodity,2223.12,1
8875,Categoria C2,commodity,5711.66,2
8886,Categoria C1,commodity,1802.36,1
8886,Categoria C2,commodity,879.2,2
8896,Categoria C1,commodity,2223.12,1
8896,Categoria C2,commodity,5711.66,2
8902,Categoria C1,commodity,3410.04,1
8902,Categoria C2,commodity,18497.74,2
8910,Categoria C1,commodity,2223.12,1
8910,Categoria C2,commodity,17916.84,2
8918,Categoria C1,commodity,1802.36,1
8918,Categoria C2,commodity,18171.18,2
8926,Categoria C1,commodity,2223.12,1
8926,Categoria C2,commodity,4785.36,2
8929,Categoria C1,commodity,3410.04,1
8929,Categoria C2,commodity,15539.86,2
8931,Categoria C1,commodity,3410.04,1
8931,Categoria C2,commodity,9674.34,2
8952,Categoria C1,commodity,2223.12,1
8952,Categoria C2,commodity,6634.82,2
8956,Categoria C1,commodity,2223.12,1
8956,Categoria C2,commodity,10333.74,2
8958,Categoria C1,commodity,2223.12,1
8958,Categoria C2,commodity,7561.12,2
8963,Categoria C1,commodity,2223.12,1
8963,Categoria C2,commodity,5711.66,2
8976,Categoria C1,commodity,2223.12,1
8976,Categoria C2,commodity,1086.44,2
8979,Categoria C1,commodity,6820.08,1
8979,Categoria C2,commodity,18130.36,2
8994,Categoria C1,commodity,2223.12,1
8994,Categoria C2,commodity,6424.44,2
9010,Categoria C1,commodity,2223.12,1
9010,Categoria C2,commodity,1086.44,2
9028,Categoria C1,commodity,2223.12,1
9028,Categoria C2,commodity,17640.52,2
9036,Categoria C1,commodity,2223.12,1
9036,Categoria C2,commodity,6424.44,2
9042,Categoria C1,commodity,2223.12,1
9042,Categoria C2,commodity,1086.44,2
9051,Categoria C1,commodity,2223.12,1
9051,Categoria C2,commodity,1086.44,2
9054,Categoria C1,commodity,2223.12,1
9054,Categoria C2,commodity,6424.44,2
906,Categoria C1,commodity,3410.04,1
906,Categoria C2,commodity,1667.34,2
9062,Categoria C1,commodity,3410.04,1
9062,Categoria C2,commodity,9674.34,2
9064,Categoria C1,commodity,2223.12,1
9064,Categoria C2,commodity,10333.74,2
9069,Categoria C1,commodity,2223.12,1
9069,Categoria C2,commodity,6424.44,2
9082,Categoria C1,commodity,3410.04,1
9082,Categoria C2,commodity,9674.34,2
9116,Categoria C1,commodity,4546.72,1
9116,Categoria C2,commodity,2223.12,2
9119,Categoria C1,commodity,3410.04,1
9119,Categoria C2,commodity,16463.02,2
9120,Categoria C1,commodity,2223.12,1
9120,Categoria C2,commodity,6424.44,2
9122,Categoria C1,commodity,2223.12,1
9122,Categoria C2,commodity,10333.74,2
9158,Categoria C1,commodity,1802.36,1
9158,Categoria C2,commodity,16136.46,2
9173,Categoria C1,commodity,2223.12,1
9173,Categoria C2,commodity,6424.44,2
9184,Categoria C1,commodity,2223.12,1
9184,Categoria C2,commodity,12183.2,2
9199,Categoria C1,commodity,3410.04,1
9199,Categoria C2,commodity,1667.34,2
9210,Categoria C1,commodity,3410.04,1
9210,Categoria C2,commodity,5366.26,2
9217,Categoria C1,commodity,2223.12,1
9217,Categoria C2,commodity,8484.28,2
9222,Categoria C1,commodity,3410.04,1
9222,Categoria C2,commodity,9674.34,2
924,Categoria C1,commodity,2223.12,1
924,Categoria C2,commodity,6424.44,2
9243,Categoria C1,commodity,3410.04,1
9243,Categoria C2,commodity,32185.0,2
9253,Categoria C1,commodity,1802.36,1
9253,Categoria C2,commodity,879.2,2
9258,Categoria C1,commodity,2223.12,1
9258,Categoria C2,commodity,6424.44,2
9260,Categoria C1,commodity,3410.04,1
9260,Categoria C2,commodity,9674.34,2
9265,Categoria C1,commodity,2223.12,1
9265,Categoria C2,commodity,6424.44,2
9269,Categoria C1,commodity,1802.36,1
9269,Categoria C2,commodity,879.2,2
9270,Categoria C1,commodity,2223.12,1
9270,Categoria C2,commodity,7561.12,2
9278,Categoria C1,commodity,4546.72,1
9278,Categoria C2,commodity,7771.5,2
9279,Categoria C1,commodity,3410.04,1
9279,Categoria C2,commodity,9065.18,2
9318,Categoria C1,commodity,2223.12,1
9318,Categoria C2,commodity,1086.44,2
9319,Categoria C1,commodity,2223.12,1
9319,Categoria C2,commodity,6424.44,2
932,Categoria C1,commodity,2223.12,1
932,Categoria C2,commodity,6424.44,2
9327,Categoria C1,commodity,2223.12,1
9327,Categoria C2,commodity,1086.44,2
9333,Categoria C1,commodity,2223.12,1
9333,Categoria C2,commodity,10333.74,2
9350,Categoria C1,commodity,4546.72,1
9350,Categoria C2,commodity,16095.64,2
9353,Categoria C1,commodity,2223.12,1
9353,Categoria C2,commodity,28828.34,2
9367,Categoria C1,commodity,2223.12,1
9367,Categoria C2,commodity,6424.44,2
9374,Categoria C1,commodity,4546.72,1
9374,Categoria C2,commodity,16095.64,2
9395,Categoria C1,commodity,1802.36,1
9395,Categoria C2,commodity,7353.88,2
9401,Categoria C1,commodity,2223.12,1
9401,Categoria C2,commodity,1086.44,2
9431,Categoria C1,commodity,1802.36,1
9431,Categoria C2,commodity,879.2,2
9435,Categoria C1,commodity,1802.36,1
9435,Categoria C2,commodity,3548.2,2
9447,Categoria C1,commodity,3410.04,1
9447,Categoria C2,commodity,1667.34,2
9448,Categoria C1,commodity,11366.8,1
9448,Categoria C2,commodity,61041.6,2
9459,Categoria C1,commodity,2223.12,1
9459,Categoria C2,commodity,19304.72,2
946,Categoria C1,commodity,3410.04,1
946,Categoria C2,commodity,9674.34,2
9478,Categoria C1,commodity,2223.12,1
9478,Categoria C2,commodity,6424.44,2
9480,Categoria C1,commodity,2223.12,1
9480,Categoria C2,commodity,6424.44,2
9482,Categoria C1,commodity,2223.12,1
9482,Categoria C2,commodity,18102.1,2
9490,Categoria C1,commodity,2223.12,1
9490,Categoria C2,commodity,6424.44,2
9513,Categoria C1,commodity,3410.04,1
9513,Categoria C2,commodity,8603.6,2
9520,Categoria C1,commodity,2223.12,1
9520,Categoria C2,commodity,10333.74,2
9527,Categoria C1,commodity,3410.04,1
9527,Categoria C2,commodity,1667.34,2
9546,Categoria C1,commodity,2223.12,1
9546,Categoria C2,commodity,14958.96,2
9548,Categoria C1,commodity,2223.12,1
9548,Categoria C2,commodity,19581.04,2
9556,Categoria C1,commodity,3410.04,1
9556,Categoria C2,commodity,9674.34,2
9561,Categoria C1,commodity,2223.12,1
9561,Categoria C2,commodity,12183.2,2
9570,Categoria C1,commodity,2223.12,1
9570,Categoria C2,commodity,1086.44,2
9576,Categoria C1,commodity,2223.12,1
9576,Categoria C2,commodity,1086.44,2
9581,Categoria C1,commodity,2223.12,1
9581,Categoria C2,commodity,9410.58,2
9582,Categoria C1,commodity,2223.12,1
9582,Categoria C2,commodity,10333.74,2
9586,Categoria C1,commodity,4546.72,1
9586,Categoria C2,commodity,7771.5,2
959,Categoria C1,commodity,3410.04,1
959,Categoria C2,commodity,15539.86,2
9593,Categoria C1,commodity,1802.36,1
9593,Categoria C2,commodity,879.2,2
96,Categoria C1,commodity,3410.04,1
96,Categoria C2,commodity,9674.34,2
9605,Categoria C1,commodity,2223.12,1
9605,Categoria C2,commodity,1086.44,2
9640,Categoria C1,commodity,1802.36,1
9640,Categoria C2,commodity,10126.5,2
9641,Categoria C1,commodity,3410.04,1
9641,Categoria C2,commodity,7215.72,2
9652,Categoria C1,commodity,2223.12,1
9652,Categoria C2,commodity,17084.74,2
9653,Categoria C1,commodity,2223.12,1
9653,Categoria C2,commodity,6424.44,2
9662,Categoria C1,commodity,1802.36,1
9662,Categoria C2,commodity,879.2,2
9670,Categoria C1,commodity,4546.72,1
9670,Categoria C2,commodity,13781.46,2
9678,Categoria C1,commodity,1802.36,1
9678,Categoria C2,commodity,879.2,2
9683,Categoria C1,commodity,3410.04,1
9683,Categoria C2,commodity,10914.64,2
9709,Categoria C1,commodity,1802.36,1
9709,Categoria C2,commodity,3548.2,2
9713,Categoria C1,commodity,2223.12,1
9713,Categoria C2,commodity,19581.04,2
9722,Categoria C1,commodity,2223.12,1
9722,Categoria C2,commodity,24206.26,2
9729,Categoria C1,commodity,2223.12,1
9729,Categoria C2,commodity,6424.44,2
9741,Categoria C1,commodity,3410.04,1
9741,Categoria C2,commodity,7215.72,2
9754,Categoria C1,commodity,2223.12,1
9754,Categoria C2,commodity,6424.44,2
9756,Categoria C1,commodity,2223.12,1
9756,Categoria C2,commodity,1086.44,2
9758,Categoria C1,commodity,1802.36,1
9758,Categoria C2,commodity,879.2,2
9759,Categoria C1,commodity,2223.12,1
9759,Categoria C2,commodity,6424.44,2
9764,Categoria C1,commodity,2223.12,1
9764,Categoria C2,commodity,6424.44,2
9770,Categoria C1,commodity,2223.12,1
9770,Categoria C2,commodity,6424.44,2
9785,Categoria C1,commodity,2223.12,1
9785,Categoria C2,commodity,6424.44,2
9789,Categoria C1,commodity,2223.12,1
9789,Categoria C2,commodity,6424.44,2
979,Categoria C1,commodity,1802.36,1
979,Categoria C2,commodity,879.2,2
9791,Categoria C1,commodity,3410.04,1
9791,Categoria C2,commodity,12764.1,2
9810,Categoria C1,commodity,3410.04,1
9810,Categoria C2,commodity,1667.34,2
9816,Categoria C1,commodity,1802.36,1
9816,Categoria C2,commodity,879.2,2
9827,Categoria C1,commodity,2223.12,1
9827,Categoria C2,commodity,1086.44,2
9835,Categoria C1,commodity,2223.12,1
9835,Categoria C2,commodity,1177.5,2
9841,Categoria C1,commodity,4546.72,1
9841,Categoria C2,commodity,6848.34,2
9851,Categoria C1,commodity,2223.12,1
9851,Categoria C2,commodity,17084.74,2
9852,Categoria C1,commodity,3410.04,1
9852,Categoria C2,commodity,1667.34,2
9853,Categoria C1,commodity,3410.04,1
9853,Categoria C2,commodity,18312.48,2
9854,Categoria C1,commodity,2223.12,1
9854,Categoria C2,commodity,10333.74,2
986,Categoria C1,commodity,1802.36,1
986,Categoria C2,commodity,879.2,2
9865,Categoria C1,commodity,1802.36,1
9865,Categoria C2,commodity,3548.2,2
9867,Categoria C1,commodity,2223.12,1
9867,Categoria C2,commodity,17916.84,2
9887,Categoria C1,commodity,2223.12,1
9887,Categoria C2,commodity,7561.12,2
9892,Categoria C1,commodity,2223.12,1
9892,Categoria C2,commodity,8484.28,2
9893,Categoria C1,commodity,4546.72,1
9893,Categoria C2,commodity,29965.02,2
9908,Categoria C1,commodity,2223.12,1
9908,Categoria C2,commodity,3862.2,2
991,Categoria C1,commodity,2223.12,1
991,Categoria C2,commodity,6634.82,2
993,Categoria C1,commodity,2223.12,1
993,Categoria C2,commodity,8022.7,2
9939,Categoria C1,commodity,2223.12,1
9939,Categoria C2,commodity,6424.44,2
9948,Categoria C1,commodity,3410.04,1
9948,Categoria C2,commodity,15539.86,2
9961,Categoria C1,commodity,2223.12,1
9961,Categoria C2,commodity,1086.44,2
9967,Categoria C1,commodity,2223.12,1
9967,Categoria C2,commodity,6424.44,2
9969,Categoria C1,commodity,2223.12,1
9969,Categoria C2,commodity,5711.66,2
9976,Categoria C1,commodity,2223.12,1
9976,Categoria C2,commodity,3862.2,2
9977,Categoria C1,commodity,2223.12,1
9977,Categoria C2,commodity,6424.44,2
9978,Categoria C1,commodity,2223.12,1
9978,Categoria C2,commodity,15882.12,2
9980,Categoria C1,commodity,2223.12,1
9980,Categoria C2,commodity,6634.82,2
9992,Categoria C1,commodity,4546.72,1
9992,Categoria C2,commodity,12899.12,2
