client_id,postal_code,province,customer_total_revenue,customer_total_orders,customer_avg_ticket,customer_frequency,customer_frequency_log1p,days_since_last_order,is_active_customer,return_rate_30d,campaign_lift,coefficient_variation_30d
36492,31003.0,Navarra,438800.9,496,884.6792338709678,2.0,1.0986122886681098,6,True,0.0,0.07702025486691706,0.8647989625709398
1000060942,11402.0,Cádiz,205018.72,138,1485.6428985507246,2.0,1.0986122886681098,10,True,0.0,0.4122533752830873,0.5605385829295839
11999,15008.0,A Coruña,167343.97,399,419.4084461152882,2.0,1.0986122886681098,18,True,0.0,0.8468465577788317,0.46170866169623637
27694,21003.0,Huelva,162178.02,152,1066.9606578947369,2.0,1.0986122886681098,17,True,0.0,0.32377141425845196,0.5413379493951961
36639,8007.0,Barcelona,160470.23,140,1146.2159285714285,2.0,1.0986122886681098,19,True,0.0,0.7122174610316612,0.33625898535550935
40897,3007.0,Alicante,154219.83,128,1204.842421875,2.0,1.0986122886681098,33,True,0.0,-0.12333281103624863,0.11561666497322724
1000068212,28860.0,Madrid,152953.23,129,1185.6839534883723,2.0,1.0986122886681098,12,True,0.0,1.5670022822534382,0.41121819673360005
4767,28047.0,Madrid,151023.96,164,920.8778048780488,2.0,1.0986122886681098,24,True,0.0,0.5253375264383641,1.3160063078200248
38978,28002.0,Madrid,143462.55,152,943.8325657894736,2.0,1.0986122886681098,14,True,0.0,-0.27911673476919724,0.7617434286705631
42046,28915.0,Madrid,139804.55,73,1915.1308219178081,1.3153153153153154,0.8395458835828857,19,True,0.0,-0.23267778877262735,0.5189738023243086
11156,0.0,,138869.09,64,2169.82953125,1.5686274509803924,0.9433716904768259,580,False,0.0,0.2731417537000244,0.0
1000082069,11300.0,Cádiz,136652.06,97,1408.7841237113403,1.7229129662522202,1.0017022507321238,24,True,0.0,-0.36953028958558615,0.3517978185831053
27238,17230.0,Girona,135944.7,81,1678.3296296296298,1.3846153846153846,0.8690378470236095,24,True,0.0,-1.0,0.8963180716677766
1000075255,46015.0,Valencia,135875.29,111,1224.1017117117117,1.8520578420467186,1.0480407835689405,7,True,0.0,-0.14148548869274516,0.6851931617939395
28478,8914.0,Barcelona,135612.48,90,1506.8053333333335,1.5177065767284992,0.9233483985414649,27,True,0.0,-0.4239303295564498,0.38701433747740704
32845,28033.0,Madrid,133581.41,180,742.1189444444444,2.0,1.0986122886681098,7,True,0.0,0.30967246825379996,0.48689726765039903
1000068305,5001.0,Ávila,133089.58,119,1118.399831932773,2.0,1.0986122886681098,17,True,0.0,0.5304502521508163,0.6514415532667699
40439,50001.0,Zaragoza,131720.0,131,1005.4961832061068,2.0,1.0986122886681098,13,True,0.0,2.2858959659990767,0.9711229133261247
30857,48960.0,Vizcaya,128583.24,95,1353.5077894736842,1.6038266741699494,0.9569821607523483,6,True,0.0,0.49814817117371396,0.039327949064257975
7000,8911.0,Barcelona,125791.85,117,1075.144017094017,1.9708029197080292,1.0888322596144702,24,True,0.0,-0.35735701602944164,0.861614494340371
1000075177,6004.0,Badajoz,125468.18000000001,115,1091.027652173913,1.8987341772151898,1.064274151087218,0,True,0.0,0.4868134172050463,0.0
33122,41018.0,Sevilla,123392.22,81,1523.3607407407408,1.3530066815144766,0.8556939493138571,11,True,0.0,-0.0282017670698446,0.0
1000080460,28814.0,Madrid,123358.43,75,1644.7790666666665,1.25979843225084,0.8152756200370552,28,True,0.0,0.21301974434015647,0.15346278408122926
34627,19005.0,Guadalajara,118616.22,103,1151.613786407767,1.7626925270964062,1.0162057574819947,31,True,0.0,-0.1365771688912529,0.8701385719718044
4549,28940.0,Madrid,113299.46,62,1827.4106451612904,1.0426008968609866,0.7142239452398943,34,True,0.0,-0.324081477938323,0.30356362693252786
26192,17003.0,Girona,112055.12,105,1067.191619047619,2.0,1.0986122886681098,27,True,0.0,0.003910995852125837,0.308375343798469
1000075869,46002.0,Valencia,111246.32,66,1685.5503030303032,1.1055276381909547,0.7445660951976453,26,True,0.0,-1.0,0.32178284777885413
1000078257,50500.0,Zaragoza,111088.67,120,925.7389166666667,2.0,1.0986122886681098,26,True,0.0,0.11575236473418139,0.0
29795,28015.0,Madrid,111073.71,96,1157.0178125,1.6400911161731209,0.9708134302645804,42,True,0.0,0.3591797567582887,0.0
31366,7670.0,Baleares,110701.05,101,1096.05,1.6880222841225625,0.988805712850707,18,True,0.0,-0.20437583638740237,0.0
39038,13240.0,Ciudad Real,106793.47,149,716.7346979865772,2.0,1.0986122886681098,68,True,0.0,-0.13457984094329062,0.4601100095616063
35886,16002.0,Cuenca,100660.0,72,1398.0555555555557,1.2033426183844012,0.789975579279375,18,True,0.0,-0.03786282220358762,0.8054277169744153
35573,41807.0,Sevilla,100339.89,50,2006.7978,0.832408435072142,0.60563118631179,10,True,0.0,0.7602976205716608,0.07247787167073762
11123,50004.0,Zaragoza,99492.42,128,777.28453125,2.0,1.0986122886681098,13,True,0.0,-0.533912607680809,0.6081728131970914
30763,19001.0,Guadalajara,98252.97,80,1228.162125,1.3303769401330376,0.8460300313742728,14,True,0.0,0.646710912658255,0.0
9448,48010.0,Vizcaya,97932.38,95,1030.867157894737,1.596638655462185,0.9542177837862161,6,True,0.0,0.5360519147572507,0.0
40622,18500.0,Granada,96065.09,108,889.491574074074,1.823297692740574,1.0379055963296016,26,True,0.0,1.6469139183804176,0.0
1000081965,36600.0,Pontevedra,95693.25,52,1840.2548076923076,0.8939828080229226,0.6386819176492591,24,True,0.0,0.7723478137282741,0.0
19583,28921.0,Madrid,93960.56,61,1540.3370491803278,1.0292463442069741,0.7076644651086644,26,True,0.0,-0.048889529582742446,0.0
34471,13001.0,Ciudad Real,93930.81999999999,89,1055.4024719101124,1.4841578654808227,0.9099337149829184,11,True,0.0,0.25153367780158986,0.5292831679684551
1000051951,7007.0,Baleares,93016.0,126,738.2222222222222,2.0,1.0986122886681098,6,True,0.9473684210526315,-0.004726901275862727,0.0
35674,28045.0,Madrid,91172.25,52,1753.3125,0.8838526912181303,0.6333189837225573,34,True,0.0,-1.0,0.6001371778547446
1000042603,28007.0,Madrid,89328.62,64,1395.7596875,1.0841332580463015,0.734353065247165,34,True,0.0,0.1735401734837079,1.2338741125152526
1000078813,50014.0,Zaragoza,89076.02,53,1680.6796226415095,0.9222737819025522,0.6535087467628697,81,True,0.0,-1.0,0.0
1430,30008.0,Murcia,89005.05,75,1186.7340000000002,1.2998266897746966,0.8328337678241079,73,True,0.0,0.410164031290511,0.2930771249744463
1000077509,28028.0,Madrid,88975.28,85,1046.768,1.4269725797425852,0.8866446286759382,19,True,0.0,0.7875429865310644,0.0
1000077135,28025.0,Madrid,88755.1,77,1152.6636363636364,1.4437499999999999,0.8935337447515388,189,False,0.0,1.4709163554743725,0.0
36612,15403.0,A Coruña,88361.29,74,1194.0714864864865,1.303581914268937,0.8344652655468643,95,True,0.0,0.15401271867366478,0.0
1000080721,29007.0,Málaga,87868.39,55,1597.6070909090909,0.9290540540540541,0.6570297553319498,18,True,0.0,0.0839167959279554,0.0
35118,28221.0,Madrid,87770.35,69,1272.0340579710146,1.1661971830985915,0.7729731800302282,11,True,0.0,-0.27437974463279685,0.0
25307,35004.0,Las Palmas,86856.79000000001,71,1223.3350704225354,1.2,0.7884573603642702,14,True,0.0,-0.2021599679933266,0.2165000321141804
39951,3130.0,Alicante,86697.23,57,1521.0040350877193,0.9738041002277905,0.6799626960804894,28,True,0.0,0.417800019634927,0.46181234136307625
1000079674,28020.0,Madrid,86651.12000000001,80,1083.1390000000001,1.349072512647555,0.8540205747820803,26,True,0.0,2.2858959659990767,0.0
32501,35500.0,Las Palmas,86568.81,75,1154.2508,1.2451577199778638,0.8087757726142187,11,True,0.0,0.5878401056624287,0.0
1000048764,28100.0,Madrid,85241.09999999999,57,1495.457894736842,0.9805045871559633,0.683351654237699,74,True,0.0,-0.17331033362082973,0.0
41062,41003.0,Sevilla,85018.7,66,1288.162121212121,1.116751269035533,0.749882493060813,6,True,0.0,-0.6413676570648259,0.0
27995,35110.0,Las Palmas,84934.73,70,1213.3532857142857,1.2338425381903642,0.803723213915055,94,True,0.0,2.2858959659990767,0.0
24985,7703.0,Baleares,84226.75,55,1531.3954545454546,1.134020618556701,0.7580078147619862,6,True,1.0,1.1082942340438877,0.0
8979,48011.0,Vizcaya,84224.98,35,2406.428,0.8190327613104524,0.5983049099897677,535,False,0.0,-0.2578354145597201,0.5968926013081932
39965,2001.0,Albacete,84105.26,76,1106.6481578947369,1.2852311161217587,0.8264671641424205,16,True,0.0,-0.06733058177737619,0.0
38577,13700.0,Ciudad Real,83800.63,131,639.699465648855,2.0,1.0986122886681098,80,True,0.0,-0.30033439930641037,0.5408726151514374
26122,8401.0,Barcelona,83733.06,56,1495.2332142857142,0.9322974472807991,0.6587096821598512,19,True,0.0,0.4936432790152704,0.0
41836,13600.0,Ciudad Real,83724.62,119,703.5682352941176,2.0,1.0986122886681098,69,True,0.0,0.22771864991802235,0.7617740256817964
1000080855,28010.0,Madrid,83429.01,96,869.0521875,1.6098378982671884,0.9592881114622178,7,True,0.0,-0.46526001749207374,0.5407270465077267
42035,18600.0,Granada,83407.35,71,1174.7514084507043,1.2708830548926013,0.8201687668140664,11,True,0.0,0.48628117986350017,0.0
24874,4738.0,Almería,83297.32,62,1343.5051612903228,1.032186459489456,0.7091122870661728,12,True,0.0,-0.6941601271304897,0.0
29967,14008.0,Córdoba,83197.12,69,1205.7553623188405,1.1417539988968561,0.7616251189768163,7,True,0.0,0.586125455624617,0.03261701354953747
1000059737,5260.0,Ávila,82603.68,71,1163.4321126760562,1.2013536379018612,0.789072461106407,27,True,0.0,0.4926525063395117,0.3578875703184345
1000082170,8914.0,Barcelona,82260.61,44,1869.5593181818183,0.8275862068965517,0.6029960835656478,34,True,0.0,-0.026749276365899178,0.14676349615230536
1000076771,28220.0,Madrid,82004.86,72,1138.9563888888888,1.7307692307692306,1.0045833390198333,549,False,0.0,1.820130958939193,0.0
33953,4600.0,Almería,81934.91,59,1388.7272881355932,0.9888268156424581,0.6875449250112755,31,True,0.0,-0.02259427747656178,0.5389805269162812
9243,8017.0,Barcelona,81845.17,70,1169.2167142857143,1.1731843575418994,0.7761935377776913,13,True,0.0,0.10072774302591489,0.1775773832172464
2975,28915.0,Madrid,80616.01,72,1119.6668055555556,1.2406662837449742,0.8067732697384675,42,True,0.0,0.2501385929491357,0.0
1000075981,4004.0,Almería,80286.05,67,1198.2992537313432,1.1266816143497758,0.7545628373550048,13,True,0.0,-0.6426577603792936,0.6610879535470563
238,41013.0,Sevilla,79425.18,45,1765.004,0.7622811970638058,0.5666091044879459,39,True,0.0,0.21837730643948491,0.7671765854523712
40582,8950.0,Barcelona,79152.27,42,1884.5778571428573,0.7183580387685291,0.5413692062543124,40,True,0.0,0.14679593438560637,0.0
2148,36206.0,Pontevedra,79059.92,49,1613.4677551020409,0.8309779536461277,0.604850225011544,52,True,0.0,0.5241521016458306,0.0
26898,38204.0,Sta.Cruz Tenerife,78385.0,85,922.1764705882352,1.4158800666296503,0.882063637544724,13,True,0.0,1.6186432273898452,0.0
1000080887,42002.0,Soria,78172.0,61,1281.5081967213114,1.0409556313993173,0.7134181449335644,28,True,0.0,0.9553764153162791,0.0
1000080459,8912.0,Barcelona,77342.83,61,1267.9152459016393,1.0298255486775465,0.7079498527488877,17,True,0.0,0.5007942577692147,0.06579789607250246
32073,36001.0,Pontevedra,77105.74,86,896.5783720930233,1.444568868980963,0.8938687756734448,27,True,0.0,0.17825030573307976,0.7734698909050078
31849,33402.0,Asturias,76610.38,109,702.8475229357798,1.8391451068616422,1.043502988147199,33,True,0.0,0.604870337096954,0.0
1000076579,28010.0,Madrid,76383.86,79,966.8843037974683,1.337471783295711,0.8490699107905032,12,True,0.0,0.16836410231391552,0.6072631047467392
1000081096,46001.0,Valencia,76022.72,78,974.6502564102565,1.3146067415730336,0.8392397990574412,33,True,0.0,0.25239688723047893,0.4457058388829448
40890,28342.0,Madrid,75999.52,73,1041.0893150684933,1.2521440823327616,0.8118826879523038,41,True,0.0,-0.3422134314715366,0.35326730059042044
1000081533,47014.0,Valladolid,75993.79,76,999.9182894736841,1.2859560067681894,0.8267843205541007,6,True,0.0,0.857856768939121,0.29924211962637237
8173,29603.0,Málaga,74981.67,163,460.010245398773,2.0,1.0986122886681098,47,True,0.0,0.7080986538489892,0.3357326486857591
24279,8017.0,Barcelona,74560.76,59,1263.7416949152541,0.984974958263773,0.6856062985753325,14,True,0.0,2.2858959659990767,0.3120312470589326
26095,8036.0,Barcelona,74097.01,51,1452.8825490196077,0.8683314415437003,0.6250457553008356,13,True,0.0,1.0255473232688987,0.0
6642,3201.0,Alicante,73946.68000000001,52,1422.0515384615387,0.8813559322033898,0.6319927574066146,47,True,0.0,-0.13243027266307225,0.0
29805,41018.0,Sevilla,73616.5,90,817.9611111111111,1.5237020316027088,0.9257268836699089,24,True,0.0,-0.259256926465047,0.9475649598745296
42034,11011.0,Cádiz,73399.04,32,2293.72,0.5904059040590406,0.4639892692240469,74,True,0.0,-0.05162416269931728,0.0
1000081224,11012.0,Cádiz,73234.47,35,2092.4134285714285,0.772626931567329,0.5724625884637277,18,True,0.0,1.398328351805211,0.0
16752,29001.0,Málaga,72973.64,120,608.1136666666666,2.0,1.0986122886681098,12,True,0.0,-0.03179606703899486,0.7828731611737761
29716,36001.0,Pontevedra,72956.57,69,1057.3415942028987,1.1842105263157896,0.7812544480702122,55,True,0.0,2.2858959659990767,0.0
1000063806,28250.0,Madrid,72766.83,64,1136.98171875,1.0878186968838526,0.7361198352560397,56,True,0.0,-0.21354696479815458,0.0
1000082189,28921.0,Madrid,72427.2,42,1724.4571428571428,0.8519269776876268,0.6162267065522784,55,True,0.0,-0.6995666501716125,0.0
12603,17200.0,Girona,72003.65,63,1142.9150793650792,1.0665914221218962,0.7259005940694297,33,True,0.0,-0.15276193564806775,1.2111843832515108
34808,8024.0,Barcelona,71933.43000000001,115,625.5080869565218,1.9382022471910112,1.0777979137728377,19,True,0.0,0.8243720130068338,0.49378892983558326
15196,38700.0,Sta.Cruz Tenerife,71378.38,128,557.64359375,2.0,1.0986122886681098,14,True,0.0,0.44124573176184934,0.022160063573621717
39127,42003.0,Soria,71303.61,94,758.5490425531915,1.5842696629213482,0.9494429391910555,33,True,0.0,-0.31150063514097504,0.0
1000081826,31013.0,Navarra,71197.51,37,1924.2570270270269,0.6310403638430927,0.4892180712438066,46,True,0.0,0.6686044420488563,0.0
14674,4005.0,Almería,70995.56,82,865.7995121951219,1.3874788494077834,0.8702379344467158,12,True,0.0,0.403302928412015,0.46534433960318394
1000059704,28007.0,Madrid,70980.22,90,788.6691111111111,1.7385705086928527,1.0074360721049465,243,False,0.0,-1.0,0.0
31101,28041.0,Madrid,70855.45,44,1610.3511363636362,0.7746478873239437,0.5736020299101626,66,True,0.0,0.18252735388625396,0.0
24564,28110.0,Madrid,70753.97,32,2211.0615625,0.5378151260504201,0.4303626597298915,20,True,0.0,-1.0,0.0
41964,46023.0,Valencia,70669.49,46,1536.2932608695653,0.7935595169637722,0.5842022022535203,38,True,0.0,0.12653582151827275,0.09006920929820622
35837,28008.0,Madrid,70545.81,70,1007.7972857142856,1.207590569292697,0.7919016806465147,55,True,0.0,-0.32665826681685406,0.11050603132354093
40446,29016.0,Málaga,69984.96,54,1296.0177777777778,0.911648846370287,0.6479661400059326,7,True,0.0,-0.2523944559964643,0.14338614089316737
21188,4700.0,Almería,69973.39,41,1706.6680487804879,0.7012542759407069,0.531365788391523,60,True,0.0,1.0323022145044671,0.0
30870,19180.0,Guadalajara,69689.93,122,571.2289344262294,2.0,1.0986122886681098,18,True,0.0,-0.44227116031701225,0.07157171377056003
1000082043,28027.0,Madrid,69568.51,53,1312.613396226415,0.9447415329768271,0.6651290803103744,46,True,0.0,0.3775696605966285,0.0
1000076744,46005.0,Valencia,69463.83,50,1389.2766000000001,0.8513053348467651,0.6158909766848344,49,True,0.0,-0.032550877950172294,0.0
1000056820,28030.0,Madrid,68953.27,72,957.6843055555556,1.2286689419795223,0.8014045202593638,11,True,0.0,0.3782892847673356,0.2314975513647347
38500,13710.0,Ciudad Real,68859.17,122,564.4194262295082,2.0,1.0986122886681098,87,True,0.0,0.7241598679757452,0.11014766207494049
34124,48920.0,Vizcaya,68373.77,44,1553.9493181818182,0.7504263786242183,0.5598594031869423,13,True,0.0,1.097830876196295,0.0
1000064974,34002.0,Palencia,68137.55,55,1238.8645454545456,0.954861111111111,0.6703191480037444,61,True,0.0,-0.004607331847130556,0.6338230354447633
38997,28045.0,Madrid,68132.64,44,1548.469090909091,0.9887640449438202,0.6875133628416893,469,False,0.0,-0.13553723908296933,0.0
35907,24001.0,León,68054.46,66,1031.128181818182,1.3608247422680413,0.8590110250508568,6,True,1.0,-0.10163622981904666,0.0
6208,38300.0,Sta.Cruz Tenerife,68015.55,72,944.6604166666667,1.2040133779264215,0.7902799611118209,17,True,0.0,0.24862566992052007,0.0
24531,6400.0,Badajoz,67256.98,74,908.8781081081081,1.232648528595225,0.8031885617213179,19,True,0.0,-0.055404123693722204,0.0
8849,47001.0,Valladolid,67030.5,65,1031.2384615384615,1.1085844229675952,0.7460168327520326,24,True,0.0,0.6951851858839155,0.008590639244127484
7777,29007.0,Málaga,66538.16,58,1147.209655172414,0.9819413092550789,0.684076823589981,26,True,0.0,0.05794994391542636,0.2163942217866095
29271,33400.0,Asturias,66279.35,82,808.2847560975611,1.420323325635104,0.8839011368784977,32,True,0.0,-0.16822643490298997,0.0
1000068579,29640.0,Málaga,66058.5,70,943.6928571428572,1.1595803423522915,0.7699139168721006,0,True,0.0,-0.37716395374502326,0.0
1000080301,36330.0,Pontevedra,65984.70999999999,55,1199.7219999999998,0.935374149659864,0.6603006667876493,28,True,0.0,2.2858959659990767,0.4714045207910318
26160,8211.0,Barcelona,65614.29000000001,66,994.1559090909092,1.1173814898419865,0.750180178961089,7,True,0.0,-0.0909092815890505,0.0
30906,25123.0,Lleida,65581.45999999999,39,1681.5758974358973,0.7321652065081352,0.5493721904113402,209,False,0.0,0.01028316748858539,0.0
1000064950,8922.0,Barcelona,65476.71,50,1309.5342,0.8393956351426972,0.6094370585047914,27,True,0.0,-0.12700833399152028,0.42641159682403873
1000078754,7701.0,Baleares,65235.490000000005,56,1164.9194642857144,0.9507640067911715,0.668221094197169,39,True,0.0,0.3761788782395589,0.0
4748,28006.0,Madrid,64971.58,80,812.14475,1.3544018058690743,0.8562866849556368,27,True,0.0,0.022669237859269335,0.0
10756,50013.0,Zaragoza,64584.32,41,1575.2273170731708,0.70446735395189,0.5332526595534349,54,True,0.0,0.6523676689098535,0.0
34193,28032.0,Madrid,64520.99,35,1843.4568571428572,0.5996573386636208,0.4697894429742567,31,True,0.0,0.042723831162154155,0.0
1000056822,38280.0,Sta.Cruz Tenerife,64353.44,66,975.0521212121213,1.098169717138103,0.7410654014297119,17,True,0.0,0.030043764307514962,0.202030508910442
36967,46004.0,Valencia,64347.450000000004,56,1149.0616071428572,0.9343715239154616,0.6597824798826628,7,True,0.0,0.6320987950650473,0.23993122489410248
1000073983,3440.0,Alicante,64027.12,67,955.6286567164179,1.1433447098976108,0.7623675574511314,40,True,0.0,0.2035586606920801,0.1392084428697308
21018,18001.0,Granada,63878.73,51,1252.5241176470588,0.8504724847137298,0.6154410036244918,6,True,0.0,-0.4935323296307385,0.5286674080291459
1000081499,15160.0,A Coruña,63532.06,69,920.7544927536231,1.2006960556844548,0.7887736992713211,17,True,0.0,0.4060649895281346,0.583257078719449
1000080175,28280.0,Madrid,63361.32000000001,39,1624.649230769231,1.0934579439252337,0.7388172173931337,740,False,0.0,0.3315000097312032,0.0
1000080577,41005.0,Sevilla,63227.31,51,1239.7511764705882,0.8708025042686397,0.6263674854771222,27,True,0.0,-0.37415179714791363,0.625427057338953
7750,4001.0,Almería,63097.34,133,474.4160902255639,2.0,1.0986122886681098,13,True,0.0,-0.31271118283448,0.0
33931,46800.0,Valencia,62795.79,39,1610.1484615384616,0.6766917293233082,0.516822643238365,27,True,0.0,-0.6784004188293334,0.3000944419324332
1000063976,8930.0,Barcelona,62775.58,51,1230.8937254901962,0.8708025042686397,0.6263674854771222,26,True,0.0,-1.0,0.0
10793,50005.0,Zaragoza,62563.1,44,1421.8886363636364,0.7482993197278912,0.5586434981164835,28,True,0.0,0.3144907143047792,0.0
38758,29602.0,Málaga,62375.060000000005,41,1521.3429268292684,0.701654306902453,0.5316008995935141,40,True,0.0,-0.20925539826498815,0.812616752054391
1000079384,41013.0,Sevilla,62302.26,37,1683.844864864865,0.626764539808018,0.4865930973016949,40,True,0.0,-0.31848452025219504,0.9148598405185533
15652,4700.0,Almería,62018.46,43,1442.2897674418605,0.7333712336554861,0.5500682022506966,55,True,0.0,-1.0,0.10621467280884778
41480,8500.0,Barcelona,61885.29,38,1628.5602631578947,0.6340378197997776,0.4910541417022571,12,True,0.0,0.3023446261504105,0.0
30335,28050.0,Madrid,61224.19,65,941.9106153846154,1.094890510948905,0.7395012899314962,18,True,0.0,0.21321388309310368,0.7071189205671581
10111,31500.0,Navarra,61223.05,45,1360.5122222222224,0.7592800899887514,0.5649046855913518,25,True,0.0,0.5064968710125558,0.7130640474540038
1000082248,46004.0,Valencia,61222.55,54,1133.750925925926,1.120331950207469,0.7515726567130494,119,True,0.0,0.3766029684479909,0.0
1000078233,28036.0,Madrid,61182.55,54,1133.0101851851853,0.9168081494057725,0.6506613804980753,38,True,0.0,1.064518462376609,0.6748177903284585
16694,28020.0,Madrid,61180.6,35,1748.0171428571427,0.5986316989737742,0.46914807522235236,46,True,0.0,-1.0,0.0
1000037112,28043.0,Madrid,60644.76,72,842.2883333333334,1.2148481439820022,0.795183843125221,40,True,0.0,-0.19228166707407743,0.0
5789,48008.0,Vizcaya,60596.84,36,1683.2455555555555,0.6020066889632107,0.47125702402022884,5,True,0.0,0.5151940050108448,0.0
255,43201.0,Tarragona,60495.39,59,1025.345593220339,0.9988713318284423,0.6925826871777525,10,True,0.0,-0.003033062206419786,0.2224084584939239
29150,28022.0,Madrid,59923.18,49,1222.9220408163264,0.8263069139966274,0.6022958480032652,17,True,0.0,1.3269521051823951,0.0
24622,11630.0,Cádiz,59878.42,54,1108.8596296296296,0.9126760563380282,0.6485033380832803,45,True,0.0,2.2858959659990767,0.0
6716,13004.0,Ciudad Real,59805.94,31,1929.223870967742,0.611439842209073,0.4771280912688197,39,True,0.0,2.0827479581193136,0.0
1000059994,38710.0,Sta.Cruz Tenerife,59797.39,33,1812.0421212121212,0.5543113101903696,0.44103256019025083,20,True,0.0,0.14286056735795594,0.0
1000069597,43300.0,Tarragona,59510.77,37,1608.3991891891892,0.633923472301542,0.49098416076425844,19,True,0.0,-1.0,0.0
26463,8029.0,Barcelona,59191.56,43,1376.5479069767441,0.7646710136336692,0.567964278469808,12,True,0.0,1.868167626783531,0.0
29981,8006.0,Barcelona,58865.73,48,1226.369375,0.8089887640449438,0.5927679952523232,20,True,0.0,0.002085339177412312,0.2711142258078347
1000079431,33012.0,Asturias,58691.07,34,1726.2079411764705,0.5714285714285714,0.4519851237430572,27,True,0.0,0.3984542405729081,0.0
24046,4006.0,Almería,58670.19,81,724.3233333333334,1.3470066518847006,0.8531407510722415,6,True,0.0,0.22163825050386496,0.0
1000080148,6171.0,Badajoz,58552.86,35,1672.9388571428572,0.6097560975609756,0.47608267532211773,35,True,0.0,-0.18459221951155536,0.3573140108940393
34989,48001.0,Vizcaya,58391.5,55,1061.6636363636364,1.1285909712722297,0.7554602449885583,19,True,0.0,-0.1117649911616012,1.0469096395081154
31142,28020.0,Madrid,58387.98,40,1459.6995000000002,0.6853226727584237,0.5219570426570875,45,True,0.0,-1.0,0.0
1000078535,8025.0,Barcelona,58141.3,36,1615.0361111111113,0.6157354618015963,0.4797902473184974,25,True,0.0,0.37050689333397435,0.0
1000081983,39002.0,Cantabria,58063.18,50,1161.2636,0.8625646923519263,0.6219544048170462,17,True,0.0,1.499660977220059,1.1930910523152771
30562,15570.0,A Coruña,57995.46,76,763.0981578947368,1.2744550027948576,0.8217404644929709,11,True,0.0,0.14193394032221976,0.7071329402920629
35972,8006.0,Barcelona,57926.0,45,1287.2444444444445,0.774971297359357,0.5737842522948644,69,True,0.0,0.8498950264300422,0.2554555980323601
19212,28054.0,Madrid,57874.44,53,1091.9705660377358,0.9080525414049114,0.6460831100709047,48,True,0.0,-0.1680713471586534,0.0
1000080054,2003.0,Albacete,57773.42,62,931.8293548387096,1.0538243626062322,0.719703597921378,17,True,0.0,-0.8075363624382745,0.0
42574,28805.0,Madrid,57681.13,42,1373.360238095238,1.4719626168224298,0.9050124168364478,27,True,0.0,-1.0,0.6593059342650694
1000069128,13001.0,Ciudad Real,57281.229999999996,53,1080.7779245283018,0.9402720283855707,0.6628281840625213,67,True,0.0,-1.0,0.5792673848214784
29206,8290.0,Barcelona,57076.729999999996,31,1841.1848387096773,0.5400696864111498,0.431827666318077,70,True,0.0,-1.0,0.7213262524059809
1000078192,38612.0,Sta.Cruz Tenerife,57071.4,42,1358.8428571428572,0.7228915662650602,0.5440040224633094,56,True,0.0,-0.2830221072969002,0.0
1000065895,28907.0,Madrid,57018.54,58,983.078275862069,0.966129927817879,0.6760671069359476,20,True,0.0,-0.5411326867879352,0.6037559368911599
30199,28660.0,Madrid,56981.4,94,606.1851063829787,1.5675375208449138,0.9429472764800723,18,True,0.0,0.42242576957219213,0.630449363116288
34418,47004.0,Valladolid,56662.56,32,1770.705,0.538418395961862,0.4307548730744628,17,True,0.0,-0.6073604216045149,0.5044137510775293
1000081566,46870.0,Valencia,56560.08,36,1571.1133333333335,0.6143344709897611,0.47892277947486567,27,True,0.0,0.07514015676804495,0.40640547126990356
32269,28036.0,Madrid,56445.91,69,818.0566666666667,1.1828571428571428,0.7806346346830612,42,True,0.0,0.21404473892448678,0.0
1000077708,50700.0,Zaragoza,56409.71,72,783.4681944444444,1.2020033388981637,0.7893675546018653,13,True,0.0,0.6543751864643881,0.0
34686,8560.0,Barcelona,55823.73,48,1162.994375,0.8323699421965318,0.6056101793795017,75,True,0.0,0.7623049900178825,0.0
11663,8830.0,Barcelona,55596.56,39,1425.5528205128205,0.6739631336405529,0.5151939489099328,20,True,0.0,0.4637042400142412,0.0
11018,8021.0,Barcelona,55465.840000000004,52,1066.6507692307694,0.8793686583990981,0.6309359004412145,40,True,0.0,-1.0,0.6720543285789178
1000077222,8017.0,Barcelona,55361.56,50,1107.2312,0.8422234699606962,0.61097324967144,26,True,0.0,-0.31477583775061757,0.0
36329,8300.0,Barcelona,55284.86,42,1316.3061904761905,0.7138810198300283,0.5387604010975446,33,True,0.0,0.3932182631411381,0.0
36374,48340.0,Vizcaya,54959.98,41,1340.4873170731707,0.7201405152224825,0.5424059823853075,77,True,0.0,-1.0,0.0
1000078440,46160.0,Valencia,54685.07,48,1139.2722916666667,0.8328513591671487,0.6058728740076302,68,True,0.0,0.28396909276610854,0.0
1000065685,8800.0,Barcelona,54638.19,43,1270.655581395349,0.7138904261206419,0.5387658893809742,10,True,0.0,-0.19846296716645848,0.06673369406707041
7362,28001.0,Madrid,54440.26,44,1237.2786363636365,0.7581849511774842,0.5642819991772234,17,True,0.0,0.19055164969670693,0.0
5939,28006.0,Madrid,54269.09,41,1323.6363414634145,0.6825749167591565,0.5203253085939791,10,True,0.0,-1.0,0.0
11577,38002.0,Sta.Cruz Tenerife,54127.75,42,1288.7559523809523,0.7102593010146562,0.5366449970389527,11,True,0.0,0.03424142235154953,1.1798618138667958
1000044594,28020.0,Madrid,54033.36,94,574.8229787234043,1.5640599001663893,0.9415919007849082,18,True,0.0,-0.04164261662238101,0.20118782181612382
1000081354,14006.0,Córdoba,53921.340000000004,65,829.559076923077,1.1123787792355961,0.7478146959923782,45,True,0.0,-0.05900593002539472,0.23731764536531796
38760,13300.0,Ciudad Real,53671.520000000004,129,416.0582945736434,2.0,1.0986122886681098,69,True,0.0,1.5113361239783967,0.28284271247461934
28853,28042.0,Madrid,53653.42,41,1308.62,0.702054794520548,0.5318362238283469,32,True,0.0,-0.5902722323595763,0.6418738028607077
39452,45210.0,Toledo,53430.51,120,445.25425,2.0,1.0986122886681098,69,True,0.0,-0.049749403849184665,0.5431578167531915
41428,28220.0,Madrid,53407.62,62,861.4132258064517,1.054421768707483,0.7199944305961333,19,True,0.0,-0.494998420412306,0.3891361366017873
1000064762,14900.0,Córdoba,53384.74,32,1668.273125,0.538418395961862,0.4307548730744628,13,True,0.0,0.1786974143051677,0.0
32548,31600.0,Navarra,53325.37,34,1568.3932352941176,0.5733558178752108,0.4532108018496184,19,True,0.0,1.743187671633545,0.0
1000070629,28600.0,Madrid,53313.93,54,987.295,0.9035136642498606,0.6437014753015742,27,True,0.0,-1.0,0.7527270029404972
1000077977,40200.0,Segovia,53246.409999999996,25,2129.8563999999997,0.4564820450395618,0.37602396987110526,154,True,0.0,-1.0,0.0
32758,28660.0,Madrid,53232.01,20,2661.6005,0.351288056206089,0.301058253279475,74,True,0.0,0.5278623795971668,0.0
26468,28924.0,Madrid,52975.3,52,1018.7557692307693,0.8813559322033898,0.6319927574066146,27,True,0.0,0.30817495296859077,0.0
7739,9004.0,Burgos,52807.4,45,1173.4977777777779,0.778995960761685,0.5760491381705443,63,True,0.0,0.7044107545302243,0.0
15384,8228.0,Barcelona,52545.64,35,1501.304,0.6044905008635578,0.47280626124084324,27,True,0.0,-0.03738709154714022,0.0
26672,28807.0,Madrid,52545.39,51,1030.3017647058823,0.8793103448275862,0.6309048716827244,17,True,0.0,-0.38890333405765065,0.039106425298434305
1000079361,19004.0,Guadalajara,52512.73,67,783.7720895522389,1.1266816143497758,0.7545628373550048,27,True,0.0,0.15655215130524813,0.26721667007725586
29477,4005.0,Almería,52402.18,36,1455.6161111111112,0.6067415730337078,0.4742082605277674,12,True,0.0,-1.0,0.5642557841508282
1000081268,30530.0,Murcia,52254.78,35,1492.9937142857143,0.594563986409966,0.4666003361140277,55,True,0.0,0.6581394676715728,0.0
1000076117,35250.0,Las Palmas,52241.4,29,1801.4275862068966,0.4971428571428571,0.4035585298375828,60,True,0.0,0.9411773388523504,0.0
41996,18194.0,Granada,52232.88,52,1004.4784615384615,0.9038238702201623,0.6438644269538402,31,True,0.0,-0.24809126953531133,0.13032805936570793
34962,28020.0,Madrid,52212.31,40,1305.30775,0.6892590465249857,0.5242899987858061,35,True,0.0,1.0784161002014099,0.839754839622008
31252,41600.0,Sevilla,51965.65,34,1528.4014705882353,0.6017699115044248,0.4711092125534852,73,True,0.0,-0.5025629976661309,0.0
1000079415,36203.0,Pontevedra,51920.979999999996,23,2257.4339130434782,0.40421792618629176,0.33948051163994375,97,True,0.0,-0.4049457595609889,0.0
1000066138,52006.0,Melilla,51786.99,39,1327.8715384615384,0.65,0.5007752879124893,7,True,0.0,1.2363820815253925,0.412973184239581
31458,12001.0,Castellón,51466.18,27,1906.154814814815,0.45814479638009054,0.37716494030154396,26,True,0.0,-1.0,0.4320186571110564
19550,28921.0,Madrid,51459.979999999996,52,989.6149999999999,0.8981001727115717,0.6408534768306261,40,True,0.0,0.09381300937399194,0.0
1000078021,46500.0,Valencia,51387.37,24,2141.1404166666666,0.41739130434782606,0.34881807244351226,19,True,0.0,-1.0,0.0
41053,38508.0,Sta.Cruz Tenerife,51384.36,34,1511.304705882353,0.5704697986577181,0.4513748094122423,26,True,0.0,1.4426301327716076,0.0
1000072252,36630.0,Pontevedra,51289.27,38,1349.7176315789472,0.6458923512747875,0.49828269991861446,40,True,0.0,-0.6855252234598095,0.0
1000080594,8029.0,Barcelona,51253.270000000004,28,1830.4739285714288,0.7228915662650602,0.5440040224633094,28,True,0.0,0.5628069209328745,0.0
42288,41909.0,Sevilla,51134.869999999995,36,1420.4130555555555,0.9121621621621622,0.6482346238791226,12,True,0.0,-1.0,1.4142135623730951
25446,28660.0,Madrid,51046.08,74,689.811891891892,1.255656108597285,0.8134408878841402,24,True,0.0,-0.12743641362001895,0.1599198300196816
1000079859,33005.0,Asturias,51033.06,29,1759.7606896551724,0.5020196191575304,0.40681061527895934,24,True,0.0,2.2858959659990767,0.0
433,41010.0,Sevilla,50899.840000000004,38,1339.4694736842107,0.6397306397306397,0.49453198427989015,24,True,0.0,-1.0,0.0
1000038392,7800.0,Baleares,50685.71,26,1949.4503846153846,0.4429301533219761,0.3666758748239579,24,True,0.0,0.27286176060178174,0.2298519153705677
27678,18009.0,Granada,50542.54,44,1148.6940909090908,0.8865010073875084,0.6347237944202346,315,False,0.0,-0.0006738016851735771,0.0
14678,4700.0,Almería,50489.04,40,1262.226,0.6829823562891292,0.52056743166538,49,True,0.0,0.04592031825543355,0.0
1000081781,38760.0,Sta.Cruz Tenerife,50478.64,48,1051.6383333333333,0.8280621046578494,0.6032564465565197,46,True,0.0,0.30312874489838715,0.0
39300,41110.0,Sevilla,50452.87,55,917.3249090909092,0.9295774647887324,0.6573010487868095,39,True,0.0,0.4367915515741602,0.0
38579,41702.0,Sevilla,50338.2,78,645.3615384615384,1.3340935005701253,0.8476235932891064,46,True,0.0,-1.0,0.6113665980373005
37653,13610.0,Ciudad Real,50262.38,96,523.5664583333333,1.6724738675958188,0.983004585607635,67,True,0.0,-0.08796245515663921,0.4330354692670491
1000080203,18220.0,Granada,50254.2,74,679.1108108108108,1.2430011198208286,0.8078147547893192,13,True,0.0,0.6503392933317861,0.0
1000078443,28820.0,Madrid,50200.810000000005,51,984.3296078431373,0.8552263834544438,0.6180067282112555,17,True,0.0,0.3742673739146824,0.0
37141,15702.0,A Coruña,50199.53,47,1068.0751063829787,0.7881498043599776,0.5811814564407989,17,True,0.0,-1.0,0.06252433353173432
1000082494,36203.0,Pontevedra,50193.55,46,1091.1641304347827,1.4759358288770053,0.9066184372316474,406,False,0.0,1.342639380052417,0.3102774430298165
1000077781,45200.0,Toledo,50078.59,32,1564.9559375,0.5423728813559322,0.4333220626111306,6,True,0.0,-1.0,0.0
27445,41701.0,Sevilla,49946.99,27,1849.8885185185184,0.47396138092451723,0.3879535932370193,31,True,0.0,0.018190714630865006,1.2590762254669905
36710,13600.0,Ciudad Real,49887.64,45,1108.6142222222222,0.7997630331753555,0.5876550079998157,110,True,0.0,0.2845013169303793,0.0
1000080246,37188.0,Salamanca,49837.44,16,3114.84,0.2872531418312388,0.2525106006723363,31,True,0.0,-0.5891073035427703,0.0
1000080904,8022.0,Barcelona,49765.63,51,975.7966666666666,0.8703071672354948,0.6261026779309482,27,True,0.25,-1.0,1.4927719422802632
41287,46023.0,Valencia,49745.74,49,1015.2191836734694,0.8184855233853007,0.5980040246682655,18,True,0.0,0.4010850963114008,0.22058763806869358
1000059893,28108.0,Madrid,49704.65,55,903.7209090909091,0.9264458169567659,0.655676759568788,17,True,0.0,-0.35750565256429256,0.15714937447789734
36963,12001.0,Castellón,49644.17,31,1601.4248387096773,0.5248306997742663,0.4218833873551179,20,True,0.0,0.03283533905223535,0.20526651532789922
39294,47140.0,Valladolid,49556.07,43,1152.4667441860465,0.7392550143266476,0.5534568688570711,25,True,0.0,-0.6644307573289602,0.2035707345178611
1000078946,21800.0,Huelva,49548.06,34,1457.2958823529411,0.5688789737869493,0.450361334884724,0,True,0.0,-0.39930730728344566,0.0
40220,28821.0,Madrid,49522.95,32,1547.5921875,0.5372132064913262,0.4299711709358458,34,True,0.0,2.2858959659990767,0.0
36633,50180.0,Zaragoza,49509.14,59,839.1379661016949,0.9795240730492529,0.6828564486667893,10,True,0.0,0.4534481023750719,0.3822720619110893
35202,30800.0,Murcia,49444.96,61,810.5731147540984,1.023489932885906,0.7048237102217809,32,True,0.0,-0.10389232914098792,0.0
7549,41015.0,Sevilla,49415.61,55,898.4656363636363,0.9401709401709402,0.6627760826836465,38,True,0.0,-0.216458023202411,0.48537202799032
39974,24001.0,León,49356.159999999996,27,1828.0059259259258,0.45327364297705647,0.3738186965033204,31,True,0.0,1.3980073687538541,0.0
1000081333,22002.0,Huesca,49325.2,47,1049.472340425532,0.8070978820835718,0.591722178423935,66,True,0.0,0.11555453464685864,0.5172737343530885
1000081331,28805.0,Madrid,49079.6,54,908.8814814814815,1.8493150684931507,1.047078638552927,915,False,0.0,1.1037240633009353,0.5746734609856688
1000058696,38003.0,Sta.Cruz Tenerife,49039.5,48,1021.65625,0.8154020385050963,0.5963069520055929,25,True,0.0,0.26176536129076744,0.5981101183970164
27665,28022.0,Madrid,48996.66,42,1166.587142857143,0.72,0.5423242908253617,46,True,0.0,-0.4657826932134377,0.6961920728446994
1000081101,21440.0,Huelva,48966.92,38,1288.6031578947368,0.6951219512195123,0.5277546858664387,122,True,0.0,-0.26678393109000664,0.0
7135,38639.0,Sta.Cruz Tenerife,48856.51,56,872.4376785714286,0.9411764705882353,0.6632942174102642,18,True,0.0,-1.0,0.36597163927347565
1000081216,3004.0,Alicante,48652.71,69,705.1117391304348,1.150639244024458,0.7657651207499798,18,True,0.0,0.01669475967957274,0.007191650710321698
42374,3189.0,Alicante,48620.13,35,1389.1465714285714,0.851581508515815,0.6160401433654512,18,True,0.0,-1.0,0.5023915693119121
1000074035,22400.0,Huesca,48373.45,28,1727.623214285714,0.48331415420023016,0.3942788776737954,46,True,0.0,-1.0,0.0
1000081149,38004.0,Sta.Cruz Tenerife,48352.43,50,967.0486,0.8384572386808273,0.6089267626803379,17,True,0.0,-0.09562785415321338,0.0
1000079021,44580.0,Teruel,48349.06,38,1272.3436842105264,0.6570605187319885,0.5050452608504913,7,True,0.0,-1.0,0.0
1000066475,38002.0,Sta.Cruz Tenerife,48252.09,75,643.3611999999999,1.2534818941504178,0.8124765285702128,17,True,0.0,-0.02787141784201389,0.5333355308716302
1000081881,8243.0,Barcelona,48205.88,49,983.7934693877551,0.8376068376068376,0.6084640933299067,45,True,0.0,-0.22068127651101935,0.0
17321,37003.0,Salamanca,48051.58,47,1022.3740425531915,0.8084862385321101,0.5924901630540588,62,True,0.0,0.35229371601938947,0.1051443065176243
39969,15701.0,A Coruña,48027.82,47,1021.8685106382978,0.7930258717660292,0.5839046238362557,20,True,0.0,0.15376109689444908,0.6756663916796308
1000069840,22600.0,Huesca,47873.479999999996,56,854.8835714285714,0.9480812641083521,0.6668449210382923,27,True,0.0,0.9349336464893404,0.0
1000077528,18008.0,Granada,47848.85,36,1329.134722222222,0.6271777003484321,0.48684704190927625,40,True,0.0,-1.0,0.0
1000078824,11300.0,Cádiz,47845.25,32,1495.1640625,0.6495263870094723,0.5004882085330697,0,True,0.0,-1.0,0.6477975867135028
33211,10600.0,Cáceres,47597.47,15,3173.1646666666666,0.26331187829139846,0.23373674739921646,35,True,0.0,-1.0,0.0
1000100246,8360.0,Barcelona,47579.47,19,2504.1826315789476,0.6006322444678609,0.470398703985845,17,True,0.0,1.159786281852224,0.0
6123,8017.0,Barcelona,47470.49,44,1078.8747727272728,0.7353760445682451,0.5512241302991743,5,True,0.0,0.049868547537660714,0.22470949459631848
21601,28010.0,Madrid,47433.09,37,1281.9754054054054,0.6221973094170403,0.4837815940514745,27,True,0.0,1.4334321257965368,0.0
1000082307,46470.0,Valencia,47251.85,46,1027.2141304347826,0.9324324324324323,0.6587795370557374,39,True,0.0,-0.10498785587741177,0.0
41509,16400.0,Cuenca,47183.86,34,1387.760588235294,0.5975395430579965,0.4684646600511479,83,True,0.0,-0.6929176225766185,0.0
1000078797,3181.0,Alicante,47076.38,42,1120.8661904761905,1.496437054631829,0.9148645371945697,970,False,0.0,-1.0,0.7260250244739724
30874,13420.0,Ciudad Real,46943.37,37,1268.7397297297298,0.6242969628796401,0.485075083938867,27,True,0.0,-0.031022709287309925,0.380898996907147
1005,47001.0,Valladolid,46864.32,31,1511.7522580645161,0.5464159811985899,0.4359399833118884,104,True,0.0,-0.23120770815794917,0.0
26136,47004.0,Valladolid,46681.93,38,1228.4718421052632,0.6570605187319885,0.5050452608504913,20,True,0.0,0.518496771190865,0.0
435,41005.0,Sevilla,46640.44,36,1295.5677777777778,0.6398104265402844,0.4945806415816578,62,True,0.0,0.10716670548955681,0.0
1000078481,8007.0,Barcelona,46606.08,48,970.96,0.9201277955271566,0.6523917439950544,245,False,0.0,-0.1381890135399224,0.13066450983801112
1000056229,17600.0,Girona,46445.43,37,1255.281891891892,0.626410835214447,0.48637564539444117,18,True,0.0,-1.0,0.0
1000065857,37005.0,Salamanca,46410.28,40,1160.257,0.683371298405467,0.5207985078730304,20,True,0.0,0.13912773296501385,0.0
3928,27002.0,Lugo,46272.84,36,1285.3566666666666,0.6146841206602163,0.47913934662175417,12,True,0.0,0.07187320806316438,1.1921203852084155
37581,29730.0,Málaga,46189.399999999994,18,2566.0777777777776,0.30629608621667614,0.267195717422815,42,True,0.0,0.5047752860295716,0.0
1000075385,50010.0,Zaragoza,46117.1,33,1397.4878787878788,0.5634604439385316,0.44690159790817663,60,True,0.0,-0.1056890210945265,0.0
1000070147,50820.0,Zaragoza,46001.91,53,867.9605660377359,0.9044368600682594,0.6441863533642437,6,True,0.0,-1.0,0.3691247350028014
37799,36001.0,Pontevedra,45673.18,33,1384.0357575757575,0.5586907449209932,0.44384620280421117,41,True,0.0,0.4466824997036453,0.0
1000082135,28018.0,Madrid,45529.75,42,1084.0416666666667,0.7697006719609041,0.5708104203982155,34,True,0.0,1.2756297743583243,0.0
39949,21001.0,Huelva,45503.97,75,606.7196,1.3020833333333333,0.8338145100499166,76,True,0.0,0.0182430228078304,0.0
1000081085,3710.0,Alicante,45377.07,45,1008.3793333333333,0.7754164273406089,0.5740350023639273,28,True,0.0,-0.2743665498188289,0.0
12798,8500.0,Barcelona,45292.9,43,1053.3232558139534,0.7469600463231036,0.5578771610123825,59,True,0.0,-0.6011650221105892,0.0
36295,41010.0,Sevilla,45237.92,67,675.1928358208955,1.386206896551724,0.8697050326371498,11,True,0.0,0.4980511557761908,0.0
10927,48960.0,Vizcaya,45200.4,28,1614.3,0.49180327868852464,0.39998564234353884,42,True,0.0,-1.0,0.0
18491,28037.0,Madrid,45096.08,36,1252.668888888889,0.6091370558375634,0.4756980451392921,25,True,0.0,-0.3547973670167058,0.47729112837121856
1000041382,8222.0,Barcelona,45015.479999999996,22,2046.1581818181817,0.3823870220162225,0.3238117310144882,68,True,0.0,2.2858959659990767,0.0
36993,17300.0,Girona,44858.92,30,1495.2973333333332,0.5284791544333529,0.4242732243318771,45,True,0.0,0.22701980961645188,0.21051543579031606
39083,50006.0,Zaragoza,44844.26,54,830.4492592592593,0.9262435677530018,0.6555717683879508,56,True,0.0,0.03235022885725879,0.0
35748,8037.0,Barcelona,44595.28,41,1087.689756097561,0.6929577464788733,0.5264771450597918,32,True,0.0,-0.35066293461395337,0.0
1000080263,8181.0,Barcelona,44576.58,27,1650.9844444444445,0.5113636363636364,0.4130123137435473,222,False,0.0,-1.0,0.0
42210,8023.0,Barcelona,44566.36,25,1782.6544000000001,0.5466472303206997,0.43608951088809794,41,True,0.0,-0.227762328476666,0.7666084124404065
34515,45600.0,Toledo,44364.3,43,1031.7279069767442,0.7255343082114736,0.545536746413297,28,True,0.0,0.6808916497156043,0.0
15351,38002.0,Sta.Cruz Tenerife,44240.17,45,983.1148888888888,0.7714285714285714,0.5717863235556778,55,True,0.0,0.4598686704978383,0.0
34363,50007.0,Zaragoza,44220.81,40,1105.52025,0.6948465547191661,0.5275922085452072,31,True,0.0,1.3649210584466787,0.0
21374,28003.0,Madrid,44200.8,53,833.9773584905661,0.9695121951219513,0.6777858953984581,75,True,0.0,-0.2991153090037498,0.0
1000080382,46870.0,Valencia,44199.17,52,849.9840384615384,1.2946058091286308,0.8305610680316798,609,False,0.0,0.0917534377136389,0.28285233534803084
1000067604,45600.0,Toledo,44153.69,41,1076.919268292683,0.6996587030716723,0.5304274680075856,24,True,0.0,-1.0,0.9381753938924803
1000076177,11203.0,Cádiz,44102.86,31,1422.6729032258065,0.5281090289608177,0.42403104223069965,14,True,0.0,-1.0,0.0
10244,3400.0,Alicante,44098.79,48,918.7247916666666,0.8126410835214446,0.594784943901626,6,True,0.0,0.25195200932325795,0.0
1000065508,24001.0,León,44067.53,27,1632.1307407407407,0.45327364297705647,0.3738186965033204,31,True,0.0,2.2858959659990767,1.1151988652497584
1000070145,4738.0,Almería,44030.23,46,957.1789130434784,0.7926479035037335,0.5836938025025904,76,True,0.0,1.076710390228453,0.0
28105,18110.0,Granada,44015.32,42,1047.9838095238094,0.7050923335198657,0.533619263826281,19,True,0.0,0.8200536703255832,0.1868251667638552
42220,28943.0,Madrid,44007.51,84,523.8989285714285,1.903323262839879,1.0658560335932297,73,True,0.0,-0.005292374650711826,0.6601263005447655
11378,9001.0,Burgos,43811.94,44,995.7259090909091,0.7445008460236886,0.5564684666108617,27,True,0.0,0.06180513642435755,0.0
1000066450,28342.0,Madrid,43806.08,46,952.3060869565218,0.8013937282229965,0.588560658748808,56,True,0.0,-0.4296522808086632,0.8076762831419743
1000056618,8022.0,Barcelona,43755.64,45,972.3475555555556,0.7567264573991032,0.5634521097760115,28,True,0.0,-1.0,1.0595905984973544
27133,41001.0,Sevilla,43637.49,34,1283.455588235294,0.5944055944055944,0.4665009986945335,33,True,0.0,-0.4994338711655731,0.0405094818557281
1000043173,10400.0,Cáceres,43572.31,34,1281.5385294117646,0.5954465849387041,0.4671536876039481,87,True,0.0,1.761052535266605,0.0
12828,8016.0,Barcelona,43509.18,34,1279.6817647058824,0.6028368794326241,0.4717751088941176,125,True,0.0,0.04889723520824296,0.0
1000080494,28036.0,Madrid,43324.44,30,1444.1480000000001,0.5220417633410672,0.4200526988403412,74,True,0.0,0.02445012848541761,0.0
1000077426,12002.0,Castellón,43304.17,77,562.3918181818182,1.2919463087248322,0.8294013730653856,24,True,0.0,-0.03421732851321408,0.04059039415053582
26181,26002.0,La Rioja,43193.12,23,1877.9617391304348,0.3924914675767918,0.3310945653870944,6,True,0.0,-0.2727543643429633,0.0
11760,13600.0,Ciudad Real,43162.729999999996,24,1798.4470833333332,0.44280442804428044,0.36658873910566486,144,True,0.0,2.2858959659990767,0.0
4111,26002.0,La Rioja,43125.05,34,1268.3838235294118,0.6304079110012362,0.48883023565882294,123,True,0.0,-0.3621212517681585,0.0
1000058091,36570.0,Pontevedra,42867.409999999996,35,1224.7831428571428,0.8346581875993642,0.6068581903676044,542,False,0.0,-1.0,0.6102025099300413
1000072411,8028.0,Barcelona,42862.1,38,1127.95,0.6382978723404256,0.4936578201436253,6,True,0.0,0.8060972079585524,0.0
6525,30565.0,Murcia,42831.26,48,892.3179166666667,0.8290155440414508,0.6037778680284113,45,True,0.0,-0.02503503069204583,0.0
27161,8291.0,Barcelona,42817.26,38,1126.77,0.6540447504302925,0.5032236521183813,28,True,0.5,-1.0,1.4927719422802632
29230,38108.0,Sta.Cruz Tenerife,42752.26,41,1042.7380487804878,0.7105719237435009,0.536827772925382,40,True,0.0,-1.0,0.0
1000072282,28027.0,Madrid,42731.04,54,791.3155555555555,0.9178470254957507,0.6512032159789782,35,True,0.0,0.24051951338099306,0.0
29669,8021.0,Barcelona,42729.05,42,1017.3583333333333,0.6980609418282548,0.5294869776033305,6,True,0.0,0.4387674516851858,0.7652697329686906
1000078373,8036.0,Barcelona,42726.81,27,1582.4744444444443,0.47423887587822017,0.3881418402557773,55,True,0.0,0.8273158805744332,0.0
31379,28934.0,Madrid,42539.88,62,686.1270967741935,1.0550198525241066,0.720285508497207,19,True,0.0,-1.0,0.0
37755,16600.0,Cuenca,42523.54,41,1037.159512195122,0.6894618834080717,0.524410066046486,19,True,0.0,1.0645318286853849,0.3383844778998011
1000066398,15003.0,A Coruña,42521.72,47,904.7174468085107,0.8020477815699658,0.5889236746891942,46,True,0.0,0.25078694417413067,0.0
11045,28025.0,Madrid,42425.87,56,757.6048214285714,0.9540034071550255,0.6698802973012742,32,True,0.0,-0.45310959879527807,0.0
31282,15003.0,A Coruña,42316.44,39,1085.0369230769231,0.6747404844290658,0.5156582186041996,77,True,0.0,0.5423044602637377,0.0
19065,28028.0,Madrid,42210.17,41,1029.5163414634146,0.6949152542372882,0.527632742082372,42,True,0.0,-0.08216366500788463,0.32537780193350857
37464,47100.0,Valladolid,42009.65,39,1077.1705128205128,0.6902654867256637,0.5248856093342893,13,True,0.0,0.7189237848017459,0.0
8191,8025.0,Barcelona,41999.39,45,933.3197777777777,0.7648725212464589,0.5680784618541563,55,True,0.0,-1.0,0.0
30444,46020.0,Valencia,41992.69,30,1399.7563333333335,0.5076142131979695,0.4105284100647111,40,True,0.0,0.281219516137254,0.5928777521569415
1000077457,46760.0,Valencia,41693.36,25,1667.7344,0.4345307068366165,0.36083776216111346,56,True,0.0,-1.0,0.0
31344,28700.0,Madrid,41637.69,32,1301.1778125,0.5504587155963303,0.4385508326939298,47,True,0.0,-0.027899534364169882,0.0
26207,3360.0,Alicante,41478.15,36,1152.1708333333333,0.6379208505611341,0.4934276634826427,75,True,0.0,0.2801146278289802,0.0
11409,13001.0,Ciudad Real,41469.65,56,740.5294642857143,0.9594517418617933,0.6726647105725979,56,True,0.0,0.4026769846960749,0.0
31665,8030.0,Barcelona,41397.19,37,1118.842972972973,0.6142778085224129,0.478887679275493,6,True,0.0,-0.5467538476331331,0.0
1000066316,35509.0,Las Palmas,41392.51,45,919.8335555555556,0.7584269662921348,0.564419640248068,27,True,0.0,-0.08482059552602628,0.0
1000081368,24500.0,León,41359.74,40,1033.9935,0.6688963210702341,0.5121625223608323,27,True,0.0,-0.7239166466394004,0.0
8001,8016.0,Barcelona,41220.72,34,1212.374117647059,0.5740011254924029,0.45362086504730836,12,True,0.0,-1.0,0.0
15218,7003.0,Baleares,41198.96,36,1144.4155555555556,0.6878980891719745,0.5234840206379141,243,False,0.0,-1.0,0.0
39244,33013.0,Asturias,41140.0,57,721.7543859649123,0.9855907780979827,0.6859164910667994,35,True,0.0,-0.08938871930621559,0.0
29432,22520.0,Huesca,41058.61,45,912.4135555555556,0.7575757575757576,0.5639354490799391,18,True,0.0,0.6302960303338141,0.10343393210374599
1000078850,17005.0,Girona,40979.2,33,1241.7939393939394,0.5621805792163543,0.4460826524283684,39,True,0.0,0.3099148057709253,0.0
22016,11405.0,Cádiz,40893.99,44,929.4088636363635,0.7419898819561552,0.5550280701219131,27,True,0.0,0.4355002588474284,0.0
27451,15174.0,A Coruña,40746.61,38,1072.2792105263159,0.6627906976744186,0.5084973340063995,55,True,0.0,0.9278066498686479,0.0
32652,36634.0,Pontevedra,40659.54,46,883.9030434782609,0.7867730900798175,0.5804112499838378,38,True,0.0,0.32042351194138485,0.1590280311102275
13953,10001.0,Cáceres,40605.93,34,1194.2920588235295,0.5954465849387041,0.4671536876039481,28,True,0.0,-0.7016708608614902,0.0
1000081988,30002.0,Murcia,40528.65,47,862.3117021276596,0.8075601374570446,0.5919779455662173,25,True,0.0,-0.4683992239732659,0.0
15451,8007.0,Barcelona,40497.56,34,1191.1047058823528,0.5825242718446602,0.4590212125771265,41,True,0.0,0.40548053168350945,0.7150083558492224
30530,28010.0,Madrid,40445.020000000004,55,735.364,0.9316770186335404,0.6583885471947711,27,True,0.0,0.8958400934934141,0.0
38897,8110.0,Barcelona,40437.98,37,1092.9183783783785,0.6253521126760564,0.4857244770326838,31,True,0.0,0.08355337795818461,0.0
29838,6001.0,Badajoz,40426.090000000004,37,1092.597027027027,0.633923472301542,0.49098416076425844,25,True,0.0,0.942670831180538,0.0
37067,50006.0,Zaragoza,40357.06,27,1494.7059259259258,0.4497501388117712,0.3713912235231728,6,True,0.0,2.2858959659990767,0.0
4048,26002.0,La Rioja,40342.37,47,858.3482978723405,0.7997731140102099,0.5876606091853254,49,True,0.0,0.10548390703482553,0.30486882977342195
34983,28015.0,Madrid,40296.8,64,629.6375,1.0847457627118644,0.734646911466698,13,True,0.0,0.2837090343512522,0.0
1000069298,7012.0,Baleares,40190.43,63,637.9433333333334,1.0552763819095476,0.7204103313183093,19,True,0.0,0.0901922734317585,0.692667510604388
2235,39600.0,Cantabria,40019.43,20,2000.9715,0.3464203233256351,0.2974494583480025,59,True,0.0,-0.23442624612776355,0.0
1000078468,45930.0,Toledo,39892.43,58,687.8005172413793,0.9858356940509915,0.6860398301012933,27,True,0.0,-1.0,0.5490816238076597
1000080267,15270.0,A Coruña,39871.15,46,866.7641304347826,0.8004640371229698,0.5880444300794709,67,True,0.0,0.2957608377244783,0.5006618416247245
8580,47004.0,Valladolid,39770.52,28,1420.3757142857141,0.5029940119760479,0.40745912671502876,45,True,0.0,-0.107574404693929,0.0
1000081769,35002.0,Las Palmas,39737.77,46,863.8645652173913,0.7801017524024872,0.5766705269412393,45,True,0.0,0.01566308534458765,0.0
1000082288,46004.0,Valencia,39660.96,24,1652.54,0.5038488453463961,0.40802771871264304,59,True,0.0,-0.29558918099277165,0.0
1000068599,38320.0,Sta.Cruz Tenerife,39620.58,43,921.4088372093024,0.7263513513513513,0.5460101358796441,31,True,0.0,0.46767657917156885,0.0
1000080105,5001.0,Ávila,39563.229999999996,13,3043.3253846153843,0.2345159350571257,0.2106789378260059,31,True,0.0,0.5331892670320488,0.0
1000079238,14011.0,Córdoba,39494.87,27,1462.772962962963,0.46632124352331605,0.38275670873835205,70,True,0.0,1.6760558739094986,0.0
1000071495,28100.0,Madrid,39489.05,49,805.8989795918368,0.8526682134570766,0.6166268775513193,68,True,0.0,0.20953975201759265,0.16380661849304567
36544,31010.0,Navarra,39375.59,37,1064.2051351351352,0.6235955056179775,0.484643137820347,34,True,0.0,-0.18718522918003574,0.0
2074,36740.0,Pontevedra,39273.47,45,872.7437777777778,0.7558790593505039,0.5629696200338541,25,True,0.0,-0.13881618903697335,0.0108821457287471
41482,13630.0,Ciudad Real,39075.759999999995,78,500.971282051282,1.342512908777969,0.8512242457995548,70,True,0.0,0.6254170746353753,0.4835560649555497
24661,4006.0,Almería,39045.44,27,1446.1274074074074,0.46551724137931033,0.38220824594389713,25,True,0.0,0.16851632684038567,0.01611636376462961
1000075779,33402.0,Asturias,38935.69,39,998.3510256410257,0.6798373038930854,0.5186969458048066,61,True,0.0,2.2858959659990767,0.9273929762394924
34537,38400.0,Sta.Cruz Tenerife,38869.47,26,1494.9796153846155,0.43673012318029114,0.36236978373913736,28,True,0.0,-0.7758937061005662,0.0
21691,2001.0,Albacete,38811.56,44,882.080909090909,0.7337409672040022,0.5502814826572702,18,True,0.0,-0.5345585564463201,0.0
28342,46025.0,Valencia,38702.93,30,1290.0976666666668,0.5878510777269759,0.46238157865843965,42,True,0.0,-0.20008294385916733,0.37252163975717806
1000081624,28001.0,Madrid,38560.19,38,1014.7418421052632,0.6484641638225256,0.49984404463550536,47,True,0.0,-0.2354860817293721,0.15108673872799686
30711,18009.0,Granada,38500.04,36,1069.4455555555555,0.6150341685649203,0.47935611345695617,28,True,0.0,1.1479808611596,0.0
1000080321,27001.0,Lugo,38474.69,32,1202.3340625,0.5387205387205387,0.4309512520915051,12,True,0.0,-1.0,0.0
1000072689,50014.0,Zaragoza,38457.03,28,1373.465357142857,0.47323943661971835,0.38746367458950715,31,True,0.0,-0.036847386325364946,0.0
27275,9300.0,Burgos,38436.62,22,1747.119090909091,0.40917544947303164,0.34300474572733436,38,True,0.0,0.8191114863203973,0.0
39187,13002.0,Ciudad Real,38374.95,23,1668.4760869565216,0.4144144144144144,0.3467156040359739,26,True,0.0,-1.0,0.0
1000072718,41807.0,Sevilla,38303.75,28,1367.9910714285713,0.4958677685950413,0.4027064856690846,88,True,0.0,-1.0,0.0
1000077513,50008.0,Zaragoza,38300.69,34,1126.4908823529413,0.5889145496535797,0.46305110993085385,89,True,0.0,1.1367238451710187,0.0
7346,9007.0,Burgos,38261.4,22,1739.1545454545455,0.37692747001713306,0.3198545458953192,31,True,0.0,0.23098322007668073,0.0
1000078633,16400.0,Cuenca,38231.2,32,1194.725,0.5614035087719298,0.44558510189758965,32,True,0.0,0.35259473271639596,0.0
37655,13620.0,Ciudad Real,38203.68,86,444.22883720930236,1.5149735760422784,0.9222622969526827,88,True,0.0,-0.3867751637930267,0.7273875661586161
42293,13500.0,Ciudad Real,38198.04,79,483.5194936708861,1.8515625,1.0478670896628743,70,True,0.0,0.05900648690090749,0.44852699758531567
27058,8184.0,Barcelona,38147.9,24,1589.4958333333334,0.41642567958357435,0.34813657126887726,89,True,0.0,-1.0,0.0
1000066292,16004.0,Cuenca,38092.74,27,1410.842222222222,0.47230320699708456,0.38682798210941993,28,True,0.0,0.2821068514395023,0.0
41906,13250.0,Ciudad Real,37998.89,91,417.57021978021976,1.598360655737705,0.9548807291440241,84,True,0.0,0.8946001040482238,0.0
35398,30008.0,Murcia,37990.39,41,926.5948780487805,0.7056798623063684,0.5339637774780768,47,True,0.0,0.009510378903196398,0.0
1000044579,50300.0,Zaragoza,37953.26,34,1116.2723529411765,0.5736782902137233,0.4534157391515766,27,True,0.0,-1.0,0.0
3383,30007.0,Murcia,37886.53,32,1183.9540625,0.5504587155963303,0.4385508326939298,42,True,0.0,1.7575949976502985,0.008787264243339558
39181,14120.0,Córdoba,37663.49,37,1017.9321621621621,0.6579727326615293,0.5055956106559915,28,True,0.0,-1.0,0.3365031668637184
1000076410,31014.0,Navarra,37530.08,31,1210.647741935484,0.5266138165345413,0.4230520908682923,19,True,0.0,0.2385956062963156,0.0
5842,8915.0,Barcelona,37527.99,28,1340.285357142857,0.5008944543828265,0.4060612333121071,38,True,0.0,1.4070215518065425,0.0
18863,41800.0,Sevilla,37512.590000000004,21,1786.3138095238096,0.35353535353535354,0.30271994981632144,39,True,0.0,-0.03233539068050845,0.0
37148,18100.0,Granada,37485.75,49,765.015306122449,0.8516801853997683,0.616093435242792,14,True,0.0,0.6421920393315621,0.7782109701315948
2811,28901.0,Madrid,37454.94,24,1560.6225000000002,0.40022234574763754,0.3366310424020771,12,True,0.0,2.2858959659990767,0.0
1000074224,41600.0,Sevilla,37350.6,34,1098.5470588235294,0.591304347826087,0.4645540244781709,32,True,0.0,-0.22221917729384733,0.20202659927311617
25651,3590.0,Alicante,37086.37,28,1324.5132142857144,0.5078597339782346,0.41069125065634515,39,True,0.0,0.11660360221345842,0.0
5686,23008.0,Jaén,36920.46,30,1230.682,0.49944506104328523,0.4050950803518609,18,True,0.0,-0.11104101873223626,0.7990346476615711
1000082371,28011.0,Madrid,36888.75,39,945.8653846153846,0.8666666666666667,0.6241543090729939,97,True,0.0,-0.471327761802489,0.0
1000077720,31011.0,Navarra,36878.83,25,1475.1532,0.41993281075028,0.35060955412067224,17,True,0.0,0.49766943523071033,0.0
5887,6800.0,Badajoz,36846.14,59,624.5108474576272,0.9871723368655884,0.6867126920007032,28,True,0.0,-0.41052257500543377,0.8368122001433552
1000081198,30001.0,Murcia,36840.69,27,1364.47,0.47900650502661146,0.39137058197903873,73,True,0.0,-0.06614226897698605,0.9061620081154385
17963,36202.0,Pontevedra,36838.4,34,1083.4823529411765,0.5821917808219178,0.4588110888134571,46,True,0.0,-0.05171995390035956,0.0
40833,13640.0,Ciudad Real,36776.74,69,532.9962318840579,1.2155020551967117,0.7954790393016222,103,True,0.0,-0.6024663942161427,0.0
39721,41003.0,Sevilla,36775.85,24,1532.3270833333333,0.40793201133144474,0.34212196916333193,11,True,0.0,-1.0,0.0
1000072110,41020.0,Sevilla,36762.6,32,1148.83125,0.5457646389994315,0.43551869989491254,39,True,0.0,-0.046655459034135906,0.5520840128435994
23112,38010.0,Sta.Cruz Tenerife,36691.13,56,655.1987499999999,0.9354120267260579,0.6603202375231377,17,True,0.0,-0.03851357205411971,0.8108784344558182
8239,6800.0,Badajoz,36679.17,35,1047.9762857142857,0.5908835115362971,0.46428952953893904,33,True,0.0,0.30179768321756584,0.0
1000057417,23008.0,Jaén,36631.4,41,893.4487804878049,0.6996587030716723,0.5304274680075856,38,True,0.0,-1.0,0.0
17690,7730.0,Baleares,36614.15,41,893.0280487804879,0.706084959816303,0.5342012484252017,13,True,0.0,-0.18452691236508537,0.2485942894837053
40015,46389.0,Valencia,36505.61,16,2281.600625,0.27522935779816515,0.24312605090154807,48,True,0.0,0.6719435280936165,0.0
40613,18002.0,Granada,36421.6,56,650.3857142857142,0.9496890898812889,0.6676699187770556,42,True,0.0,0.25201666075798507,0.0
12585,17430.0,Girona,36417.53,35,1040.500857142857,0.5952380952380952,0.46702300110759776,49,True,0.0,-0.34343173482306055,0.0
38776,28043.0,Madrid,36382.65,34,1070.0779411764706,0.5676126878130218,0.4495538810928136,7,True,0.0,-1.0,0.0
39191,13630.0,Ciudad Real,36333.44,39,931.6266666666668,0.6766917293233082,0.516822643238365,68,True,0.0,1.8779128758237857,0.08543855026919282
1000072763,28006.0,Madrid,36269.1,53,684.3226415094339,0.8872767857142857,0.6351349359236498,19,True,0.0,0.6627887621862056,0.90667350340296
1000077259,41200.0,Sevilla,36089.76,61,591.6354098360656,1.0280898876404494,0.7070944080407957,31,True,0.0,-0.1311023695762157,0.0
40513,48901.0,Vizcaya,36082.28,28,1288.652857142857,0.502092050209205,0.4068588365567682,110,True,0.0,-0.0029795389473846927,0.0
1000071626,28017.0,Madrid,36048.03,52,693.2313461538462,0.8919382504288165,0.6376018329030101,63,True,0.0,-0.33596425537197,0.0
31906,8840.0,Barcelona,35932.89,29,1239.065172413793,0.5046403712296984,0.4085539136527508,97,True,0.0,0.042696870520356006,0.0
28706,46400.0,Valencia,35907.12,21,1709.8628571428574,0.36885245901639346,0.3139727676834986,27,True,0.0,-1.0,1.2218341826998123
1000059423,13600.0,Ciudad Real,35889.0,64,560.765625,1.1757501530924679,0.777373503050562,180,False,0.0,-0.0757228095780829,0.0
42148,29001.0,Málaga,35816.34,50,716.3267999999999,1.0714285714285714,0.7282385003712154,61,True,0.0,0.16461102083008258,0.740141747491941
7733,46018.0,Valencia,35809.64,34,1053.224705882353,0.6003531489111242,0.47022432296053873,6,True,0.0,0.2620565360932333,0.0
40892,28042.0,Madrid,35802.83,62,577.465,1.046119235095613,0.7159449430042176,32,True,0.0,1.2917500489352696,0.0
31111,28054.0,Madrid,35720.26,42,850.482380952381,0.7237219988512349,0.544485905672178,41,True,0.0,-0.0550117141784654,0.8292539991271078
1000066520,19002.0,Guadalajara,35695.94,39,915.2805128205129,0.6621392190152802,0.5081054588789237,24,True,0.0,0.16392848060897383,0.0
1000081581,28006.0,Madrid,35662.979999999996,40,891.5745,0.6829823562891292,0.52056743166538,55,True,0.0,0.5195324649615835,0.0
15574,28100.0,Madrid,35648.53,34,1048.4861764705881,0.5698324022346369,0.4509688634929908,7,True,0.0,-0.7062087012041673,1.0101134495974735
41580,13001.0,Ciudad Real,35641.01,70,509.15728571428576,1.2382075471698113,0.8056753433779701,118,True,0.0,0.164993456635338,0.0
1000075995,41960.0,Sevilla,35619.08,45,791.5351111111112,0.7857974388824215,0.5798650599429461,38,True,0.3333333333333333,-0.15082877313792695,1.4927719422802632
1000078767,8201.0,Barcelona,35606.71,41,868.4563414634146,0.6894618834080717,0.524410066046486,13,True,0.3333333333333333,-0.3528261082774714,1.4927719422802632
10501,48003.0,Vizcaya,35594.07,21,1694.9557142857143,0.35815804434337695,0.3061294025882514,31,True,0.0,0.1395648622091378,0.0
35572,43001.0,Tarragona,35574.33,41,867.6665853658537,0.8661971830985915,0.6239027683849615,41,True,0.0,-0.19881527301144578,0.0
30714,28350.0,Madrid,35481.05,24,1478.3770833333335,0.45084533500313084,0.37214637621736374,210,False,0.0,0.10526160709744085,0.0
18936,28026.0,Madrid,35340.9,47,751.9340425531915,0.8020477815699658,0.5889236746891942,26,True,0.0,-0.2139793293671093,0.0
1000078385,28043.0,Madrid,35302.07,39,905.1812820512821,0.6647727272727273,0.5096886139789155,25,True,0.0,-1.0,0.013618223854433918
40324,18012.0,Granada,35247.8,30,1174.9266666666667,0.4997223764575236,0.40528000861665947,12,True,0.0,0.15861663844605792,0.0
29318,28944.0,Madrid,35091.26,39,899.7758974358975,0.6731875719217492,0.5147305328280727,31,True,0.0,-0.2666676746204299,0.7143447126618849
40641,33013.0,Asturias,35017.520000000004,26,1346.8276923076924,0.4409270774448841,0.36528671021633013,14,True,0.0,0.8114721413516391,0.0
1000078695,8100.0,Barcelona,34945.58,48,728.0329166666667,0.8126410835214446,0.594784943901626,17,True,0.0,-1.0,0.3832365073823717
1000081093,46860.0,Valencia,34889.07,23,1516.9160869565217,0.39137833238797504,0.33029486186061907,28,True,0.0,-1.0,0.0
2887,28010.0,Madrid,34880.31,28,1245.725357142857,0.5017921146953406,0.40665913810077214,110,True,0.0,0.8528996045861005,0.0
1000069355,45003.0,Toledo,34860.48,48,726.2600000000001,0.7986688851913477,0.5870468831040007,18,True,0.0,0.5415496479381101,0.0
24468,1009.0,Álava,34857.68,36,968.2688888888889,0.6050420168067226,0.47314993493510044,35,True,0.0,-0.6426396818814,0.0
24936,28022.0,Madrid,34855.31,35,995.866,0.6658211794546607,0.5103182027225014,202,False,0.0,0.006059118079492777,0.0
1000080539,19003.0,Guadalajara,34854.64,62,562.1716129032258,1.1495673671199012,0.7652665972957914,182,False,0.0,0.5049401095502513,0.5033658003349576
1000076433,50008.0,Zaragoza,34827.729999999996,16,2176.7331249999997,0.2797202797202797,0.24664152258151364,75,True,0.0,-1.0,0.0
1434,30530.0,Murcia,34826.43,23,1514.192608695652,0.4009296920395119,0.33713608196963163,97,True,0.0,0.6740005353294106,0.4583976545276977
1000068778,37700.0,Salamanca,34815.88,20,1740.7939999999999,0.3790271636133923,0.32137829666893175,200,False,0.0,-1.0,0.0
40046,34001.0,Palencia,34775.28,24,1448.97,0.41260744985673353,0.34543725184026297,55,True,0.0,-1.0,0.0
1000082576,8241.0,Barcelona,34768.62,56,620.8682142857143,1.3397129186602872,0.8500282375100611,45,True,0.3333333333333333,-0.5783033711675174,1.4927719422802632
36474,15895.0,A Coruña,34751.87,37,939.2397297297298,0.6361031518624642,0.4923172874535831,33,True,0.0,0.44907738341122067,0.0
1000042144,28045.0,Madrid,34695.79,43,806.8788372093023,0.7486941381311666,0.5588693026023717,83,True,0.0,0.014395070248544976,0.7636757034023789
1000055021,7014.0,Baleares,34642.27,41,844.9334146341463,0.6968838526912181,0.5287935411821526,45,True,0.0,0.48920186725103837,0.0
2000570,0.0,Andorra,34618.1,21,1648.4809523809522,0.35,0.30010459245033805,12,True,0.0,0.5263465042795444,0.0
1000081081,11520.0,Cádiz,34562.89,31,1114.931935483871,0.5335628227194492,0.4275936706188981,35,True,0.0,0.7703993145193307,0.0
35264,28770.0,Madrid,34462.33,60,574.3721666666667,1.0101010101010102,0.6981849745899025,12,True,0.0,-0.13838804933124904,0.05636130701197073
19531,30204.0,Murcia,34445.47,34,1013.1020588235294,0.5868814729574223,0.4617707525279098,75,True,0.0,-0.42876563526304096,0.8286293767199205
1000081822,46450.0,Valencia,34374.119999999995,19,1809.1642105263156,0.34378769601930037,0.29549226535193435,62,True,0.0,-1.0,0.36888382560767313
10124,41013.0,Sevilla,34363.35,21,1636.35,0.36863662960795784,0.3138150834685881,40,True,0.0,0.5255874594529881,0.33515344052784163
30200,28004.0,Madrid,34193.13,52,657.5601923076922,0.8878770631758679,0.6354529507599552,39,True,0.0,-1.0,0.06086308498182177
40521,36940.0,Pontevedra,34187.21,35,976.7774285714286,0.6031016657093624,0.4719402937681331,63,True,0.0,-0.23275502751478158,0.0
1000081369,46010.0,Valencia,34116.79,31,1100.5416129032258,0.5400696864111498,0.431827666318077,18,True,0.0,0.16148655128687195,0.0
1000081979,35200.0,Las Palmas,34115.05,32,1066.0953125,0.5604203152364273,0.4449552178147991,59,True,0.0,1.9694198099117008,0.7215339960560625
35847,46018.0,Valencia,34089.08,41,831.4409756097562,0.7109826589595376,0.5370678598262815,59,True,0.0,0.9748652767202111,0.0
1000078753,8470.0,Barcelona,34079.82,40,851.9955,0.6681514476614699,0.5117160957749652,7,True,0.0,0.4115049588819763,0.5066154307962948
37111,31570.0,Navarra,34059.71,34,1001.7561764705882,0.5682451253481894,0.4499572396514115,10,True,0.0,1.09513140126922,0.0
1000082295,28026.0,Madrid,34047.39,40,851.18475,0.8236101578586136,0.6008181395646086,74,True,0.0,-0.018008485213238532,0.0
33847,8402.0,Barcelona,34023.83,42,810.0911904761905,0.7429245283018868,0.5555644657162441,55,True,0.0,0.028607513115648825,0.0
37218,43700.0,Tarragona,34022.59,35,972.074,0.596252129471891,0.46765846241032577,39,True,0.0,0.07638785707311496,0.3310968193767848
30,41300.0,Sevilla,34014.02,27,1259.7785185185185,0.45892351274787535,0.3776988437304394,48,True,0.0,0.27699131721631515,0.0
1000100207,32003.0,Orense,33924.229999999996,34,997.7714705882352,1.0461538461538462,0.7159618583261167,6,True,0.0,1.7743697057531538,0.0
23908,30840.0,Murcia,33860.58,33,1026.078181818182,0.5602716468590832,0.44485993870410034,45,True,0.0,0.4665765815275897,0.0
1000080682,13003.0,Ciudad Real,33860.31,20,1693.0155,0.3642987249544627,0.31064054200768887,24,True,0.0,2.2858959659990767,0.0
3814,33400.0,Asturias,33853.7,22,1538.8045454545454,0.39030159668835007,0.3295206996414892,116,True,0.0,-1.0,0.0
14653,4001.0,Almería,33825.02,29,1166.3799999999999,0.5090696313633704,0.41149332276575384,47,True,0.0,-0.2203282739443813,0.0
1000081236,30890.0,Murcia,33754.72,32,1054.835,0.7643312101910827,0.5677717008390304,59,True,0.0,-1.0,0.39257761193215207
1000039696,8211.0,Barcelona,33744.28,31,1088.5251612903226,0.5269121813031161,0.4232475139757004,14,True,0.0,-1.0,0.0
1000069507,50010.0,Zaragoza,33719.17,15,2247.9446666666668,0.2580275229357798,0.2295450363662506,10,True,0.0,0.20726007522297787,0.0
37656,45100.0,Toledo,33701.72,104,324.055,1.7879656160458453,1.025312159983578,68,True,0.0,-0.3651074900998945,0.6832706707296775
1000078377,8006.0,Barcelona,33675.28,37,910.1427027027026,0.6967984934086628,0.5287432363663991,200,False,0.0,0.44944706100649695,0.0
35347,8028.0,Barcelona,33667.19,20,1683.3595,1.1857707509881423,0.7819685127948146,1298,False,0.0,0.7825198466541331,0.0
1000076107,30400.0,Murcia,33604.05,54,622.2972222222223,0.9040178571428571,0.6439663150766939,12,True,0.0,0.03376399794053291,0.0
28873,2001.0,Albacete,33574.8,34,987.4941176470589,0.5957943925233644,0.4673716639889932,82,True,0.0,-0.6593731634936297,0.0
42483,1008.0,Álava,33570.05,47,714.2563829787234,1.339031339031339,0.8497368859865624,17,True,0.0,-0.3932486156445073,0.5952517769470448
6225,28047.0,Madrid,33538.03,41,818.0007317073171,0.701654306902453,0.5316008995935141,52,True,0.0,-0.1517547475960604,0.0
39945,24008.0,León,33499.05,22,1522.684090909091,0.39568345323741005,0.33338422593263634,108,True,0.0,-1.0,0.0
1000060126,28021.0,Madrid,33449.450000000004,43,777.8941860465118,0.7396788990825688,0.5537005554395527,74,True,0.0,0.11679981959716502,0.0
1000068451,4639.0,Almería,33424.66,20,1671.2330000000002,0.35799522673031026,0.3060095142041932,82,True,0.0,-0.034649593414867924,0.0
35853,18005.0,Granada,33397.09,30,1113.2363333333333,0.5067567567567567,0.40995949769600365,27,True,0.0,2.2858959659990767,0.0
7212,28028.0,Madrid,33335.67,45,740.7926666666666,0.7776497695852534,0.5752921377028106,32,True,0.0,-0.3078384455043193,0.0
41635,2640.0,Albacete,33291.81,82,405.9976829268292,1.3773796192609182,0.865998880826757,27,True,0.0,-1.0,0.0
1000080237,8184.0,Barcelona,33241.75,29,1146.2672413793102,0.5017301038062284,0.40661784598797274,69,True,0.0,-0.12869530422429043,0.0
13599,8030.0,Barcelona,33187.41,46,721.4654347826088,0.7722439843312814,0.5722465313792117,27,True,0.0,-0.20263026919381696,0.0
1000071765,8551.0,Barcelona,33155.51,26,1275.211923076923,0.4537521815008726,0.3741479254521031,81,True,0.0,0.06845610439864921,0.0
1000071186,28045.0,Madrid,33109.65,40,827.74125,1.0135135135135134,0.6998812127412893,620,False,0.0,-1.0,0.0
19864,18110.0,Granada,33058.4,23,1437.321739130435,0.44573643410852715,0.36861883472219814,262,False,0.0,0.36636220899467925,0.24077336963722193
1000065753,8700.0,Barcelona,33052.81,17,1944.2829411764706,0.29209621993127144,0.25626587621840197,38,True,0.0,-1.0,0.0
1000080606,26002.0,La Rioja,33032.55,59,559.8737288135594,0.9833333333333333,0.6847789308894286,0,True,0.0,-0.39419530257343877,0.0
1000059378,28024.0,Madrid,32871.58,38,865.0415789473685,0.6365159128978224,0.4925695386501806,20,True,0.0,-1.0,0.4410440516268392
1000068733,28015.0,Madrid,32786.36,49,669.109387755102,0.8286358511837655,0.6035702523657788,32,True,0.0,-1.0,0.0
1000081316,3710.0,Alicante,32769.299999999996,29,1129.9758620689654,0.5084745762711864,0.4110989258264204,68,True,0.0,0.3611048889287108,0.0
1000082093,8700.0,Barcelona,32704.33,25,1308.1732000000002,0.4485645933014354,0.37057313046839063,20,True,0.0,0.15759621634719553,0.0
1000076919,8970.0,Barcelona,32693.45,34,961.5720588235295,0.6363069245165316,0.4924418272573208,69,True,0.0,0.38451153598667576,0.0
1000066500,23700.0,Jaén,32496.510000000002,25,1299.8604,0.4499100179964007,0.371501497952689,110,True,0.0,-0.1193682367159361,0.0
29359,8008.0,Barcelona,32495.51,45,722.1224444444445,0.7964601769911505,0.5858181603294468,104,True,0.0,-1.0,0.0
1000060785,8570.0,Barcelona,32466.45,32,1014.5765625,0.5463858850313034,0.43592052123925057,34,True,0.0,0.02898571479034261,0.0
24454,8032.0,Barcelona,32452.25,34,954.4779411764706,0.5926786751888437,0.4654173000912463,33,True,0.0,0.24600379067080547,0.0
1000100058,50600.0,Zaragoza,32409.28,40,810.232,1.023890784982935,0.7050217899806581,19,True,0.0,-1.0,0.0
495,46700.0,Valencia,32366.36,37,874.7664864864865,0.6190741773563859,0.481854490419497,27,True,0.0,0.5971677145623789,0.22369488850296967
1000041359,8812.0,Barcelona,32345.06,26,1244.0407692307692,0.44750430292598964,0.3698409031210368,28,True,0.0,0.3854863045345264,0.7056309702397668
38501,45280.0,Toledo,32313.72,86,375.7409302325581,1.489607390300231,0.9121250234664526,81,True,0.0,1.2989336016819006,0.0
36095,11540.0,Cádiz,32213.09,89,361.94483146067415,1.6113458056729029,0.9598657227983219,157,True,0.0,-0.10683023043566145,0.0
12697,18004.0,Granada,32169.54,20,1608.477,0.3393665158371041,0.2921967528063076,46,True,0.0,-0.14766415121549112,0.0
1000076311,28046.0,Madrid,32114.829999999998,49,655.4046938775509,0.827236916150816,0.6028049439481946,13,True,0.0,2.2858959659990767,0.0
27566,4001.0,Almería,32060.980000000003,18,1781.1655555555558,0.3083952027412907,0.26880135016764367,34,True,0.0,-1.0,0.0
1000062935,36211.0,Pontevedra,32020.34,31,1032.9141935483872,0.5275099262620533,0.42363891041372864,12,True,0.25,0.02182657420553817,0.2931874117873793
1000065055,33213.0,Asturias,31953.7,45,710.0822222222222,0.7740825688073395,0.5732834266640865,19,True,0.0,-1.0,0.0
40315,41927.0,Sevilla,31949.61,33,968.1700000000001,0.5571187394485088,0.4428371516322746,6,True,0.0,-1.0,0.3278927122203372
1000100303,10005.0,Cáceres,31799.74,33,963.6284848484848,1.1111111111111112,0.7472144018302211,39,True,0.0,-1.0,0.8733549558635365
1000078921,48011.0,Vizcaya,31794.940000000002,15,2119.6626666666666,0.26486168334314303,0.23496277497057844,111,True,0.0,2.2858959659990767,0.0
1000081399,30004.0,Murcia,31789.25,44,722.4829545454545,0.7432432432432432,0.5557473111575023,34,True,0.0,-1.0,0.3353166805145093
1000081454,41710.0,Sevilla,31760.89,24,1323.3704166666666,0.41025641025641024,0.3437715391028245,59,True,0.0,-1.0,0.0
37331,6200.0,Badajoz,31733.8,59,537.8610169491525,1.0172413793103448,0.7017309242513368,53,True,0.0,-0.03650207876841524,0.38570433745569244
13425,8042.0,Barcelona,31714.03,27,1174.5937037037036,0.4492512479201331,0.3710470423172952,14,True,0.0,-0.21569368826816115,0.0
7192,37004.0,Salamanca,31688.06,25,1267.5224,0.4562043795620438,0.37583331050179325,119,True,0.0,-1.0,0.0
37980,28970.0,Madrid,31667.34,34,931.3923529411765,0.5971896955503513,0.46824564461483753,70,True,0.0,0.3924910293378666,0.0
1000082452,17800.0,Girona,31665.78,19,1666.62,0.4169714703730797,0.34852182668304627,32,True,0.0,0.5078557254421733,0.0
39417,38400.0,Sta.Cruz Tenerife,31641.67,38,832.6755263157894,0.6473594548551959,0.4991736756251978,25,True,0.0,-1.0,0.0
1000077876,38500.0,Sta.Cruz Tenerife,31577.04,37,853.4335135135135,0.6159822419533851,0.4799429711482934,11,True,0.0,-0.4355266844130155,0.0
1000071145,8440.0,Barcelona,31553.36,40,788.8340000000001,0.6936416184971098,0.5268810145192884,73,True,0.0,0.3479988721881167,0.0
1000082690,28901.0,Madrid,31552.96,45,701.1768888888889,1.1821366024518387,0.7803044896913882,26,True,0.0,-0.34789992075172643,0.8673075513494737
1000078957,28016.0,Madrid,31525.579999999998,36,875.7105555555555,0.6275421266705403,0.48707097904856905,77,True,0.0,0.16720948931733165,0.0
37594,50004.0,Zaragoza,31503.98,20,1575.199,0.5244755244755245,0.4216504325291817,600,False,0.0,-1.0,0.8921952533191967
40383,45730.0,Toledo,31499.18,72,437.48861111111114,1.2529002320185614,0.812218378187577,67,True,0.0,-0.4144040040244242,0.6827904625766752
34335,17100.0,Girona,31488.25,18,1749.3472222222222,0.4361873990306947,0.3619919628293085,524,False,0.0,-0.2971950012831468,0.0
1000076537,9400.0,Burgos,31455.03,43,731.5123255813953,0.7317073170731707,0.5491078103370076,12,True,0.0,-1.0,0.3100210715823867
24137,6300.0,Badajoz,31413.02,33,951.9096969696969,0.5580608793686584,0.44344202201803573,19,True,0.0,1.054021074281855,0.330666064075733
27082,33007.0,Asturias,31395.35,25,1255.8139999999999,0.43004587155963303,0.35770652177105683,19,True,0.0,-1.0,0.0
40708,4004.0,Almería,31364.23,27,1161.638148148148,0.46739757645701097,0.38349047570651357,70,True,0.0,-0.48836745077449,0.0
7547,43005.0,Tarragona,31284.11,21,1489.719523809524,0.40332906530089624,0.33884731766827486,187,False,0.0,0.5468955333258033,0.17212850300832083
1000082389,28001.0,Madrid,31279.98,52,601.5380769230769,1.1676646706586826,0.7736503994090159,12,True,0.0,-0.06375995647224633,0.39579050957109774
1000082273,29631.0,Málaga,31206.27,25,1248.2508,0.5091649694501018,0.4115564975015663,74,True,0.0,0.4683471114006808,0.0
1000081058,28901.0,Madrid,31125.85,29,1073.3051724137931,0.5157083580320094,0.4158828927452183,89,True,0.0,-1.0,0.5418278078689857
1000081528,8241.0,Barcelona,31110.86,22,1414.13,0.3793103448275862,0.3215836241274623,52,True,0.0,-1.0,0.0
1000074511,39300.0,Cantabria,31054.53,22,1411.5695454545455,0.40993788819875776,0.3435456524969397,60,True,0.0,0.5122626554968098,0.0
5879,3007.0,Alicante,31034.77,22,1410.6713636363636,0.4026845637583893,0.3383879460193519,59,True,0.0,-0.03835813914618752,0.0
1000082185,8024.0,Barcelona,31010.95,20,1550.5475000000001,0.6936416184971098,0.5268810145192884,777,False,0.0,0.42435949432028935,0.1772047052396595
1000079856,8450.0,Barcelona,30998.35,26,1192.2442307692306,0.6446280991735537,0.49751427912775126,560,False,0.0,-0.3921827846060411,0.0
28043,38108.0,Sta.Cruz Tenerife,30993.65,39,794.7089743589744,0.6655290102389079,0.5101427968360799,40,True,0.0,-0.2250136019652778,0.0
36827,18100.0,Granada,30984.94,47,659.2540425531914,0.8080229226361032,0.5922339403387861,54,True,0.0,-0.20318833033588532,0.0
1000058504,15256.0,A Coruña,30906.32,21,1471.7295238095237,0.36165327210103326,0.30869960270516794,19,True,0.0,-1.0,0.5177810987298962
15573,13500.0,Ciudad Real,30741.23,55,558.9314545454546,0.9217877094972068,0.6532558515326434,20,True,0.0,0.062003988289448725,0.5148759293334999
39365,46900.0,Valencia,30727.47,26,1181.8257692307693,0.46099290780141844,0.3791162784114128,31,True,0.0,1.563316899080416,0.0
3894,28010.0,Madrid,30667.28,42,730.1733333333333,0.7094594594594594,0.5361772149634052,42,True,0.0,-0.29356607092450754,0.0
18747,38686.0,Sta.Cruz Tenerife,30658.87,45,681.3082222222222,0.7776497695852534,0.5752921377028106,35,True,0.0,-1.0,0.15316205371552039
24684,50006.0,Zaragoza,30637.01,20,1531.8505,0.3708281829419036,0.3154150702918754,111,True,0.0,0.513890763513597,0.0
5336,33005.0,Asturias,30604.69,17,1800.2758823529412,0.3355263157894737,0.2893254581955109,284,False,0.0,-1.0,0.0
10037,31007.0,Navarra,30581.82,17,1798.9305882352942,0.34459459459459457,0.29609255096037734,185,False,0.0,-1.0,0.9887999731255553
26757,8820.0,Barcelona,30547.51,22,1388.5231818181817,0.37393767705382436,0.31768083400418645,56,True,0.0,-0.1653481363411785,0.0
1000075603,21002.0,Huelva,30534.399999999998,24,1272.2666666666667,0.4031354983202688,0.3387093740195693,27,True,0.0,-1.0,0.30044194257977647
29768,28009.0,Madrid,30487.48,34,896.6905882352941,0.5933682373472949,0.4658501638802289,84,True,0.0,-1.0,0.0
1000041870,35018.0,Las Palmas,30449.7,13,2342.2846153846153,0.26657552973342447,0.23631682526523548,202,False,0.0,-1.0,0.0
1000078287,25530.0,Lleida,30441.49,33,922.469393939394,0.5625,0.44628710262841953,5,True,0.0,0.6127593044934092,0.0
41460,29016.0,Málaga,30392.66,63,482.4231746031746,1.0436223081170624,0.7147238745027426,7,True,0.0,-0.12718893846182702,0.0
34695,28026.0,Madrid,30384.33,20,1519.2165,0.3731343283582089,0.31709595765807425,63,True,0.0,-1.0,0.11098800934764308
22496,18100.0,Granada,30363.32,26,1167.82,0.4838709677419355,0.39465419200394874,165,True,0.0,-0.1957886964757138,0.0
1000100089,38700.0,Sta.Cruz Tenerife,30347.9,19,1597.2578947368422,0.5480769230769231,0.43701346584309037,31,True,0.0,-0.033497653935118374,0.0
1000080575,50010.0,Zaragoza,30346.420000000002,22,1379.3827272727274,0.45674740484429066,0.37620614556994925,262,False,0.0,-0.048614767641598014,0.0
36706,15707.0,A Coruña,30291.93,21,1442.4728571428573,0.36165327210103326,0.30869960270516794,6,True,0.0,0.807981759926625,0.0
1000100518,28003.0,Madrid,30246.47,29,1042.981724137931,1.1372549019607843,0.759522249504818,11,True,0.0,-1.0,0.0
28992,38670.0,Sta.Cruz Tenerife,30194.06,54,559.1492592592593,0.9209778283115406,0.6528343419767317,45,True,0.0,-1.0,0.2920162689981665
18590,33594.0,Asturias,30171.24,17,1774.778823529412,0.3851963746223565,0.32584191631945664,339,False,0.0,-1.0,0.8238074932591578
42107,46023.0,Valencia,30134.85,37,814.4554054054054,0.7110826393337605,0.5371262925945288,12,True,0.0,-1.0,0.0
1000100020,50008.0,Zaragoza,30131.02,29,1039.0006896551724,0.5995864920744314,0.46974515339024914,52,True,0.0,-1.0,0.0
15205,9004.0,Burgos,30108.99,39,772.0253846153846,0.6628895184135977,0.5085567628947997,26,True,0.0,0.6841897155058222,0.0
31063,3187.0,Alicante,30102.8,28,1075.1,0.47377326565143824,0.3878259594464046,31,True,0.0,-0.8730921231147352,1.0207765919376022
1000078940,45600.0,Toledo,30074.07,34,884.5314705882353,0.5756207674943566,0.45464933271723684,19,True,0.0,-1.0,0.0
39166,41004.0,Sevilla,30030.23,27,1112.2307407407407,0.4682080924855492,0.3840426725207577,91,True,0.0,-1.0,0.0
1000080495,30860.0,Murcia,30015.96,28,1071.9985714285715,0.49557522123893805,0.4025108962107329,59,True,0.0,-0.24216290772060065,0.0
33676,46980.0,Valencia,30015.39,33,909.5572727272727,0.5830388692579506,0.4593463347717476,31,True,0.0,0.06592857290397214,0.4976058002892837
30544,45600.0,Toledo,30010.68,28,1071.81,0.47297297297297297,0.38728278902497393,31,True,0.0,0.25102809349366306,0.5305797795307267
25542,35004.0,Las Palmas,29983.940000000002,29,1033.9289655172415,0.506108202443281,0.4095289743686884,25,True,0.0,-0.1385141093095488,0.0
36250,16400.0,Cuenca,29952.32,29,1032.8386206896553,0.5111633372502937,0.41287977622419053,87,True,0.0,-1.0,0.0
1000080375,28003.0,Madrid,29915.37,37,808.5235135135135,0.6292517006802721,0.48812083007223367,28,True,0.0,-0.5296152698671466,0.0
5273,21004.0,Huelva,29912.54,22,1359.6609090909092,0.4127579737335835,0.3455438036340491,39,True,0.0,-1.0,0.0
1000057826,28042.0,Madrid,29901.69,20,1495.0845,0.356718192627824,0.30506868988912755,60,True,0.0,-1.0,0.0
1000081421,8100.0,Barcelona,29886.86,47,635.8906382978723,0.7948139797068772,0.5849013840947489,26,True,0.0,-1.0,0.0
34375,28016.0,Madrid,29872.89,16,1867.055625,0.28335301062573787,0.24947619246915503,27,True,0.0,-1.0,0.0
1000078299,8016.0,Barcelona,29831.7,39,764.9153846153846,0.6647727272727273,0.5096886139789155,45,True,0.0,0.025463683656371545,0.0
69,41980.0,Sevilla,29818.62,28,1064.9507142857142,0.4822043628013777,0.3935304139941397,55,True,0.0,0.7964416052473575,0.0
1000079200,14400.0,Córdoba,29795.760000000002,20,1489.788,0.3401360544217687,0.2927711419592522,41,True,0.5,-1.0,1.4927719422802632
1000074180,3360.0,Alicante,29744.53,23,1293.2404347826086,0.39655172413793105,0.3340061441260194,46,True,0.0,-1.0,0.21248772865103205
1000061990,28017.0,Madrid,29717.53,38,782.0402631578947,0.6503137478608101,0.5009654200549006,24,True,0.0,0.8444213482022209,0.0
1000082460,46023.0,Valencia,29707.829999999998,31,958.3170967741935,0.7299843014128728,0.5481123341406965,84,True,0.0,-0.2844856787919526,0.7197006374372943
1000076472,28670.0,Madrid,29670.5,19,1561.6052631578948,0.3390838786436645,0.29198570749811664,42,True,0.0,0.09286679606805402,0.0
8872,11407.0,Cádiz,29665.22,20,1483.261,0.35842293906810035,0.30632442326106074,98,True,0.0,-1.0,0.0
26261,4005.0,Almería,29646.629999999997,31,956.3429032258064,0.5385060799073538,0.4308118676131349,56,True,0.0,0.13409239842726084,0.0
6010,8024.0,Barcelona,29618.07,42,705.1921428571428,0.7167235494880546,0.5404175610826719,26,True,0.0,0.863840373230183,0.0
22450,31500.0,Navarra,29578.719999999998,23,1286.0313043478259,0.42201834862385323,0.35207723469010294,185,False,0.0,0.3255459447233941,0.0
1000074620,4620.0,Almería,29560.44,23,1285.2365217391305,0.43098063710181134,0.35835996945678084,83,True,0.0,-1.0,0.0
1000077429,9007.0,Burgos,29546.62,32,923.331875,0.5436013590033975,0.4341182310925726,26,True,0.0,0.5772367231497839,0.0
1000042009,28320.0,Madrid,29519.91,48,614.998125,0.8044692737430168,0.5902665173819016,13,True,0.0,0.2509656725870009,0.894886275693514
25896,49015.0,Zamora,29512.73,35,843.2208571428571,0.5935556811758055,0.4659677969543272,24,True,0.3333333333333333,0.3976459172928602,1.4927719422802632
1000061890,7500.0,Baleares,29473.44,25,1178.9376,0.42325056433408575,0.3529433853598386,31,True,0.0,-0.6718769345905478,0.0
41445,1010.0,Álava,29405.91,28,1050.2110714285714,0.4819277108433735,0.3933437475758196,39,True,0.0,-1.0,1.231754305645864
1000063131,17820.0,Girona,29396.260000000002,33,890.7957575757576,0.5673352435530086,0.449376880219554,31,True,0.0,-0.292311394001854,0.10015934304892139
1000057937,8110.0,Barcelona,29360.76,21,1398.1314285714284,0.35795454545454547,0.3059795568933589,53,True,0.0,-1.0,0.0
3728,33560.0,Asturias,29357.190000000002,14,2096.942142857143,0.272020725388601,0.2406067583296897,227,False,0.0,2.2858959659990767,0.0
36653,31610.0,Navarra,29339.47,31,946.4345161290323,0.5432242990654206,0.43387392838058325,108,True,0.0,0.08203337567547041,0.0
1000082290,21100.0,Huelva,29336.7,17,1725.6882352941177,0.33819628647214856,0.2913226523456529,24,True,0.0,1.1716161216904322,0.0
41887,29003.0,Málaga,29324.93,24,1221.8720833333334,0.5164992826398852,0.41640457510971374,395,False,0.0,0.3559611146464235,0.0
8851,36630.0,Pontevedra,29300.53,20,1465.0265,0.3919007184846506,0.3306702364409334,290,False,0.0,-1.0,0.5201849482700595
36946,28020.0,Madrid,29264.39,26,1125.5534615384615,0.6666666666666666,0.5108256237659906,19,True,0.0,-1.0,0.0
1000081514,31110.0,Navarra,29256.63,29,1008.8493103448276,0.5020196191575304,0.40681061527895934,66,True,0.0,-0.00878265036264311,0.0
1000079581,41015.0,Sevilla,29215.21,40,730.3802499999999,0.6802721088435374,0.5189557498492409,28,True,0.0,0.3276210279146874,0.5519500350596526
1000078523,24010.0,León,29153.739999999998,31,940.4432258064516,0.5529131985731272,0.44013264986342826,103,True,0.0,-0.3069740558762499,0.0
11935,15003.0,A Coruña,29147.27,40,728.68175,0.7657945118059987,0.568600737430905,227,False,0.0,-0.31697968168922336,0.0
11130,50002.0,Zaragoza,29133.78,40,728.3444999999999,0.6741573033707865,0.5153099362133193,32,True,0.0,-0.44732090251315065,0.611634965722807
19899,47400.0,Valladolid,29118.809999999998,29,1004.0968965517241,0.4882154882154882,0.3975777432749985,35,True,0.0,0.10103959401270526,0.0
25416,10001.0,Cáceres,29108.989999999998,34,856.1467647058823,0.5714285714285714,0.4519851237430572,12,True,0.0,-1.0,0.656796468104941
25996,46193.0,Valencia,29097.6,28,1039.2,0.5447470817120623,0.43486019579197066,236,False,0.0,0.4753432006961598,0.0
1000072381,28001.0,Madrid,29095.05,28,1039.1089285714286,0.4855491329479769,0.3957844903974409,32,True,0.0,1.1167181284573646,0.0
26107,8206.0,Barcelona,29078.48,24,1211.6033333333332,0.415464512406232,0.34745775454288325,59,True,0.0,-1.0,0.0
1000072201,28044.0,Madrid,28978.510000000002,19,1525.1847368421054,0.3225806451612903,0.27958486221916157,45,True,0.0,0.4819115246264783,0.0
1000080084,28003.0,Madrid,28976.33,40,724.4082500000001,0.6872852233676976,0.5231208606230281,61,True,0.0,0.2781817744701329,0.0
9482,17002.0,Girona,28948.16,20,1447.408,0.3552397868561279,0.30397840314476665,19,True,0.0,0.7010867396981033,0.0
1000042574,47100.0,Valladolid,28894.55,32,902.9546875,0.5680473372781065,0.44983111106314877,116,True,0.0,-1.0,0.2828235553135004
1000078305,37006.0,Salamanca,28861.17,23,1254.8334782608695,0.4230533415082771,0.35280480365342315,47,True,0.0,-1.0,0.6229629837540519
1000075238,23740.0,Cádiz,28853.670000000002,21,1373.9842857142858,0.47619047619047616,0.38946476676172326,321,False,0.0,0.5519943889778373,0.0
16718,46013.0,Valencia,28832.74,18,1601.818888888889,0.3286670724284845,0.2841762385126758,55,True,0.0,-1.0,0.0
12515,18004.0,Granada,28810.31,27,1067.0485185185187,0.45918367346938777,0.3778771515893354,32,True,0.0,-0.05096870435355903,0.0
37652,45400.0,Toledo,28809.02,88,327.3752272727273,1.5286624203821655,0.9276904753388823,84,True,0.0,-0.07263486446250135,0.5406131925288296
7283,28004.0,Madrid,28776.72,21,1370.3200000000002,0.36564132327336046,0.3116241521994329,34,True,0.0,0.12970271467226363,0.0
1000077725,41013.0,Sevilla,28758.63,20,1437.9315000000001,0.36855036855036855,0.313752054484689,172,True,0.0,0.616415438825257,0.0
27249,28700.0,Madrid,28751.839999999997,14,2053.702857142857,0.2781456953642384,0.2454103520899612,286,False,0.0,0.5097782853664615,0.0
9791,8980.0,Barcelona,28750.059999999998,18,1597.2255555555555,0.47451669595782076,0.38833027234087525,655,False,0.0,0.08604699900294867,0.0
1000100024,46003.0,Valencia,28727.32,35,820.7805714285714,0.7211538461538461,0.5429949066993823,19,True,0.0,-1.0,0.17102774918220018
26926,38760.0,Sta.Cruz Tenerife,28712.489999999998,16,1794.5306249999999,0.2946593001841621,0.2582475718767295,70,True,0.0,-1.0,0.0
37005,47001.0,Valladolid,28705.0,39,736.025641025641,0.7657068062827226,0.5685510670412355,158,True,0.0,-0.0664304085041228,0.37356656901206126
29731,28015.0,Madrid,28689.51,31,925.468064516129,0.5236486486486486,0.4211078851786179,17,True,0.0,-1.0,0.0
16742,28010.0,Madrid,28684.79,23,1247.1647826086958,0.41046995835812017,0.34392295265678985,73,True,0.0,-0.5851921311219208,0.0
1000068890,35500.0,Las Palmas,28629.64,29,987.2289655172414,0.48333333333333334,0.39429180751003917,20,True,0.0,-1.0,0.0
1000079837,3660.0,Alicante,28611.62,28,1021.8435714285714,0.47377326565143824,0.3878259594464046,32,True,0.0,-0.49057075441798914,0.0
40437,8029.0,Barcelona,28602.18,27,1059.34,0.4578858111927643,0.3769873117215595,48,True,0.0,0.05388595359578971,0.2828390634091642
32014,15960.0,A Coruña,28566.76,28,1020.2414285714285,0.4745762711864407,0.3883706747488643,40,True,0.0,-1.0,0.0
34128,11130.0,Cádiz,28524.69,21,1358.3185714285714,0.38626609442060084,0.32661386965695594,174,True,0.0,0.028824036005711748,0.0
1000077944,23560.0,Jaén,28506.84,23,1239.4278260869564,0.3872053872053872,0.3272912105468268,11,True,0.0,0.10124352114030155,0.0
38920,8940.0,Barcelona,28500.68,14,2035.7628571428572,0.242914979757085,0.21745941095921995,25,True,0.0,-0.02727651906844697,0.0
42650,11202.0,Cádiz,28466.47,28,1016.6596428571429,1.1428571428571428,0.7621400520468967,35,True,0.0,1.1120127084699267,0.26157387250187497
1000070689,50019.0,Zaragoza,28398.47,12,2366.539166666667,0.20797227036395147,0.1889431442524243,17,True,0.0,-1.0,0.37451910191422655
1000074113,50180.0,Zaragoza,28381.25,38,746.875,0.658578856152513,0.5059611249448547,47,True,0.0,0.13095350055756325,0.0
13332,8788.0,Barcelona,28335.0,26,1089.8076923076924,0.44750430292598964,0.3698409031210368,61,True,0.0,0.35880261879991576,0.0
1000100930,38004.0,Sta.Cruz Tenerife,28323.91,18,1573.5505555555555,0.8517350157728707,0.6161230459508159,25,True,0.25,0.5118255935884638,1.1884346645067327
1000081733,50013.0,Zaragoza,28305.59,44,643.3088636363636,0.7366071428571428,0.5519332917634064,18,True,0.0,0.022758099548885895,0.5817763908074646
1000078493,6400.0,Badajoz,28258.33,25,1130.3332,0.4416961130742049,0.36582027676092405,108,True,0.0,0.8997634419952517,0.0
1000082321,11130.0,Cádiz,28209.06,23,1226.4808695652175,0.5235204855842186,0.42102376574916733,192,False,0.0,2.2473158179810606,0.0
1000081623,46210.0,Valencia,28147.52,34,827.8682352941177,0.5892547660311959,0.4632652057483653,35,True,0.0,-0.11143950507652649,0.5295358842874481
1000076761,8150.0,Barcelona,28111.55,24,1171.3145833333333,0.433996383363472,0.3604652201125132,54,True,0.0,0.04746762331503125,0.0
1000080386,50006.0,Zaragoza,28085.63,41,685.0153658536585,0.740072202166065,0.5539266078632618,101,True,0.0,-0.20791792840758955,0.5163763010304331
1000069786,8224.0,Barcelona,28033.37,19,1475.4405263157894,0.3358868591632292,0.28959538527330264,95,True,0.0,0.26255213594167637,0.0
4101,26003.0,La Rioja,27989.56,29,965.1572413793103,0.5008635578583766,0.40604064769239684,25,True,0.0,1.1077822687376562,0.0
1000080365,28921.0,Madrid,27977.850000000002,24,1165.74375,0.41308089500860584,0.345772352600517,12,True,0.0,0.16007495552753848,0.0
9969,32890.0,Orense,27977.16,32,874.28625,0.5734767025089607,0.4532876312538058,102,True,0.0,-1.0,0.0
1000063323,28015.0,Madrid,27957.29,28,998.4746428571428,0.489795918367347,0.39863914303776454,97,True,0.0,-1.0,0.0
11506,46113.0,Valencia,27949.03,23,1215.1752173913044,0.3933865450399088,0.3317371473593576,59,True,0.0,-0.2091673551597693,0.0
1000062823,15630.0,A Coruña,27939.59,24,1164.1495833333333,0.5251641137855579,0.4221020198663192,370,False,0.0,-0.22716571386544115,0.0
1000061149,39004.0,Cantabria,27925.82,20,1396.291,0.3401360544217687,0.2927711419592522,5,True,0.0,-1.0,0.0
1000077124,35007.0,Las Palmas,27854.38,38,733.01,0.6440677966101694,0.49717353459766334,27,True,0.0,-0.12917599401481897,0.24979780540102245
1000077706,46900.0,Valencia,27822.63,34,818.3126470588236,0.6276923076923078,0.48716324952856194,19,True,0.0,0.08114272295533542,0.2997187773807064
7608,19002.0,Guadalajara,27795.48,23,1208.4991304347825,0.3938356164383562,0.33205938317431327,12,True,0.0,-0.2773344312538738,0.0
42106,46023.0,Valencia,27777.989999999998,29,957.861724137931,0.5594855305466238,0.44435597875824906,18,True,0.0,-0.7853166746167805,0.0
37972,46200.0,Valencia,27770.62,16,1735.66375,0.33356497567755383,0.28785578912033205,329,False,0.0,1.4316233489933239,0.0
8288,28019.0,Madrid,27769.22,34,816.7417647058824,0.5825242718446602,0.4590212125771265,63,True,0.0,-1.0,0.0
1000056995,8020.0,Barcelona,27748.82,21,1321.372380952381,0.40909090909090906,0.34294475112683037,237,False,0.0,0.05325592548734213,0.0
1000069839,12530.0,Castellón,27723.62,19,1459.137894736842,1.2808988764044944,0.8245696093096475,1116,False,0.0,0.22187161515670242,0.34950615977191574
35193,28850.0,Madrid,27713.45,23,1204.932608695652,0.410958904109589,0.34426954708124463,19,True,0.0,-1.0,0.0
1000073493,28031.0,Madrid,27686.84,36,769.0788888888889,0.6257242178447278,0.485953389019033,25,True,0.0,-0.59106905410842,0.0
1000055638,14004.0,Córdoba,27674.02,24,1153.0841666666668,0.47089601046435575,0.38587174603025337,31,True,0.0,0.6505547241838303,0.0
1000057456,29670.0,Málaga,27613.0,26,1062.0384615384614,0.4469914040114613,0.3694865070729327,38,True,0.0,1.1277496650907233,0.8036918380012124
33270,50009.0,Zaragoza,27597.36,33,836.2836363636363,0.5989110707803993,0.46932281678326504,160,True,0.0,0.6891168577956768,0.0
1000082676,28020.0,Madrid,27583.81,19,1451.7794736842106,0.4995617879053462,0.40517292403011784,25,True,0.0,-1.0,0.0
1000081969,13600.0,Ciudad Real,27581.44,23,1199.1930434782607,0.4004643064422519,0.3368038290971021,59,True,0.0,-1.0,0.0
11386,4770.0,Almería,27577.91,28,984.9253571428571,0.5504587155963303,0.4385508326939298,27,True,0.0,-0.5723225635583465,0.5139139588697056
1000076681,41006.0,Sevilla,27562.6,41,672.2585365853658,0.7134570765661252,0.5385130118676866,87,True,0.0,-0.19234825068132796,0.0
1000058223,38107.0,Sta.Cruz Tenerife,27552.85,26,1059.725,0.4462242562929062,0.36895619905126725,49,True,0.0,-1.0,0.0
10994,46001.0,Valencia,27548.73,23,1197.7708695652175,0.3880764904386952,0.3279189689514286,11,True,0.0,0.4476778532837355,0.0
1000078679,43870.0,Tarragona,27525.100000000002,28,983.0392857142858,0.48303622771707877,0.39409149152706174,54,True,0.0,-0.5345001347076843,0.0
1000040842,17500.0,Girona,27502.72,28,982.24,0.48,0.3920420877760237,32,True,0.0,0.1805242311462477,0.0
10536,48001.0,Vizcaya,27452.510000000002,19,1444.8689473684212,0.34213685474189676,0.2942630115482018,42,True,0.0,1.4615659182307852,0.0
39036,45710.0,Toledo,27447.74,82,334.7285365853659,1.444509688784498,0.8938445665322872,110,True,0.0,0.48532523610067196,0.06028183595217428
30746,28033.0,Madrid,27389.15,26,1053.4288461538463,0.5668604651162791,0.44907391353559883,73,True,0.0,-1.0,0.0
40295,13230.0,Ciudad Real,27384.85,55,497.9063636363636,0.9587449157466589,0.6723039190225213,70,True,0.0,-0.18008891318334264,1.1838025875986065
1000079973,30860.0,Murcia,27381.670000000002,20,1369.0835000000002,0.3468208092485549,0.2977468590679216,76,True,0.0,1.6632060643836724,0.0
29025,8201.0,Barcelona,27374.2,33,829.5212121212121,0.55,0.4382549309311553,12,True,0.0,0.2903990439407369,0.0
1000082538,28907.0,Madrid,27373.48,12,2281.1233333333334,0.29925187032418954,0.26178861444679774,118,True,0.0,-1.0,0.0
1000075819,15270.0,A Coruña,27358.65,48,569.9718750000001,0.819578827546955,0.5986050608727442,40,True,0.0,-0.5001856245684921,0.7171301448641672
1000075713,28010.0,Madrid,27317.01,25,1092.6804,0.43478260869565216,0.36101334553733055,31,True,0.0,-0.07994216675410705,0.0
1000078261,10300.0,Cáceres,27290.71,22,1240.486818181818,0.368921185019564,0.3140229734434486,14,True,0.0,-0.3276587151675215,0.0
1000073521,28600.0,Madrid,27280.91,20,1364.0455,0.35294117647058826,0.3022808718729336,47,True,0.0,0.6977108655785444,0.0
41736,28943.0,Madrid,27212.56,28,971.8771428571429,0.4778156996587031,0.39056511898542257,19,True,0.0,-1.0,0.0
40074,41439.0,Sevilla,27204.31,28,971.5825000000001,0.4819277108433735,0.3933437475758196,54,True,0.0,-0.15922936038534266,0.0
42568,15706.0,A Coruña,27194.71,26,1045.9503846153846,0.8666666666666667,0.6241543090729939,28,True,0.0,-1.0,0.015875970973691204
13173,8512.0,Barcelona,27189.219999999998,26,1045.7392307692307,0.455607476635514,0.37542332320565636,94,True,0.0,-0.03685325655380574,0.0
1000056599,28009.0,Madrid,27169.190000000002,21,1293.7709523809524,0.47619047619047616,0.38946476676172326,469,False,0.0,-1.0,0.0
1394,30500.0,Murcia,27124.72,21,1291.6533333333334,0.4326923076923077,0.3595554068040865,61,True,0.0,0.188149980061452,0.0
12295,15010.0,A Coruña,27106.32,27,1003.9377777777778,0.5087939698492462,0.4113106362356005,194,False,0.0,-1.0,0.0
12100,15004.0,A Coruña,27103.54,17,1594.3258823529413,0.48525214081826834,0.39558454963848094,675,False,0.0,-1.0,0.0
1000081853,46023.0,Valencia,27071.75,25,1082.87,0.4227733934611049,0.35260806079157897,38,True,0.0,0.08962760329378539,0.4152309361890766
9729,41540.0,Sevilla,27057.13,34,795.7979411764707,0.5669816564758199,0.44915125716357945,7,True,0.0,-0.025440230241102403,0.27630471740036444
1000082131,8041.0,Barcelona,27051.85,41,659.8012195121951,0.7569230769230769,0.5635640273262728,59,True,0.0,-1.0,0.0
15459,17162.0,Girona,27051.02,21,1288.1438095238095,0.35553047404063204,0.3041928714749026,18,True,0.0,-1.0,0.0
1000078897,3110.0,Alicante,27039.36,38,711.562105263158,0.6701940035273368,0.5129397894583262,48,True,0.0,0.9281167432253237,0.0
1000079267,28047.0,Madrid,27016.93,23,1174.6491304347826,0.3993055555555555,0.335976081810737,42,True,0.0,0.03394253648630838,0.0
1000063543,28342.0,Madrid,27014.43,34,794.5420588235294,0.635118306351183,0.4917151603560345,38,True,0.0,-1.0,0.0
1000079406,18110.0,Granada,26954.4,45,598.9866666666667,0.7727532913566113,0.5725338698391462,14,True,0.3333333333333333,0.36078657405264875,1.4927719422802632
22924,41011.0,Sevilla,26911.37,20,1345.5684999999999,0.33613445378151263,0.2897807091087022,25,True,0.0,0.25250593633711665,0.0
1000100074,8291.0,Barcelona,26867.1,22,1221.2318181818182,0.6666666666666666,0.5108256237659906,116,True,0.0,-1.0,0.0
16235,28046.0,Madrid,26863.87,33,814.0566666666666,0.5679862306368331,0.4497921404080471,34,True,0.0,-1.0,0.0
1000081126,28015.0,Madrid,26829.0,27,993.6666666666666,0.45685279187817257,0.3762784870216326,32,True,0.0,0.6677916703190613,0.0
1000079812,46240.0,Valencia,26797.96,19,1410.418947368421,0.3300521134916039,0.2852181245424196,13,True,0.0,-0.2187880210281498,0.0
1000081159,3005.0,Alicante,26795.0,20,1339.75,0.33444816053511706,0.28851784349917703,12,True,0.0,-1.0,0.0
553,46014.0,Valencia,26734.06,26,1028.233076923077,0.45428072218986604,0.3745114293822977,54,True,0.0,-0.02475744883250247,0.0
1000071556,28806.0,Madrid,26700.29,41,651.2265853658537,0.6867671691792294,0.5228137793259602,19,True,0.0,2.1285346786730828,0.0
2373,38005.0,Sta.Cruz Tenerife,26700.07,18,1483.3372222222222,0.32432432432432434,0.28090238546640217,84,True,0.0,-0.13690712317985052,0.0
1000079036,4005.0,Almería,26684.8,49,544.5877551020408,0.8291032148900169,0.60382580023311,40,True,0.0,0.6597863521409564,0.0
32289,28224.0,Madrid,26651.57,21,1269.122380952381,0.3561334087054833,0.3046375686799093,31,True,0.0,1.929296866275044,0.0
1000064044,15706.0,A Coruña,26651.0,20,1332.55,0.4421518054532056,0.3661363075612071,440,False,0.0,-1.0,0.0
1000080390,38770.0,Sta.Cruz Tenerife,26638.58,15,1775.9053333333334,0.3242074927953891,0.2808141618488826,424,False,0.0,-0.1271007240440183,0.0
37644,46007.0,Valencia,26571.48,28,948.9814285714285,0.5533596837944664,0.440420123141741,12,True,0.0,-0.9082786788673761,0.7926193522582949
1000077938,30565.0,Murcia,26535.39,38,698.2997368421053,0.6597222222222222,0.5066502523555101,48,True,0.0,1.2050855910914509,0.0
1000080020,17246.0,Girona,26515.63,31,855.3429032258065,0.5272108843537415,0.4234431204035727,39,True,0.0,-0.15445786888716717,0.23455675517613073
11453,47002.0,Valladolid,26473.87,24,1103.0779166666666,0.4063205417607223,0.3409767487423175,46,True,0.0,-1.0,0.0
9490,28031.0,Madrid,26466.69,44,601.5156818181817,0.7457627118644068,0.5571915443239164,28,True,0.0,1.533361606615948,0.0
29524,10001.0,Cáceres,26415.010000000002,17,1553.824117647059,0.28732394366197184,0.2525656014187889,38,True,0.0,-1.0,0.0
21097,30400.0,Murcia,26414.84,22,1200.6745454545455,0.3745743473325766,0.31814411761691275,7,True,0.0,-1.0,0.0
722,44500.0,Teruel,26374.85,20,1318.7424999999998,0.3766478342749529,0.31965143850783967,185,False,0.0,0.6055887978973441,0.0
8757,38003.0,Sta.Cruz Tenerife,26316.58,26,1012.176153846154,0.43918918918918914,0.36407989194531004,34,True,0.0,-1.0,0.0
1000073996,3001.0,Alicante,26290.26,24,1095.4275,0.4152249134948097,0.3472884679303696,28,True,0.0,-1.0,0.6809832043832084
1000076903,23006.0,Jaén,26259.489999999998,32,820.6090624999999,0.5520414031052329,0.4395710986637216,53,True,0.0,-1.0,0.0
41435,18012.0,Granada,26249.56,39,673.0656410256411,0.6666666666666666,0.5108256237659906,56,True,0.0,-0.15223682816069564,0.0
1000043172,10001.0,Cáceres,26204.68,21,1247.8419047619047,0.36395147313691506,0.31038598190930367,41,True,0.0,-1.0,0.8757816377731736
15888,50006.0,Zaragoza,26160.329999999998,27,968.901111111111,0.5371352785145889,0.4299204753317956,290,False,0.0,-0.6225315050971685,0.0
1000080726,15011.0,A Coruña,26135.41,14,1866.815,0.2575107296137339,0.22913415545136673,55,True,0.0,-1.0,0.0
1000081480,13004.0,Ciudad Real,26092.829999999998,35,745.5094285714285,0.5993150684931507,0.4695754554006156,13,True,0.0,0.29241207654595874,0.0
1000066596,8207.0,Barcelona,26088.57,23,1134.285652173913,0.40636042402826855,0.34100510764120007,74,True,0.0,-0.16618302905406213,0.0
1000100284,4007.0,Almería,26071.24,28,931.1157142857144,0.9621993127147765,0.6740659424845177,34,True,0.0,-0.1747979492039165,0.41078565094256836
24349,28010.0,Madrid,26055.09,15,1737.006,0.3365744203440538,0.29010993805748486,384,False,0.0,-1.0,0.0
1000061247,41730.0,Sevilla,26007.489999999998,18,1444.8605555555555,0.5167464114832535,0.41656752191246954,328,False,0.0,-1.0,0.0
40264,20018.0,Gipúzkoa,25947.63,24,1081.1512500000001,1.1538461538461537,0.7672551527136672,49,True,0.0,0.39779646992135836,0.5735723808969553
1000081692,28005.0,Madrid,25945.47,31,836.9506451612904,0.5138121546961326,0.4146310751222445,11,True,0.0,-1.0,0.0
1000082092,18001.0,Granada,25941.05,36,720.5847222222222,0.6494287432351173,0.5004290117446756,38,True,0.0,0.03432468076840494,0.0
12821,8035.0,Barcelona,25890.05,23,1125.654347826087,0.44145873320537427,0.3656556100107678,250,False,0.0,-1.0,0.0
11592,28933.0,Madrid,25875.13,47,550.5346808510639,0.8117443868739206,0.594290130823302,59,True,0.0,-1.0,0.0
21511,28902.0,Madrid,25846.300000000003,13,1988.1769230769232,0.2332535885167464,0.2096558709322583,76,True,0.0,2.2858959659990767,0.0
16706,28230.0,Madrid,25839.24,21,1230.44,0.38817005545286504,0.3279863729176532,75,True,0.0,0.09104041005462209,0.0
1000082044,3201.0,Alicante,25775.74,32,805.491875,0.5574912891986062,0.4430763788539477,7,True,0.0,-0.8186148334881254,0.0
30618,48012.0,Vizcaya,25661.430000000004,16,1603.8393750000002,0.2797202797202797,0.24664152258151364,83,True,0.0,2.2858959659990767,0.0
40159,28003.0,Madrid,25660.04,44,583.1827272727273,0.7741935483870968,0.5733459807473247,52,True,0.0,-0.020302218915703798,0.0
20614,38005.0,Sta.Cruz Tenerife,25658.17,33,777.520303030303,0.5602716468590832,0.44485993870410034,46,True,0.0,0.8541100989001952,0.6670490657357363
1000069483,28051.0,Madrid,25649.07,30,854.9689999999999,0.5157593123209169,0.4159165096558722,24,True,0.0,0.10069256157946463,0.0
37042,7006.0,Baleares,25646.64,23,1115.071304347826,0.40973871733966744,0.3434043803673413,95,True,0.0,0.37923740589546745,0.201164356835007
29284,46004.0,Valencia,25623.5,21,1220.1666666666667,0.8798882681564245,0.6312123432440274,1098,False,0.0,-1.0,0.0
31803,28223.0,Madrid,25621.75,24,1067.5729166666667,0.42377869334902885,0.35331438893809525,45,True,0.0,0.47159655357503993,0.0
17956,50003.0,Zaragoza,25611.670000000002,32,800.3646875000001,0.549513451631368,0.4379409794802446,70,True,0.0,-1.0,0.5096785353304115
41671,29004.0,Málaga,25611.17,23,1113.5291304347825,0.39609644087256024,0.3336800856736095,55,True,0.0,-1.0,0.0
1000076824,41400.0,Sevilla,25607.38,19,1347.756842105263,0.4263275991024682,0.35510302849847586,389,False,0.0,0.33147958952576045,0.0
34349,28943.0,Madrid,25584.61,22,1162.9368181818181,0.36504424778761063,0.3111868440731566,13,True,0.0,0.012964569192237324,0.0
1000042620,18600.0,Granada,25583.91,24,1065.99625,0.43243243243243246,0.3593740009078974,124,True,0.0,0.17159521949271825,0.0
1000037667,35002.0,Las Palmas,25565.65,26,983.2942307692308,0.4389420371412493,0.3639081471365353,17,True,0.0,-1.0,0.0
1000079620,29006.0,Málaga,25547.14,42,608.265238095238,0.7058823529411765,0.534082485930258,26,True,0.0,0.623162989188901,0.3731000417840262
37065,18014.0,Granada,25538.62,16,1596.16375,0.27906976744186046,0.24613306953890848,98,True,0.0,2.2858959659990767,0.0
1000079135,41200.0,Sevilla,25515.87,27,945.0322222222222,0.5346534653465347,0.4283046000779872,263,False,0.0,-1.0,0.0
25972,45600.0,Toledo,25503.260000000002,24,1062.6358333333335,0.41379310344827586,0.34627623671783375,24,True,0.0,-0.5994428467078448,0.0
12284,15702.0,A Coruña,25490.81,27,944.1040740740741,0.4918032786885246,0.3999856423435388,54,True,0.0,-0.18021823714725654,0.0
1000066624,25700.0,Lleida,25463.75,10,2546.375,0.2782931354359926,0.24552570010466143,609,False,0.0,-1.0,0.0
1000041400,8917.0,Barcelona,25424.7,20,1271.2350000000001,0.3416856492027335,0.29392677057641536,54,True,0.0,0.9526537955730752,0.0
1000040574,45930.0,Toledo,25413.82,41,619.849268292683,0.6886898096304591,0.5239529676914023,32,True,0.0,-1.0,0.0
21593,28009.0,Madrid,25411.949999999997,22,1155.0886363636362,0.37246049661399544,0.31660511192103136,31,True,0.0,-0.11490539561134325,0.0
1000080187,11130.0,Cádiz,25340.88,21,1206.7085714285715,0.3723404255319149,0.3165176220916682,104,True,0.0,0.1674080014033153,0.0
19111,4004.0,Almería,25319.68,24,1054.9866666666667,0.42502951593860683,0.3541925264454771,98,True,0.0,-1.0,0.3359692578265285
8421,3725.0,Alicante,25304.52,20,1265.226,0.4013377926421404,0.3374273465314513,325,False,0.0,1.1005076953671824,0.0
32688,8201.0,Barcelona,25294.03,21,1204.477619047619,0.37589498806682575,0.31910441978697596,38,True,0.0,-1.0,0.0
24485,28007.0,Madrid,25265.75,39,647.8397435897435,1.139240506329114,0.760450862456052,784,False,0.0,-0.12498349160864138,0.0
6401,31590.0,Navarra,25239.06,23,1097.3504347826088,0.4030373831775701,0.33863944593824147,67,True,0.0,-1.0,0.9806930339195823
4753,28012.0,Madrid,25229.22,21,1201.3914285714286,0.367561260210035,0.31302905153917815,97,True,0.0,-1.0,0.0
39799,28100.0,Madrid,25208.989999999998,15,1680.599333333333,0.28680688336520077,0.2521638655798049,187,False,0.0,0.32661050071655007,0.0
1000081606,28015.0,Madrid,25207.58,27,933.6140740740741,0.484160191273162,0.39484908452134265,27,True,0.0,2.2858959659990767,0.0
30883,46021.0,Valencia,25202.989999999998,18,1400.166111111111,0.31560490940970193,0.27429656701453875,47,True,0.0,-1.0,0.0
36789,8021.0,Barcelona,25142.32,38,661.64,0.6440677966101694,0.49717353459766334,26,True,0.0,-0.4867091695801729,0.0
27465,28500.0,Madrid,25138.91,29,866.8589655172414,0.506108202443281,0.4095289743686884,38,True,0.0,-1.0,0.0
1000080281,19002.0,Guadalajara,25132.95,39,644.4346153846154,0.655829596412556,0.5043021499513703,6,True,0.0,-0.44250846603653843,0.0
1000076675,45600.0,Toledo,25106.440000000002,19,1321.3915789473685,0.34734917733089576,0.29813908976735537,74,True,0.0,0.03237411132388473,0.0
1000081935,30204.0,Murcia,25075.050000000003,38,659.8697368421053,1.1937172774869111,0.785597491875508,830,False,0.0,1.2795403019070823,0.0
35962,37002.0,Salamanca,25074.41,21,1194.019523809524,0.35694050991501414,0.30523254047761844,45,True,0.0,-1.0,0.0
13299,8924.0,Barcelona,25055.59,26,963.6765384615385,0.4540162980209546,0.37432958814132233,46,True,0.0,0.35607772515806285,0.0
1000073946,8036.0,Barcelona,25053.79,31,808.1867741935484,0.5486725663716814,0.4373981552111735,63,True,0.0,0.08739800408976274,0.0
1000081199,41950.0,Sevilla,25052.489999999998,22,1138.7495454545453,0.3893805309734513,0.3288579866359675,103,True,0.0,0.4352837895136782,0.0
1000078609,30820.0,Murcia,25042.48,22,1138.2945454545454,0.3893805309734513,0.3288579866359675,105,True,0.0,-0.32634662682257337,0.0
1000082578,38400.0,Sta.Cruz Tenerife,25029.68,22,1137.7127272727273,0.6197183098591549,0.4822522513219346,188,False,0.0,2.164554430592736,0.0
1000082312,11600.0,Cádiz,25018.84,19,1316.7810526315789,0.3848750844024308,0.3256099438045818,35,True,0.0,-1.0,0.0
1000078451,43007.0,Tarragona,25005.0,21,1190.7142857142858,0.3626943005181347,0.309463843272879,60,True,0.0,0.6232675170479742,0.0
1000082689,28922.0,Madrid,24967.690000000002,17,1468.6876470588236,0.4573991031390135,0.37665341086961873,54,True,0.0,0.1081443363428387,0.0
10958,8038.0,Barcelona,24915.98,19,1311.3673684210526,0.3701298701298701,0.3149055310624373,39,True,0.0,-1.0,0.0
20649,46500.0,Valencia,24898.3,18,1383.2388888888888,0.425531914893617,0.35454501768090746,530,False,0.0,-1.0,0.0
39167,3660.0,Alicante,24884.16,21,1184.96,0.3811252268602541,0.3228985487087713,154,True,0.0,0.3033811751713274,0.0
1000081069,28823.0,Madrid,24831.03,28,886.8225,0.4682274247491639,0.3840558396844849,24,True,0.0,-1.0,0.0
1000079144,28341.0,Madrid,24827.67,25,993.1067999999999,0.45482110369921164,0.37488294028009567,52,True,0.0,-0.3043181297291518,0.7629073945184771
22811,8922.0,Barcelona,24821.37,21,1181.97,0.36713286713286714,0.3127157491655132,80,True,0.0,-1.0,0.0
1000072976,41740.0,Sevilla,24817.13,20,1240.8565,0.35398230088495575,0.3030501026800949,104,True,0.0,-1.0,0.0
1000057850,15190.0,A Coruña,24809.8,19,1305.778947368421,0.32967032967032966,0.28493103907989104,35,True,0.0,0.8846221321395401,0.0
26657,3003.0,Alicante,24782.64,17,1457.8023529411764,0.37805782060785764,0.3206751315136881,445,False,0.0,-0.07175763361141331,0.0
1000057666,28003.0,Madrid,24772.33,29,854.218275862069,0.5090696313633704,0.41149332276575384,42,True,0.0,0.12811692535194824,0.0
1000069115,30360.0,Murcia,24758.72,39,634.8389743589744,0.6525376464026771,0.5023120739684324,18,True,0.0,-1.0,0.0
1000075176,33008.0,Asturias,24754.829999999998,15,1650.322,0.25611838360842343,0.2280263180696392,12,True,0.0,1.02845710067792,0.0
1000073487,46008.0,Valencia,24739.16,18,1374.3977777777777,0.35667107001321,0.3050339564911094,117,True,0.0,-1.0,0.0
24238,3660.0,Alicante,24720.94,18,1373.3855555555556,0.33353922174181594,0.28783647683717223,108,True,0.0,-0.00719445097356719,0.0
42955,50630.0,Zaragoza,24711.08,17,1453.5929411764707,1.3563829787234043,0.8571278072151864,45,True,0.0,-1.0,0.0
1000100011,46470.0,Valencia,24707.46,19,1300.3926315789474,0.38409703504043125,0.32504796676117775,60,True,0.0,0.3663751265554067,0.0
1000079692,41310.0,Sevilla,24672.7,39,632.6333333333333,0.64891846921797,0.5001195997947804,14,True,0.0,-0.43160439160824204,0.0
10230,28470.0,Madrid,24664.27,16,1541.516875,0.2853745541022592,0.2510501576662602,39,True,0.0,0.3303928049292412,0.15349772245578522
25965,36590.0,Pontevedra,24664.16,17,1450.8329411764705,0.36506800286327845,0.3112042463434572,42,True,0.0,0.25833765200069103,0.0
1000081527,18200.0,Granada,24633.81,31,794.6390322580645,1.2670299727520438,0.8184705927666384,1062,False,0.0,-0.16407547438761963,0.0
15670,28943.0,Madrid,24615.03,33,745.91,0.5755813953488372,0.45462434406624785,76,True,0.0,0.41001833126944015,0.0
1000080472,41740.0,Sevilla,24588.44,31,793.1754838709677,0.5369515011547344,0.4298009098326765,54,True,0.0,-0.549466988983118,0.0
1000082171,6400.0,Badajoz,24586.05,26,945.6173076923077,0.4918032786885246,0.3999856423435388,74,True,0.0,0.5181774195322036,0.0
1000080842,37002.0,Salamanca,24583.63,32,768.2384375,0.5375139977603584,0.430166824891472,0,True,0.0,-0.49068313993151486,0.0
1000077854,46007.0,Valencia,24554.13,20,1227.7065,0.40871934604904636,0.3426810264538589,329,False,0.0,-1.0,0.0
1000073093,28341.0,Madrid,24489.010000000002,24,1020.3754166666668,0.41213508872352606,0.34510280639530017,67,True,0.0,0.4083459276602741,0.0
36784,37500.0,Salamanca,24484.69,40,612.11725,0.6888633754305395,0.5240557437489347,41,True,0.0,-1.0,0.0
1000082589,10002.0,Cáceres,24469.44,34,719.6894117647058,0.8564231738035264,0.6186516115021462,56,True,0.0,-1.0,0.0
6421,8320.0,Barcelona,24460.59,28,873.5925,0.4789053591790194,0.39130219194426086,25,True,0.0,-1.0,0.0
15452,28223.0,Madrid,24433.51,38,642.9871052631579,0.6678383128295255,0.511528364483597,62,True,0.0,-0.000738030006407145,0.0
1000069071,13004.0,Ciudad Real,24423.79,47,519.6551063829787,0.8066361556064073,0.5914666386001066,27,True,0.0,-0.28938979878373017,0.282837029307305
5104,24002.0,León,24421.95,19,1285.3657894736843,0.3350970017636684,0.2890039497096967,28,True,0.0,0.6523927669754856,0.0
4020,26002.0,La Rioja,24410.65,24,1017.1104166666668,0.47936085219707053,0.3916101378754952,284,False,0.0,0.22912732873711475,0.0
1000082364,43002.0,Tarragona,24365.84,36,676.8288888888889,0.7510431154381085,0.5602116763233005,26,True,0.0,-1.0,0.33274176193394456
1000059424,38003.0,Sta.Cruz Tenerife,24332.93,24,1013.8720833333333,0.43243243243243246,0.3593740009078974,47,True,0.0,-0.25226579628858764,0.0
1000080708,46007.0,Valencia,24312.96,27,900.48,0.46524985640436534,0.3820257783736224,28,True,0.0,-1.0,0.1669950015658888
13225,8016.0,Barcelona,24279.579999999998,20,1213.9789999999998,0.3546099290780142,0.3035135376684616,48,True,0.0,-1.0,0.0
1000081008,29680.0,Málaga,24268.46,20,1213.423,0.6243496357960459,0.4851075115451396,782,False,0.0,2.2858959659990767,0.0
1000080700,41018.0,Sevilla,24261.02,24,1010.8758333333334,0.4472049689440994,0.3696340885812376,98,True,0.0,0.755121461270675,0.0
24597,33401.0,Asturias,24216.87,17,1424.5217647058823,0.2942873629544143,0.2579602448046022,81,True,0.0,0.9653036395198742,0.0
27289,30008.0,Murcia,24214.52,27,896.8340740740741,0.46153846153846156,0.37948962170490375,45,True,0.0,0.7344238280101864,0.0
1000100321,6400.0,Badajoz,24188.95,34,711.439705882353,1.1778290993071594,0.7783285546309676,55,True,0.0,-0.8414654409657173,0.0
1000082084,18800.0,Granada,24186.48,27,895.7955555555556,0.484160191273162,0.39484908452134265,35,True,0.0,-1.0,0.0
1000070086,35509.0,Las Palmas,24176.02,26,929.8469230769231,0.44042913608131,0.3649410803589779,27,True,0.0,-1.0,0.0
23950,28034.0,Madrid,24115.47,17,1418.5570588235296,0.3096539162112933,0.2697629162115161,39,True,0.0,0.006798355418585533,0.0
1000081567,16400.0,Cuenca,24103.989999999998,24,1004.3329166666666,0.41739130434782606,0.34881807244351226,12,True,0.0,-1.0,0.0
33195,3010.0,Alicante,24034.77,29,828.7851724137931,0.4988532110091743,0.4047002897152423,27,True,0.0,-0.1429240355869322,0.0
1000082339,41920.0,Sevilla,24016.2,20,1200.81,0.4995836802664447,0.40518752309597256,290,False,0.0,-0.6097107016589611,0.6511702500142632
41499,13670.0,Ciudad Real,23996.81,66,363.58803030303034,1.1884753901560625,0.7832051325118203,98,True,0.0,-0.5490100061011788,0.6663364080291699
34890,28006.0,Madrid,23986.69,22,1090.3040909090907,0.3846153846153846,0.32542240043462795,40,True,0.0,-1.0,0.0
15330,28942.0,Madrid,23966.33,34,704.8920588235295,0.638697557921102,0.4939017543151334,224,False,0.0,-1.0,0.0
31318,15100.0,A Coruña,23958.28,23,1041.664347826087,0.41970802919708033,0.3504512372303761,84,True,0.0,-0.46059597381560413,0.0
1000082038,21004.0,Huelva,23920.48,12,1993.3733333333332,0.5049088359046283,0.40873232221640254,985,False,0.0,-1.0,0.0
26837,8750.0,Barcelona,23871.78,20,1193.589,0.33783783783783783,0.29105475693042016,38,True,0.5,-1.0,0.0
40995,35100.0,Las Palmas,23866.84,33,723.2375757575758,0.5789473684210527,0.4567584024957149,75,True,0.0,-0.30224129006791395,0.853457501350428
2426,38410.0,Sta.Cruz Tenerife,23860.57,42,568.1088095238096,0.7023411371237459,0.5320044431598364,17,True,0.0,-0.053064886541608354,0.9836961435894961
1000080787,4740.0,Almería,23854.14,27,883.4866666666667,0.46605293440736484,0.38257371086671665,45,True,0.0,0.09323649562561792,0.0
1000080996,17300.0,Girona,23851.29,13,1834.7146153846154,0.22071307300509338,0.19943517406946,45,True,0.0,-1.0,0.0
28050,12194.0,Castellón,23847.4,15,1589.8266666666668,0.2747252747252747,0.24273068458951458,180,False,0.0,-0.35598614654207444,0.0
23981,33510.0,Asturias,23846.82,33,722.6309090909091,0.5490848585690515,0.43766434274185945,17,True,0.0,-1.0,0.0
1000082600,8150.0,Barcelona,23822.8,24,992.6166666666667,0.5678233438485805,0.4496882522193481,10,True,0.0,-0.144279105165128,0.9341039614189584
9258,10100.0,Cáceres,23822.52,16,1488.9075,0.2687569988801792,0.23803768015150728,32,True,0.0,0.2232184041637459,0.0
1000082039,3420.0,Alicante,23819.19,11,2165.380909090909,0.19253208868144692,0.17607885216586996,20,True,0.0,-1.0,0.0
12520,18002.0,Granada,23817.89,20,1190.8944999999999,0.395778364116095,0.33345222677587305,227,False,0.0,-1.0,0.1962279751944705
1000082665,18015.0,Granada,23807.68,40,595.192,1.0371650821089022,0.7115591757424545,25,True,0.0,-1.0,0.8612840168074694
1000057514,28012.0,Madrid,23792.0,33,720.969696969697,0.5796252927400469,0.45718766241918607,90,True,0.0,-0.4430411107540731,0.0
1000076950,9002.0,Burgos,23729.510000000002,27,878.8707407407409,0.47175305765870706,0.3864542464907187,55,True,0.0,-0.2877602092064701,0.0
10006,3700.0,Alicante,23728.15,25,949.1260000000001,0.43377674956622325,0.3603120463519,48,True,0.0,0.06783792849351464,0.0
41498,36600.0,Pontevedra,23725.96,32,741.43625,0.5381165919282511,0.4305586757058212,7,True,0.0,-0.2963203710448784,0.0
41389,46004.0,Valencia,23663.62,29,815.9868965517242,0.4988532110091743,0.4047002897152423,31,True,0.0,0.35253508927313637,0.0
1000080874,35019.0,Las Palmas,23646.41,32,738.9503125,0.5545927209705372,0.44121359555069656,27,True,0.0,-1.0,0.42731278841237397
1000080795,36202.0,Pontevedra,23641.79,35,675.4797142857143,0.6257449344457688,0.48596613193620125,31,True,0.0,0.3473308166320797,0.8346706481732571
8704,28040.0,Madrid,23639.96,32,738.74875,0.547945205479452,0.4369283775639494,6,True,0.0,0.3236620305730829,0.0
9835,30009.0,Murcia,23600.440000000002,19,1242.1284210526317,0.34213685474189676,0.2942630115482018,27,True,0.0,-0.20590530022238698,0.0
40372,43204.0,Tarragona,23589.14,21,1123.2923809523809,0.5384615384615384,0.4307829160924542,570,False,0.0,-0.25330217972270763,0.0
1000066051,28710.0,Madrid,23586.36,32,737.07375,0.5504587155963303,0.4385508326939298,25,True,0.0,0.4185259573562469,0.0
1000079039,50172.0,Zaragoza,23582.3,20,1179.115,0.3590664272890485,0.3067980135101648,94,True,0.0,0.07892854710169611,0.0002322062660566843
1000056374,4002.0,Almería,23582.29,28,842.2246428571428,0.5519053876478318,0.4394834583356765,31,True,0.0,-0.1132325116939086,0.0
1419,30001.0,Murcia,23573.43,18,1309.635,0.33210332103321033,0.28675913745318,27,True,0.0,-1.0,0.7396241531143544
25219,2002.0,Albacete,23562.88,51,462.0172549019608,0.8600337268128162,0.620594620255777,26,True,0.0,0.1311492556292724,0.6028488757183175
1000078799,51001.0,Ceuta,23546.97,17,1385.1158823529413,0.3032104637336504,0.26483080753501276,32,True,0.0,-0.41782381987538,0.1650018898888936
21082,8980.0,Barcelona,23545.04,31,759.5174193548387,0.5366416618580496,0.42959929609832614,70,True,0.0,1.7048209143814386,0.0
1000082104,3015.0,Alicante,23474.59,30,782.4863333333334,0.5565862708719852,0.4424951355582091,82,True,0.0,-1.0,0.31214438744081546
37595,28019.0,Madrid,23465.43,22,1066.6104545454546,0.41640378548895896,0.34812111386497363,171,True,0.0,-0.26939651180737767,0.030468745924608936
35039,46005.0,Valencia,23428.3,22,1064.9227272727273,0.38984051978735973,0.3291890065942272,90,True,0.0,-0.07286763290697436,0.0
1000080728,29010.0,Málaga,23423.93,26,900.9203846153846,0.4642857142857143,0.38136755652910387,46,True,0.0,0.20860473671820376,0.0
41688,48010.0,Vizcaya,23407.309999999998,10,2340.7309999999998,0.19120458891013387,0.17496505472253027,46,True,0.0,-1.0,0.0
12057,15404.0,A Coruña,23380.0,42,556.6666666666666,0.7126696832579186,0.5380533713597506,31,True,0.0,0.15663897358360457,0.0
1000081639,8500.0,Barcelona,23353.39,7,3336.1985714285715,0.12266355140186916,0.1157040328285504,49,True,0.0,1.256924556453609,0.0
1000080620,28921.0,Madrid,23347.77,28,833.8489285714286,0.484149855907781,0.39484212071687697,47,True,0.0,-1.0,0.0
40320,35110.0,Las Palmas,23340.69,31,752.9254838709677,0.5363321799307958,0.4293978743197926,87,True,0.0,-1.0,0.48317753290313276
31701,30500.0,Murcia,23330.32,35,666.5805714285714,0.5875769445998881,0.4622089196494233,25,True,0.0,0.419239953776387,0.0
1000069873,38300.0,Sta.Cruz Tenerife,23320.41,25,932.8164,0.436046511627907,0.36189385981452415,35,True,0.0,1.1094857229271502,0.0
34987,28010.0,Madrid,23318.6,19,1227.2947368421053,0.3507692307692308,0.30067423074543387,96,True,0.0,-1.0,0.0
1000081043,3700.0,Alicante,23317.56,22,1059.889090909091,0.37078651685393255,0.31538467500111667,14,True,0.0,0.26613477859781765,0.12409639837566366
33505,36201.0,Pontevedra,23315.77,27,863.5470370370371,0.46418338108882523,0.3812976680012773,66,True,0.0,-0.5394501328530612,0.0
33929,41020.0,Sevilla,23298.68,29,803.4027586206896,0.5052264808362369,0.4089433724844892,62,True,0.0,-0.5602948061901278,0.37766181025658474
1000064472,8930.0,Barcelona,23298.64,24,970.7766666666666,0.4157043879907621,0.34762720793372154,40,True,0.0,-0.5613691809319435,0.0
31707,39010.0,Cantabria,23285.17,15,1552.3446666666666,0.9719222462203023,0.6790088265087344,1328,False,0.0,-1.0,0.7512607835740404
2861,28916.0,Madrid,23266.69,17,1368.6288235294116,0.2828618968386023,0.2490934390281219,18,True,0.0,-1.0,0.0
1000080411,28043.0,Madrid,23262.690000000002,21,1107.747142857143,0.4202801867911941,0.35085416679088177,214,False,0.0,0.21609044342064887,0.0
1000079110,28522.0,Madrid,23251.88,42,553.6161904761905,0.8040842373962986,0.5900531153375695,251,False,0.0,-1.0,0.0
1000077782,6800.0,Badajoz,23250.1,37,628.381081081081,0.6533254855797528,0.5027887054323117,28,True,0.0,0.029283314312674252,0.7070890213779027
1000081225,30710.0,Murcia,23228.07,18,1290.4483333333333,0.32886723507917176,0.28432687638064263,24,True,0.0,-0.6111322484589552,0.10032810380262827
28828,15280.0,A Coruña,23221.33,24,967.5554166666667,0.42452830188679247,0.3538407427028572,67,True,0.0,0.14077540234037103,0.0
39037,45300.0,Toledo,23212.29,60,386.8715,1.0507880910683012,0.7182241539417071,81,True,0.0,-0.11243045494915012,0.6938427560478556
41169,47008.0,Valladolid,23183.44,26,891.6707692307692,0.46208530805687204,0.379863709869376,60,True,0.0,-0.45818175408134704,0.0
31861,28230.0,Madrid,23172.23,51,454.3574509803922,0.8448371065709552,0.6123909844733432,6,True,0.0,-0.39079465652838874,0.0
36954,40005.0,Segovia,23139.12,28,826.3971428571429,0.47404063205417607,0.3880073592312954,18,True,0.0,0.304885112405235,0.0
27850,40250.0,Segovia,23116.22,19,1216.643157894737,0.32777458309373203,0.28350429500021235,59,True,0.0,-1.0,0.0
1000082454,36203.0,Pontevedra,23066.71,41,562.6026829268293,0.9199700822737471,0.6523096037691972,61,True,0.0,0.11726092444711998,0.0
1000078364,31007.0,Navarra,23065.260000000002,35,659.0074285714286,0.5885650224215246,0.46283110711067105,19,True,0.0,-0.08305519897304237,0.0
1000082616,38003.0,Sta.Cruz Tenerife,23063.98,26,887.0761538461538,0.6403940886699507,0.4949365109386565,39,True,0.0,-0.487831490343773,0.0
1000071762,28220.0,Madrid,23059.1,24,960.7958333333332,0.43848964677222896,0.3635937067449341,144,True,0.0,0.23685111598839179,0.0
6360,35002.0,Las Palmas,23056.41,28,823.4432142857142,0.47538200339558573,0.3889169416138053,31,True,0.0,0.2028132374264351,0.5655680096787564
16817,28046.0,Madrid,23052.4,14,1646.6000000000001,0.257985257985258,0.2295114395969128,115,True,0.0,-0.23740473615445204,0.0
30628,12100.0,Castellón,23038.3,50,460.76599999999996,0.8547008547008547,0.6177234187427034,45,True,0.0,-0.009335580561924588,0.0
1000066853,38679.0,Sta.Cruz Tenerife,22973.15,18,1276.2861111111113,0.4778761061946903,0.39060599370441457,87,True,0.0,0.9412489063315398,0.7372420349342983
36718,37007.0,Salamanca,22972.24,32,717.8825,0.549828178694158,0.4381440723311858,61,True,0.0,0.4448353553107749,0.0
21132,38320.0,Sta.Cruz Tenerife,22913.38,19,1205.9673684210527,0.32148900169204736,0.27875913243358774,34,True,0.0,-0.26441586334371625,0.0
21233,28109.0,Madrid,22892.24,62,369.22967741935486,1.0646823125357756,0.7249763707694824,18,True,0.0,0.008190697658371354,0.2065681056671153
1000076293,50001.0,Zaragoza,22869.03,32,714.6571875,0.5470085470085471,0.43632309646806966,66,True,0.0,0.15798985100380897,0.8012785619697614
1000080441,28005.0,Madrid,22850.92,45,507.7982222222222,0.7701083856246436,0.5710407795271457,53,True,0.0,1.283539945220614,0.4055327134512736
28267,19171.0,Guadalajara,22830.489999999998,17,1342.9699999999998,0.2959953569355775,0.25927901531222824,66,True,0.0,-1.0,0.0
1000080443,48150.0,Vizcaya,22799.5,16,1424.96875,0.32854209445585214,0.28408217141831077,276,False,0.0,0.1039954794810821,0.0
16055,28036.0,Madrid,22796.18,31,735.3606451612903,0.5477031802120141,0.43677201273320854,74,True,0.0,0.19414218154748886,0.20291813046449622
22826,36650.0,Pontevedra,22789.82,23,990.8617391304348,0.39406053683609366,0.3322207381071082,31,True,0.0,-0.2009596669779935,0.0
1000076997,35004.0,Las Palmas,22787.2,20,1139.3600000000001,0.3492433061699651,0.29954392135549635,47,True,0.0,-1.0,0.0
36486,8921.0,Barcelona,22773.53,25,910.9412,0.4315304948216341,0.3587441480337327,55,True,0.0,-0.16067662212478537,0.0
1000081870,32003.0,Orense,22742.34,37,614.6578378378379,0.6646706586826348,0.509627301273882,59,True,0.0,0.08484618822207605,0.0
8074,47400.0,Valladolid,22660.44,18,1258.9133333333332,0.3278688524590164,0.28357529049912755,95,True,0.0,-0.3383882957531255,0.0
37551,4007.0,Almería,22648.69,23,984.725652173913,0.4020979020979021,0.3379696164867166,97,True,0.0,-1.0,0.0
42494,2650.0,Albacete,22636.38,51,443.85058823529414,1.6105263157894736,0.9595518545644413,73,True,0.0,-0.45760833735962536,0.0
1000068622,38204.0,Sta.Cruz Tenerife,22617.76,22,1028.08,0.37585421412300685,0.31907478485964363,26,True,0.0,0.23911263230098967,0.0
9586,37002.0,Salamanca,22543.07,14,1610.2192857142857,0.23294509151414308,0.2094056907608793,10,True,0.0,-0.0314894537855982,0.0
33532,36201.0,Pontevedra,22499.39,21,1071.3995238095238,0.37477691850089234,0.31829147686576514,97,True,0.0,-0.3622699265747581,0.0
21872,6010.0,Badajoz,22470.18,24,936.2575,0.712871287128713,0.5381710776565195,790,False,0.0,0.6732244707098425,0.0
1000082113,14006.0,Córdoba,22468.78,19,1182.5673684210526,0.3448275862068965,0.2962658161431724,40,True,0.0,0.2357065603570541,0.7702824503890472
38499,45470.0,Toledo,22450.47,56,400.90125,1.00418410041841,0.6952370454794046,119,True,0.0,-0.6881895958216034,0.0
1000056227,19005.0,Guadalajara,22443.84,29,773.9255172413793,0.48903878583473864,0.3981308016062346,12,True,0.0,-0.4316519889140289,0.0
30934,30202.0,Murcia,22440.06,29,773.7951724137931,0.4962920707358814,0.4029900949456392,18,True,0.0,-0.4043610599363573,0.0
37305,8980.0,Barcelona,22439.95,13,1726.15,0.24329382407985028,0.21776416760324177,209,False,0.0,0.290646676689295,0.0
1000080906,8850.0,Barcelona,22374.54,18,1243.03,0.30945558739255014,0.26961146869177754,45,True,0.0,-0.2795323517285235,0.0
1000081484,0.0,,22367.03,17,1315.7076470588236,0.34045393858477974,0.29300831673445504,35,True,0.0,-1.0,0.0
1000053130,41600.0,Sevilla,22360.940000000002,36,621.1372222222222,0.631578947368421,0.4895482253187058,25,True,0.0,0.07463328618997073,0.0
13806,11540.0,Cádiz,22360.46,22,1016.3845454545454,0.4064039408866995,0.34103605005427756,118,True,0.0,0.2001012685038407,0.0
39718,29017.0,Málaga,22357.41,24,931.55875,0.41119360365505425,0.34443587370275824,46,True,0.0,-0.2512342028248842,0.0
1000079460,30007.0,Murcia,22349.02,12,1862.4183333333333,0.2085747392815759,0.18944176391734452,88,True,0.0,-1.0,0.0
7941,28902.0,Madrid,22334.96,28,797.6771428571428,0.47700170357751276,0.3900141569524454,46,True,0.0,0.25691962967856946,0.0
1000080295,45600.0,Toledo,22323.239999999998,20,1116.1619999999998,0.35231943628890194,0.3018212191579969,46,True,0.0,-1.0,0.0
34045,41001.0,Sevilla,22314.8,36,619.8555555555555,0.6242774566473989,0.48506307483596683,59,True,0.0,-0.279988546385969,0.0
1000100002,44001.0,Teruel,22293.75,18,1238.5416666666667,0.33749999999999997,0.2908021997880245,25,True,0.0,-0.04151321937008755,0.0
23159,4009.0,Almería,22280.15,30,742.6716666666667,0.5139920045688178,0.41474987400317365,62,True,0.0,0.5064008619468594,0.0
1000081425,43700.0,Tarragona,22273.46,35,636.3845714285713,0.6,0.4700036292457355,25,True,0.0,-0.13440719554016314,0.0
1000077505,41927.0,Sevilla,22264.22,20,1113.211,0.528169014084507,0.4240702959391988,377,False,0.0,0.08765173010689382,0.0
42160,28300.0,Madrid,22252.420000000002,75,296.69893333333334,1.5991471215351813,0.9551833610349922,84,True,0.0,0.6777174450352841,0.0
1000081894,35110.0,Las Palmas,22228.62,27,823.2822222222222,0.46285714285714286,0.38039147055604844,25,True,0.0,0.12512651375175043,0.0
1000038595,28021.0,Madrid,22210.86,29,765.8917241379311,0.4931972789115647,0.40091964573648975,33,True,0.0,0.13056062736709395,0.0
39298,39770.0,Cantabria,22183.55,21,1056.3595238095238,0.40540540540540543,0.3403258059372029,173,True,0.0,-0.5547369337842615,0.0
1000080871,15100.0,A Coruña,22176.14,23,964.18,0.40588235294117647,0.3406651148812489,28,True,0.0,-1.0,0.0
1000076598,8902.0,Barcelona,22141.86,14,1581.5614285714287,0.24911032028469748,0.22243155413212,28,True,0.0,-1.0,0.0
5347,33203.0,Asturias,22140.99,27,820.0366666666667,0.569620253164557,0.4508337131380154,329,False,0.5,-0.19061090023633895,1.4927719422802632
1000081727,37700.0,Salamanca,22123.17,14,1580.2264285714284,0.28532608695652173,0.251012450323002,304,False,0.0,0.2629969525122556,0.0
1000081716,30008.0,Murcia,22073.23,18,1226.2905555555556,0.3185840707964602,0.27655848723311854,39,True,0.0,-0.4524605431172268,0.0
732,45005.0,Toledo,22037.34,27,816.1977777777778,0.46127562642369024,0.3793097709805198,27,True,0.0,0.7232839769694396,0.0
40294,45005.0,Toledo,21982.420000000002,68,323.2708823529412,1.1971830985915493,0.7871761302082216,87,True,0.0,1.3543743861886435,0.9374001635853436
1000067950,7013.0,Baleares,21966.65,25,878.666,0.4246885617214043,0.3539532366564258,48,True,0.0,0.014298301427267951,0.0
1000078097,24006.0,León,21914.73,12,1826.2275,0.21151586368977673,0.1918723554435858,74,True,0.0,0.151761652859567,0.0
39685,38700.0,Sta.Cruz Tenerife,21913.75,20,1095.6875,0.3582089552238806,0.30616688712588397,74,True,0.0,-1.0,0.0
10202,8397.0,Barcelona,21911.21,19,1153.2215789473685,0.31666666666666665,0.2751032902449208,18,True,0.0,-0.09295188312198815,0.0
18088,10001.0,Cáceres,21904.7,23,952.3782608695652,0.3856903297931806,0.32619844852647134,31,True,0.0,1.1432449715850819,0.0
39404,12500.0,Castellón,21889.86,16,1368.11625,0.28776978417266186,0.2529118727100632,122,True,0.0,-0.007704565943681216,0.0
32503,17250.0,Girona,21878.059999999998,20,1093.9029999999998,0.3663003663003663,0.3121066244588558,118,True,0.0,-1.0,0.0
40243,34800.0,Palencia,21876.07,16,1367.254375,0.2855443188578227,0.2511822230982704,91,True,0.0,-1.0,0.0
1000069442,39002.0,Cantabria,21875.79,15,1458.386,0.4170528266913809,0.3485792406709276,689,False,0.0,0.5249216051454194,0.0
383,43840.0,Tarragona,21864.18,15,1457.612,0.2819548872180451,0.24838616850181772,179,True,0.0,0.9034971117577386,0.0
32759,48901.0,Vizcaya,21851.23,10,2185.123,0.18018018018018017,0.1656671218888174,40,True,0.0,2.2858959659990767,0.0
37654,45700.0,Toledo,21850.76,78,280.1379487179487,1.3748531139835487,0.8649355888302468,108,True,0.0,-0.32286389969168355,1.1734455612340242
1000072466,35620.0,Las Palmas,21847.84,22,993.0836363636364,0.746606334841629,0.5576746679470781,53,True,0.0,-0.11875862068965513,0.0
551,46007.0,Valencia,21841.62,11,1985.601818181818,0.1875,0.17185025692665923,38,True,0.0,0.30754500032874343,0.0
1000080825,34001.0,Palencia,21824.829999999998,24,909.3679166666666,0.4161849710982659,0.34796661604694806,81,True,0.0,0.7630652647874875,0.0
1000059878,46002.0,Valencia,21807.91,20,1090.3955,0.4548900682335102,0.37493034329038527,325,False,0.0,0.6394252346247973,0.0
1000078917,28232.0,Madrid,21807.21,17,1282.7770588235294,0.3157894736842105,0.2744368457017603,132,True,0.0,-0.03531649483934586,0.0
13287,8906.0,Barcelona,21807.170000000002,49,445.04428571428576,0.8300395256916996,0.6043375653587139,42,True,0.0,-0.045325291028519475,0.15405560025316137
17574,28015.0,Madrid,21806.6,41,531.8682926829268,0.7036613272311213,0.5327796570284735,56,True,0.0,-0.41864879141230626,0.08021237822435286
6742,30800.0,Murcia,21803.09,20,1090.1545,0.36101083032490977,0.3082276812606723,101,True,0.0,-0.3808795148484138,0.0
1000057197,28022.0,Madrid,21802.27,15,1453.4846666666667,0.2552467385138968,0.22733215765317943,40,True,0.0,2.2858959659990767,0.0
1000080132,41590.0,Sevilla,21778.91,31,702.5454838709677,0.5269121813031161,0.4232475139757004,19,True,0.0,0.5078081318929758,0.0
1000082645,46190.0,Valencia,21777.11,20,1088.8555000000001,0.5300353356890459,0.4252908303592522,73,True,0.0,0.08431902686225193,0.0
42283,3189.0,Alicante,21755.87,19,1145.0457894736842,0.43083900226757366,0.35826098709436716,40,True,0.0,0.2025254125772714,0.0
37468,39004.0,Cantabria,21748.17,14,1553.4407142857142,0.2801867911941294,0.24700599790510222,306,False,0.0,-1.0,0.0
1000079756,44002.0,Teruel,21739.13,35,621.118,0.6165590135055784,0.48029982447991904,61,True,0.0,0.2938284380281598,0.0
25523,41804.0,Sevilla,21735.24,14,1552.517142857143,0.7279029462738301,0.5469085034537388,87,True,0.0,0.04165513334343789,0.0
7051,33429.0,Asturias,21729.36,13,1671.4892307692307,0.2254335260115607,0.2032946801742335,54,True,0.0,-0.20905105493117956,0.0
1000082267,46020.0,Valencia,21725.25,25,869.01,0.49244911359159554,0.4004184709573814,31,True,0.0,0.04647864970051619,0.36159246026211045
1000078247,15702.0,A Coruña,21697.84,17,1276.3435294117646,0.28797289666854886,0.2530695845015545,11,True,0.0,-1.0,0.0
10711,50001.0,Zaragoza,21696.91,24,904.0379166666667,0.4624277456647399,0.3800978942297413,237,False,0.0,1.0656050285929508,0.0
30682,8740.0,Barcelona,21689.829999999998,35,619.7094285714285,0.5922165820642978,0.4651271221792815,41,True,0.0,-0.6715279968889994,0.0
1000076307,15006.0,A Coruña,21686.07,18,1204.7816666666668,0.3082191780821918,0.26866680633829343,42,True,0.0,-1.0,0.0
38021,34880.0,Palencia,21638.85,16,1352.428125,0.3508771929824561,0.3007541540191337,53,True,0.0,-1.0,0.0
22568,7760.0,Baleares,21624.66,19,1138.14,0.3283410138248848,0.28393080560870887,46,True,0.0,-1.0,0.9081600907512191
10038,33011.0,Asturias,21612.58,13,1662.506153846154,0.23985239852398524,0.21499233908350332,115,True,0.0,-1.0,0.0
30696,17800.0,Girona,21609.1,16,1350.56875,0.26996625421822273,0.23899032863575745,11,True,0.0,-0.14494878970466116,0.0
1000082245,46023.0,Valencia,21583.34,39,553.4189743589743,0.7572815533980582,0.56376804303619,27,True,0.0,-0.15357413847163812,0.0
1000039979,36860.0,Pontevedra,21573.04,51,423.0007843137255,0.8600337268128162,0.620594620255777,25,True,0.0,-0.5968966972988865,0.13864205170430935
1000069541,28981.0,Madrid,21546.65,30,718.2216666666667,0.5166475315729047,0.4165023276698225,28,True,0.0,-0.11152938250227808,0.0
37206,8032.0,Barcelona,21528.87,21,1025.1842857142856,0.3606182026330853,0.30793915722613735,7,True,0.0,-0.09710396371981732,0.0
5592,48012.0,Vizcaya,21517.72,20,1075.886,0.35046728971962615,0.30045067309058066,31,True,0.0,0.5357479770069168,0.0
32000,38005.0,Sta.Cruz Tenerife,21509.120000000003,30,716.9706666666667,0.5125284738041003,0.4137827364012625,54,True,0.0,-1.0,0.0
1000070581,28006.0,Madrid,21508.059999999998,38,566.0015789473683,0.6608695652173913,0.5073412996833798,61,True,0.0,-0.3241202865986626,0.0
37364,51001.0,Ceuta,21494.15,22,977.0068181818183,0.37542662116040953,0.3187639529296157,54,True,0.0,-1.0,0.0
1000080963,28320.0,Madrid,21472.37,19,1130.1247368421052,0.34461910519951633,0.29611077978683636,97,True,0.0,-1.0,0.0
1000078761,35110.0,Las Palmas,21463.88,20,1073.194,0.41293874741913283,0.3456717534486507,60,True,0.0,0.2564968367052462,0.0
1000055899,46023.0,Valencia,21459.46,25,858.3783999999999,0.4215851602023609,0.35177255900413,24,True,0.0,-0.3169193873741409,0.0
34472,38670.0,Sta.Cruz Tenerife,21455.91,23,932.8656521739131,0.3826955074875208,0.3240348603202406,17,True,0.0,-1.0,0.0
6211,8024.0,Barcelona,21447.01,22,974.8640909090908,0.4592901878914405,0.377950144822895,207,False,0.0,-0.6152806325574506,0.0
1000078521,30009.0,Murcia,21418.26,37,578.8718918918919,0.6397694524495677,0.4945556541794717,14,True,0.0,-0.6789877070907099,0.0
2246,39002.0,Cantabria,21403.68,29,738.0579310344827,0.5052264808362369,0.4089433724844892,60,True,0.0,-0.4714778150534293,0.0
1000072446,13700.0,Ciudad Real,21398.16,10,2139.816,0.18083182640144665,0.16621912775409625,83,True,0.0,1.1253155621078224,0.0
37753,3803.0,Alicante,21361.08,27,791.1511111111112,0.4618015963511973,0.3796696451084323,67,True,0.0,-0.35019484859035804,0.0
25904,3330.0,Alicante,21339.89,14,1524.277857142857,0.24475524475524474,0.21893892003217785,31,True,0.0,1.1246432283503538,0.858517197672089
20472,6011.0,Badajoz,21337.69,16,1333.605625,0.2764976958525346,0.24412015264687897,25,True,0.0,0.39121226200180564,0.33060045517692266
31608,8016.0,Barcelona,21325.31,25,853.0124000000001,0.42832667047401485,0.3565035985917672,41,True,0.0,-0.3368989420271348,0.39778937990272745
2991,28002.0,Madrid,21315.33,24,888.1387500000001,0.4109589041095891,0.3442695470812447,25,True,0.0,-0.44678775264638443,0.0
34833,43005.0,Tarragona,21312.33,14,1522.3092857142858,0.24518388791593695,0.21928322014723067,77,True,0.0,-1.0,0.0
1000079332,8197.0,Barcelona,21300.31,26,819.2426923076923,0.48357098574085555,0.39445200978316447,67,True,0.0,-1.0,0.0
1000100158,28002.0,Madrid,21258.38,30,708.6126666666667,0.9164969450101833,0.650499011790859,46,True,0.0,-1.0,0.49729036064336496
1000080089,28701.0,Madrid,21256.1,29,732.9689655172414,0.5938566552901023,0.46615664865183,12,True,0.0,-1.0,0.0
1000037512,17001.0,Girona,21242.42,35,606.9262857142857,0.5898876404494382,0.4636633473511525,19,True,0.0,-1.0,0.08119967479437465
1000076285,8221.0,Barcelona,21238.25,44,482.6875,0.7478753541076487,0.5584009669720911,27,True,0.0,0.10018683230629492,0.0
1000082750,28224.0,Madrid,21220.21,12,1768.3508333333332,0.34782608695652173,0.29849298855599654,41,True,0.0,-0.05439846799764994,0.0
2555,28020.0,Madrid,21180.19,14,1512.8707142857143,0.24068767908309457,0.2156658058000627,27,True,0.0,-1.0,0.0
1000074517,28010.0,Madrid,21145.71,38,556.4660526315789,0.6462585034013606,0.4985051393779501,46,True,0.0,-1.0,0.0
1000074494,35625.0,Las Palmas,21144.24,32,660.7575,0.5591147350029121,0.444118182622877,53,True,0.0,-0.3574833766856352,0.0
32457,8980.0,Barcelona,21142.26,22,961.0118181818181,0.49698795180722893,0.4034550571801402,472,False,0.0,1.1925232297441017,0.0
8130,47004.0,Valladolid,21134.86,24,880.6191666666667,0.41284403669724773,0.34560472018448546,38,True,0.0,-1.0,0.0
37834,8026.0,Barcelona,21133.64,17,1243.155294117647,0.28732394366197184,0.2525656014187889,35,True,0.0,-1.0,0.0
1000082759,38202.0,Sta.Cruz Tenerife,21120.21,18,1173.345,0.5032618825722274,0.40763733549451037,34,True,0.0,-1.0,0.0
42232,7003.0,Baleares,21114.34,12,1759.5283333333334,0.2764976958525346,0.24412015264687897,75,True,0.0,1.673962519798824,0.0
1000072234,28043.0,Madrid,21073.85,25,842.954,0.4396248534583822,0.3643825612154087,56,True,0.0,-1.0,0.0
41202,46470.0,Valencia,21069.829999999998,19,1108.9384210526314,0.32386363636363635,0.2805544585275488,38,True,0.0,-1.0,0.7102096640163383
41044,48011.0,Vizcaya,21059.29,18,1169.9605555555556,1.0485436893203883,0.7171291452464307,1298,False,0.0,0.3681035199279247,0.11644168461873593
35435,28008.0,Madrid,21050.52,33,637.8945454545454,0.5673352435530086,0.449376880219554,61,True,0.0,0.5849637210582393,0.0
34761,27850.0,Lugo,21049.1,11,1913.5545454545454,0.22,0.1988508587451652,206,False,0.0,-1.0,0.0
119,41100.0,Sevilla,21045.39,13,1618.8761538461538,0.22285714285714284,0.2011900410983374,46,True,0.0,-1.0,0.0
1000101055,46160.0,Valencia,21043.93,18,1169.1072222222222,0.9106239460370995,0.6474298620302809,7,True,0.0,-1.0,0.4738364746375219
18442,28036.0,Madrid,21043.6,48,438.4083333333333,0.7986688851913477,0.5870468831040007,7,True,0.0,0.2562933190335628,1.1532384981700254
22116,28010.0,Madrid,21016.440000000002,13,1616.649230769231,0.23536511768255883,0.2113665682347266,10,True,0.0,0.006163666393492142,0.991262381416516
1000066387,11100.0,Cádiz,20994.6,34,617.4882352941177,0.5688789737869493,0.450361334884724,27,True,0.0,-1.0,0.0
1000080413,28054.0,Madrid,20981.149999999998,19,1104.2710526315789,0.32967032967032966,0.28493103907989104,39,True,0.0,-1.0,0.0
25515,28980.0,Madrid,20964.16,18,1164.6755555555555,0.31070195627157654,0.2705628381817901,83,True,0.0,0.46026676593452515,0.0
25823,0.0,,20950.78,16,1309.42375,0.5653710247349824,0.448122872401898,945,False,0.0,-1.0,0.0
1000073092,17820.0,Girona,20931.91,16,1308.244375,0.282021151586369,0.2484378572596967,47,True,0.0,-1.0,0.1363088874989245
1000078435,0.0,,20921.04,20,1046.0520000000001,0.5853658536585367,0.46081520319132935,769,False,0.5,-1.0,1.4927719422802632
1000101545,28300.0,Madrid,20913.52,22,950.6145454545455,1.6019417475728157,0.956257992281221,20,True,0.0,-1.0,1.100768709970129
1000066234,46006.0,Valencia,20909.0,15,1393.9333333333334,0.3209700427960057,0.2783663476115893,334,False,0.0,-1.0,0.0
35425,28902.0,Madrid,20898.37,10,2089.837,0.17191977077363899,0.1586432338403746,38,True,0.0,2.2858959659990767,0.2725132103613233
1000077152,50300.0,Zaragoza,20890.96,20,1044.548,0.3506721215663355,0.30060233638218725,60,True,0.0,-0.46925368727934746,0.0
12225,17100.0,Girona,20881.69,18,1160.0938888888888,0.30560271646859083,0.2666647858540573,19,True,0.0,-1.0,0.0
10052,38530.0,Sta.Cruz Tenerife,20875.06,26,802.8869230769232,0.4721549636803874,0.38672728900513426,158,True,0.0,0.5095658776851196,0.0
37395,7590.0,Baleares,20801.79,18,1155.655,0.33149171270718236,0.28629990222482926,76,True,0.0,-0.21068612543447637,0.0
25010,7800.0,Baleares,20792.93,13,1599.456153846154,0.24029574861367836,0.21534985812520027,181,False,0.0,-1.0,0.0
26346,21230.0,Huelva,20762.94,19,1092.7863157894735,0.3364817001180637,0.2900405641110738,33,True,0.0,0.24797310160969166,0.0
32226,3202.0,Alicante,20762.75,25,830.51,0.44563279857397503,0.3685471485927166,10,True,0.0,0.18092245023686615,0.0
38736,50004.0,Zaragoza,20738.91,20,1036.9455,0.335946248600224,0.28963984122141706,31,True,0.0,-0.22306032375441215,0.0
6230,39002.0,Cantabria,20738.5,8,2592.3125,0.1568627450980392,0.14571181118139367,101,True,0.0,-1.0,0.0
1000100576,30500.0,Murcia,20733.69,14,1480.9778571428571,0.6,0.4700036292457355,20,True,0.0,-1.0,0.5256874571664557
1000081917,23620.0,Jaén,20733.07,19,1091.2142105263158,0.355361596009975,0.30406827925469493,193,False,0.0,0.6611754813809146,0.0
27172,28016.0,Madrid,20716.33,21,986.4919047619048,0.3654292343387471,0.3114688365965836,73,True,0.0,-1.0,0.0
34185,36001.0,Pontevedra,20701.36,17,1217.7270588235294,0.30303030303030304,0.2646925542270822,87,True,0.0,0.03014413478342831,0.0
22906,47002.0,Valladolid,20691.7,23,899.6391304347826,0.41742286751361163,0.3488403406867715,62,True,0.0,1.3753075578235485,0.0
36981,28820.0,Madrid,20678.530000000002,20,1033.9265,0.3486345148169669,0.2990926100628976,83,True,0.0,-0.07045381339704418,0.0
30376,28019.0,Madrid,20678.09,31,667.0351612903225,0.5422740524781341,0.43325798469235943,25,True,0.0,-1.0,0.0
1000081843,29320.0,Málaga,20672.870000000003,32,646.0271875000001,1.0180275715800635,0.7021205846626919,455,False,0.0,-1.0,0.5421113565265568
28065,8240.0,Barcelona,20625.33,15,1375.0220000000002,0.2590673575129534,0.23037125443566292,10,True,0.0,-1.0,0.0
4414,28700.0,Madrid,20610.97,14,1472.212142857143,0.28112449799196787,0.24773820632013696,186,False,0.0,-1.0,0.0
1000067685,33007.0,Asturias,20593.69,21,980.6519047619047,0.35038932146829815,0.30039293714782334,12,True,0.0,0.7689198163933821,0.0
11608,12540.0,Castellón,20562.14,26,790.8515384615384,0.4338153503893215,0.36033896846756713,19,True,0.0,-0.2789344381232581,0.0
37130,7400.0,Baleares,20517.38,27,759.902962962963,0.4644495412844037,0.38147943212355967,19,True,0.0,-1.0,0.0
1000081835,28220.0,Madrid,20505.14,18,1139.1744444444444,0.4,0.33647223662121295,419,False,0.0,-1.0,0.0
7412,28850.0,Madrid,20505.079999999998,43,476.8623255813953,0.7482598607888631,0.5586209279628024,80,True,0.0,-0.30063269643908075,0.7737382762726953
1000076921,28492.0,Madrid,20490.94,17,1205.3494117647058,0.29582366589327147,0.2591465284055076,18,True,0.0,-1.0,0.0
1000059887,3160.0,Alicante,20437.85,29,704.7534482758621,0.49235993208828527,0.4003587140335903,40,True,0.0,-0.08522118151554489,0.0
18655,15200.0,A Coruña,20427.66,25,817.1064,0.4477611940298507,0.37001835911241676,96,True,0.0,-1.0,0.0
1000068670,43001.0,Tarragona,20423.6,12,1701.9666666666665,0.23062139654067906,0.2075192422531246,202,False,0.0,-1.0,0.0
21347,3160.0,Alicante,20389.85,15,1359.3233333333333,0.25832376578645233,0.22978049065545803,61,True,0.0,-1.0,0.0
1000064863,12550.0,Castellón,20377.2,14,1455.5142857142857,0.2348993288590604,0.21098945166352648,25,True,0.0,-1.0,0.0
29597,28945.0,Madrid,20363.68,24,848.4866666666667,0.4181184668989547,0.3493309696829739,82,True,0.0,-0.11995174683198376,0.0
10457,48901.0,Vizcaya,20339.84,19,1070.5178947368422,0.660486674391657,0.5071107367447439,892,False,0.0,-1.0,0.0
38625,1004.0,Álava,20330.78,17,1195.9282352941175,0.2914285714285714,0.2557490253487718,49,True,0.0,-0.17922221366139351,0.0
41706,29016.0,Málaga,20323.44,16,1270.215,0.2733485193621868,0.24165006007992781,48,True,0.0,-0.07985047619196821,0.0
41739,28046.0,Madrid,20316.44,11,1846.9490909090907,0.24070021881838072,0.21567591283354734,426,False,0.0,0.36209027509800984,0.0
3799,33400.0,Asturias,20297.489999999998,24,845.7287499999999,0.41284403669724773,0.34560472018448546,73,True,0.0,-1.0,0.0
29144,15810.0,A Coruña,20295.87,16,1268.491875,0.27195467422096314,0.2405548308089575,17,True,0.0,-1.0,0.0
1000100313,50410.0,Zaragoza,20282.71,20,1014.1355,0.6734006734006734,0.5148578872939291,19,True,0.0,-1.0,0.0
42717,28231.0,Madrid,20252.879999999997,15,1350.1919999999998,0.7627118644067796,0.5668534552356532,103,True,0.0,-0.5196570153285957,0.2577759119135506
1000080103,35211.0,Las Palmas,20248.31,28,723.1539285714287,0.47297297297297297,0.38728278902497393,10,True,0.0,0.4785022104912776,0.0
2813,28012.0,Madrid,20242.45,33,613.4075757575757,0.5602716468590832,0.44485993870410034,53,True,0.0,-1.0,0.0
1000081847,28902.0,Madrid,20228.600000000002,15,1348.5733333333335,0.29546946815495734,0.25887315312745357,116,True,0.0,-1.0,0.2765498987662753
1000077031,29649.0,Málaga,20214.829999999998,32,631.7134374999999,0.5372132064913262,0.4299711709358458,7,True,0.0,-1.0,0.0
12605,17002.0,Girona,20210.45,16,1263.153125,0.27988338192419826,0.24676896590923145,39,True,0.0,-0.019485619702272913,0.0
9119,3007.0,Alicante,20138.4,24,839.1,0.4100227790432802,0.3436058596094248,47,True,0.0,0.03011406001632432,0.0
12525,17002.0,Girona,20132.16,16,1258.26,0.2718006795016987,0.24043375413448315,52,True,0.0,0.04738399111071925,0.0
1000064359,30730.0,Murcia,20111.4,32,628.48125,0.563049853372434,0.4466389468823277,59,True,0.0,-0.34500280778217696,0.0
28742,18151.0,Granada,20081.19,15,1338.7459999999999,0.3177966101694915,0.27596110715362404,53,True,0.0,-1.0,0.0
1000076689,28223.0,Madrid,20049.0,23,871.695652173913,0.5502392344497608,0.4384092638275184,468,False,0.0,1.6288045751221587,0.0
29402,15220.0,A Coruña,20046.81,21,954.61,0.9813084112149534,0.6837574402101063,1071,False,0.0,1.2569049432850126,0.8823056530793549
39311,46182.0,Valencia,20042.02,23,871.3921739130435,0.39137833238797504,0.33029486186061907,7,True,0.0,0.46669145970732834,0.0
1000076288,8500.0,Barcelona,20037.09,23,871.1778260869565,0.4002320185614849,0.3366379504338384,94,True,0.0,0.5166233536285856,0.0
1000080518,8004.0,Barcelona,20030.8,16,1251.925,0.3289924605894448,0.28442110671986615,31,True,0.0,0.03157419022307779,0.0
2435,38201.0,Sta.Cruz Tenerife,20017.12,35,571.9177142857143,0.5898876404494382,0.4636633473511525,18,True,0.0,-0.2589476134422724,0.648383831982845
132,41011.0,Sevilla,20007.21,33,606.2790909090909,0.5752469494479954,0.45441205328712614,84,True,0.0,-0.2822333544088323,0.0
1000100657,26002.0,La Rioja,20005.760000000002,13,1538.9046153846155,0.618066561014263,0.4812319556234524,54,True,0.0,-1.0,0.0
39860,41004.0,Sevilla,19991.2,18,1110.6222222222223,0.34504792332268375,0.29642964314222825,249,False,0.0,1.5786547115169136,0.199509036164466
41586,3330.0,Alicante,19936.35,15,1329.09,0.4032258064516129,0.33877373360949214,691,False,0.0,0.7328644889619643,0.0
30492,28430.0,Madrid,19930.42,30,664.3473333333333,0.5087620124364047,0.41128945524473887,28,True,0.0,-0.3671216667111003,0.0
1000081143,28921.0,Madrid,19928.29,15,1328.5526666666667,0.2848101265822785,0.25061094601482053,119,True,0.0,-1.0,0.0
7602,8500.0,Barcelona,19905.01,24,829.3754166666666,0.40816326530612246,0.34228620648663277,19,True,0.0,0.3629150019051187,0.0
1000059960,46800.0,Valencia,19901.760000000002,21,947.7028571428573,0.35353535353535354,0.30271994981632144,31,True,0.0,-0.06160079369504807,0.0
1000078429,47008.0,Valladolid,19887.8,25,795.512,0.43029259896729777,0.357879038003537,28,True,0.0,-1.0,0.0
1000082259,41010.0,Sevilla,19859.62,12,1654.9683333333332,0.3564356435643565,0.3048604089868655,551,False,0.0,0.6437687549553225,0.0
36908,28912.0,Madrid,19841.87,20,992.0935,0.34090909090909094,0.2933478099874583,12,True,0.0,0.0942362120335968,0.0
1000073191,26580.0,La Rioja,19839.77,24,826.6570833333334,0.4090909090909091,0.3429447511268304,60,True,0.0,-1.0,0.0
37715,49013.0,Zamora,19836.35,31,639.8822580645161,0.541642399534071,0.4328483413296257,38,True,0.0,0.6487333390771036,0.02007504385700121
11449,17001.0,Girona,19833.31,22,901.514090909091,0.37844036697247707,0.32095269118617326,11,True,0.0,2.199077006027407,0.07296070757581005
21457,27001.0,Lugo,19764.4,32,617.6375,0.5405405405405405,0.43213335519032564,27,True,0.0,-1.0,0.0
1000065218,23003.0,Jaén,19744.13,37,533.6251351351351,0.626057529610829,0.48615839156419427,38,True,0.0,-0.14329104213164245,0.6876090562097664
36119,21006.0,Huelva,19740.39,20,987.0195,0.3470213996529786,0.2978957842010505,74,True,0.0,-1.0,0.0
1000076321,3005.0,Alicante,19740.18,16,1233.76125,0.2882882882882883,0.25331442894757317,63,True,0.0,0.44098845040429985,0.3535484017633115
15442,4003.0,Almería,19690.52,29,678.9834482758621,0.4965753424657534,0.4031793928273084,5,True,0.0,0.7430732870212774,0.0
1000076656,28031.0,Madrid,19673.61,14,1405.2578571428571,0.25941939468807906,0.23065081689682004,53,True,0.0,-1.0,0.0
1000074412,23007.0,Jaén,19665.739999999998,21,936.4638095238095,0.35333707234997197,0.3025734477618913,28,True,0.0,-1.0,0.0
1000065462,4730.0,Almería,19659.21,13,1512.246923076923,0.22714036109493302,0.2046865529067135,96,True,0.0,0.883786225574754,0.0
1000081145,38611.0,Sta.Cruz Tenerife,19654.42,39,503.95948717948716,0.6755196304849884,0.5161233443217527,75,True,0.0,-0.1367981987598001,0.0
32600,8031.0,Barcelona,19654.18,20,982.7090000000001,0.35863717872086076,0.30648212286571924,83,True,0.0,-1.0,0.0
8177,35013.0,Las Palmas,19647.75,18,1091.5416666666667,0.3225806451612903,0.27958486221916157,20,True,0.0,-0.27785488938905306,0.0
34594,8840.0,Barcelona,19612.59,43,456.1067441860465,0.7230941704035874,0.5441216109585865,27,True,0.0,2.2405786549894073,0.0
1000080732,46004.0,Valencia,19591.46,15,1306.0973333333334,0.2637749120750293,0.23410320397726334,52,True,0.0,-1.0,0.0
1000063476,28047.0,Madrid,19590.87,16,1224.429375,0.30868167202572344,0.2690202732633608,91,True,0.0,0.15227647116052123,0.8402276591507923
30059,28924.0,Madrid,19567.920000000002,23,850.7791304347827,0.3893905191873589,0.32886517557937256,39,True,1.0,-0.5877149189451585,-0.0
1000082368,8340.0,Barcelona,19566.96,24,815.29,0.5066854327938072,0.40991216049258217,27,True,0.0,-0.06994524857634106,0.0
1000069275,46004.0,Valencia,19556.16,23,850.2678260869565,0.42618900555898703,0.3550058556768602,195,False,0.0,0.028120140983404738,0.0
1000082575,3700.0,Alicante,19542.19,16,1221.386875,0.3940886699507389,0.3322409186014503,82,True,0.0,-0.3345409084999843,0.0
9459,8913.0,Barcelona,19534.1,14,1395.292857142857,0.42381432896064586,0.35333941752282605,763,False,0.0,-1.0,0.0
34222,8370.0,Barcelona,19505.97,12,1625.4975000000002,0.24390243902439024,0.21825356602001797,264,False,0.0,-1.0,0.0
1000082677,28035.0,Madrid,19495.89,11,1772.3536363636363,0.2813299232736573,0.24789854109949905,0,True,0.0,-0.15674531444837358,0.0
1000076085,33204.0,Asturias,19495.399999999998,8,2436.9249999999997,0.17391304347826086,0.16034265007517937,399,False,0.0,0.7982948556191176,0.0
32520,11405.0,Cádiz,19488.54,32,609.016875,0.5710886377156454,0.45176877888851663,62,True,0.0,-1.0,0.0
1000075127,50006.0,Zaragoza,19481.22,13,1498.5553846153848,0.2448210922787194,0.21899181860974745,63,True,0.0,0.8981529942207708,0.0
1000082242,12500.0,Castellón,19462.25,14,1390.1607142857142,0.979020979020979,0.6826022673833303,1140,False,0.0,0.2943482891194608,0.0
32695,15703.0,A Coruña,19455.079999999998,24,810.6283333333332,0.41308089500860584,0.345772352600517,32,True,0.0,0.1246856145295823,0.0
42645,28025.0,Madrid,19448.45,22,884.0204545454545,0.9335219236209336,0.6593431708273768,19,True,0.0,2.2858959659990767,0.16703569978105057
32918,3501.0,Alicante,19434.0,20,971.7,0.5923000987166831,0.4651795738765255,66,True,0.0,-0.08417672577027831,0.22927163870554054
1000076218,29651.0,Málaga,19433.989999999998,29,670.1375862068965,0.5671447196870926,0.4492553137278967,110,True,0.0,-1.0,0.0
7228,32002.0,Orense,19419.44,25,776.7775999999999,0.4290617848970252,0.3570181344700422,62,True,0.0,0.3028519194355954,0.0
8749,4721.0,Almería,19400.35,28,692.8696428571428,0.5419354838709678,0.4330384350122641,24,True,0.0,1.0437313710978928,0.0
26068,39600.0,Cantabria,19388.16,22,881.28,0.4852941176470588,0.3956128116651528,424,False,0.0,0.09087601637875709,0.0
9158,5001.0,Ávila,19351.38,29,667.2889655172414,0.49685893774985723,0.4033688710375545,42,True,0.0,0.047276599891414965,0.0
10269,17006.0,Girona,19347.36,24,806.14,0.4313960455362493,0.3586502236639745,82,True,0.0,-0.8925566275821243,0.0
40659,43205.0,Tarragona,19322.94,19,1016.9968421052631,0.3298611111111111,0.28507450904470005,56,True,0.0,-1.0,0.0
1000080161,28523.0,Madrid,19320.44,49,394.29469387755097,0.9380982769623484,0.6617072226897279,251,False,0.0,-0.03039498525185037,0.0
1000079723,28805.0,Madrid,19320.09,28,690.0032142857143,0.48248133256749,0.39371725995042484,45,True,0.0,0.015923665511080633,0.1677977081318851
1000078121,28010.0,Madrid,19268.94,33,583.9072727272727,0.5735805330243338,0.45335361703521354,52,True,0.0,0.19432970271240158,0.0
1000081788,8021.0,Barcelona,19249.78,21,916.6561904761904,0.4384133611691023,0.36354067360274334,334,False,0.0,-1.0,0.0
15819,28015.0,Madrid,19246.63,18,1069.2572222222223,0.3221957040572792,0.27929376682514606,94,True,0.0,0.2395595427298517,0.0
1000081115,33206.0,Asturias,19227.0,13,1479.0,0.23117960877296975,0.20797274133014398,117,True,0.0,-1.0,0.0
1000072582,23440.0,Jaén,19206.78,19,1010.8831578947368,0.3922918100481762,0.33095117359746257,189,False,0.0,-1.0,0.16910105174253318
15098,8030.0,Barcelona,19194.8,31,619.1870967741935,0.5204252937884722,0.4189900942669197,25,True,0.0,0.9316212016861805,0.0
1000067662,46100.0,Valencia,19183.16,24,799.2983333333333,0.42105263157894735,0.3513978868378886,82,True,0.0,0.1501678736332738,0.0
1000081507,8179.0,Barcelona,19179.47,15,1278.6313333333335,0.2522421524663677,0.22493566648919133,7,True,0.0,-0.006362284447522105,0.0
27626,36203.0,Pontevedra,19170.41,43,445.82348837209304,1.2684365781710916,0.8190908621251938,444,False,0.0,-0.45335895032802254,0.0
1000069090,24200.0,León,19167.71,15,1277.8473333333334,0.25323579065841306,0.2257288391027163,33,True,0.0,-1.0,0.0
25909,8459.0,Barcelona,19136.63,24,797.3595833333334,0.4042672655811342,0.3395156475879574,31,True,0.0,-0.28371765544034255,0.0
1000081213,8041.0,Barcelona,19101.28,25,764.0512,0.4424778761061947,0.3663623820944218,116,True,0.0,1.1612989378676541,0.0
32365,3183.0,Alicante,19092.1,18,1060.6722222222222,0.31450203843913804,0.2734579159200602,46,True,0.0,-0.0423552870799367,0.0
1000100632,50006.0,Zaragoza,19083.8,22,867.4454545454545,0.9984871406959152,0.6923904646706389,11,True,0.0,0.13400257482711608,0.0
4797,28940.0,Madrid,19063.77,15,1270.9180000000001,0.4065040650406504,0.34110723912536145,25,True,0.0,-0.005314615949896265,0.0
11154,50006.0,Zaragoza,19036.48,26,732.1723076923076,0.4508670520231214,0.37216134463400496,48,True,0.0,0.16375563717835098,0.0
30886,47400.0,Valladolid,19032.17,21,906.2938095238094,0.36103151862464183,0.30824288183221404,55,True,0.0,-1.0,0.0
34992,8970.0,Barcelona,18991.79,32,593.4934375,0.5501432664756447,0.4383473566440544,17,True,0.0,-1.0,0.8304983230828453
1000056444,36208.0,Pontevedra,18991.35,15,1266.09,0.25510204081632654,0.2272168767018456,56,True,0.0,-1.0,0.7102096640163383
27134,28029.0,Madrid,18989.98,14,1356.4271428571428,0.27325959661678595,0.24158022385748038,32,True,0.0,-1.0,0.13935055294228452
1000057225,8830.0,Barcelona,18977.1,11,1725.190909090909,0.31339031339031337,0.2726118195307827,325,False,0.0,-0.2245424983008175,0.29158481351897064
1000042307,13700.0,Ciudad Real,18944.0,37,512.0,0.6187290969899666,0.4816413333259453,26,True,0.0,0.8114584310255545,0.0634146020862357
37847,45005.0,Toledo,18937.25,35,541.0642857142857,0.6332931242460796,0.49059829833692536,70,True,0.0,-1.0,0.0
1000080151,8914.0,Barcelona,18917.07,17,1112.7688235294117,0.3028503562945368,0.2645544460329035,28,True,0.0,-0.18796491321619963,0.0
40766,28924.0,Madrid,18906.44,19,995.0757894736842,0.33470346447445687,0.28870914318985497,40,True,0.0,0.10583057070595057,0.0
24385,46700.0,Valencia,18902.03,13,1454.0023076923076,0.258792302587923,0.23015277130851874,17,True,0.0,0.11923514050475853,0.0
23847,7003.0,Baleares,18885.45,34,555.4544117647059,0.5679287305122495,0.4497554684157881,17,True,0.0,-1.0,0.0
27421,25240.0,Lleida,18877.69,13,1452.1299999999999,0.24314214463840397,0.21764216209532383,108,True,0.0,2.1809207373994535,0.0
22813,28521.0,Madrid,18876.12,20,943.8059999999999,0.5016722408026756,0.40657931435156786,244,False,0.0,0.2647052248252461,0.0
1000077462,35420.0,Las Palmas,18873.67,16,1179.604375,0.2772963604852686,0.24474562568123703,20,True,0.0,0.0888782427234785,0.0
41136,48009.0,Vizcaya,18835.24,17,1107.955294117647,0.29737609329446063,0.2603438350003003,60,True,0.0,-1.0,0.0
9374,28021.0,Madrid,18821.29,21,896.2519047619048,0.41284403669724773,0.34560472018448546,228,False,0.0,-0.6365558276626325,0.0
1954,35500.0,Las Palmas,18810.01,20,940.5004999999999,0.379746835443038,0.32190002976212223,91,True,0.0,-0.09029365589471793,0.21047881585457548
1000078272,46910.0,Valencia,18807.15,15,1253.8100000000002,0.2630040911747516,0.23349308261469248,24,True,0.0,-1.0,0.33623163459259764
1156,46011.0,Valencia,18806.57,27,696.5396296296296,0.4706565950029053,0.38570896433358465,7,True,0.0,-1.0,0.0
16831,28045.0,Madrid,18790.41,31,606.1422580645161,0.5410122164048866,0.4324394838892205,31,True,0.0,-0.4427944407372815,0.6836322631368094
1000077880,8211.0,Barcelona,18752.93,30,625.0976666666667,0.5104934770277936,0.412436403416062,28,True,0.0,0.1170783051710179,0.0
1000080557,28006.0,Madrid,18729.88,11,1702.7163636363637,0.21810971579643096,0.19730024388146739,180,False,0.0,-0.37407029610962544,0.0
96,41710.0,Sevilla,18717.71,38,492.57131578947366,0.6589595375722543,0.5061906212618421,69,True,0.0,-0.34377263374257716,0.0
1000082235,28017.0,Madrid,18699.109999999997,12,1558.2591666666665,0.2328589909443726,0.20933585506678018,28,True,0.0,2.2858959659990767,0.0
1000081050,47001.0,Valladolid,18691.4,16,1168.2125,0.28021015761821366,0.2470242500937683,83,True,0.0,-0.6412871100009039,0.0
33172,2640.0,Albacete,18685.53,16,1167.845625,0.3738317757009346,0.31760375231683013,33,True,0.0,-1.0,0.0
1000064817,28240.0,Madrid,18681.59,28,667.1996428571429,0.4759206798866855,0.38928198482007015,6,True,0.0,-0.1189676383271821,0.0
6656,28024.0,Madrid,18676.03,57,327.649649122807,1.002932551319648,0.6946123822872733,81,True,0.0,0.29611051127998234,0.0
2392,38410.0,Sta.Cruz Tenerife,18674.93,19,982.891052631579,0.3558052434456929,0.30439555342552155,61,True,0.0,-1.0,0.5721724628548239
1000078475,38005.0,Sta.Cruz Tenerife,18641.61,25,745.6644,0.43579314352120857,0.3617174097770706,28,True,0.0,0.9635766009083218,0.0
28005,30008.0,Murcia,18629.03,17,1095.825294117647,0.4565801253357207,0.3760913081498371,35,True,0.0,0.5938911383886006,0.0
1000081598,46008.0,Valencia,18612.21,27,689.3411111111111,0.5205655526992288,0.41908233979999515,185,False,0.0,-0.2268646741253263,0.25152943712856857
1000082015,6011.0,Badajoz,18562.18,16,1160.13625,0.28933092224231466,0.25412341889196116,96,True,0.0,-1.0,0.0
23153,39700.0,Cantabria,18538.260000000002,13,1426.0200000000002,0.2255639097744361,0.20340107258500859,34,True,0.0,-1.0,0.6705783332658548
1000079899,33001.0,Asturias,18515.48,24,771.4783333333334,0.44887780548628425,0.370789329545342,187,False,0.0,-0.4765845897187781,0.0
1000070258,40001.0,Segovia,18499.8,19,973.6736842105263,0.343995171997586,0.29564664983080474,17,True,0.0,-0.04183366733466931,0.0
1000079047,28044.0,Madrid,18499.47,15,1233.298,0.2569960022844089,0.2287247492406098,35,True,0.0,-1.0,0.0
27400,38670.0,Sta.Cruz Tenerife,18472.43,15,1231.4953333333333,0.2803738317757009,0.2471520913662187,139,True,0.0,0.9537440531417181,0.0
10699,48004.0,Vizcaya,18472.35,18,1026.2416666666666,0.3231597845601436,0.2800226522620526,111,True,0.0,0.025568988630915574,0.0
1000070497,50002.0,Zaragoza,18461.87,30,615.3956666666667,0.4980630879911455,0.40417299902207265,6,True,0.0,-0.024716718202986505,0.0
1000075720,37002.0,Salamanca,18460.35,12,1538.3625,0.32936870997255263,0.2847041753937444,38,True,0.0,0.21619659124885476,0.0
34123,48170.0,Vizcaya,18459.31,15,1230.6206666666667,0.25862068965517243,0.2300164306019718,46,True,0.0,-0.18230732093854235,0.0
1000082721,35002.0,Las Palmas,18455.88,19,971.3621052631579,0.5172413793103449,0.41689380393178715,40,True,0.0,0.35276226405861405,0.0
32005,28490.0,Madrid,18445.73,31,595.0235483870968,0.529311326124075,0.424817520428394,47,True,0.0,-1.0,0.0
1000082496,18151.0,Granada,18440.02,19,970.5273684210526,0.43083900226757366,0.35826098709436716,25,True,0.0,-1.0,0.0
11914,12540.0,Castellón,18424.13,11,1674.9209090909092,0.1950354609929078,0.17817585941424813,69,True,0.0,-1.0,0.0
22405,33401.0,Asturias,18418.18,18,1023.2322222222223,0.31708749266001174,0.27542285385752,115,True,0.0,-1.0,0.0
1000080845,18100.0,Granada,18418.15,20,920.9075,0.7792207792207791,0.5761755039744411,1042,False,0.0,-1.0,0.0
11406,24001.0,León,18413.31,28,657.6182142857143,0.4727068092290377,0.3871020743754945,35,True,0.0,1.1289583202724705,0.0
28215,28912.0,Madrid,18378.17,53,346.7579245283018,0.9281961471103327,0.6565849270666697,87,True,0.0,-0.04946803799252047,0.42587793103312493
1000037323,43870.0,Tarragona,18359.41,16,1147.463125,0.2792321116928447,0.24625998517191192,35,True,0.0,-1.0,0.274797589498843
583,46007.0,Valencia,18351.77,19,965.8826315789474,0.33411488862837047,0.28826806719459713,77,True,0.0,0.34246981214493916,0.0
1000077081,30001.0,Murcia,18348.11,28,655.2896428571429,0.4994054696789536,0.4050686759919715,26,True,0.0,-1.0,0.0
37958,28944.0,Madrid,18346.17,27,679.4877777777778,0.4610130904951622,0.37913009268404324,61,True,0.0,-0.06203177032640506,0.0
42410,20016.0,Gipúzkoa,18345.12,13,1411.163076923077,0.3415061295971979,0.29379296008458106,54,True,0.0,0.46955602886262127,0.7128406815463966
1000081406,46192.0,Valencia,18335.11,13,1410.393076923077,0.6065318818040435,0.47407774488201915,413,False,0.0,0.01325330563750487,0.0
28289,46600.0,Valencia,18318.03,14,1308.4307142857142,0.2857142857142857,0.25131442828090605,82,True,0.0,-1.0,0.0
1000082143,18230.0,Granada,18315.22,26,704.4315384615385,0.49056603773584906,0.39915593891489964,82,True,0.0,-0.1920656526799629,0.0
1000080325,12500.0,Castellón,18315.02,14,1308.2157142857143,0.24778761061946902,0.2213720716658277,94,True,0.0,2.2858959659990767,0.0
42821,35411.0,Las Palmas,18300.49,16,1143.780625,0.8261617900172117,0.6022163817620719,69,True,0.0,-1.0,0.0
1000082477,38440.0,Sta.Cruz Tenerife,18253.57,31,588.8248387096775,0.7066869300911854,0.534554023413126,11,True,0.0,0.08595345002723533,0.019826501724360727
16804,41400.0,Sevilla,18246.9,13,1403.6076923076923,0.2506426735218509,0.22365755800761344,222,False,0.0,-1.0,0.0
7434,29640.0,Málaga,18241.170000000002,12,1520.0975,0.21390374331550802,0.19384140062681604,75,True,0.0,0.5296518100365479,0.0
27243,27400.0,Lugo,18237.61,29,628.8831034482758,0.8011049723756906,0.5884003501008819,690,False,0.0,0.10588115934924983,0.0
1000079373,28019.0,Madrid,18233.65,26,701.2942307692308,0.4503464203233256,0.3718024384657088,75,True,0.0,-1.0,0.06906738521870859
8926,28016.0,Madrid,18227.59,13,1402.1223076923077,0.22285714285714284,0.2011900410983374,67,True,0.0,-1.0,0.0
1000080045,8700.0,Barcelona,18218.5,32,569.328125,0.5436013590033975,0.4341182310925726,27,True,0.0,0.028504111858022402,0.0
11426,48940.0,Vizcaya,18209.5,17,1071.1470588235295,0.29360967184801384,0.25743650594422424,26,True,0.0,-1.0,0.0
39792,15570.0,A Coruña,18199.86,15,1213.324,0.2748930971288943,0.24286232970606583,83,True,0.0,-1.0,0.0
1000066370,28015.0,Madrid,18163.95,20,908.1975,0.3614457831325301,0.30854721091574266,112,True,0.0,-0.11752387262173947,0.0
26402,28020.0,Madrid,18160.86,28,648.6021428571429,0.49528301886792453,0.40231549920526816,82,True,0.0,0.570780191227596,0.0
37982,41012.0,Sevilla,18147.05,25,725.882,0.4340277777777778,0.36048711282508683,34,True,0.0,0.5109088698666433,0.0
33393,28044.0,Madrid,18139.29,31,585.1383870967742,0.5464159811985899,0.4359399833118884,67,True,0.0,-0.02265348935055903,0.0
1000070638,35400.0,Las Palmas,18134.52,18,1007.4733333333334,0.32412965186074433,0.2807553770866598,61,True,0.0,-0.15814647709120422,0.0
1000080912,35100.0,Las Palmas,18129.42,32,566.544375,0.5584642233856894,0.44370086416175947,66,True,0.0,-0.13661208561078483,0.12634755899091726
42871,4007.0,Almería,18123.2,16,1132.7,0.9142857142857143,0.6493445579015523,40,True,0.0,-1.0,0.39312176126109477
17685,41001.0,Sevilla,18123.18,14,1294.5128571428572,0.46614872364039955,0.3826390469139874,206,False,0.0,-0.09814090244738603,0.0
1000079764,28270.0,Madrid,18117.11,22,823.505,0.3752131893121092,0.3186087658724691,34,True,0.0,-1.0,0.0
36882,43830.0,Tarragona,18091.63,15,1206.1086666666667,0.2515371716042482,0.2243725330900357,24,True,0.0,-1.0,0.0
1000079048,28024.0,Madrid,18091.62,15,1206.108,0.2849905003166561,0.25075132557017266,94,True,0.0,-1.0,0.0
1000082400,8233.0,Barcelona,18085.5,21,861.2142857142857,0.4474431818181818,0.3697986770646824,5,True,0.0,-1.0,0.4087378610966917
1000082336,6800.0,Badajoz,18084.77,13,1391.1361538461538,0.26657552973342447,0.23631682526523548,32,True,0.0,-0.07982470521714655,0.0
1000080097,8591.0,Barcelona,18080.33,33,547.888787878788,0.5503057254030016,0.4384521536769558,6,True,0.0,0.006299891566002579,0.0
38934,50006.0,Zaragoza,18073.03,11,1643.0027272727273,0.19549763033175355,0.17856252575765183,67,True,0.0,-1.0,0.0
14156,13610.0,Ciudad Real,18033.63,17,1060.8017647058823,0.2959953569355775,0.25927901531222824,83,True,0.0,-1.0,0.0
1000072036,38400.0,Sta.Cruz Tenerife,18033.57,17,1060.7982352941176,0.3059388122375525,0.26692217848375344,108,True,0.0,-1.0,0.0
1000082680,28045.0,Madrid,18021.41,12,1501.7841666666666,0.3263825929283772,0.2824553817666219,73,True,0.0,-1.0,0.0
29712,48011.0,Vizcaya,18015.0,18,1000.8333333333334,0.3264812575574365,0.28252976525153894,61,True,0.0,-1.0,0.0
21161,48300.0,Vizcaya,18004.010000000002,10,1800.4010000000003,0.18703241895261843,0.1714564269248508,41,True,0.0,-1.0,0.0
8302,6002.0,Badajoz,18000.02,21,857.1438095238095,0.3573454339194555,0.3055309055105031,41,True,0.0,-0.35419184574591484,0.2532897337320959
13672,8191.0,Barcelona,17983.64,16,1123.9775,0.26726057906458794,0.2368575463840766,25,True,0.0,-0.44694032281777996,0.0
1000080980,2200.0,Albacete,17978.37,17,1057.5511764705882,0.3132678132678133,0.27251854502250494,80,True,0.0,1.3930063296553623,0.0
41622,41008.0,Sevilla,17946.38,15,1196.4253333333334,0.2555366269165247,0.22756307236124013,49,True,0.0,0.13277548200655429,0.0
37849,28911.0,Madrid,17945.89,24,747.7454166666666,0.39933444259567386,0.33599672543774045,17,True,0.0,-1.0,0.2401765627613399
22216,2640.0,Albacete,17913.0,19,942.7894736842105,0.32967032967032966,0.28493103907989104,68,True,0.0,1.810316600171296,0.5849864573981819
7972,24402.0,León,17899.77,12,1491.6475,0.20606754436176303,0.18736510367013248,46,True,0.0,1.0419857238624881,0.0
1000080436,28944.0,Madrid,17897.54,23,778.1539130434783,0.4030373831775701,0.33863944593824147,73,True,0.0,-1.0,0.0
5871,8700.0,Barcelona,17891.6,14,1277.9714285714285,0.25609756097560976,0.22800974096538265,68,True,0.0,-1.0,0.360232760459803
1000065513,28015.0,Madrid,17886.66,37,483.42324324324323,0.6642728904847397,0.5093883256385712,13,True,0.0,-1.0,0.2311659393160783
1000073926,15004.0,A Coruña,17885.5,15,1192.3666666666666,0.25832376578645233,0.22978049065545803,28,True,0.0,0.31626259141545005,0.0
28628,3001.0,Alicante,17874.06,11,1624.9145454545455,0.20282728948985862,0.1846748601770384,186,False,0.0,-1.0,0.0
14664,4770.0,Almería,17853.29,23,776.23,0.5618892508143323,0.4458961467362958,557,False,0.0,-1.0,0.0
4425,28036.0,Madrid,17833.25,20,891.6625,0.36014405762304924,0.3075906188611636,55,True,0.0,0.7891625476731572,0.0
30282,24700.0,León,17824.11,10,1782.411,0.17341040462427745,0.1599143845440084,35,True,0.0,-1.0,0.0
1000080069,29793.0,Málaga,17810.91,10,1781.091,0.23076923076923075,0.2076393647782445,462,False,0.0,-1.0,0.0
1000080165,8006.0,Barcelona,17805.56,20,890.278,0.3508771929824561,0.3007541540191337,80,True,0.0,-1.0,0.0
1000057629,11402.0,Cádiz,17803.59,17,1047.27,0.289937464468448,0.2545937400422836,47,True,0.0,0.9902841740158494,0.0
22584,19001.0,Guadalajara,17785.19,20,889.2594999999999,0.3500583430571762,0.3001478085958968,84,True,0.0,1.7132410062720114,0.0
1000065061,28850.0,Madrid,17781.48,7,2540.2114285714283,0.12455516014234874,0.11738754425316633,89,True,0.0,1.4096849941236422,0.0
1000081918,15010.0,A Coruña,17776.16,32,555.505,0.5454545454545455,0.4353180712578456,53,True,0.0,-1.0,0.19632439791579134
1000079321,28806.0,Madrid,17767.04,18,987.0577777777778,0.3239352129574085,0.2806085235059424,52,True,0.0,-1.0,0.0
1000073237,41400.0,Sevilla,17753.23,10,1775.3229999999999,0.17152658662092626,0.1583076732202977,69,True,0.0,-0.06282324932271571,0.0
1314,31002.0,Navarra,17750.42,14,1267.8871428571426,0.47191011235955055,0.3865609534690117,910,False,0.0,-1.0,0.0
26137,17002.0,Girona,17730.44,18,985.0244444444444,0.3010033444816054,0.26313577022775986,12,True,0.0,-1.0,0.0
3685,33013.0,Asturias,17694.18,13,1361.0907692307692,0.22608695652173913,0.2038277620149182,31,True,0.0,0.19721723089239188,0.0
1000082184,27001.0,Lugo,17681.16,22,803.6890909090909,0.48280907095830283,0.39393830972805044,272,False,0.0,-0.10927429529552429,0.0
1000080181,8025.0,Barcelona,17676.39,26,679.8611538461538,0.7870837537840566,0.5805851034528456,802,False,0.0,-0.19544287210821923,0.0
21797,26200.0,La Rioja,17651.6,30,588.3866666666667,0.5042016806722689,0.4082623127292256,7,True,0.0,-0.11113667229921056,0.0
3709,33600.0,Asturias,17644.33,17,1037.9017647058824,0.3393213572854291,0.29216303588681697,262,False,0.0,0.06478845314560867,0.0
1000078114,27780.0,Lugo,17632.010000000002,19,928.0005263157896,0.33668044890726523,0.2901892635004021,97,True,0.0,-1.0,0.0
38795,28300.0,Madrid,17630.26,19,927.9084210526315,0.3435804701627487,0.2953380431954244,88,True,0.0,-1.0,0.0
33651,8028.0,Barcelona,17595.53,13,1353.5023076923076,0.32581453634085217,0.28202701496843596,573,False,0.0,-1.0,0.0
1000066086,28041.0,Madrid,17594.85,29,606.7189655172414,0.5108631826189078,0.4126811316190559,104,True,0.0,-1.0,0.0
1000071394,28983.0,Madrid,17592.88,29,606.6510344827586,0.5078809106830122,0.4107052947717206,63,True,0.0,-0.7855658653743474,0.0
1000080011,26250.0,La Rioja,17580.53,18,976.696111111111,0.31070195627157654,0.2705628381817901,31,True,0.0,0.3492280715580423,0.0
22547,28023.0,Madrid,17580.12,24,732.505,0.40586245772266066,0.34065096337045697,31,True,0.0,1.0074729567752345,0.0
5665,17600.0,Girona,17571.97,15,1171.4646666666667,0.27010804321728693,0.239101970251402,91,True,0.0,-1.0,0.0
1000071168,13670.0,Ciudad Real,17571.96,16,1098.2475,0.28185554903112153,0.2483086758872556,48,True,0.0,-0.29134210026795215,0.0
1000082271,28006.0,Madrid,17560.55,22,798.2068181818181,0.48280907095830283,0.39393830972805044,185,False,0.0,-0.049602624022149586,0.0
29437,18014.0,Granada,17557.12,20,877.856,0.3771213073538655,0.31999531125767966,229,False,0.0,1.7071662837054935,0.0
37409,28903.0,Madrid,17556.7,12,1463.0583333333334,0.24674434544208362,0.2205356299953366,248,False,0.0,-0.30436530959045466,0.7663537851277923
8808,21600.0,Huelva,17550.23,14,1253.587857142857,0.24361948955916474,0.2180260709670542,31,True,0.0,0.06490360905073768,0.0
1144,46960.0,Valencia,17549.68,12,1462.4733333333334,0.21978021978021978,0.1986706947954841,40,True,0.0,0.2070911814567711,0.0
30582,28937.0,Madrid,17536.88,18,974.2711111111112,0.32066508313539194,0.278135460568201,94,True,0.0,-0.14507120364037532,0.0
27701,8759.0,Barcelona,17496.43,21,833.1633333333333,0.38985148514851486,0.3291968962173478,68,True,0.0,-1.0,0.0
123,41011.0,Sevilla,17462.079999999998,18,970.1155555555555,0.313953488372093,0.2730405224588328,62,True,0.0,0.06786358141986429,0.0
1000078297,15004.0,A Coruña,17395.57,21,828.3604761904762,0.3551296505073281,0.3038971327855734,33,True,0.0,2.2858959659990767,0.0
1000081670,15145.0,A Coruña,17390.03,13,1337.6946153846152,0.23824068417837507,0.21369156908086512,33,True,0.0,-1.0,0.0
1000080145,13004.0,Ciudad Real,17388.65,23,756.0282608695653,0.4222766217870257,0.35225884255185363,103,True,0.0,-0.529887194307145,0.0
1000082087,41089.0,Sevilla,17378.51,24,724.1045833333333,0.42328042328042326,0.3529643645421967,6,True,0.0,-0.4881748450018235,0.0
1000100634,20750.0,Gipúzkoa,17372.32,15,1158.1546666666666,0.6559766763848396,0.5043909715552114,12,True,0.0,-1.0,0.0
1000101602,30800.0,Murcia,17371.23,10,1737.123,0.8670520231213873,0.6243607287248776,46,True,0.0,-1.0,0.971526697002624
6029,28032.0,Madrid,17370.23,18,965.0127777777777,0.31431897555296856,0.27331864216540663,80,True,0.0,-1.0,0.0
1000041067,48901.0,Vizcaya,17352.82,16,1084.55125,0.28486646884273,0.2506547976501281,98,True,0.0,1.429416475604791,0.0
1000080553,29400.0,Málaga,17344.78,20,867.2389999999999,0.3401360544217687,0.2927711419592522,28,True,0.0,-0.27982963567189933,0.0
1000079582,28003.0,Madrid,17332.43,21,825.3538095238096,0.4096228868660598,0.3433222124939475,171,True,0.0,-1.0,0.0
12055,15004.0,A Coruña,17325.63,22,787.5286363636365,0.40816326530612246,0.34228620648663277,40,True,0.0,-0.5149452478021174,0.26501769229123184
1000078593,43720.0,Tarragona,17317.48,26,666.0569230769231,0.4690318701142514,0.3846035920648128,7,True,0.0,0.03651621426810421,0.0
34334,7800.0,Baleares,17308.63,27,641.0603703703704,0.47844063792085056,0.3909879092986389,70,True,0.0,-1.0,0.0
1000075923,28042.0,Madrid,17299.63,19,910.5068421052632,0.59375,0.46608972992459924,759,False,0.0,-0.425235112716483,0.0
1000048293,34002.0,Palencia,17281.3,26,664.6653846153846,0.455607476635514,0.37542332320565636,52,True,0.0,-0.3187728704772714,0.0
36608,8903.0,Barcelona,17268.87,13,1328.3746153846153,0.2508038585209003,0.22378643143921215,153,True,0.0,-1.0,0.0
1000075865,8190.0,Barcelona,17266.75,23,750.7282608695652,0.40852575488454707,0.3425435934951576,67,True,0.0,-1.0,0.0
30806,48195.0,Vizcaya,17233.16,20,861.658,0.3389830508474576,0.291910408561302,7,True,0.0,0.6899496763463663,0.0
4872,21410.0,Huelva,17231.4,17,1013.6117647058825,0.3057553956834532,0.2667817205742137,103,True,0.0,0.19446414171557713,0.0
1000081640,30700.0,Murcia,17227.22,16,1076.70125,0.49689440993788814,0.403392568506192,831,False,0.0,-1.0,0.820382155682063
25187,7011.0,Baleares,17219.23,26,662.2780769230769,0.44393853158793395,0.36737447141218466,61,True,0.0,-0.6912158386776639,0.39259879492461963
35220,23293.0,Jaén,17199.57,14,1228.5407142857143,0.30412744388124546,0.26553419176666393,437,False,0.0,-1.0,0.0
37949,3300.0,Alicante,17187.65,16,1074.228125,0.272108843537415,0.24067603007585034,28,True,0.0,1.3278671005778766,0.9294018192774252
41789,30800.0,Murcia,17186.15,18,954.7861111111112,0.319337670017741,0.2771298455339522,31,True,0.0,0.7122384415152281,0.0
1000080831,28941.0,Madrid,17183.62,16,1073.97625,0.30169704588309243,0.2636688330577973,213,False,0.0,0.19728116440013246,0.0
1000042670,8870.0,Barcelona,17179.52,14,1227.1085714285714,0.39179104477611937,0.33059143913295885,740,False,0.0,-1.0,0.0
1000076917,36163.0,Pontevedra,17154.98,29,591.5510344827586,0.4906937394247039,0.39924160853008134,33,True,0.0,-1.0,0.07168841956859219
1000058426,45300.0,Toledo,17131.81,13,1317.8315384615385,0.25226390685640365,0.2249530386891551,202,False,0.0,-1.0,0.0
1000066626,8640.0,Barcelona,17129.13,26,658.8126923076924,0.4424276800907544,0.3663275830242494,42,True,0.0,-1.0,0.0
42031,45200.0,Toledo,17128.51,54,317.1946296296296,0.9878048780487805,0.6870309535425092,68,True,0.0,0.9281736114812852,0.6439786887941152
1000082023,25530.0,Lleida,17124.31,8,2140.53875,0.20547945205479454,0.18687737332981535,581,False,0.0,1.0393827558955362,0.0
39156,41720.0,Sevilla,17121.07,26,658.5026923076923,0.44905008635578586,0.37090822889421093,84,True,0.0,0.19010687710448526,0.0
1000100974,30007.0,Murcia,17120.12,10,1712.012,0.8152173913043478,0.5962052353677147,280,False,0.0,0.41238232259102164,0.0
1000079328,28051.0,Madrid,17115.579999999998,12,1426.2983333333332,0.24439918533604887,0.21865283137707475,311,False,0.0,0.26117871088916494,0.0
1000081673,35006.0,Las Palmas,17112.45,21,814.8785714285715,0.3987341772151899,0.335567668490786,115,True,0.0,-1.0,0.0
27767,23700.0,Jaén,17111.65,19,900.6131578947369,0.36797934151065204,0.31333471785143047,214,False,0.0,-1.0,0.0
21657,28035.0,Madrid,17096.49,11,1554.2263636363639,0.21941489361702127,0.19837114830662503,209,False,0.0,-1.0,0.0
5394,33800.0,Asturias,17084.03,17,1004.9429411764705,0.2905982905982906,0.2551059020171682,48,True,0.0,-1.0,0.0
100,41400.0,Sevilla,17061.93,15,1137.462,0.2882767456758488,0.25330546925722,222,False,0.0,-1.0,0.0
40497,17487.0,Girona,17056.93,30,568.5643333333334,0.5033557046979865,0.4076997459095807,32,True,0.0,-1.0,0.0
42187,27002.0,Lugo,17047.88,21,811.8038095238096,0.4525862068965517,0.37334555868605174,5,True,0.0,-1.0,0.0
29747,38390.0,Sta.Cruz Tenerife,17047.41,32,532.7315625,0.5432937181663837,0.43391891052589215,38,True,0.0,-0.029831124545647503,0.0
1000036869,25005.0,Lleida,17024.49,12,1418.7075000000002,0.20477815699658702,0.18629544791622946,48,True,0.0,-1.0,0.0
27498,8027.0,Barcelona,17014.8,14,1215.3428571428572,0.27044430135222153,0.2393666828739283,223,False,0.0,0.44155864505842773,0.0
1000081972,45400.0,Toledo,16990.579999999998,14,1213.612857142857,0.621301775147929,0.4832293914649967,1106,False,0.0,1.702125007896008,1.414213562373095
685,45006.0,Toledo,16989.51,18,943.8616666666666,0.3016759776536313,0.26365264772494557,31,True,0.0,0.6937293327784317,0.0
34391,29140.0,Málaga,16978.18,32,530.568125,0.5414551607445008,0.4327268798538601,45,True,0.0,-0.06949654228099654,0.0
1000079676,8812.0,Barcelona,16948.69,16,1059.293125,0.28776978417266186,0.2529118727100632,145,True,0.0,-1.0,0.0
1000100400,50005.0,Zaragoza,16944.36,10,1694.4360000000001,0.39215686274509803,0.3308542443169896,74,True,0.0,0.05386248861991709,0.0
1000074750,30002.0,Murcia,16928.45,28,604.5875,0.49008168028004667,0.3988309374347595,56,True,0.0,0.14599435070345243,0.0
11041,33930.0,Asturias,16886.77,12,1407.2308333333333,0.24324324324324323,0.21772348384487056,314,False,0.0,-0.2749269370364526,0.31918861773281626
41548,19002.0,Guadalajara,16883.73,11,1534.8845454545453,0.2422907488986784,0.2169570534567109,395,False,0.0,-0.013753199818324477,0.0
41446,24200.0,León,16874.37,11,1534.0336363636363,0.27871621621621623,0.2458566185534431,588,False,0.0,-1.0,0.0
1000078463,28007.0,Madrid,16850.99,17,991.2347058823531,0.38961038961038963,0.3290234126082223,60,True,0.0,-0.4872226417544163,0.0
109,41701.0,Sevilla,16845.91,15,1123.0606666666667,0.273224043715847,0.24155230072427963,33,True,0.0,-0.2869048360123129,0.0
29943,38760.0,Sta.Cruz Tenerife,16845.86,12,1403.8216666666667,0.2533427163969036,0.225814155192561,305,False,0.0,-1.0,0.0
1000082111,14004.0,Córdoba,16819.76,10,1681.9759999999999,0.1803968731208659,0.16585071508353338,32,True,0.0,-1.0,0.0
1000070686,33510.0,Asturias,16808.28,29,579.5958620689655,0.5792276964047935,0.456935927793536,304,False,0.0,0.4714435646887612,0.0
1000042016,17403.0,Girona,16803.11,16,1050.194375,0.2961135101789019,0.2593701791093243,94,True,0.0,-1.0,0.0
1000066774,8915.0,Barcelona,16792.78,21,799.6561904761904,0.3643724696356275,0.3106945937243845,40,True,0.0,-0.025578491152990265,0.0
42805,13300.0,Ciudad Real,16786.170000000002,16,1049.1356250000001,0.8275862068965518,0.6029960835656478,89,True,0.0,-1.0,0.0
33173,46139.0,Valencia,16781.4,18,932.3000000000001,0.3316953316953317,0.28645281599705125,38,True,0.0,-0.4606957099118374,0.45956549582111916
1000058448,28010.0,Madrid,16771.45,31,541.0145161290322,0.5388180764774044,0.4310146389529512,84,True,0.0,0.45698718008834205,0.0
1000081911,45004.0,Toledo,16763.8,16,1047.7375,0.27350427350427353,0.24177237114770303,45,True,0.0,-1.0,0.03009733509370341
29131,17244.0,Girona,16763.65,22,761.9840909090909,0.3806228373702422,0.3225347287774313,63,True,0.0,-0.2933940479530396,0.0
1000100458,4800.0,Almería,16754.9,10,1675.4900000000002,0.4132231404958678,0.34587301090591877,91,True,0.0,-1.0,0.0
1000067605,46190.0,Valencia,16744.38,17,984.9635294117647,0.3975058456742011,0.33468910898949644,59,True,0.0,-0.19067296265947553,0.0
16818,47014.0,Valladolid,16736.55,17,984.5029411764706,0.29209621993127144,0.25626587621840197,60,True,0.0,-0.22628573934122787,0.0
1000080927,35002.0,Las Palmas,16733.8,37,452.2648648648648,0.6544811320754718,0.5034874443105579,109,True,0.0,0.052057180604059554,0.0
2698,28821.0,Madrid,16726.46,17,983.9094117647059,0.2942873629544143,0.2579602448046022,84,True,0.0,0.250558905695781,0.0
1000081860,48920.0,Vizcaya,16725.07,24,696.8779166666667,0.3988919667590028,0.33568047094247894,13,True,0.0,0.11979159118248087,0.0
29045,28015.0,Madrid,16720.53,25,668.8212,0.4378283712784588,0.36313389979641797,41,True,0.0,-1.0,0.0
8918,17730.0,Girona,16701.39,20,835.0695,0.39215686274509803,0.3308542443169896,115,True,0.0,-1.0,0.0
33226,48300.0,Vizcaya,16695.09,5,3339.018,0.1146788990825688,0.10856638055145944,413,False,0.0,-0.024763550890106532,0.0
1000081370,15318.0,A Coruña,16693.489999999998,26,642.0573076923076,0.4389420371412493,0.3639081471365353,28,True,0.0,1.905755761304777,0.0
1000081574,47400.0,Valladolid,16688.13,15,1112.5420000000001,0.298804780876494,0.26144444223492375,38,True,0.0,-1.0,0.0
20611,27002.0,Lugo,16655.13,11,1514.1027272727274,0.20535158680771623,0.18677129766948328,171,True,0.0,-1.0,0.0
29870,48014.0,Vizcaya,16645.84,13,1280.4492307692308,0.40206185567010305,0.33794390723266915,42,True,0.0,-1.0,0.0
8292,39750.0,Cantabria,16640.01,15,1109.3339999999998,0.26223776223776224,0.23288614751302833,74,True,0.0,-1.0,0.0
1000061553,28017.0,Madrid,16621.59,17,977.7405882352941,0.31097560975609756,0.27077160030346437,26,True,0.0,-1.0,0.0
1000082218,35500.0,Las Palmas,16601.24,30,553.3746666666667,0.6306937631394534,0.4890055458254553,11,True,0.0,-1.0,0.0
1000080202,14850.0,Córdoba,16587.09,20,829.3545,0.4995836802664447,0.40518752309597256,249,False,0.0,-1.0,0.0
23982,8402.0,Barcelona,16581.99,9,1842.4433333333336,0.17164653528289894,0.15841005461154548,244,False,0.0,-0.3804436745416374,0.0
1000081191,33007.0,Asturias,16581.45,10,1658.145,0.2508361204013378,0.2238122240238455,216,False,0.0,-1.0,0.0
1000062151,12005.0,Castellón,16575.91,22,753.4504545454546,0.4049079754601227,0.3399718027474773,54,True,0.0,-0.5287596740954755,0.0
1000082008,8911.0,Barcelona,16571.829999999998,17,974.8135294117646,0.2989449003516999,0.26155231981555,52,True,0.0,-0.10076851399807019,0.14277452506426871
31160,11207.0,Cádiz,16571.27,18,920.6261111111112,0.3306797305572566,0.2856898872859645,115,True,0.0,0.04782637385588083,0.0
2709,28053.0,Madrid,16568.670000000002,17,974.6276470588236,0.3551532033426184,0.3039145131377809,208,False,0.0,-1.0,0.0
39175,33209.0,Asturias,16559.06,11,1505.369090909091,0.20833333333333334,0.18924199963852842,185,False,0.0,-1.0,0.0
15394,30609.0,Murcia,16552.23,11,1504.7481818181818,0.2001212856276531,0.1824226230429668,46,True,0.0,-1.0,0.0
9841,15883.0,A Coruña,16540.41,24,689.18375,0.44692737430167595,0.3694422558587827,178,True,0.0,-0.594330655178842,0.0
1000100923,45700.0,Toledo,16533.68,9,1837.0755555555556,0.4278922345483359,0.3561993950671247,45,True,0.0,-1.0,0.0
1000068003,11010.0,Cádiz,16532.87,13,1271.7592307692307,0.27330063069376315,0.24161245091933478,28,True,0.0,-1.0,0.0
18323,46023.0,Castellón,16526.97,11,1502.4518181818182,0.1952662721893491,0.1783689824781313,108,True,0.0,-1.0,0.0
1000081829,19250.0,Guadalajara,16505.89,29,569.1686206896552,0.48931383577052867,0.3983155009830489,7,True,0.0,0.25066660759549736,0.0
1000064976,41005.0,Sevilla,16494.52,27,610.9081481481481,0.46929316338354576,0.3847814439137433,80,True,0.0,-1.0,0.0
1000100424,33208.0,Asturias,16488.05,28,588.8589285714286,1.0552763819095476,0.7204103313183093,31,True,0.0,-0.24447454955706555,0.2878814091044104
1000100577,2001.0,Albacete,16462.61,16,1028.913125,0.7079646017699115,0.535302370192545,41,True,0.0,-0.14595288325849493,0.0
42591,13300.0,Ciudad Real,16460.81,29,567.6141379310345,1.1125319693094629,0.7478872135356123,84,True,0.0,2.2858959659990767,0.0
11609,38300.0,Sta.Cruz Tenerife,16437.96,31,530.2567741935484,0.5272108843537415,0.4234431204035727,47,True,0.0,-1.0,0.0
21246,32002.0,Orense,16425.22,17,966.1894117647059,0.3063063063063063,0.26720354110824024,118,True,0.0,-1.0,0.0
40891,28880.0,Madrid,16417.05,38,432.02763157894736,0.6455266138165345,0.4980604629663229,28,True,0.0,0.03190716510421897,0.14821827645617597
19195,10001.0,Cáceres,16416.420000000002,7,2345.2028571428573,0.21739130434782608,0.19671029424605424,846,False,0.0,-1.0,0.0
1000081061,6200.0,Badajoz,16415.96,12,1367.9966666666667,0.21951219512195122,0.19845093872383826,88,True,0.0,-0.8959056257905668,0.0
25251,8019.0,Barcelona,16409.47,9,1823.2744444444445,0.1925820256776034,0.17612072605011153,297,False,0.0,0.02248821980172983,0.0
31073,27700.0,Lugo,16407.03,38,431.76394736842104,0.72936660268714,0.547755215854971,146,True,0.0,0.0872020321109274,0.0
1000082367,41720.0,Sevilla,16396.72,17,964.5129411764707,0.625,0.4855078157817008,634,False,0.0,0.41540124175938686,0.0
1000065459,33402.0,Asturias,16386.37,15,1092.4246666666666,0.26785714285714285,0.23732818630616617,82,True,0.0,0.767362318525602,0.0
1000080403,28440.0,Madrid,16381.0,30,546.0333333333333,0.5992010652463382,0.4695041703158488,319,False,0.0,-1.0,0.4293756105511727
1000079254,18100.0,Granada,16375.63,18,909.7572222222221,0.31560490940970193,0.27429656701453875,87,True,0.0,-0.25894538546395174,0.0
25311,8028.0,Barcelona,16372.029999999999,14,1169.4307142857142,0.24333719582850522,0.21779905154727053,84,True,0.0,0.4860765507252691,0.0
1000079027,28921.0,Madrid,16366.0,21,779.3333333333334,0.4020421186981493,0.3379298300285894,210,False,0.0,-1.0,0.0
10115,28701.0,Madrid,16345.73,32,510.8040625,0.5610753945061367,0.4453749392177674,83,True,0.0,0.2643220079973513,0.0
23651,46810.0,Valencia,16333.99,9,1814.8877777777777,0.17532467532467533,0.16154442885219658,243,False,0.0,-1.0,0.0
16947,8700.0,Barcelona,16327.5,17,960.4411764705883,0.3070439494280554,0.267768060264997,39,True,0.0,-1.0,0.6293492213781007
14484,8770.0,Barcelona,16321.68,21,777.2228571428572,0.39848197343453506,0.33538734364797423,189,False,0.0,-0.15952051401224765,0.0
42290,4230.0,Almería,16310.01,14,1165.0007142857144,0.42211055276381915,0.3521420729187453,314,False,0.0,-0.5263490005814453,0.0
1000081338,29014.0,Málaga,16308.1,21,776.5761904761905,0.35795454545454547,0.3059795568933589,31,True,0.0,0.025007977154718024,0.0
1000081932,41004.0,Sevilla,16304.26,18,905.7922222222222,0.3604806408544727,0.3078380497055054,305,False,0.0,-1.0,0.0
13105,8024.0,Barcelona,16289.54,17,958.2082352941177,0.3225806451612903,0.27958486221916157,111,True,0.0,0.4827719669411733,0.0
1000079363,8922.0,Barcelona,16271.8,25,650.872,0.4437869822485207,0.3672695103701284,67,True,0.0,-0.41708527529969863,0.0
1000082097,28901.0,Madrid,16270.27,18,903.9038888888889,0.3306797305572566,0.2856898872859645,67,True,0.0,-1.0,0.0
1000069022,30564.0,Murcia,16269.68,27,602.5807407407408,0.4665898617511521,0.38293988389705635,47,True,0.0,-0.6108867370606459,0.0
41173,11008.0,Cádiz,16268.05,24,677.8354166666667,0.40793201133144474,0.34212196916333193,42,True,0.0,1.5794818681187213,0.0
14244,3724.0,Alicante,16267.27,27,602.4914814814815,0.48619447779111646,0.39621881107769874,25,True,0.0,0.9649077754057792,0.0
6248,6001.0,Badajoz,16247.44,12,1353.9533333333334,0.2643171806167401,0.23453219827821845,396,False,0.0,0.2221023986250242,0.0
1000078252,28223.0,Madrid,16243.18,14,1160.2271428571428,0.24676850763807284,0.22055501004060898,87,True,0.0,-1.0,0.0
1000081643,8950.0,Barcelona,16233.24,14,1159.5171428571427,0.24096385542168675,0.21588838043303785,32,True,0.0,-1.0,0.3465462787439244
39321,13730.0,Ciudad Real,16222.289999999999,9,1802.4766666666665,0.16594960049170251,0.1535358627159764,68,True,0.0,0.4740664332065289,0.0
2645,28850.0,Madrid,16200.69,20,810.0345,0.3480278422273782,0.2986426667481635,87,True,0.0,-1.0,0.0
1000080519,36210.0,Pontevedra,16196.56,13,1245.8892307692308,0.22046353872244204,0.19923073635502206,31,True,0.0,0.0703799533558834,0.0
1000071965,28050.0,Madrid,16181.14,29,557.9703448275861,0.5200239091452481,0.4187260644352957,104,True,0.0,-1.0,0.0
1000081922,38260.0,Sta.Cruz Tenerife,16163.49,8,2020.43625,0.14925373134328357,0.1391128024627178,203,False,0.0,-1.0,0.0
1000064338,28931.0,Madrid,16160.09,15,1077.3393333333333,0.30591434398368456,0.26690344216711914,319,False,0.0,-0.6555032053659684,0.0
2873,28940.0,Madrid,16159.95,14,1154.2821428571428,0.27631578947368424,0.24397763821705176,200,False,0.0,-1.0,0.0
22138,4721.0,Almería,16152.54,18,897.3633333333333,0.3010033444816054,0.26313577022775986,6,True,0.0,-1.0,0.0
1000082795,48970.0,Vizcaya,16136.210000000001,17,949.1888235294118,0.4843304843304843,0.3949638182875011,19,True,0.0,-0.01822170920115889,0.0
26769,30203.0,Murcia,16132.14,25,645.2855999999999,0.42325056433408575,0.3529433853598386,5,True,0.0,-1.0,0.0
6510,43201.0,Tarragona,16113.99,7,2301.9985714285713,0.14018691588785048,0.1311922102713504,18,True,0.0,1.0468291724787684,0.0
12223,17800.0,Girona,16109.51,16,1006.844375,0.27522935779816515,0.24312605090154807,61,True,0.0,-1.0,0.0
13416,8032.0,Barcelona,16107.87,21,767.0414285714286,0.37344398340248963,0.31732144188640793,126,True,0.0,0.0033934549674508193,0.0
27059,29620.0,Málaga,16103.87,19,847.5721052631579,0.32664756446991405,0.2826551318838069,59,True,0.0,-1.0,0.0
1000100143,36900.0,Pontevedra,16091.390000000001,13,1237.799230769231,0.503225806451613,0.407613336646454,276,False,0.25,-1.0,1.4388038784317896
1000065616,16500.0,Cuenca,16071.63,15,1071.442,0.25266704098820886,0.22527491114287085,26,True,0.0,0.856157957002407,1.1921203852084155
29376,41720.0,Sevilla,16061.23,28,573.6153571428571,0.4666666666666667,0.3829922522561058,11,True,0.0,-1.0,0.0
1000075402,28100.0,Madrid,16048.15,19,844.6394736842105,0.3512014787430684,0.300994180903297,180,False,0.0,-1.0,0.0
1000078030,3801.0,Alicante,16018.74,10,1601.874,0.17814726840855108,0.16394309304254606,67,True,0.0,0.2943128337721151,0.0
1000077888,38611.0,Sta.Cruz Tenerife,16017.06,20,800.853,0.3612281757977122,0.308387362664675,152,True,0.0,-1.0,0.0
42488,8014.0,Barcelona,16007.78,9,1778.6422222222222,0.26392961876832843,0.234225612820231,31,True,0.0,0.5246986303000011,0.0
1000081028,46002.0,Valencia,16002.2,13,1230.9384615384615,0.22807017543859648,0.20544397421480884,40,True,0.0,-1.0,0.0
1000073587,46018.0,Valencia,15995.050000000001,24,666.4604166666667,0.44471896232242125,0.3679148129065439,175,True,0.0,-1.0,0.0
34729,46013.0,Valencia,15990.43,15,1066.0286666666666,0.32281205164992827,0.27975981279606993,320,False,0.0,-0.00047477316593615165,0.0
1000076071,48510.0,Vizcaya,15987.54,14,1141.967142857143,0.24013722126929676,0.21522203580827232,33,True,0.0,0.1314472805779785,0.0
1000081729,29007.0,Málaga,15955.35,13,1227.3346153846155,0.23172905525846701,0.20841891824497358,60,True,0.0,-0.18006438618857326,0.0
10652,48992.0,Vizcaya,15944.58,13,1226.506153846154,0.23381294964028776,0.21010933347530283,38,True,0.0,-0.7889566730763463,0.0
1000058120,28400.0,Madrid,15943.23,14,1138.8021428571428,0.2578268876611418,0.22938553963685462,174,True,0.0,-0.041967305410352616,0.1266000993528972
9827,19180.0,Guadalajara,15938.95,34,468.79264705882355,0.5818596691386195,0.45860116069454354,25,True,0.0,-1.0,0.0
1000068196,47001.0,Valladolid,15917.310000000001,14,1136.9507142857144,0.25029797377830754,0.22338190192909102,108,True,0.0,2.2858959659990767,0.0
1000077887,30500.0,Murcia,15912.78,23,691.86,0.38961038961038963,0.3290234126082223,12,True,0.0,-0.41626577475402526,0.0
1000076403,46900.0,Valencia,15911.33,10,1591.133,0.21216407355021216,0.19240725270120704,88,True,0.0,0.6573269975701331,0.6813424892769818
1000074185,15004.0,A Coruña,15909.26,9,1767.6955555555555,0.1635372501514234,0.15146471884842866,56,True,0.0,-1.0,0.0
41551,38750.0,Sta.Cruz Tenerife,15907.14,18,883.73,0.47244094488188976,0.38692153039599536,671,False,0.0,-1.0,0.0
1000058295,8027.0,Barcelona,15882.67,25,635.3068,0.43731778425655976,0.36277872687675017,13,True,0.0,0.060028243016164905,0.0
1000079173,30005.0,Murcia,15860.41,23,689.5830434782608,0.4131736526946108,0.345837992608855,119,True,0.0,-0.4112989785758584,0.0
1000037515,19200.0,Guadalajara,15816.18,44,359.45863636363634,0.7474518686296716,0.5581586517592009,32,True,0.0,-0.362835438486088,0.0
36506,28012.0,Madrid,15814.560000000001,16,988.4100000000001,0.2785838653511318,0.24575311027441352,73,True,0.0,1.0530674449700228,0.0
1000074709,36201.0,Pontevedra,15814.0,14,1129.5714285714287,0.24793388429752064,0.22148929121818323,68,True,0.0,2.2858959659990767,0.0
1000067437,36203.0,Pontevedra,15811.22,24,658.8008333333333,0.41237113402061853,0.3452699473247421,61,True,0.0,-0.12285051325049008,0.0
1000081831,28045.0,Madrid,15804.14,12,1317.0116666666665,0.22235948116121063,0.2007829919249306,97,True,0.0,-1.0,0.0
19377,8750.0,Barcelona,15789.210000000001,14,1127.8007142857143,0.24590163934426232,0.21985947611301984,32,True,0.0,0.611490173215365,0.0
13883,11100.0,Cádiz,15782.24,6,2630.3733333333334,0.16260162601626016,0.1506602748874898,613,False,0.0,-1.0,0.0
8131,28805.0,Madrid,15749.83,15,1049.9886666666666,0.2680166765932102,0.23745400781593862,55,True,0.0,-1.0,0.0
35934,8226.0,Barcelona,15707.9,16,981.74375,0.3028391167192429,0.26454581908375213,193,False,0.0,-1.0,0.0
37974,20012.0,Gipúzkoa,15690.57,32,490.3303125,0.5381165919282511,0.4305586757058212,7,True,0.0,0.7977488314637651,0.0
9199,9400.0,Burgos,15684.17,8,1960.52125,0.18604651162790697,0.17062551703076334,475,False,0.0,1.4190733567546465,0.0
1641,31587.0,Navarra,15683.72,46,340.9504347826087,0.7792207792207793,0.5761755039744411,12,True,0.0,-0.3302287929565133,0.3334589062175818
1000082332,30591.0,Murcia,15667.24,16,979.2025,0.3401842664776754,0.2928071168056435,87,True,0.0,-1.0,0.0
37994,28230.0,Madrid,15665.859999999999,28,559.495,0.49763033175355453,0.40388408011084564,98,True,0.0,0.08327551510234314,0.0
15587,41015.0,Sevilla,15661.58,18,870.0877777777778,0.34177215189873417,0.29399124164504564,213,False,0.0,-1.0,0.0
23194,18200.0,Granada,15660.19,30,522.0063333333334,0.5036373810856183,0.40788709345606317,33,True,0.0,-0.3102817069909959,0.0
1000077538,38400.0,Sta.Cruz Tenerife,15649.42,21,745.2104761904762,0.35413153456998314,0.3031603149490362,38,True,0.0,0.15264532882013668,0.0
8651,15701.0,A Coruña,15647.17,22,711.235,0.3830528148578062,0.32429324057081255,5,True,0.0,-1.0,0.3310884344837751
12070,15160.0,A Coruña,15642.06,18,869.0033333333333,0.31070195627157654,0.2705628381817901,53,True,0.0,-0.35774404184541225,0.0
1000075164,28024.0,Madrid,15640.380000000001,26,601.553076923077,0.5186170212765957,0.41780006626611566,238,False,0.0,-1.0,0.0
42776,6006.0,Badajoz,15634.039999999999,16,977.1274999999999,0.6876790830945559,0.5233542614491595,0,True,0.0,-1.0,0.2773460599997755
1000070662,12550.0,Castellón,15618.36,15,1041.224,0.25,0.22314355131420976,20,True,0.0,0.009633588645627333,0.0
39697,4005.0,Almería,15616.11,14,1115.4364285714287,0.261519302615193,0.2323167903019217,172,True,0.0,-0.9246767550229773,0.0
30362,28009.0,Madrid,15615.57,21,743.5985714285714,0.4072398190045249,0.3416302106614813,60,True,0.0,-1.0,0.0
28536,8290.0,Barcelona,15611.75,13,1200.9038461538462,0.26730637422892395,0.23689368286433923,332,False,0.0,-1.0,0.0
1000051994,28016.0,Madrid,15601.35,14,1114.382142857143,0.24518388791593695,0.21928322014723067,77,True,0.0,-1.0,0.0
1000082766,28028.0,Madrid,15600.51,32,487.5159375,0.9082308420056764,0.6461765520839741,40,True,0.0,-0.4355819091410463,0.08665306324328964
39454,9560.0,Burgos,15589.95,19,820.5236842105263,0.3471376370280146,0.2979820726298519,25,True,0.0,0.11826903555374481,0.0
8504,28804.0,Madrid,15573.44,14,1112.3885714285714,0.24866785079928952,0.22207726367097452,88,True,0.0,0.6138391165347998,0.0
6611,24010.0,León,15563.470000000001,15,1037.5646666666667,0.27223230490018147,0.2407730778816756,27,True,0.0,-0.05390001159258041,1.0894675366596978
1000070492,18600.0,Granada,15558.14,17,915.1847058823529,0.2954808806488992,0.25888196263161656,28,True,0.0,-1.0,0.0
28242,28008.0,Madrid,15539.89,14,1109.9921428571429,0.30412744388124546,0.26553419176666393,405,False,0.0,-1.0,0.0
1730,36005.0,Pontevedra,15538.87,8,1942.35875,0.16724738675958187,0.15464831606544532,34,True,0.0,-1.0,0.0
9851,17230.0,Girona,15531.5,23,675.2826086956521,0.39115646258503406,0.3301353887041202,26,True,0.0,-1.0,0.0
12897,8020.0,Barcelona,15520.44,24,646.6850000000001,0.4280618311533888,0.3563181621070355,18,True,0.0,0.04064218805665988,0.0
41368,28904.0,Madrid,15520.11,11,1410.919090909091,0.21484375,0.19461546769967167,108,True,0.0,0.6138365715836422,0.0
35061,13700.0,Ciudad Real,15507.94,18,861.5522222222222,0.3284671532846716,0.28402576124867046,19,True,0.0,-1.0,0.0
1000100939,20004.0,Gipúzkoa,15494.83,11,1408.620909090909,0.515625,0.415827895143711,31,True,0.0,-0.3841010842721113,0.0
1000081889,8922.0,Barcelona,15484.99,18,860.2772222222222,0.32238805970149254,0.2794392382200692,82,True,0.0,-1.0,0.0
1000081960,38006.0,Sta.Cruz Tenerife,15445.47,17,908.5570588235294,0.3191489361702128,0.27698678333503296,80,True,0.0,0.11185122682853402,0.0
27839,19171.0,Guadalajara,15445.05,25,617.802,0.4406580493537015,0.3650999879227826,26,True,0.0,0.6359305754579707,0.0
1000073944,18120.0,Granada,15418.08,11,1401.6436363636365,0.20195838433292532,0.183952213494463,173,True,0.0,-1.0,0.0
1000077542,34002.0,Palencia,15416.9,14,1101.2071428571428,0.234375,0.21056476910734964,6,True,0.0,0.09783101851037714,0.0
36590,37002.0,Salamanca,15403.44,16,962.715,0.28898254063816975,0.2538531789763879,83,True,0.0,-1.0,0.0
1000067856,35010.0,Las Palmas,15402.810000000001,14,1100.2007142857144,0.2759526938239159,0.2436931104296391,26,True,0.0,-1.0,0.0
23261,12001.0,Castellón,15395.53,19,810.291052631579,0.3450363196125908,0.2964210161186519,117,True,0.0,0.11724912379721926,0.0
1000058132,18004.0,Granada,15391.01,11,1399.1827272727273,0.23125437981779956,0.20803347071026076,82,True,0.0,-1.0,0.0
27764,37006.0,Salamanca,15384.029999999999,14,1098.8592857142855,0.24390243902439024,0.21825356602001797,61,True,0.0,0.3352519408877728,0.0
23257,43201.0,Tarragona,15382.869999999999,13,1183.2976923076922,0.24059222702035782,0.21558886803697597,126,True,0.0,0.19888370975595632,0.0
4759,28033.0,Madrid,15370.14,16,960.63375,0.29906542056074764,0.26164509866878555,104,True,0.0,-1.0,0.0
1000068088,37002.0,Salamanca,15334.45,8,1916.80625,0.31620553359683795,0.2747530012529236,557,False,0.0,-1.0,0.0
41530,20018.0,Gipúzkoa,15322.46,15,1021.4973333333332,0.3207412687099073,0.2781931461828988,298,False,0.0,-1.0,0.0
1000069082,49015.0,Zamora,15320.269999999999,22,696.375909090909,0.4026845637583893,0.3383879460193519,167,True,0.0,0.19327567777669794,0.0
1000039665,50010.0,Zaragoza,15319.41,14,1094.2435714285714,0.23424428332403793,0.2104588664459168,24,True,0.0,-1.0,0.0
1000066667,13250.0,Ciudad Real,15317.33,17,901.0194117647059,0.3,0.26236426446749106,103,True,0.0,-0.181673224842082,0.0
33558,21004.0,Huelva,15303.11,16,956.444375,0.36226415094339626,0.3091481323466587,104,True,0.0,0.18348055310169675,0.0
1000080773,19001.0,Guadalajara,15296.439999999999,20,764.8219999999999,0.37546933667083854,0.31879500863734667,187,False,0.0,-1.0,0.0
33196,50018.0,Zaragoza,15295.0,7,2185.0,0.22702702702702704,0.20459419240307786,824,False,0.0,-1.0,0.0
1000082530,18005.0,Granada,15286.85,15,1019.1233333333333,0.3664495114006515,0.31221577832006375,96,True,0.0,-0.022520536517840865,0.0
11803,13200.0,Ciudad Real,15274.22,17,898.4835294117647,0.2897727272727273,0.2544660224432509,32,True,0.0,-0.15851103711381137,0.0
1000081735,33005.0,Asturias,15270.01,27,565.555925925926,0.4684788895315211,0.38422709602138794,46,True,0.0,-1.0,0.0
1000081415,39750.0,Cantabria,15263.91,9,1695.99,0.1606186793575253,0.14895320721449562,27,True,0.0,-1.0,0.0
1000080013,8760.0,Barcelona,15262.720000000001,20,763.1360000000001,0.34662045060658575,0.29759808385954784,46,True,0.0,-0.1482570696480733,0.0
1000066463,39010.0,Cantabria,15259.21,10,1525.9209999999998,0.17846519928613921,0.16421291328993534,24,True,0.0,-1.0,0.0
37754,46014.0,Valencia,15249.34,26,586.5130769230769,0.4511278195488722,0.37234106068313183,60,True,0.0,-1.0,0.1486714624486344
36713,28770.0,Madrid,15244.449999999999,17,896.7323529411764,0.29737609329446063,0.2603438350003003,40,True,0.0,-0.41455453906274436,0.28282587446906926
1000074657,41011.0,Sevilla,15243.49,17,896.6758823529411,0.2942873629544143,0.2579602448046022,81,True,0.0,-0.6915827826349272,0.0
34301,36700.0,Pontevedra,15243.29,16,952.705625,0.27906976744186046,0.24613306953890848,101,True,0.0,-0.08763199264400544,0.0
462,41100.0,Sevilla,15233.87,13,1171.8361538461538,0.23853211009174313,0.21392689620928576,115,True,0.0,0.42044848212530556,0.0
1000053136,17002.0,Girona,15232.64,17,896.0376470588235,0.3388704318936877,0.2918262971978072,278,False,0.0,-0.4465273820528372,0.0
37601,31008.0,Navarra,15218.73,25,608.7492,0.416435313714603,0.34814337296585535,20,True,0.0,-1.0,0.0
2114,36001.0,Pontevedra,15205.75,27,563.175925925926,0.4558244231851435,0.3755723540313778,41,True,0.0,0.05889405623177831,0.0
1000038497,7002.0,Baleares,15167.51,17,892.2064705882353,0.28732394366197184,0.2525656014187889,14,True,0.0,-0.352888536523529,0.0
14622,4740.0,Almería,15163.59,19,798.0836842105264,0.33568904593639576,0.28944729797635005,98,True,0.0,-1.0,0.0
18359,2001.0,Albacete,15148.1,20,757.405,0.7874015748031497,0.5807629310228114,26,True,0.0,0.04035032015663862,0.0
1000079480,45003.0,Toledo,15144.66,16,946.54125,0.28004667444574094,0.24689654167745045,76,True,0.0,-1.0,0.4714157542031012
21261,28016.0,Madrid,15132.52,19,796.4484210526316,0.3204047217537943,0.2779382969930777,27,True,0.0,0.4311974512660203,0.8283532559032489
4058,26003.0,La Rioja,15126.48,2,7563.24,0.0713436385255648,0.06891359763538986,654,False,0.0,0.0,0.0
1000061370,28903.0,Madrid,15121.64,30,504.05466666666666,0.5151688609044075,0.41552689209304466,46,True,0.0,0.21510421158545356,0.0
5337,33206.0,Asturias,15109.09,22,686.7768181818182,0.4881656804733727,0.3975442746167204,56,True,0.0,1.2103209524332035,0.0
21480,28924.0,Madrid,15099.6,19,794.7157894736843,0.3380782918149466,0.2912344740561487,77,True,0.0,0.05536719361270728,0.0
1000082482,2001.0,Albacete,15092.23,15,1006.1486666666666,0.351288056206089,0.301058253279475,89,True,0.0,-1.0,0.0
41298,48011.0,Vizcaya,15091.25,13,1160.8653846153845,0.23593466424682394,0.21182749699659786,84,True,0.0,-0.07213178651509741,0.0
40675,16220.0,Cuenca,15079.560000000001,10,1507.9560000000001,0.19633507853403143,0.17926278228762954,186,False,0.0,-1.0,0.0
7466,20001.0,Gipúzkoa,15075.53,16,942.220625,0.27164685908319186,0.24031279986563278,45,True,0.0,-0.798408266955103,0.0
1000041550,9200.0,Burgos,15066.939999999999,11,1369.721818181818,0.29333333333333333,0.25722286496707236,34,True,0.0,-0.06359717410413249,0.0
1000079848,28937.0,Madrid,15066.25,12,1255.5208333333333,0.20761245674740486,0.188645234089995,28,True,0.0,0.8459750318186962,0.0
1000081542,41200.0,Sevilla,15064.46,16,941.52875,0.30303030303030304,0.2646925542270822,74,True,0.0,-1.0,0.0
1000073574,16770.0,Cuenca,15061.97,12,1255.1641666666667,0.2674591381872214,0.23701421784695131,27,True,0.0,-1.0,0.0
34126,8840.0,Barcelona,15039.51,18,835.5283333333333,0.34438775510204084,0.2959387087508998,159,True,0.0,-1.0,0.0
41012,14005.0,Córdoba,15033.69,10,1503.3690000000001,0.1928020565552699,0.17630520860780896,157,True,0.0,0.25189327157396124,0.18926695406950442
40062,18500.0,Granada,15018.27,17,883.4276470588236,0.30070754716981135,0.26290838346159945,118,True,0.0,-1.0,0.0
1000077677,35010.0,Las Palmas,14987.960000000001,8,1873.4950000000001,0.28402366863905326,0.24999863861738608,919,False,0.0,-1.0,0.0
1000076571,28010.0,Madrid,14981.34,14,1070.0957142857144,0.3488372093023256,0.29924289485285693,273,False,0.0,-0.2050569378305613,0.0
4681,28300.0,Madrid,14974.720000000001,10,1497.4720000000002,0.2059025394646534,0.18722828199189234,292,False,0.0,0.854086616868343,0.0
39863,18360.0,Granada,14968.119999999999,14,1069.1514285714286,0.2926829268292683,0.256719846847814,97,True,0.0,-0.5954394934821859,0.0
1000082648,38003.0,Sta.Cruz Tenerife,14966.29,22,680.2859090909092,0.5940594059405941,0.4662838481432036,66,True,0.0,-1.0,0.34305464962479393
1000100401,19005.0,Guadalajara,14957.810000000001,15,997.1873333333334,0.539568345323741,0.4315020818911597,11,True,0.0,-1.0,0.0
1000063886,28033.0,Madrid,14938.05,28,533.5017857142857,0.48922539312754804,0.39825611439371106,89,True,0.0,-0.30735243833946013,0.0
1000077789,28040.0,Madrid,14932.48,19,785.92,0.3815261044176707,0.32318876090869075,66,True,0.0,0.6765079230288326,0.18579247769613508
14685,4600.0,Almería,14927.35,20,746.3675000000001,0.3403289846851957,0.2929150947890376,54,True,0.0,0.5148650134393435,0.0
1000081828,43201.0,Tarragona,14915.3,8,1864.4125,0.19801980198019803,0.18067002875548163,420,False,0.0,-0.1975251993830187,0.0
35686,18330.0,Granada,14884.23,8,1860.52875,0.32214765100671144,0.2792574227925294,633,False,0.0,-0.6194859334766609,0.0
23706,4713.0,Almería,14882.55,16,930.159375,0.2994385527136619,0.26193228865141904,174,True,0.0,-1.0,0.0
1000070938,28922.0,Madrid,14878.58,37,402.1237837837838,0.6591448931116389,0.5063023450146351,94,True,0.0,-0.068686058008547,0.0
1000069917,30002.0,Murcia,14871.32,22,675.9690909090909,0.3880070546737213,0.32786894468965117,83,True,0.0,-0.08422821994025118,0.0
22759,4005.0,Almería,14865.59,12,1238.7991666666667,0.3610832497492477,0.3082808898730308,745,False,0.0,-1.0,0.9108426007644825
14697,4006.0,Almería,14865.240000000002,15,991.0160000000001,0.2710843373493976,0.23987034511952324,88,True,0.0,0.10849760319544909,0.0
12229,16660.0,Cuenca,14860.26,19,782.1189473684211,0.3635204081632653,0.31006989067463736,55,True,0.0,0.27885272124961913,0.0
1000082612,28923.0,Madrid,14850.8,17,873.5764705882352,0.4678899082568807,0.3838259330046832,178,True,0.0,-0.04529004121427996,0.0
12184,17230.0,Girona,14847.01,16,927.938125,0.2823529411764706,0.24869662573882725,83,True,0.0,-1.0,1.231754305645864
1000080570,15001.0,A Coruña,14839.26,35,423.9788571428571,0.6079907353792704,0.47498540916012094,90,True,0.0,-1.0,0.0
22540,38679.0,Sta.Cruz Tenerife,14800.43,24,616.6845833333333,0.41237113402061853,0.3452699473247421,19,True,0.0,0.8923706807982585,0.0
1000056487,37008.0,Salamanca,14786.619999999999,18,821.4788888888888,0.31542056074766356,0.27415643255789357,32,True,0.0,-0.19662609034748982,0.0
1000080678,38003.0,Sta.Cruz Tenerife,14786.58,22,672.1172727272727,0.3893805309734513,0.3288579866359675,87,True,0.0,0.3615576559546313,0.0
1000082018,21620.0,Huelva,14783.58,18,821.31,0.3225806451612903,0.27958486221916157,28,True,0.0,-1.0,0.0
23804,12005.0,Castellón,14778.949999999999,11,1343.540909090909,0.1847704367301232,0.16954903154174567,17,True,0.0,-0.026105319746914157,0.0
1000100453,11370.0,Cádiz,14774.23,8,1846.77875,0.3413940256045519,0.29370939082279257,110,True,0.0,-1.0,0.0
1000081883,9004.0,Burgos,14771.189999999999,8,1846.3987499999998,0.44280442804428044,0.36658873910566486,1180,False,0.0,-1.0,0.1869491661070689
9683,39002.0,Cantabria,14770.85,16,923.178125,0.27195467422096314,0.2405548308089575,53,True,0.0,-1.0,0.0
39700,41013.0,Sevilla,14763.85,15,984.2566666666667,0.25891829689298046,0.2302528577165345,24,True,0.0,0.36773616974451767,0.0
1000080073,28033.0,Madrid,14757.61,18,819.8672222222223,0.31486880466472306,0.2737368923367384,55,True,0.0,-1.0,0.0
29506,28025.0,Madrid,14755.32,14,1053.9514285714286,0.2542372881355932,0.2265276492984503,88,True,0.0,-1.0,0.0
1000070817,3660.0,Alicante,14753.16,12,1229.43,0.2380952380952381,0.21357410029805907,286,False,0.0,-1.0,0.0
1000081921,48940.0,Vizcaya,14749.71,15,983.314,0.251959686450168,0.2247100728385454,26,True,0.0,-0.05310847168829359,0.0
34501,47001.0,Valladolid,14736.619999999999,12,1228.0516666666665,0.22556390977443608,0.20340107258500856,208,False,0.0,0.23496921309609528,0.0
24325,38410.0,Sta.Cruz Tenerife,14734.84,17,866.755294117647,0.3096539162112933,0.2697629162115161,81,True,0.0,-1.0,0.0
1000100211,38107.0,Sta.Cruz Tenerife,14709.44,12,1225.7866666666666,0.37854889589905366,0.3210314212183096,42,True,0.0,-1.0,1.1054035368801371
26008,6300.0,Badajoz,14705.64,13,1131.2030769230769,0.2635135135135135,0.23389634309047155,164,True,0.0,-0.10533980547052943,0.0
1000074102,46600.0,Valencia,14687.19,20,734.3595,0.3614457831325301,0.30854721091574266,66,True,0.0,-0.1957589198587725,0.0
26866,15570.0,A Coruña,14669.41,17,862.9064705882353,0.2857142857142857,0.25131442828090605,26,True,0.0,-1.0,0.0
30514,28011.0,Madrid,14651.83,13,1127.063846153846,0.31578947368421056,0.2744368457017603,572,False,0.0,-1.0,0.0
18803,28250.0,Madrid,14642.279999999999,15,976.1519999999999,0.33987915407854985,0.2925794263725713,185,False,0.0,0.4950969313207559,0.4714512934927435
1000081512,43860.0,Tarragona,14637.86,14,1045.5614285714287,0.2798134576948701,0.2467143311350947,26,True,0.0,-0.002596577225737497,0.0
12422,15003.0,A Coruña,14637.06,15,975.804,0.30843043180260454,0.268828275202962,159,True,0.0,-0.12682913219970154,0.0
24678,25004.0,Lleida,14634.73,12,1219.5608333333332,0.2028169014084507,0.18466622375320876,38,True,0.0,-1.0,0.0
1000067241,11500.0,Cádiz,14624.95,21,696.4261904761905,0.35979440319817246,0.3073335142010109,52,True,0.0,-0.18306528084806517,0.0
1000080285,28903.0,Madrid,14619.58,12,1218.2983333333334,0.32,0.2776317365982795,444,False,0.0,-1.0,0.0
1000082258,46023.0,Valencia,14618.6,32,456.83125,0.6588881262868909,0.5061475745082782,104,True,0.0,0.18433390545445233,0.0
1000080944,11300.0,Cádiz,14617.0,17,859.8235294117648,0.3640256959314775,0.310440397903266,34,True,0.0,0.215534260732841,0.0
23245,17600.0,Girona,14615.67,6,2435.945,0.12903225806451613,0.12136085700426744,411,False,0.0,-1.0,0.0
27364,28903.0,Madrid,14613.8,25,584.552,0.43252595155709345,0.35943928571288225,13,True,0.0,-0.363944789800864,0.0
28629,28044.0,Madrid,14594.22,28,521.2221428571428,0.4780876494023904,0.3907491234756512,47,True,0.0,0.4721029794828628,0.0
1000077820,29003.0,Málaga,14593.81,22,663.355,0.38216560509554137,0.3236515481921515,83,True,0.0,-0.06108206316163236,0.0
1000079746,26500.0,La Rioja,14592.43,17,858.3782352941176,0.3211586901763224,0.2785091471491615,110,True,0.0,-1.0,0.0
1000100072,46600.0,Valencia,14589.9,26,561.15,0.7282913165266106,0.5471332421257488,55,True,0.0,-0.14830384239004202,0.0
39982,31008.0,Navarra,14560.91,14,1040.065,0.25862068965517243,0.2300164306019718,61,True,0.0,-0.14559029432193532,1.414213562373095
5115,24001.0,León,14551.789999999999,8,1818.9737499999999,0.21524663677130046,0.19494704941958216,94,True,0.0,0.5684016702332405,0.0
1000078629,23003.0,Jaén,14534.4,13,1118.0307692307692,0.23493975903614456,0.21102219078186493,53,True,0.0,-1.0,0.0
1000081361,28010.0,Madrid,14530.439999999999,20,726.5219999999999,0.3380281690140845,0.2911970145592254,45,True,0.0,2.1927174085220975,0.0
30500,27600.0,Lugo,14521.51,13,1117.0392307692307,0.25506867233485936,0.22719029007863759,292,False,0.0,-1.0,0.0
3478,29692.0,Málaga,14518.09,15,967.8726666666666,0.26833631484794274,0.23770605337702833,140,True,0.0,-1.0,0.0
34441,8006.0,Barcelona,14508.45,27,537.35,0.47093023255813954,0.3858950119140672,59,True,0.0,-1.0,0.0
30491,47420.0,Valladolid,14491.44,16,905.715,0.2776171197223829,0.24499671773682669,35,True,0.0,-1.0,0.0
1000074383,8272.0,Barcelona,14489.98,13,1114.6138461538462,0.23794996949359365,0.21345676108198505,173,True,0.0,0.27516898626941383,0.0
1000075727,46007.0,Valencia,14480.95,13,1113.9192307692308,0.2200902934537246,0.19892486703412732,27,True,0.0,-0.3064128505372653,0.0
1000071615,15704.0,A Coruña,14480.86,19,762.1505263157895,0.40482954545454547,0.33991597546466973,311,False,0.0,1.0970891590329912,0.0
3049,28022.0,Madrid,14475.630000000001,13,1113.51,0.24497487437185927,0.21911534848560496,187,False,0.0,0.5285524144338776,0.0
1000076747,4007.0,Almería,14453.63,17,850.2135294117646,0.2992957746478873,0.26182240587932115,31,True,0.0,-0.2645198638894524,0.0
37298,30500.0,Murcia,14448.699999999999,10,1444.87,0.17331022530329288,0.1598290064041754,25,True,0.0,-1.0,0.0
1000074885,36370.0,Pontevedra,14444.7,15,962.98,0.259665320253895,0.23084606683433784,60,True,0.0,-1.0,0.0
1000079458,48970.0,Vizcaya,14443.96,15,962.9306666666666,0.2542372881355932,0.2265276492984503,33,True,0.3333333333333333,-1.0,1.4927719422802632
1000082292,33011.0,Asturias,14441.210000000001,16,902.5756250000001,0.6099110546378653,0.47617893190373584,647,False,0.0,0.2395325265725761,0.0
38492,46009.0,Valencia,14433.46,17,849.0270588235294,0.34506089309878213,0.29643928570837225,329,False,0.5,0.9037840276803303,1.4927719422802632
1000077172,28009.0,Madrid,14424.86,9,1602.7622222222224,0.22651006711409397,0.20417279268442876,580,False,0.0,-1.0,0.0
1000079900,18004.0,Granada,14417.050000000001,21,686.5261904761905,0.35195530726256985,0.3015519203159314,24,True,0.0,0.23613090437734988,0.0
1000078930,41702.0,Sevilla,14413.18,15,960.8786666666667,0.2823086574654956,0.2486620919734347,182,False,0.0,0.2954661912428633,0.0
40843,1470.0,Álava,14413.08,14,1029.5057142857142,0.24263431542461003,0.21723357409152078,53,True,0.0,-0.2706128067593868,0.0
1000082425,41704.0,Sevilla,14411.16,14,1029.3685714285714,0.3238242097147263,0.28052467658103164,116,True,0.0,-1.0,0.0
1000062908,8440.0,Barcelona,14386.6,18,799.2555555555556,0.3227734608487747,0.2797306390642257,25,True,0.0,0.40266670227016815,0.1809078859983595
1000080764,29012.0,Málaga,14372.140000000001,8,1796.5175000000002,0.15493867010974824,0.14404724309185055,206,False,0.0,-0.4581428908771286,0.0
1000081359,8100.0,Barcelona,14365.04,17,845.0023529411765,0.29668411867364747,0.2598103280030196,52,True,0.0,-0.2000362546067472,0.0
28632,38430.0,Sta.Cruz Tenerife,14354.2,18,797.4555555555556,0.3172737955346651,0.2755642944987858,54,True,0.0,-1.0,0.0
3503,52001.0,Melilla,14338.99,10,1433.899,0.17921146953405018,0.16484596894400627,104,True,0.0,-0.14033327806967347,0.0
1000081756,4770.0,Almería,14332.390000000001,7,2047.484285714286,0.14131897711978467,0.1321845910741439,181,False,0.0,-1.0,0.0
18796,17200.0,Girona,14312.69,17,841.9229411764707,0.29737609329446063,0.2603438350003003,75,True,0.0,-1.0,0.0
1000079630,28055.0,Madrid,14311.5,10,1431.15,0.17123287671232876,0.1580569347943234,32,True,0.0,-0.06745924337379487,0.0
36838,45122.0,Toledo,14311.470000000001,12,1192.6225000000002,0.2404809619238477,0.21549917693307746,285,False,0.0,-0.11745236449052425,0.7079689008904774
9640,28040.0,Madrid,14304.5,16,894.03125,0.2928615009151922,0.25685797952446937,88,True,0.0,-1.0,0.0
9670,15003.0,A Coruña,14291.84,9,1587.9822222222222,0.4090909090909091,0.3429447511268304,1131,False,0.0,0.5962202253601482,0.0
40866,28850.0,Madrid,14289.28,19,752.0673684210527,0.34029850746268653,0.2928923559171878,103,True,0.0,-1.0,0.0
7090,37006.0,Salamanca,14282.28,12,1190.19,0.20477815699658702,0.18629544791622946,31,True,0.0,-0.006315026136352097,0.0
34090,8120.0,Barcelona,14265.02,21,679.2866666666666,0.3654292343387471,0.3114688365965836,74,True,0.0,-1.0,0.0
1000079033,31591.0,Navarra,14253.33,10,1425.333,0.38314176245210724,0.3243575510101875,1008,False,0.0,-1.0,0.0
1000082361,28005.0,Madrid,14252.35,22,647.834090909091,0.45706371191135736,0.37642325440482893,25,True,0.0,0.25240307751824753,0.0
1000072672,3186.0,Alicante,14243.52,14,1017.3942857142857,0.24720423778693348,0.22090443659636705,28,True,0.0,-1.0,0.0
29912,41006.0,Sevilla,14242.28,11,1294.7527272727273,0.21883289124668434,0.19789375434773096,262,False,0.0,-1.0,0.0
21812,28940.0,Madrid,14241.279999999999,13,1095.4830769230769,0.2451288497800126,0.21923901836076407,201,False,0.0,0.7947998085304062,0.06614726755512508
28660,8029.0,Barcelona,14233.72,11,1293.9745454545455,0.449591280653951,0.37128164128707414,1036,False,0.0,1.691524000287428,0.0
40268,50005.0,Zaragoza,14230.989999999998,11,1293.7263636363634,0.3122043519394513,0.27170843444459397,277,False,0.0,-0.5695446026698056,0.0
13610,8005.0,Barcelona,14223.92,14,1015.9942857142858,0.2540834845735027,0.2264050146147554,91,True,0.0,0.6897831199372878,0.0
18028,5001.0,Ávila,14214.26,17,836.1329411764706,0.2963393375944218,0.25954439822099307,35,True,0.0,0.31589370240907816,0.0
1000070080,28025.0,Madrid,14202.0,25,568.08,0.4166666666666667,0.3483066942682158,13,True,0.0,0.1571361512049812,0.0
8670,36590.0,Pontevedra,14191.2,20,709.5600000000001,0.4013377926421404,0.3374273465314513,297,False,0.0,-0.10534913594967325,0.0
33915,28939.0,Madrid,14189.94,12,1182.4950000000001,0.21505376344086022,0.19478832555908462,119,True,0.0,-0.5368091964422758,0.0
37617,13700.0,Ciudad Real,14187.710000000001,26,545.6811538461538,0.4316546762589928,0.3588308915938006,13,True,0.0,0.12948449124289843,0.0
1000079181,13200.0,Ciudad Real,14163.83,31,456.89774193548385,0.5230596175478065,0.4207212179583157,12,True,0.0,2.2858959659990767,0.0
5430,25004.0,Lleida,14160.57,17,832.974705882353,0.3096539162112933,0.2697629162115161,73,True,0.0,-1.0,0.0
1000077966,46006.0,Valencia,14154.44,26,544.4015384615385,0.4424276800907544,0.3663275830242494,31,True,0.0,1.2434147321510105,0.0
1000081034,21440.0,Huelva,14142.960000000001,30,471.432,0.5685407454200885,0.4501457256271545,116,True,0.0,-1.0,0.0
2973,28804.0,Madrid,14135.69,18,785.3161111111111,0.3125,0.27193371548364176,27,True,0.0,-1.0,0.0
1000100022,3700.0,Alicante,14132.68,17,831.3341176470589,0.38317054845980464,0.3243783628379662,96,True,0.0,0.6532858254788976,0.0
39289,28792.0,Madrid,14128.0,19,743.578947368421,0.331974373907979,0.2866623331253056,47,True,0.0,-1.0,0.0
32431,28520.0,Madrid,14124.099999999999,13,1086.4692307692308,0.2370820668693009,0.21275543467722308,117,True,0.0,-1.0,0.0
1000082784,39600.0,Cantabria,14122.62,9,1569.18,0.3218116805721097,0.2790032808831609,238,False,0.0,1.2649400490074494,0.0
5604,35010.0,Las Palmas,14100.74,17,829.4552941176471,0.3015966883500887,0.2635917326278813,59,True,0.0,-0.1792375882559068,0.52354750741474
9853,8500.0,Barcelona,14094.81,12,1174.5674999999999,0.24226110363391656,0.216933189785093,59,True,0.0,-1.0,0.0
36746,31013.0,Navarra,14079.720000000001,13,1083.0553846153848,0.2173913043478261,0.19671029424605424,13,True,0.0,-1.0,0.8862893628252497
1000079639,18007.0,Granada,14070.550000000001,11,1279.1409090909092,0.20833333333333334,0.18924199963852842,45,True,0.0,-0.4603490158508057,0.0
39862,28025.0,Madrid,14069.57,23,611.7204347826087,0.41742286751361163,0.3488403406867715,38,True,0.0,-0.41295992903357026,0.0
1000080166,3300.0,Alicante,14067.69,14,1004.835,0.24165707710011508,0.2164468399927426,83,True,0.0,0.16423560902428005,0.0
1000073706,13600.0,Ciudad Real,14066.18,15,937.7453333333334,0.2584721424468696,0.22989839982727747,35,True,0.0,-1.0,0.0
1000068077,8348.0,Barcelona,14057.52,11,1277.9563636363637,0.19631171921475313,0.17924325636403643,87,True,0.0,0.05969117090552059,0.0
38764,7005.0,Baleares,14057.27,12,1171.4391666666668,0.20845396641574984,0.18934182893052215,87,True,0.0,-1.0,0.0
1000076821,28036.0,Madrid,14045.73,21,668.8442857142857,0.35373385738349244,0.3028665948915094,39,True,0.0,-1.0,0.12362271248433039
41510,8034.0,Barcelona,14044.02,12,1170.335,0.3010033444816054,0.26313577022775986,433,False,0.0,0.03920740412850616,0.0
31380,36380.0,Pontevedra,14043.42,19,739.1273684210527,0.32294617563739375,0.27986120073560056,39,True,0.0,-1.0,1.086398057793923
11672,27002.0,Lugo,14029.95,13,1079.2269230769232,0.2457466918714556,0.21973510264420784,105,True,0.0,-1.0,0.0
10445,28933.0,Madrid,14021.36,12,1168.4466666666667,0.2184466019417476,0.1975767703422028,89,True,0.0,-1.0,0.0
1000078590,8037.0,Barcelona,14019.62,11,1274.510909090909,0.2023298589822195,0.18426122357533242,69,True,0.0,-0.2669561043353639,0.0
1000082234,36001.0,Pontevedra,14018.42,10,1401.842,0.21505376344086022,0.19478832555908462,181,False,0.0,-0.08781342436372358,0.0
35742,7002.0,Baleares,14016.99,14,1001.2135714285714,0.2441860465116279,0.21848153820839844,74,True,0.0,-1.0,0.0
7698,41002.0,Sevilla,14013.04,14,1000.9314285714287,0.24734982332155475,0.22102115929005914,101,True,0.0,-1.0,0.0
25397,36201.0,Pontevedra,14007.130000000001,23,609.0056521739131,0.3900508762012436,0.3293403480564073,31,True,0.0,-0.11622337687668975,0.2438144346041956
1000079586,50007.0,Zaragoza,13995.46,11,1272.3145454545454,0.2455357142857143,0.21956572996632578,420,False,0.0,0.6913517749052277,0.0
1000082241,12550.0,Castellón,13985.75,14,998.9821428571429,0.6461538461538461,0.49844156456626904,903,False,0.0,-0.788571806425407,0.0
1000059777,28029.0,Madrid,13984.869999999999,9,1553.8744444444444,0.16822429906542055,0.15548490284039496,187,False,0.0,-1.0,0.0
37521,46022.0,Valencia,13982.58,20,699.129,0.5489478499542544,0.4375758939565968,19,True,0.0,-1.0,0.8666306492071015
31461,15009.0,A Coruña,13976.62,13,1075.1246153846155,0.26512576478586,0.23517153604081326,265,False,0.0,0.06456120781383644,0.0
1000081710,46900.0,Valencia,13963.02,16,872.68875,0.2764976958525346,0.24412015264687897,27,True,0.0,-1.0,0.0
1000100076,26004.0,La Rioja,13962.56,16,872.66,0.453257790368272,0.3738077882374728,46,True,0.0,-1.0,0.0
22080,50004.0,Zaragoza,13953.1,11,1268.4636363636364,0.21956087824351297,0.19849085808673053,202,False,0.0,0.00823264418961525,0.0
40720,21610.0,Huelva,13943.09,14,995.9350000000001,0.24404416037187682,0.21836749237814337,26,True,0.0,0.3254472054892823,0.0
1000081179,44002.0,Teruel,13937.59,29,480.60655172413794,0.6341107871720116,0.49109879534627465,438,False,0.0,-0.4950528653594275,0.0
1000076199,38480.0,Sta.Cruz Tenerife,13922.310000000001,19,732.7531578947369,0.3195067264573991,0.2772579746802673,6,True,0.0,0.16180844735276623,0.0
1000080433,41200.0,Sevilla,13917.49,10,1391.749,1.090909090909091,0.7375989431307792,1538,False,0.0,-1.0,0.0
1000076201,38639.0,Sta.Cruz Tenerife,13913.06,29,479.76068965517237,0.48522030117122145,0.39556311220879936,27,True,0.0,-1.0,0.0
41489,47610.0,Valladolid,13889.32,13,1068.4092307692308,0.22171688459351904,0.20025715190495227,27,True,0.0,0.3078448108601418,0.0
1000079335,28026.0,Madrid,13882.17,19,730.6405263157894,0.3285302593659942,0.2840732630497893,27,True,0.0,-1.0,0.0
13020,8210.0,Barcelona,13875.32,14,991.0942857142857,0.2868852459016394,0.25222476061505156,327,False,0.0,-1.0,0.0
1000056895,8560.0,Barcelona,13869.460000000001,16,866.8412500000001,0.2805376972530684,0.24728006570327304,82,True,0.0,-0.3428835051631738,0.0
35105,28981.0,Madrid,13869.289999999999,12,1155.7741666666666,0.20594965675057209,0.18726735344577217,55,True,0.0,-1.0,0.0
1000081792,31200.0,Navarra,13854.33,14,989.595,0.26649746192893403,0.23625518645358487,172,True,0.0,-1.0,0.0
29582,3610.0,Alicante,13850.919999999998,11,1259.1745454545453,0.1850813236118901,0.16981139975291631,27,True,0.0,-1.0,0.0
1000081693,8210.0,Barcelona,13849.51,20,692.4755,0.37453183520599254,0.3181131896543208,203,False,0.0,0.905373009716481,0.282842712474619
10519,48010.0,Vizcaya,13849.43,10,1384.943,0.23677979479084452,0.21251106203488176,468,False,0.0,-1.0,0.0
1000081601,17600.0,Girona,13849.279999999999,13,1065.3292307692307,0.22108843537414968,0.1997426211495973,19,True,0.0,-1.0,0.0
16304,15830.0,A Coruña,13840.52,21,659.072380952381,0.4163912756113682,0.3481122816852211,201,False,1.0,-1.0,-0.0
16701,28100.0,Madrid,13838.64,13,1064.5107692307693,0.21934758155230596,0.19831594648568696,32,True,0.0,-1.0,0.0
1000072221,8291.0,Barcelona,13835.28,13,1064.2523076923078,0.23508137432188067,0.21113685804845528,90,True,0.0,-1.0,0.0
27691,13600.0,Ciudad Real,13802.099999999999,10,1380.2099999999998,0.1735106998264893,0.15999985414252424,68,True,0.0,0.0372582576613353,0.0031199063780560153
9210,37005.0,Salamanca,13798.279999999999,16,862.3924999999999,0.28898254063816975,0.2538531789763879,94,True,0.0,-1.0,0.24285714993293273
28057,28921.0,Madrid,13782.03,14,984.4307142857143,0.274869109947644,0.24284351447601463,230,False,0.0,-1.0,0.0
32316,29640.0,Málaga,13774.48,27,510.16592592592593,0.4706565950029053,0.38570896433358465,41,True,0.0,-1.0,0.0
1000037600,8201.0,Barcelona,13760.41,14,982.8864285714286,0.23877202956225127,0.2141205902070617,52,True,0.0,-1.0,0.0
41522,38010.0,Sta.Cruz Tenerife,13739.6,16,858.725,0.27988338192419826,0.24676896590923145,90,True,0.0,-0.11926387062024527,0.0
33679,47001.0,Valladolid,13738.1,27,508.81851851851854,0.45352743561030234,0.37399331638753625,17,True,0.0,-1.0,0.0
22526,8500.0,Barcelona,13735.2,11,1248.6545454545455,0.30386740331491713,0.2653347737597843,705,False,0.0,0.027063479957289346,0.0
1000062672,15706.0,A Coruña,13723.47,17,807.2629411764706,0.30213270142180093,0.2640034598076642,32,True,0.0,-1.0,0.0
5554,48550.0,Vizcaya,13718.33,11,1247.120909090909,0.1961950059453032,0.17914569068673644,95,True,0.0,-0.22047133962163348,0.1521843998359935
11348,40001.0,Segovia,13711.19,23,596.138695652174,0.3893905191873589,0.32886517557937256,41,True,0.0,0.0005284126651290494,0.0
29431,28030.0,Madrid,13710.43,12,1142.5358333333334,0.21352313167259784,0.193527807949771,105,True,0.0,-1.0,0.0
10956,17600.0,Girona,13686.97,9,1520.7744444444443,0.18556701030927836,0.17022114985986725,54,True,0.0,-1.0,0.0
40433,20120.0,Gipúzkoa,13686.77,12,1140.5641666666668,0.39430449069003287,0.33239571796243805,899,False,0.0,-1.0,0.0
42830,23740.0,Jaén,13684.5,9,1520.5,0.45302013422818793,0.3736442414970854,40,True,0.0,-1.0,0.8879868394424246
21190,50003.0,Zaragoza,13682.32,15,912.1546666666667,0.29088558500323203,0.25532848284274906,266,False,0.0,2.219732812178342,0.0
2305,38430.0,Sta.Cruz Tenerife,13682.0,26,526.2307692307693,0.44393853158793395,0.36737447141218466,27,True,0.0,-1.0,0.0
30695,41008.0,Sevilla,13676.99,10,1367.699,0.23112480739599384,0.20792822906218467,206,False,0.0,-1.0,0.0
1000037376,28006.0,Madrid,13655.15,17,803.2441176470588,0.3123086344151868,0.2717879025031119,124,True,0.0,-0.9288027093037521,0.0
1000042947,28041.0,Madrid,13648.62,16,853.03875,0.26981450252951095,0.23887082880216812,19,True,0.0,-1.0,0.0
1000081223,28007.0,Madrid,13638.02,6,2273.0033333333336,0.1026811180832858,0.0977445942870964,32,True,0.0,0.03995648932127133,0.0
1000066668,33203.0,Asturias,13632.36,28,486.87,0.49733570159857904,0.40368732986216505,40,True,0.0,-0.6823039049059583,0.37473118204631445
34211,13260.0,Ciudad Real,13629.9,11,1239.081818181818,0.19388954171562867,0.17721649956505306,95,True,0.0,0.08193726997717517,0.0
1000076319,8230.0,Barcelona,13621.75,23,592.25,0.3885135135135135,0.3282337601721742,31,True,0.0,-0.4694759792496805,0.0
1000071393,28983.0,Madrid,13620.94,28,486.46214285714285,0.49557522123893805,0.4025108962107329,110,True,0.0,0.7326057673347437,0.0
25845,8830.0,Barcelona,13594.050000000001,14,971.0035714285715,0.24305555555555555,0.21757250626475438,35,True,0.0,-0.023695604201984136,0.0
15499,12004.0,Castellón,13589.65,27,503.32037037037037,0.48854041013269,0.39779604933003815,27,True,0.0,-0.024551390110427035,0.0
40610,10630.0,Cáceres,13583.560000000001,10,1358.3560000000002,0.20120724346076457,0.18332708729597336,224,False,0.0,0.5963445171657915,0.0
7304,28903.0,Madrid,13581.3,13,1044.7153846153847,0.23622047244094488,0.21205871888971678,48,True,0.0,-0.06772373304990793,0.0
36569,36350.0,Pontevedra,13566.27,23,589.8378260869565,0.4164152082076041,0.34812917842446056,49,True,0.0,-1.0,0.0
1000063828,8980.0,Barcelona,13559.55,11,1232.6863636363635,0.19975786924939465,0.1821197608090099,35,True,0.0,-1.0,0.0
37158,28043.0,Madrid,13559.039999999999,22,616.3199999999999,0.375,0.3184537311185346,31,True,0.0,-0.6061398640423633,0.9675741322984682
1000042039,33201.0,Asturias,13547.96,19,713.0505263157894,0.32664756446991405,0.2826551318838069,46,True,0.0,0.7051492918903927,0.0
1000075856,28660.0,Madrid,13540.51,13,1041.5776923076924,0.2366504854368932,0.21240650331325311,89,True,0.0,-1.0,0.0
1000075104,8912.0,Barcelona,13533.87,12,1127.8225,0.2684563758389262,0.23780070911418325,28,True,0.0,-1.0,0.2512281593926281
1426,30002.0,Murcia,13530.35,22,615.0159090909091,0.3752131893121092,0.3186087658724691,19,True,0.0,0.2205261486229296,0.0
4764,28770.0,Madrid,13510.55,18,750.5861111111111,0.44117647058823534,0.36545977349446523,47,True,0.0,-1.0,0.0
37097,4008.0,Almería,13508.86,11,1228.078181818182,0.20024271844660196,0.18252380171324042,52,True,0.0,-1.0,0.0
1000051168,7012.0,Baleares,13493.619999999999,31,435.278064516129,0.5299145299145299,0.4252118710429989,59,True,0.0,-1.0,0.0
2370,38009.0,Sta.Cruz Tenerife,13489.65,19,709.9815789473683,0.3488372093023256,0.29924289485285693,81,True,0.0,-0.3592706937277912,0.48317753290313276
29081,8226.0,Barcelona,13488.77,10,1348.877,0.21961932650073207,0.19853878259605262,264,False,0.0,-1.0,0.0
1000077611,41940.0,Sevilla,13485.810000000001,4,3371.4525000000003,0.3858520900321543,0.32631517792451364,1340,False,0.0,-1.0,0.0
41386,28840.0,Madrid,13483.56,22,612.8890909090909,0.37542662116040953,0.3187639529296157,27,True,0.0,-0.2868767982135955,0.0
25075,28607.0,Madrid,13465.88,20,673.294,0.4665629860031104,0.3829215583958381,525,False,0.0,-1.0,0.0
42037,28850.0,Madrid,13464.279999999999,17,792.0164705882353,0.3339882121807466,0.2881731110081734,108,True,0.0,-0.2515603341455266,0.0
5787,35100.0,Las Palmas,13443.25,20,672.1625,0.33370411568409347,0.287960120555894,20,True,0.0,-1.0,0.0
29734,38320.0,Sta.Cruz Tenerife,13434.14,20,671.707,0.3502626970227671,0.30029916390731926,35,True,0.0,-1.0,0.0
1000077167,8041.0,Barcelona,13423.52,22,610.16,0.38869257950530034,0.3283627142260236,53,True,0.0,-0.30500481009735636,0.0
10791,50008.0,Zaragoza,13423.09,15,894.8726666666666,0.28019925280199254,0.24701573206834876,187,False,0.0,-0.4565557740542708,0.0
25533,8140.0,Barcelona,13417.42,13,1032.1092307692309,0.2619207521826729,0.2326349667294563,230,False,0.0,0.6695787573240388,0.0
1000070278,21440.0,Huelva,13415.74,12,1117.9783333333332,0.22140221402214022,0.199999554497362,123,True,0.0,-0.05199623035021461,0.0
14832,8221.0,Barcelona,13400.26,18,744.4588888888889,0.31764705882352945,0.2758476148047781,117,True,0.0,-1.0,0.0
1000077058,3189.0,Alicante,13394.03,11,1217.639090909091,0.21414665801427643,0.19404149095397386,82,True,0.0,-1.0,0.0
36076,8320.0,Barcelona,13390.029999999999,18,743.8905555555555,0.3033707865168539,0.2649538213742248,33,True,0.0,-1.0,0.0
1000042244,14004.0,Córdoba,13389.23,10,1338.923,0.27272727272727276,0.2411620568168881,656,False,0.0,0.5150929187670866,0.0
41822,3184.0,Alicante,13386.039999999999,25,535.4416,0.4129955947136564,0.3457119860143431,5,True,1.0,-0.14330493386568297,-0.0
1000082601,36002.0,Pontevedra,13383.23,13,1029.4792307692308,0.3529411764705882,0.30228087187293357,111,True,0.0,-1.0,0.0
1000079421,50300.0,Zaragoza,13381.699999999999,22,608.2590909090909,0.3930911256700417,0.3315251095066382,41,True,0.0,-1.0,0.0
1000072539,8140.0,Barcelona,13377.29,21,637.0138095238095,0.3551296505073281,0.3038971327855734,39,True,0.0,-0.08151567967102703,0.0
376,42003.0,Soria,13362.35,11,1214.759090909091,0.29676258992805754,0.2598708430343667,665,False,0.0,0.6973493005585029,0.0
33623,8005.0,Barcelona,13359.82,13,1027.6784615384615,0.2660300136425648,0.23588603089954907,297,False,0.0,-1.0,0.0
5757,8036.0,Barcelona,13349.470000000001,14,953.5335714285715,0.2337228714524207,0.21003632283275242,17,True,0.0,-1.0,0.0
36953,8540.0,Barcelona,13348.86,8,1668.6075,0.14209591474245117,0.13286509609792901,53,True,0.0,-1.0,0.0
1000081677,52006.0,Melilla,13348.22,8,1668.5275,0.24844720496894407,0.22190054307461274,839,False,0.0,0.07272486880110658,0.0
1000082036,2002.0,Albacete,13341.26,14,952.9471428571429,0.24518388791593695,0.21928322014723067,28,True,0.0,0.2215172176280301,0.0
39212,48930.0,Vizcaya,13335.91,13,1025.8392307692307,0.23536511768255883,0.2113665682347266,49,True,0.0,-1.0,0.0
28337,15960.0,A Coruña,13328.55,22,605.8431818181817,0.38150289017341044,0.3231719574337317,77,True,0.0,-0.11652052898842495,0.0
6713,29730.0,Málaga,13318.93,20,665.9465,0.35650623885918004,0.3049124523389895,46,True,0.0,-1.0,0.0
1000081165,28043.0,Madrid,13311.789999999999,27,493.0292592592592,0.4818560380725759,0.39329538185356483,13,True,0.0,-0.5784432874788158,0.0
41024,25004.0,Lleida,13306.71,8,1663.33875,0.16139878950907868,0.14962513168652353,292,False,0.0,1.0196026597799785,0.0
18186,39700.0,Cantabria,13305.11,9,1478.3455555555556,0.15752625437572929,0.146285188687093,13,True,0.0,-1.0,0.0
1000101095,28020.0,Madrid,13295.97,10,1329.597,0.8902077151335313,0.6366867252198016,249,False,0.0,-0.03292297953506193,0.029465209986417187
1000082007,8302.0,Barcelona,13295.29,32,415.4778125,0.5660377358490566,0.4485486942444761,61,True,0.0,-0.30263192719068116,0.0
1000101641,50840.0,Zaragoza,13277.85,11,1207.0772727272727,1.1418685121107266,0.761678584572164,40,True,0.0,-1.0,0.855784967015065
2680,28700.0,Madrid,13277.69,30,442.5896666666667,0.5104934770277936,0.412436403416062,27,True,0.0,-1.0,0.0
37533,28028.0,Madrid,13271.04,18,737.2800000000001,0.3134068485200232,0.27262440910560776,46,True,0.0,-0.26434192807397777,0.0
1000079174,31015.0,Navarra,13270.48,14,947.8914285714285,0.25974025974025977,0.230905556649699,27,True,0.0,-0.7249656420587371,0.0
22380,41920.0,Sevilla,13269.08,10,1326.908,0.1876172607879925,0.17194899797833166,38,True,0.3333333333333333,-1.0,1.4927719422802632
20385,41011.0,Sevilla,13260.32,13,1020.0246153846153,0.291044776119403,0.25545179454686756,473,False,0.0,-0.04748935003118689,0.0
1778,36211.0,Pontevedra,13256.37,23,576.3639130434783,0.402332361516035,0.3381368229398213,55,True,0.0,-1.0,0.0
20325,36203.0,Pontevedra,13253.689999999999,19,697.5626315789473,0.641169853768279,0.4954093130088811,47,True,0.0,0.5854836327175554,0.0
1000077455,15004.0,A Coruña,13253.27,15,883.5513333333333,0.28846153846153844,0.2534489008095387,26,True,0.0,-1.0,0.0
28221,28024.0,Madrid,13250.6,17,779.4470588235295,0.3258785942492013,0.2820753296905451,203,False,0.0,-0.8929323564180719,0.0
1000080778,8006.0,Barcelona,13243.6,6,2207.266666666667,0.16728624535315986,0.15468160630641428,248,False,0.0,-1.0,0.0
5790,43001.0,Tarragona,13242.58,12,1103.5483333333334,0.2099125364431487,0.19054807306475838,90,True,0.0,-1.0,0.0
8714,46022.0,Valencia,13239.26,15,882.6173333333334,0.2571428571428571,0.22884157242884745,62,True,0.0,-0.13345904614932969,0.0
14635,5005.0,Ávila,13230.67,20,661.5335,0.33994334277620397,0.2926273315586362,5,True,0.0,0.10447447260117305,0.0
1000082777,49003.0,Zamora,13229.18,7,1889.8828571428571,0.20309477756286265,0.1848972182307503,41,True,0.0,0.5749856149944123,0.0
1000081314,23400.0,Jaén,13227.36,11,1202.4872727272727,0.2223719676549865,0.20079320694775615,319,False,0.0,-0.21418238927041353,0.0
11960,15706.0,A Coruña,13222.28,21,629.632380952381,0.3684210526315789,0.3136575588550416,41,True,0.0,1.6240966679699234,0.0
1000077805,8922.0,Barcelona,13199.62,13,1015.3553846153847,0.24268823895457373,0.21727696767830262,185,False,0.0,-1.0,0.0
1000077436,8015.0,Barcelona,13199.35,21,628.5404761904762,0.386977886977887,0.3271271981471217,70,True,0.0,0.049781996446876996,0.0
30453,27002.0,Lugo,13195.15,11,1199.5590909090909,0.20134228187919465,0.18343949989529587,123,True,0.0,-1.0,0.0
27616,50008.0,Zaragoza,13191.449999999999,7,1884.492857142857,0.4233870967741935,0.3530393107683146,1168,False,0.0,-1.0,0.0
5134,23001.0,Jaén,13187.51,15,879.1673333333333,0.2610208816705336,0.23192161645751633,96,True,0.0,-0.14278700779933726,0.0
1000080760,38650.0,Sta.Cruz Tenerife,13185.0,30,439.5,0.5392450569203115,0.4312920734480485,49,True,0.0,0.09013702338494663,0.0
1000082597,46380.0,Valencia,13181.070000000002,14,941.5050000000001,0.46770601336302897,0.38370064676025295,39,True,0.0,-1.0,0.007964970401613394
6158,21130.0,Huelva,13173.57,15,878.2379999999999,0.7120253164556962,0.5376770652595694,12,True,0.0,-0.44246604320453653,0.5595365547977351
7341,8042.0,Barcelona,13166.509999999998,12,1097.2091666666665,0.23240800516462234,0.20896998330887898,200,False,0.0,0.014385081523204344,0.0
1000081959,38430.0,Sta.Cruz Tenerife,13163.12,23,572.3095652173913,0.41566265060240964,0.3475977257876157,52,True,0.5,-1.0,1.4927719422802632
28196,8760.0,Barcelona,13161.75,8,1645.21875,0.1671309192200557,0.15454853143385885,384,False,0.0,-1.0,0.0
17563,28015.0,Madrid,13156.83,10,1315.683,0.1959503592423253,0.17894114901682698,118,True,0.0,-1.0,0.0
1000079983,34840.0,Palencia,13143.18,6,2190.53,0.254957507082153,0.22710171311183888,790,False,0.0,-0.9423007656288962,0.0
34945,28806.0,Madrid,13127.630000000001,22,596.7104545454546,0.3870967741935484,0.32721291120841617,53,True,0.0,-0.36408934694418926,0.0
1000081565,3189.0,Alicante,13117.9,26,504.5346153846154,0.44982698961937717,0.3714442318097056,52,True,0.0,0.050999112086573324,0.3739730487260967
11402,33008.0,Asturias,13100.48,17,770.6164705882353,0.3236040609137056,0.2803583651428933,174,True,0.0,0.8353298647400648,0.0
1000072257,41020.0,Sevilla,13099.25,15,873.2833333333333,0.2610208816705336,0.23192161645751633,46,True,0.0,-1.0,1.1491265101439767
1000061716,45003.0,Toledo,13098.8,9,1455.4222222222222,0.22058823529411767,0.19933290262049125,560,False,0.0,1.0649092442366395,0.0
1000078393,3202.0,Alicante,13095.289999999999,12,1091.2741666666666,0.22058823529411764,0.19933290262049122,173,True,0.0,-1.0,0.0
36153,15865.0,A Coruña,13088.24,20,654.412,0.36341611144760755,0.3099933969866043,75,True,0.0,-0.13978056661667204,0.0
1000082570,18005.0,Granada,13083.74,14,934.5528571428571,0.3343949044585987,0.28847793401388433,46,True,0.0,-0.08926691829248835,0.5970325037021906
16435,17600.0,Girona,13078.75,9,1453.1944444444443,0.19765739385065886,0.180367477031957,410,False,0.0,-1.0,0.0
1000056890,4720.0,Almería,13074.73,20,653.7365,0.34266133637921187,0.29465371625421766,25,True,0.0,1.4943916369308978,0.22575952342363326
33825,8670.0,Barcelona,13070.02,14,933.5728571428572,0.24068767908309457,0.2156658058000627,11,True,0.0,-1.0,1.414213562373095
1000079753,14008.0,Córdoba,13054.56,10,1305.456,0.5136986301369864,0.4145560798094164,1207,False,0.0,-1.0,0.0
35904,41020.0,Sevilla,13042.029999999999,9,1449.1144444444444,0.45378151260504207,0.3741681013862496,1127,False,0.0,0.043478562352325174,0.0
1000080969,8912.0,Barcelona,13036.470000000001,10,1303.6470000000002,0.19907100199071,0.18154709196573302,306,False,0.0,2.2858959659990767,0.0
39164,8019.0,Barcelona,13025.789999999999,10,1302.579,0.25906735751295334,0.2303712544356629,544,False,0.0,-1.0,0.0
8994,19300.0,Guadalajara,13019.880000000001,19,685.2568421052632,0.3767349636483807,0.3197147274726161,259,False,0.0,-0.0481329780566798,0.0
1000076633,8006.0,Barcelona,13004.34,11,1182.2127272727273,0.19119351100811124,0.17495575493168247,32,True,0.0,-1.0,0.0
5628,27400.0,Lugo,12994.2,14,928.157142857143,0.2828282828282828,0.24906723632400135,235,False,0.0,0.5437467122057559,0.0
23332,15004.0,A Coruña,12981.84,14,927.2742857142857,0.2764976958525346,0.24412015264687897,249,False,0.0,-1.0,0.0
1000082742,38201.0,Sta.Cruz Tenerife,12981.789999999999,17,763.6347058823529,0.4678899082568807,0.3838259330046832,38,True,0.0,-0.10453360447381804,0.45815664684949814
5111,24002.0,León,12976.55,14,926.8964285714285,0.29577464788732394,0.2591087000077249,103,True,0.0,0.5584863226553649,0.0
29426,8600.0,Barcelona,12974.86,11,1179.5327272727272,0.189873417721519,0.17384692980298241,68,True,0.0,-1.0,0.0
30037,45500.0,Toledo,12971.83,13,997.8330769230769,0.2318668252080856,0.2085307628464803,32,True,0.0,-1.0,0.0
1000081515,33206.0,Asturias,12969.210000000001,9,1441.0233333333335,0.15419760137064534,0.14340538511776915,17,True,0.0,2.2858959659990767,0.0
15167,8191.0,Barcelona,12962.13,17,762.4782352941176,0.289937464468448,0.2545937400422836,46,True,0.0,-0.16266663350577,0.0
1000079758,28911.0,Madrid,12950.29,19,681.5942105263158,0.3290993071593533,0.2845015001594475,26,True,0.0,-0.43642536152767386,0.0
39082,1010.0,Álava,12949.64,25,517.9856,0.7411067193675889,0.5545209566487139,773,False,0.0,0.06683141764615254,0.0
1477,30800.0,Murcia,12944.539999999999,26,497.86692307692306,0.4529616724738676,0.3736040060391803,28,True,0.0,0.31521334757422015,0.28171258936245513
1000038232,26200.0,La Rioja,12943.87,19,681.2563157894738,0.3380782918149466,0.2912344740561487,70,True,0.0,-0.5065995794747483,0.0
1000078865,8917.0,Barcelona,12940.26,15,862.684,0.25921658986175117,0.2304897735161884,32,True,0.0,-0.03632247124310194,0.0
1000060217,35006.0,Las Palmas,12933.5,13,994.8846153846154,0.25390625,0.22626367865045338,96,True,0.0,-1.0,0.500009592234114
1000081986,28008.0,Madrid,12931.23,28,461.82964285714286,0.48303622771707877,0.39409149152706174,25,True,0.2,-1.0,1.3101917584201401
1000100546,3012.0,Alicante,12918.18,12,1076.515,0.4972375690607735,0.4036217896138752,19,True,0.0,-1.0,0.0
1000081824,4820.0,Almería,12916.62,9,1435.18,0.15919811320754718,0.14772848435526348,12,True,0.0,-1.0,0.0
1118,46940.0,Valencia,12903.65,17,759.0382352941176,0.2989449003516999,0.26155231981555,108,True,0.0,-0.04493791472307987,0.0
20379,43002.0,Tarragona,12902.47,14,921.6049999999999,0.2519496100779844,0.22470202432640674,89,True,0.0,-1.0,0.0
1000080502,39002.0,Cantabria,12895.48,8,1611.935,0.2846975088967971,0.2505232889991351,822,False,0.0,0.4828479280688035,0.0
1000067833,6207.0,Badajoz,12894.66,12,1074.555,0.2035048049745619,0.1852379707336942,27,True,0.0,-1.0,0.0
1000073404,28021.0,Madrid,12883.380000000001,15,858.892,0.41860465116279066,0.3496737484797488,0,True,0.0,-1.0,0.0
13506,9400.0,Burgos,12882.970000000001,14,920.2121428571429,0.24925816023738873,0.2225499033300197,87,True,0.0,-1.0,0.0
32042,2001.0,Albacete,12880.43,14,920.0307142857143,0.2775941837409121,0.244978765419975,47,True,0.0,2.2858959659990767,0.0
1000071182,45223.0,Toledo,12877.86,13,990.6046153846154,0.23159144893111638,0.2083071939872006,63,True,0.0,-1.0,0.0
8637,8224.0,Barcelona,12876.5,9,1430.7222222222222,0.16523867809057527,0.15292593993136241,17,True,0.0,-1.0,0.0
36029,8036.0,Barcelona,12872.46,12,1072.705,0.2357563850687623,0.2116832401499178,279,False,0.0,-0.20923545796330303,0.0
27963,3006.0,Alicante,12865.43,11,1169.5845454545454,0.19320843091334897,0.17664583943415496,47,True,0.0,-1.0,0.0
9217,38650.0,Sta.Cruz Tenerife,12850.73,15,856.7153333333333,0.26026604973973394,0.23132284926132937,18,True,0.0,0.7111598788239741,0.0
1000079622,43530.0,Tarragona,12836.37,20,641.8185000000001,0.3614457831325301,0.30854721091574266,90,True,0.0,-1.0,0.0
26614,39002.0,Cantabria,12835.220000000001,5,2567.0440000000003,0.09771986970684039,0.09323518276516457,17,True,0.0,2.2858959659990767,0.0
1000070508,28034.0,Madrid,12834.68,17,754.9811764705883,0.34389750505731626,0.29557397807486263,55,True,0.0,1.6523639844898859,0.0
1000100494,8038.0,Barcelona,12827.76,10,1282.776,0.41493775933609955,0.3470855437928618,68,True,0.0,-1.0,0.0
41126,10001.0,Cáceres,12798.22,11,1163.4745454545455,0.1899827288428325,0.17393879344066335,47,True,0.0,-1.0,0.0
29433,9197.0,Burgos,12790.880000000001,8,1598.8600000000001,0.1763409257898604,0.16240871034524862,459,False,0.0,0.5951633093469929,0.0
27643,13001.0,Ciudad Real,12787.970000000001,13,983.69,0.22046353872244204,0.19923073635502206,45,True,0.0,2.2858959659990767,0.2250071632103232
1000036997,28004.0,Madrid,12781.87,16,798.866875,0.27939464493597205,0.246387032419366,74,True,0.0,0.03661577375017738,0.0
1000064679,28912.0,Madrid,12773.619999999999,12,1064.4683333333332,0.21726010863005432,0.19660252052764887,108,True,0.0,-1.0,0.0
10549,48980.0,Vizcaya,12773.23,12,1064.4358333333332,0.22542266750156542,0.20328581918106378,41,True,0.0,-1.0,0.0
1000079818,50005.0,Zaragoza,12769.83,19,672.0963157894737,0.3216704288939052,0.2788964129926364,40,True,0.0,-0.4421976424995963,0.0
1000065164,39008.0,Cantabria,12766.67,10,1276.667,0.20833333333333334,0.18924199963852842,238,False,0.0,-1.0,0.0
42855,28003.0,Madrid,12750.970000000001,11,1159.179090909091,0.5739130434782609,0.4535649029025757,17,True,0.0,-1.0,0.0
1000071563,4140.0,Almería,12750.380000000001,11,1159.1254545454547,0.18560179977502814,0.17025049358740307,33,True,0.0,-1.0,0.0
1000080409,28890.0,Madrid,12749.61,14,910.6864285714286,0.2383654937570942,0.2137923598968913,31,True,0.0,-0.9058941474074063,0.0
1000080141,11405.0,Cádiz,12742.23,15,849.482,0.2613240418118467,0.23216199606614996,88,True,0.0,-1.0,0.0
1000101643,21440.0,Huelva,12739.53,10,1273.953,0.986842105263158,0.6865464965285932,11,True,0.0,-1.0,0.8271310319413753
30347,24001.0,León,12735.06,17,749.1211764705882,0.300530347672363,0.26277214102251006,89,True,0.0,-1.0,0.0
41079,41100.0,Sevilla,12729.73,13,979.2099999999999,0.3454384410983171,0.29671993844611083,202,False,0.0,-1.0,0.0
40374,8020.0,Barcelona,12717.49,11,1156.1354545454544,0.19760479041916168,0.18032355413128157,105,True,0.0,0.12892498919266115,0.0
23733,13630.0,Ciudad Real,12717.4,14,908.3857142857142,0.26448362720403024,0.2346638390045388,42,True,0.0,-1.0,0.0
1000081160,8402.0,Barcelona,12712.78,17,747.8105882352942,0.3026706231454006,0.26441648272280965,118,True,0.0,-1.0,0.0
1000071090,28020.0,Madrid,12710.47,16,794.404375,0.3305785123966942,0.2856138193877219,40,True,0.0,-1.0,0.0
18661,15900.0,A Coruña,12703.52,13,977.1938461538462,0.24029574861367836,0.21534985812520027,173,True,0.5,-1.0,1.4927719422802632
1000072697,45223.0,Toledo,12688.16,22,576.7345454545455,0.3733031674208145,0.31721890898180016,14,True,0.0,-1.0,0.0
1000077565,23680.0,Jaén,12685.14,11,1153.1945454545455,0.21498371335504887,0.1947306720566184,40,True,0.0,0.11971731597443494,0.0
1000080981,28905.0,Madrid,12682.59,8,1585.32375,0.16794961511546536,0.15524974573196768,294,False,0.0,-1.0,0.0
41807,46008.0,Valencia,12682.029999999999,16,792.6268749999999,0.5286343612334802,0.4243747624654565,896,False,0.0,-1.0,0.0
42730,14650.0,Córdoba,12673.08,20,633.654,0.8571428571428572,0.6190392084062235,20,True,0.0,-1.0,0.0
1000081358,8042.0,Barcelona,12658.01,18,703.2227777777778,0.31839622641509435,0.2764160179231414,67,True,0.0,-0.028866735315462987,0.0
1000078227,11100.0,Cádiz,12655.15,11,1150.4681818181818,0.21456436931079323,0.19438546872319865,167,True,0.0,-1.0,0.0
1000101796,50004.0,Zaragoza,12654.150000000001,16,790.8843750000001,1.9512195121951221,1.0822184788924334,55,True,0.0,-1.0,0.4828510902802869
4459,28004.0,Madrid,12652.01,11,1150.1827272727273,0.19631171921475313,0.17924325636403643,76,True,0.0,-1.0,0.2828449137736597
1000082134,28240.0,Madrid,12650.52,17,744.1482352941176,0.3155940594059406,0.27428831982085256,62,True,0.0,-1.0,0.0
1000057436,43840.0,Tarragona,12648.44,21,602.3066666666667,0.3643724696356275,0.3106945937243845,19,True,0.0,0.04549965932035453,0.0
1000065909,38204.0,Sta.Cruz Tenerife,12641.27,19,665.33,0.379746835443038,0.32190002976212223,311,False,0.0,-0.04090726542229571,0.0
24226,8022.0,Barcelona,12635.35,18,701.963888888889,0.30716723549488056,0.2678623801635787,25,True,0.0,-1.0,0.0
8813,28005.0,Madrid,12633.59,16,789.599375,0.29429797670141017,0.2579684452273067,180,False,0.0,0.006164289309679216,0.0
9948,3001.0,Alicante,12626.789999999999,16,789.1743749999999,0.32989690721649484,0.2851014258582893,189,False,0.0,-0.785704646339367,0.0
37620,28054.0,Madrid,12625.22,26,485.5853846153846,0.43795620437956206,0.3632228029098636,13,True,0.0,-1.0,0.0
1000081597,46470.0,Valencia,12624.79,21,601.1804761904763,0.3813559322033898,0.32306557634109756,56,True,0.0,0.2797563364162102,0.0
5748,18800.0,Granada,12623.42,15,841.5613333333333,0.2623906705539359,0.23300728083654995,28,True,0.0,-1.0,0.0
28468,8500.0,Barcelona,12605.85,6,2100.975,0.10550996483001172,0.10030673514177837,0,True,0.0,1.4842547360471554,0.0
1000067963,41700.0,Sevilla,12601.84,19,663.2547368421052,0.3292894280762565,0.28464453485915664,54,True,0.0,-0.02875741051929081,0.0
1000081951,41980.0,Sevilla,12597.380000000001,13,969.0292307692308,0.22491349480968859,0.2028702250213423,55,True,0.0,0.3560008481764208,0.0
25715,45500.0,Toledo,12592.75,18,699.5972222222222,0.3218116805721097,0.2790032808831609,66,True,0.0,-1.0,0.0
24880,17240.0,Girona,12591.43,11,1144.6754545454546,0.32803180914512925,0.28369800343690654,62,True,0.0,0.06246463751919674,0.1571452631106037
6546,8022.0,Barcelona,12590.08,7,1798.5828571428572,0.12338425381903642,0.11634578447802714,45,True,0.0,2.2858959659990767,0.0
1000080086,28028.0,Madrid,12579.18,15,838.612,0.26346604215456676,0.2338587714695648,67,True,0.0,-0.2812376200386129,0.013996428127269285
29419,28229.0,Madrid,12576.89,5,2515.3779999999997,0.11600928074245939,0.10975918000201339,426,False,0.0,2.2858959659990767,0.0
9064,46700.0,Valencia,12573.67,13,967.2053846153847,0.27121001390820587,0.23996921373310334,297,False,0.5,-0.48262688558209443,1.4927719422802632
1000062893,29780.0,Málaga,12568.44,8,1571.055,0.14527845036319612,0.1356477955309002,96,True,0.0,-1.0,0.0
1000078400,10001.0,Cáceres,12559.67,13,966.1284615384616,0.25708635464733026,0.22879662625188682,119,True,0.0,-1.0,0.0
1000057667,28035.0,Madrid,12551.47,14,896.5335714285713,0.2676864244741874,0.2371935261209396,207,False,0.0,-1.0,0.0
1000082107,41640.0,Sevilla,12543.23,10,1254.3229999999999,0.26501766784452296,0.23508608875746267,160,True,0.0,-1.0,0.0
33861,4700.0,Almería,12541.04,24,522.5433333333334,0.42303172737955347,0.3527896149797181,94,True,0.0,-0.6614893916567011,0.0
1000080702,38626.0,Sta.Cruz Tenerife,12538.14,26,482.2361538461538,0.4424276800907544,0.3663275830242494,42,True,0.0,-0.12761640791820653,0.0
31496,8012.0,Barcelona,12533.28,13,964.0984615384616,0.23283582089552238,0.20931706113596632,54,True,0.0,-0.09142468706871108,0.0
9548,3203.0,Alicante,12532.76,17,737.2211764705883,0.2951388888888889,0.2586179395078696,70,True,0.0,-1.0,0.0
1000080634,36203.0,Pontevedra,12526.460000000001,19,659.2873684210526,0.3233125354509359,0.28013808962355974,55,True,0.0,0.355233802342959,0.0
1000080966,38003.0,Sta.Cruz Tenerife,12525.62,12,1043.8016666666667,0.26865671641791045,0.2379586370993504,227,False,0.0,-1.0,0.3429364248126631
1000070593,8250.0,Barcelona,12491.67,16,780.729375,0.3633610900832703,0.3099530406536308,433,False,0.0,0.37701964979626507,0.0
28119,18195.0,Granada,12488.970000000001,11,1135.3609090909092,0.1909722222222222,0.17476996702999398,56,True,0.0,-1.0,0.7735051448939482
2309,38003.0,Sta.Cruz Tenerife,12485.78,33,378.3569696969697,0.6164383561643836,0.48022518331727365,11,True,0.0,1.7037794634070498,0.141425896394497
21315,50500.0,Zaragoza,12485.55,14,891.8249999999999,0.2510460251046025,0.22398002145917575,82,True,0.0,-1.0,0.0
1000066514,30140.0,Murcia,12484.33,12,1040.3608333333334,0.20630372492836677,0.18756091147995427,40,True,0.0,-1.0,0.0
1000079592,39003.0,Cantabria,12468.2,8,1558.525,0.15503875968992248,0.14413390158378703,75,True,0.0,-1.0,0.0
24808,9004.0,Burgos,12456.41,9,1384.0455555555554,0.16119402985074627,0.14944881179337985,33,True,0.0,-1.0,0.0
1000078575,41018.0,Sevilla,12445.67,9,1382.8522222222223,0.15715948777648428,0.14596828467231865,81,True,0.0,-1.0,0.0
1000080986,30870.0,Murcia,12429.67,23,540.4204347826087,0.5416012558869702,0.43282165278230256,546,False,0.0,0.1977894476442464,0.0
19992,3730.0,Alicante,12425.26,11,1129.5690909090908,0.1924198250728863,0.17598470887686182,6,True,0.0,0.4886543281280121,0.0
1000076341,15679.0,A Coruña,12418.14,11,1128.921818181818,0.3154875717017208,0.27420737386842076,332,False,0.0,2.2858959659990767,0.0
1000069188,19002.0,Guadalajara,12405.68,26,477.14153846153846,0.4452054794520548,0.3682515117677301,34,True,0.0,0.34067873479946953,0.0
906,46010.0,Valencia,12403.970000000001,19,652.8405263157896,0.3310104529616725,0.28593839284695405,33,True,0.0,-1.0,0.34531133031381495
10908,48013.0,Vizcaya,12403.189999999999,8,1550.3987499999998,0.24266936299292213,0.2172617779433227,797,False,0.0,-0.1391529280417363,0.0
41620,6004.0,Badajoz,12401.8,6,2066.9666666666667,0.18614270941054809,0.17070662167607636,299,False,0.0,-1.0,0.0
1000078910,8903.0,Barcelona,12392.28,26,476.6261538461539,0.4469914040114613,0.3694865070729327,75,True,0.0,0.22225176162002358,0.0
31770,9400.0,Burgos,12388.49,13,952.9607692307692,0.2274052478134111,0.20490238651644152,96,True,0.0,-1.0,0.0
36264,41020.0,Sevilla,12387.199999999999,21,589.8666666666666,0.4194407456724367,0.3502629529616551,234,False,0.0,-0.41451895281136764,0.0
8742,9003.0,Burgos,12384.279999999999,8,1548.0349999999999,0.1561483409238777,0.14509408461605547,262,False,0.0,-1.0,0.0
7410,8760.0,Barcelona,12382.83,26,476.2626923076923,0.43648573027420257,0.36219966571171236,31,True,0.0,-0.39952835348557963,0.0
1000058430,28230.0,Madrid,12376.81,14,884.0578571428571,0.3335980937251787,0.2878806230331936,545,False,0.0,-1.0,0.0
1000100018,22700.0,Huesca,12374.99,12,1031.2491666666667,0.248790601243953,0.22217556396074462,48,True,0.0,-0.39866110426938123,0.0
13860,11007.0,Cádiz,12369.55,10,1236.955,0.1735106998264893,0.15999985414252424,19,True,0.0,-1.0,0.0
1000078339,16004.0,Cuenca,12364.92,17,727.3482352941177,0.2953097857556456,0.258749883343451,42,True,0.0,2.2858959659990767,0.0
26766,41930.0,Sevilla,12364.48,11,1124.0436363636363,0.20509633312616532,0.1865595082502686,104,True,0.0,-1.0,0.0
1000041726,13600.0,Ciudad Real,12356.98,13,950.536923076923,0.24014778325123154,0.21523055255688436,105,True,0.0,-0.1783710804553653,0.0
1000082020,41015.0,Sevilla,12351.2,16,771.95,0.30322173089071386,0.2648394531902397,48,True,0.0,-1.0,0.0
1000068782,36950.0,Pontevedra,12335.94,14,881.1385714285715,0.24881516587677727,0.22219523450535053,110,True,0.0,-0.8964649993013832,0.0
17143,28803.0,Madrid,12310.789999999999,18,683.9327777777777,0.30751708428246016,0.2681299832443951,7,True,0.0,0.4970860142826841,0.0
28772,34880.0,Palencia,12290.84,9,1365.648888888889,0.15752625437572929,0.146285188687093,49,True,0.0,-1.0,0.0
1000079329,28047.0,Madrid,12278.44,18,682.1355555555556,0.3054298642533937,0.26653238443040145,7,True,0.0,-1.0,0.0
41803,19209.0,Guadalajara,12276.32,10,1227.632,0.2912621359223301,0.25562013999211797,683,False,0.0,-1.0,0.8940295971000193
36419,8440.0,Barcelona,12272.710000000001,9,1363.6344444444446,0.17555266579973994,0.16173839088653252,237,False,0.0,-1.0,0.0
10255,50300.0,Zaragoza,12268.96,19,645.7347368421052,0.3272101033295063,0.28307907237981994,41,True,0.0,-0.2783068173051735,0.0
18041,17520.0,Girona,12264.67,4,3066.1675,0.23210831721470018,0.2087267810637342,1027,False,0.0,-1.0,0.0
38739,35138.0,Las Palmas,12264.619999999999,12,1022.0516666666666,0.2132701421800948,0.19331931100349597,98,True,0.0,-1.0,0.0
1000071473,43740.0,Tarragona,12256.49,18,680.9161111111111,0.3083952027412907,0.26880135016764367,66,True,0.0,-0.19957950887456696,0.0
1000037427,12500.0,Castellón,12242.03,12,1020.1691666666667,0.26258205689277897,0.23315887561389484,349,False,0.0,-1.0,0.0
10540,48260.0,Vizcaya,12239.03,8,1529.87875,0.21145374449339205,0.1918210801851686,244,False,0.0,0.37226399347990535,0.0
2965,28036.0,Madrid,12237.87,10,1223.787,0.31779661016949157,0.2759611071536241,705,False,0.0,1.2019281328599283,0.0
1000074521,48260.0,Vizcaya,12229.08,12,1019.09,0.21531100478468898,0.19500001505372558,103,True,0.0,-1.0,0.0
991,47006.0,Valladolid,12182.949999999999,19,641.207894736842,0.3658536585365854,0.3117796240308415,206,False,0.0,-1.0,0.0
1000081813,48010.0,Vizcaya,12178.460000000001,14,869.8900000000001,0.27796161482461945,0.24526632015577488,19,True,0.0,0.8886809522286941,0.0
2228,39300.0,Cantabria,12164.460000000001,10,1216.4460000000001,0.1850709438618137,0.16980264103288054,88,True,0.0,-1.0,0.0
1000081638,41840.0,Sevilla,12161.37,14,868.6692857142858,0.2511961722488038,0.22410003154016658,82,True,0.0,-1.0,0.0
12440,18600.0,Granada,12160.87,10,1216.087,0.16844469399213924,0.15567354310397277,5,True,0.0,-1.0,0.0
1000079707,8759.0,Barcelona,12160.4,16,760.025,0.2797202797202797,0.24664152258151364,52,True,0.0,-0.04331911297890891,0.0
23335,19200.0,Guadalajara,12135.09,12,1011.2575,0.21765417170495768,0.196926197694871,82,True,0.0,-1.0,0.0
42286,23007.0,Jaén,12132.48,14,866.6057142857143,0.31626506024096385,0.2747982261791016,10,True,0.0,-1.0,0.0
21581,8402.0,Barcelona,12121.26,14,865.8042857142857,0.25766871165644173,0.22925977833164585,173,True,0.0,-1.0,0.0
1000078406,28034.0,Madrid,12119.75,17,712.9264705882352,0.3019538188277087,0.26386607374696114,74,True,0.0,-1.0,0.0
41536,15702.0,A Coruña,12114.93,19,637.6278947368421,0.3578154425612053,0.30587711604301027,164,True,0.0,-0.2942896086506368,0.0
1000080442,28015.0,Madrid,12114.14,23,526.7017391304347,0.4136690647482014,0.3461884981786242,13,True,0.0,0.33625846902854956,0.0
1000080950,41018.0,Sevilla,12111.519999999999,12,1009.2933333333332,0.20713463751438435,0.18824948313090514,67,True,0.0,-1.0,0.0
1000060078,29620.0,Málaga,12105.45,38,318.56447368421055,0.8113879003558718,0.594093347216777,413,False,0.0,0.4081228022046537,0.0
35590,41008.0,Sevilla,12103.84,12,1008.6533333333333,0.2482758620689655,0.22176328884525134,185,False,0.0,-1.0,0.0
1000073390,29100.0,Málaga,12090.29,9,1343.3655555555556,0.2459016393442623,0.2198594761130198,280,False,0.0,-0.39002898229787664,0.0
1000081135,28921.0,Madrid,12086.9,16,755.43125,0.2981366459627329,0.260929886980348,48,True,0.0,-1.0,0.47140983970289696
1000076415,48012.0,Vizcaya,12085.06,9,1342.7844444444445,0.16625615763546797,0.1537987530244003,161,True,0.0,-0.46569212910857183,0.0
1000080243,28100.0,Madrid,12077.46,16,754.84125,0.41702867072111205,0.34856219389913123,31,True,0.0,0.23440193439737653,0.0
1000080138,46010.0,Valencia,12074.83,15,804.9886666666666,0.25125628140703515,0.2241480717402152,7,True,0.0,-1.0,0.0
17764,8519.0,Barcelona,12071.36,14,862.24,0.24461269656377402,0.2188243944216721,82,True,0.0,-1.0,0.0
19211,28942.0,Madrid,12054.28,15,803.6186666666667,0.2699460107978404,0.23897438838407115,90,True,0.0,-1.0,0.0
22407,41006.0,Sevilla,12048.09,15,803.206,0.2508361204013378,0.2238122240238455,27,True,0.0,0.5327685313781522,0.0
1000037462,7006.0,Baleares,12047.75,23,523.8152173913044,0.3981534910559723,0.33515243110091963,39,True,0.0,-1.0,0.0
3505,52001.0,Melilla,12039.23,13,926.0946153846154,0.2332535885167464,0.2096558709322583,104,True,0.0,-1.0,0.0
13588,9500.0,Burgos,12032.36,9,1336.9288888888889,0.17693315858453473,0.1629120370177426,39,True,0.0,1.2576461699617756,0.0
12500,18320.0,Granada,12030.08,12,1002.5066666666667,0.20547945205479454,0.18687737332981535,19,True,0.0,-1.0,0.0
1000076778,50008.0,Zaragoza,12029.61,13,925.3546153846154,0.24000000000000002,0.21511137961694551,83,True,0.0,-1.0,0.0
1000080171,28340.0,Madrid,12028.0,10,1202.8,0.18105009052504525,0.1664039499695133,45,True,0.0,-0.012134802572308713,0.0
35426,18001.0,Granada,12018.86,13,924.5276923076924,0.23214285714285715,0.20875481386211014,82,True,0.0,-0.15988632964403227,0.0
1000101122,3201.0,Alicante,12008.16,9,1334.24,0.5142857142857142,0.4149438520627081,41,True,0.0,-1.0,0.0
1000100624,38004.0,Sta.Cruz Tenerife,12005.460000000001,12,1000.455,0.7531380753138075,0.5614073679906271,144,True,0.0,-1.0,0.2899205458625171
39571,22400.0,Huesca,12002.039999999999,11,1091.0945454545454,0.1839464882943144,0.16885333974308803,18,True,0.0,-1.0,0.0
19757,43870.0,Tarragona,11999.34,25,479.97360000000003,0.4220596510973551,0.3521062792335429,28,True,0.0,-1.0,0.0
1000065511,41940.0,Sevilla,11978.75,24,499.1145833333333,0.4022346368715084,0.3380671332910289,28,True,0.0,-1.0,0.0
1000074745,33980.0,Asturias,11962.579999999998,10,1196.2579999999998,0.1876172607879925,0.17194899797833166,53,True,0.0,0.13481174533634688,0.0
1000059662,28522.0,Madrid,11959.83,19,629.4647368421053,0.3569192235441453,0.3052168533213466,95,True,0.0,-1.0,0.0
8958,41011.0,Sevilla,11959.41,14,854.2435714285714,0.24911032028469748,0.22243155413212,96,True,0.0,-0.32188057526237757,1.0346923951458393
42658,28803.0,Madrid,11934.56,23,518.8939130434783,1.0072992700729928,0.6967901718384464,82,True,0.0,1.6546668135016307,0.6439786887941125
9980,15500.0,A Coruña,11932.449999999999,9,1325.8277777777776,0.15910430170889805,0.14764755315483274,53,True,0.0,-1.0,0.0
42718,28280.0,Madrid,11932.42,12,994.3683333333333,0.5598755832037325,0.44460606372431616,84,True,0.0,-0.11683033681315343,0.0
12209,17004.0,Girona,11924.49,11,1084.0445454545454,0.20650813516896122,0.18773034884427095,207,False,0.0,0.9665524317977693,0.0
1000067471,7011.0,Baleares,11919.08,12,993.2566666666667,0.20385050962627407,0.18552517773798793,26,True,0.0,-1.0,0.3304572088663467
1000061715,12001.0,Castellón,11918.45,24,496.6020833333334,0.4015616285554936,0.33758706393845933,17,True,0.0,0.04082894465663069,0.0
1000082409,43001.0,Tarragona,11917.62,14,851.2585714285715,0.30656934306569344,0.2674048800126301,55,True,0.0,-1.0,0.0
35514,36209.0,Pontevedra,11904.57,17,700.2688235294117,0.3148148148148148,0.27369583047704105,185,False,0.0,-0.2660260296140891,0.0
29148,4740.0,Almería,11903.37,9,1322.5966666666668,0.15288788221970553,0.142269996506508,54,True,0.0,-0.8661575912876363,0.0
27731,11407.0,Cádiz,11901.91,14,850.1364285714286,0.25225225225225223,0.2249437318183576,40,True,0.0,0.30475707079672193,0.0
1000082716,28943.0,Madrid,11893.77,11,1081.2518181818182,0.3016453382084095,0.26362910898999453,62,True,0.0,-1.0,0.0
23589,18630.0,Granada,11892.869999999999,10,1189.2869999999998,0.1735106998264893,0.15999985414252424,69,True,0.0,-1.0,0.0
1000041054,15705.0,A Coruña,11890.32,9,1321.1466666666665,0.16216216216216217,0.15028220304933798,75,True,0.0,-1.0,0.0
30454,9600.0,Burgos,11886.89,15,792.4593333333333,0.2574370709382151,0.2290755787480859,49,True,0.0,-1.0,0.0
1000064511,28220.0,Madrid,11878.91,22,539.9504545454546,0.3767123287671233,0.3196982863507393,38,True,0.0,-0.022527138932296558,0.0
1000041827,47008.0,Valladolid,11874.12,15,791.6080000000001,0.2540937323546019,0.2264131861115939,18,True,0.0,-1.0,0.0
1000080718,41740.0,Sevilla,11871.45,16,741.965625,0.2772963604852686,0.24474562568123703,55,True,0.0,-1.0,0.0
13879,11405.0,Cádiz,11866.68,9,1318.52,0.16523867809057527,0.15292593993136241,171,True,0.0,-1.0,0.0
18670,38670.0,Sta.Cruz Tenerife,11856.99,16,741.061875,0.2853745541022592,0.2510501576662602,67,True,0.0,-1.0,0.0
30352,36210.0,Pontevedra,11856.95,15,790.4633333333334,0.25626423690205014,0.22814242561838582,55,True,0.0,-0.36687429587956216,0.0
1000069328,46530.0,Valencia,11853.0,20,592.65,0.425531914893617,0.35454501768090746,173,True,0.0,0.3705727209714471,0.0
37401,24300.0,León,11850.0,9,1316.6666666666667,0.16443361753958588,0.15223480359897307,31,True,0.0,0.7741732936180213,0.0
2143,36800.0,Pontevedra,11848.45,12,987.3708333333334,0.20396600566572237,0.18562111199112005,27,True,0.0,-0.4991069868571762,0.0
1000078433,8830.0,Barcelona,11847.52,7,1692.5028571428572,0.1439342015078821,0.13447337513904942,94,True,0.0,-1.0,0.0
1000100320,46290.0,Valencia,11846.68,17,696.8635294117647,0.8360655737704918,0.6076250071217834,41,True,0.0,-1.0,0.0
356,41004.0,Sevilla,11844.86,12,987.0716666666667,0.2262727844123193,0.20397931228532434,150,True,0.0,0.3068130082836659,0.0
1000080775,34004.0,Palencia,11843.36,17,696.6682352941177,0.29159519725557465,0.25587804144940124,49,True,0.0,0.3996101257128794,0.0
25315,30506.0,Murcia,11838.85,16,739.928125,0.282021151586369,0.2484378572596967,102,True,0.0,2.2858959659990767,0.3489052586939031
5040,20560.0,Gipúzkoa,11830.9,17,695.935294117647,0.48341232227488157,0.39434505706408673,742,False,0.0,-1.0,0.0
1000063279,28025.0,Madrid,11830.59,9,1314.51,0.20516717325227962,0.18661829030953078,396,False,0.0,0.15256184488805985,0.0
1000077389,48960.0,Vizcaya,11828.62,13,909.8938461538462,0.22452504317789293,0.20255304895913226,38,True,0.0,-1.0,0.0
1000082652,17600.0,Girona,11825.99,11,1075.09,0.2943800178412132,0.25803182981202794,70,True,0.0,-1.0,0.0
1000080063,8913.0,Barcelona,11825.619999999999,15,788.3746666666666,0.29069767441860467,0.2551829050588264,195,False,0.0,-1.0,0.0
1000100509,8600.0,Barcelona,11816.69,12,984.7241666666667,0.5034965034965035,0.40779339786775554,66,True,0.0,-0.08550280942647374,0.0
42287,38380.0,Sta.Cruz Tenerife,11810.97,20,590.5485,0.47619047619047616,0.38946476676172326,48,True,0.0,0.5483972577527455,0.0
1000080274,28937.0,Madrid,11805.41,11,1073.219090909091,0.19549763033175355,0.17856252575765183,31,True,0.0,0.2669134121876872,0.6684296059618615
1000081560,33420.0,Asturias,11794.289999999999,8,1474.2862499999999,0.14925373134328357,0.1391128024627178,206,False,0.0,-1.0,0.0
21206,40004.0,Segovia,11793.35,16,737.084375,0.3443328550932568,0.29589787147789826,47,True,0.0,-1.0,0.0
1998,38600.0,Sta.Cruz Tenerife,11791.19,13,907.0146153846155,0.2372262773722628,0.21287200099238004,110,True,0.0,-1.0,0.0
1000081414,28012.0,Madrid,11785.76,11,1071.4327272727273,0.25229357798165136,0.2249767323958707,441,False,0.0,-1.0,0.0
1000073586,28919.0,Madrid,11780.34,12,981.695,0.2158273381294964,0.1954247817923817,97,True,0.0,-1.0,0.0
1000082703,32630.0,Orense,11778.91,10,1177.891,0.2669039145907473,0.23657606151828467,39,True,0.0,-1.0,0.0
1000080454,3503.0,Alicante,11771.34,18,653.9633333333334,0.31690140845070425,0.2752815592533259,67,True,0.0,-1.0,0.0
1000080968,28024.0,Madrid,11770.27,26,452.7026923076923,0.4548104956268222,0.37487564858557876,55,True,0.0,-1.0,0.0
12349,0.0,,11754.63,12,979.5524999999999,0.20477815699658702,0.18629544791622946,11,True,0.0,-1.0,0.4897838152629085
35570,18193.0,Granada,11751.150000000001,13,903.9346153846155,0.24390243902439027,0.218253566020018,173,True,0.3333333333333333,-1.0,0.38281191705833123
10997,28008.0,Madrid,11750.62,10,1175.0620000000001,0.20107238605898123,0.1832148127711696,224,False,0.0,-1.0,0.0
9713,24003.0,León,11745.25,11,1067.75,0.41147132169576056,0.3446326508966137,1005,False,0.0,-0.25162915112098216,0.0
1000080043,29603.0,Málaga,11740.69,8,1467.58625,0.1836266258607498,0.16858313694884416,216,False,0.0,-1.0,0.0
1000081915,4610.0,Almería,11738.01,10,1173.801,0.1875,0.17185025692665923,214,False,0.0,-1.0,0.0
1000082464,28047.0,Madrid,11736.85,11,1066.9863636363636,0.3089887640449438,0.2692549032736154,304,False,0.0,-1.0,0.0
40832,20200.0,Gipúzkoa,11736.3,13,902.7923076923076,0.3838582677165354,0.324875444232183,773,False,0.0,-1.0,0.0
1000056448,28400.0,Madrid,11726.41,7,1675.2014285714286,0.2097902097902098,0.19044696423787166,454,False,0.0,-1.0,0.0
36756,28014.0,Madrid,11719.6,21,558.0761904761905,0.3545301069217783,0.30345460962842064,13,True,0.0,0.542590345943164,0.0
31062,4721.0,Almería,11703.06,20,585.153,0.3464203233256351,0.2974494583480025,47,True,0.0,0.02195499767833099,0.0
1000082442,33204.0,Asturias,11701.93,11,1063.8118181818181,0.25210084033613445,0.22482281283392974,68,True,0.0,-0.07155271359022473,0.0
1000038685,6207.0,Badajoz,11678.05,6,1946.3416666666665,0.1256106071179344,0.11832565029703701,339,False,0.0,-1.0,0.0
16613,15004.0,A Coruña,11676.96,15,778.4639999999999,0.36319612590799033,0.30983203517865765,551,False,0.0,-1.0,0.0
1000081708,31300.0,Navarra,11674.36,5,2334.8720000000003,0.29940119760479045,0.26190354112370445,1250,False,0.0,-1.0,0.0
1000100137,35003.0,Las Palmas,11673.15,17,686.6558823529411,0.4908565928777671,0.39935084931764125,11,True,0.0,-1.0,0.0
1000060172,30880.0,Murcia,11669.97,14,833.5692857142857,0.2737940026075619,0.24199985067552654,31,True,0.0,0.28944057269690215,0.0
30266,46021.0,Valencia,11668.5,8,1458.5625,0.16129032258064516,0.14953173397096375,179,True,0.0,-1.0,0.0
40386,46980.0,Valencia,11667.4,17,686.3176470588235,0.5130784708249497,0.4141462978532111,42,True,0.0,0.6957421032974573,0.0
37325,15840.0,A Coruña,11666.27,11,1060.57,0.19298245614035087,0.17645643734155653,94,True,0.0,-1.0,0.0
761,46520.0,Valencia,11666.01,15,777.734,0.3103448275862069,0.27029032973991174,27,True,0.0,-0.30429441739972096,0.4198027746017791
1000080087,8820.0,Barcelona,11665.58,13,897.3523076923077,0.241635687732342,0.2164296133748613,66,True,0.0,-0.05503693819406488,0.0
1000100225,23100.0,Jaén,11656.23,24,485.67625,0.7982261640798226,0.5868007146127345,68,True,0.0,-0.6796719240926504,0.3279322279931775
8160,41011.0,Sevilla,11651.64,12,970.9699999999999,1.281138790035587,0.8246747875869243,1522,False,0.0,-1.0,0.33083808448293867
18785,17005.0,Girona,11650.91,14,832.2078571428572,0.38961038961038963,0.3290234126082223,61,True,0.0,-1.0,0.0
1000078163,47151.0,Valladolid,11633.85,14,830.9892857142858,0.2631578947368421,0.23361485118150516,27,True,0.0,-1.0,0.0
41065,29604.0,Málaga,11632.41,11,1057.4918181818182,0.26634382566585957,0.23613387110389014,431,False,0.0,-1.0,0.0
10039,14009.0,Córdoba,11631.26,12,969.2716666666666,0.21064950263311877,0.19115699462995211,80,True,0.0,-1.0,0.0
31087,19162.0,Guadalajara,11629.83,15,775.322,0.25510204081632654,0.2272168767018456,34,True,0.0,0.8845528709100239,0.0
20787,47002.0,Valladolid,11628.710000000001,7,1661.2442857142858,0.16067329762815608,0.1490002657243103,468,False,0.0,-1.0,0.0
1000071448,18007.0,Granada,11615.130000000001,9,1290.5700000000002,0.7780979827089337,0.5755442439585287,53,True,0.0,-1.0,0.0
35905,28220.0,Madrid,11614.47,8,1451.80875,0.16913319238900634,0.15626261303040184,269,False,0.0,0.01436154744712629,0.0
18749,38390.0,Sta.Cruz Tenerife,11614.27,11,1055.8427272727274,0.21099744245524296,0.19144435264076715,103,True,0.0,-1.0,0.0
36943,11100.0,Cádiz,11613.29,13,893.33,0.5364511691884456,0.4294753215356813,112,True,0.0,0.7546479849108896,0.0
10449,13320.0,Ciudad Real,11607.2,7,1658.1714285714286,0.12650602409638553,0.11912082849804338,151,True,0.0,0.04383788589385568,0.0
7836,38109.0,Sta.Cruz Tenerife,11606.92,12,967.2433333333333,0.2136498516320475,0.19363222569044003,75,True,0.0,-1.0,0.37617307990541765
1000101217,8100.0,Barcelona,11598.64,9,1288.7377777777776,0.703125,0.5324647988694718,33,True,0.0,-1.0,0.0
1000065324,28005.0,Madrid,11593.22,15,772.8813333333333,0.280723643169058,0.24742526440938062,124,True,0.0,-1.0,0.0
27245,10840.0,Cáceres,11593.0,21,552.047619047619,0.3553299492385787,0.30404492966226104,40,True,0.0,-1.0,0.0
22737,35600.0,Las Palmas,11592.79,12,966.0658333333334,0.23529411764705882,0.2113090936672069,217,False,0.0,-1.0,0.0
19350,33007.0,Asturias,11588.95,22,526.7704545454545,0.3685092127303182,0.31372198146740077,26,True,0.0,0.08883256259442861,0.0
1000082327,36800.0,Pontevedra,11588.89,15,772.5926666666667,0.30653950953678477,0.26738204626892265,35,True,0.0,-1.0,0.0
24993,28905.0,Madrid,11579.21,17,681.13,0.3121175030599755,0.2716422467707444,116,True,0.0,-1.0,0.0
1000074004,12540.0,Castellón,11575.97,11,1052.360909090909,0.1916376306620209,0.17532852130298404,82,True,0.0,-1.0,0.0
37539,28019.0,Madrid,11575.39,16,723.461875,0.28402366863905326,0.24999863861738608,45,True,0.0,-0.6273682160879464,0.0
23628,28006.0,Madrid,11572.039999999999,7,1653.1485714285714,0.16279069767441862,0.15082288973458363,473,False,0.0,0.04628293419554402,0.0
17434,0.0,,11567.08,22,525.7763636363636,0.38641686182669793,0.3267226216553812,46,True,0.0,-1.0,0.31008883534299614
40251,46460.0,Valencia,11565.11,19,608.69,0.33529411764705885,0.2891515804311409,56,True,0.0,-1.0,0.0
40128,24400.0,León,11560.31,10,1156.031,0.1791044776119403,0.1647552330760554,60,True,0.0,-0.08035516791628214,0.0
27047,29008.0,Málaga,11559.89,8,1444.98625,0.14209591474245117,0.13286509609792901,83,True,0.0,-1.0,0.0
1000079978,21440.0,Huelva,11553.93,7,1650.5614285714287,0.22316684378320936,0.201443269136503,815,False,0.0,-1.0,0.0
39475,45003.0,Toledo,11548.06,20,577.403,0.3442340791738382,0.29582439298777474,35,True,0.0,0.000533066479355545,0.0
1000079195,29006.0,Málaga,11537.81,11,1048.891818181818,0.2503793626707132,0.22344699540696447,251,False,0.0,-1.0,0.0
1000082122,28045.0,Madrid,11534.27,10,1153.4270000000001,0.2843601895734597,0.2502606874036344,28,True,0.0,-1.0,0.0
1000082769,18200.0,Granada,11529.34,13,886.8723076923077,0.39274924471299094,0.3312796676195856,104,True,0.0,-1.0,0.0
8562,28010.0,Madrid,11527.119999999999,19,606.6905263157894,0.32664756446991405,0.2826551318838069,45,True,0.0,-0.1880415433933251,0.0
23649,28019.0,Madrid,11522.04,12,960.1700000000001,0.22429906542056074,0.20236848873924537,97,True,0.0,-1.0,0.0
2858,28021.0,Madrid,11521.130000000001,11,1047.3754545454547,0.19264448336252188,0.17617309649350213,108,True,0.0,-1.0,0.0
1000080449,8017.0,Barcelona,11511.33,12,959.2775,0.650994575045208,0.5013778790726336,82,True,0.0,-0.3328176569557342,0.23573551879263666
35333,35006.0,Las Palmas,11498.13,7,1642.59,0.20134228187919465,0.18343949989529587,630,False,0.0,0.7147774316124718,0.0
31482,11500.0,Cádiz,11494.2,28,410.50714285714287,0.49266862170087977,0.40056553926700594,53,True,0.0,-0.30142686162735594,0.0
35410,18008.0,Granada,11492.24,13,884.0184615384616,0.26244952893674295,0.2330539042884655,31,True,0.0,0.2695400827885621,0.0
20694,28010.0,Madrid,11491.73,16,718.233125,0.28776978417266186,0.2529118727100632,80,True,0.0,-0.5373323054344126,0.0
25266,28012.0,Madrid,11488.83,19,604.6752631578947,0.40425531914893614,0.3395071403163669,340,False,0.0,0.6428394117976978,0.0
36972,0.0,,11481.94,15,765.4626666666667,0.39612676056338025,0.3337018029136966,636,False,0.0,-1.0,0.0
879,46019.0,Valencia,11475.58,14,819.6842857142857,0.2599009900990099,0.2310331385893727,28,True,0.0,-1.0,0.0
7289,19002.0,Guadalajara,11475.05,19,603.9499999999999,0.33470346447445687,0.28870914318985497,81,True,0.0,-1.0,0.0
9810,35500.0,Las Palmas,11452.27,14,818.0192857142857,0.2457577530719719,0.21974398177788856,75,True,0.0,0.038191209694757,0.0
1000082125,18170.0,Granada,11450.67,17,673.5688235294118,0.3163771712158809,0.27488339610735485,19,True,0.0,-1.0,0.0
17168,29008.0,Málaga,11449.869999999999,20,572.4934999999999,0.3363228699551569,0.2899217150452857,28,True,0.0,0.005751748251748188,0.0
1000073476,28025.0,Madrid,11441.95,16,715.121875,0.32454361054766734,0.28106795523374095,17,True,0.0,-0.04625704015549463,0.0
28357,8260.0,Barcelona,11434.36,14,816.74,0.24096385542168675,0.21588838043303785,54,True,0.0,-0.17913599541869993,0.0
41365,7002.0,Baleares,11433.91,13,879.5315384615385,0.22349570200573066,0.2017120910261974,54,True,0.0,-1.0,0.0
1000081097,33202.0,Asturias,11433.61,19,601.7689473684211,0.9253246753246752,0.655094616024151,826,False,0.5,0.002634808064707375,0.0
24666,28850.0,Madrid,11431.1,13,879.3153846153847,0.24314214463840397,0.21764216209532383,69,True,0.0,0.4941740293200847,0.30683802629050433
19307,20006.0,Gipúzkoa,11402.03,25,456.0812,0.4345307068366165,0.36083776216111346,67,True,0.0,-1.0,0.0
37467,41500.0,Sevilla,11401.97,28,407.2132142857143,0.47191011235955055,0.3865609534690117,31,True,0.0,-0.33300081153293454,0.0
36601,28590.0,Madrid,11399.31,14,814.2364285714285,0.260707635009311,0.2316731784034103,180,False,0.0,-0.02132301753949064,0.0
1000078520,22200.0,Huesca,11396.29,14,814.0207142857143,0.26649746192893403,0.23625518645358487,101,True,0.0,-1.0,0.0
39031,38650.0,Sta.Cruz Tenerife,11395.61,19,599.7689473684211,0.3216704288939052,0.2788964129926364,35,True,0.0,0.15951165272196022,0.0
28140,45800.0,Toledo,11394.07,11,1035.8245454545454,0.22790055248618785,0.20530584312818823,196,False,0.3333333333333333,0.3845525140982139,1.4927719422802632
41014,8201.0,Barcelona,11393.79,13,876.4453846153847,0.2445141065830721,0.21874517790234585,159,True,0.0,0.2775153629223347,0.0
1000074435,0.0,,11388.64,13,876.0492307692307,0.308300395256917,0.26872888664954264,531,False,0.0,-1.0,0.0
30231,18194.0,Granada,11384.93,16,711.558125,0.4328223624887286,0.35964617918634895,697,False,0.0,0.06300605930612906,0.0
1000078355,8320.0,Barcelona,11383.36,15,758.8906666666667,0.27950310559006214,0.2464718038051181,180,False,0.0,-1.0,0.0
37861,46007.0,Valencia,11379.34,21,541.8733333333333,0.35754824063564133,0.30568030857439754,31,True,0.0,1.415542869749869,0.0
7736,13500.0,Ciudad Real,11375.630000000001,12,947.9691666666668,0.2177858439201452,0.1970343278187673,28,True,0.0,-0.4736684542813402,0.0
35666,46900.0,Valencia,11375.61,21,541.6957142857143,0.35795454545454547,0.3059795568933589,61,True,0.0,-1.0,0.0
1000080486,8830.0,Barcelona,11357.02,12,946.4183333333334,0.24657534246575344,0.22040006536845894,115,True,0.0,-1.0,0.0
9353,50008.0,Zaragoza,11356.349999999999,9,1261.8166666666666,0.15798712697483908,0.14668326248697483,91,True,0.0,-1.0,0.0
1964,37300.0,Salamanca,11341.39,9,1260.1544444444444,0.15606936416184972,0.14502577205025774,66,True,0.0,0.46629454388005825,0.0
1000080597,46980.0,Valencia,11340.16,8,1417.52,0.17817371937639198,0.16396554411604508,26,True,0.0,-1.0,0.0
1000073529,33600.0,Asturias,11334.77,10,1133.477,0.2109704641350211,0.19142207462448993,206,False,0.0,2.101018501551324,0.0
1000073701,4003.0,Almería,11330.869999999999,34,333.26088235294117,0.5772495755517827,0.4556825551622518,45,True,0.0,-0.1731032512878095,0.0
40397,11500.0,Cádiz,11320.3,20,566.015,0.34071550255536626,0.29320342858930676,59,True,0.0,0.025725131209341986,0.0
1000101127,29010.0,Málaga,11316.91,13,870.5315384615385,0.7632093933463796,0.5671356674046335,54,True,0.0,-1.0,0.0
1000077796,21100.0,Huelva,11309.09,9,1256.5655555555556,0.15873015873015872,0.14732471475685843,28,True,0.0,-1.0,0.0
2227,39540.0,Cantabria,11303.08,10,1130.308,0.1768867924528302,0.1628726405195609,90,True,0.0,-1.0,0.0
9741,26003.0,La Rioja,11300.62,13,869.2784615384616,0.2404438964241677,0.2154692965442716,154,True,0.0,-1.0,0.0
17116,38660.0,Sta.Cruz Tenerife,11295.43,16,705.964375,0.27586206896551724,0.24362208265775043,24,True,0.0,-1.0,0.0
23196,35007.0,Las Palmas,11288.61,11,1026.2372727272727,0.21554539516655782,0.195192860984567,210,False,0.0,-1.0,0.0
1000082137,28031.0,Madrid,11285.49,12,940.4575,0.22828154724159797,0.2056160764439575,67,True,0.0,-1.0,0.0
33039,46003.0,Valencia,11276.869999999999,11,1025.1699999999998,0.19423190111830488,0.1775032181538827,27,True,0.0,-1.0,1.0599132470090473
1000082081,41008.0,Sevilla,11275.87,18,626.4372222222223,0.3249097472924188,0.2813443418672318,45,True,0.0,-0.1354377423656848,0.0
42435,8950.0,Barcelona,11248.619999999999,7,1606.945714285714,0.19943019943019943,0.1818466102165156,82,True,0.0,-1.0,0.0
11344,8203.0,Barcelona,11242.71,17,661.3358823529411,0.2878103837471783,0.25294339925699466,24,True,0.0,0.40557978327613187,0.0
1000101002,18014.0,Granada,11233.06,13,864.0815384615385,0.6543624161073825,0.5034156875372856,34,True,0.0,-1.0,0.0
27964,8906.0,Barcelona,11231.46,15,748.7639999999999,0.2569960022844089,0.2287247492406098,12,True,0.0,-1.0,0.0
16737,28400.0,Madrid,11230.55,11,1020.9590909090908,0.21710526315789475,0.19647530423204843,110,True,0.0,-0.4101367279585102,0.0
20335,2003.0,Albacete,11225.31,15,748.3539999999999,0.26548672566371684,0.23545681154756673,96,True,0.0,-1.0,0.0
28026,12540.0,Castellón,11220.560000000001,10,1122.056,0.17921146953405018,0.16484596894400627,70,True,0.0,-1.0,0.0
1000058161,23008.0,Jaén,11217.36,10,1121.736,0.17191977077363899,0.1586432338403746,32,True,0.0,-1.0,0.0
16109,24401.0,León,11215.380000000001,21,534.0657142857143,0.36820572764465226,0.3135001935987173,68,True,0.0,-1.0,0.0
36502,15006.0,A Coruña,11213.960000000001,23,487.5634782608696,0.40852575488454707,0.3425435934951576,96,True,0.0,1.8931572532147267,0.0
1000074814,32001.0,Orense,11213.4,16,700.8375,0.29593094944512943,0.25922931676153815,83,True,0.0,-1.0,0.0
1000078683,6004.0,Badajoz,11212.88,26,431.26461538461535,0.45640725570509066,0.3759726192520011,70,True,0.0,-0.3199865151576224,0.0
1000081029,31009.0,Navarra,11210.44,7,1601.4914285714287,0.1425661914460285,0.13327677772817573,278,False,0.0,2.136388456491797,0.0
30751,28850.0,Madrid,11203.45,11,1018.4954545454547,0.22649279341111872,0.2041587089642232,354,False,0.0,0.40172958735733094,0.0
1000078127,27835.0,Lugo,11196.58,16,699.78625,0.3274215552523874,0.28323838029935355,262,False,0.0,-0.5590397202125987,0.235108910631153
13420,8400.0,Barcelona,11193.75,17,658.4558823529412,0.3177570093457944,0.2759310559162621,208,False,0.0,0.4520162103336678,0.22724533259018992
39653,28010.0,Madrid,11192.75,20,559.6375,0.3710575139146568,0.31558235003920465,179,True,0.0,-1.0,0.0
1000075660,50017.0,Zaragoza,11191.15,12,932.5958333333333,0.27522935779816515,0.24312605090154807,35,True,0.0,-1.0,0.0
24195,8006.0,Barcelona,11190.18,9,1243.3533333333335,0.16042780748663102,0.14878873668587292,80,True,0.0,-1.0,0.0
40358,28937.0,Madrid,11184.41,19,588.6531578947369,0.3281519861830743,0.28378849193264877,40,True,0.0,-1.0,0.0
9893,35500.0,Las Palmas,11180.54,7,1597.22,0.23675310033821872,0.21248947796565076,910,False,0.0,-1.0,0.0
477,41003.0,Sevilla,11179.81,17,657.6358823529412,0.3138461538461539,0.2729588308988871,181,False,0.0,-1.0,0.0
1000100515,8010.0,Barcelona,11171.47,15,744.7646666666666,0.6048387096774194,0.47302325911945553,34,True,0.0,-1.0,0.0
7868,19200.0,Guadalajara,11170.68,19,587.9305263157895,0.32515687393040504,0.28153084784917465,31,True,0.0,0.26046504456163067,0.0
1000081973,29640.0,Málaga,11162.880000000001,11,1014.8072727272728,0.20245398773006135,0.1843644584237549,118,True,0.0,-1.0,0.0
42559,8304.0,Barcelona,11149.050000000001,11,1013.5500000000001,0.4947526236881559,0.40196072404621463,74,True,0.0,-1.0,0.0
1000078976,41940.0,Sevilla,11148.59,15,743.2393333333333,0.27124773960216997,0.2399988902883301,61,True,0.0,-1.0,0.0
1000080379,28044.0,Madrid,11144.85,13,857.2961538461539,0.22981732469063051,0.20686564184297443,74,True,0.0,-1.0,0.0
1000067436,18015.0,Granada,11143.84,15,742.9226666666667,0.27760641579272055,0.24498833965990807,175,True,0.0,0.5912416928996151,0.0
1000079072,28693.0,Madrid,11133.3,13,856.4076923076923,0.26476578411405294,0.2348869541389582,332,False,0.0,0.7539841375731968,0.0
1000082156,31002.0,Navarra,11128.5,6,1854.75,0.11070110701107011,0.10499144386917483,41,True,0.0,-1.0,0.0
1000100177,36001.0,Pontevedra,11127.53,12,927.2941666666667,0.36363636363636365,0.3101549283038395,38,True,0.0,-1.0,0.0
11479,50008.0,Zaragoza,11123.66,11,1011.2418181818182,0.1935483870967742,0.1769307081590782,102,True,0.0,0.030557768352062673,0.0
1000057213,13270.0,Ciudad Real,11120.35,16,695.021875,0.27842227378190254,0.2456267190491667,41,True,0.0,-1.0,0.0
40371,33820.0,Asturias,11116.51,11,1010.5918181818182,0.24300441826215022,0.21753136703726098,313,False,0.0,-1.0,0.0
32134,28006.0,Madrid,11112.039999999999,14,793.7171428571428,0.3703703703703704,0.3150810466398954,677,False,0.0,-1.0,0.0
1000079794,33600.0,Asturias,11105.04,11,1009.549090909091,0.2042079207920792,0.18582202366490969,61,True,0.0,-1.0,0.0
1000081208,33940.0,Asturias,11090.550000000001,24,462.10625000000005,0.6486486486486487,0.49995595152908684,704,False,0.0,-0.22767165720185856,0.4832276366833184
1000077018,30203.0,Murcia,11090.35,16,693.146875,0.28898254063816975,0.2538531789763879,47,True,0.0,-1.0,0.0
1000058338,28053.0,Madrid,11082.6,14,791.6142857142858,0.2517985611510791,0.22458136608383727,27,True,0.0,-0.07522485690923962,0.0
1000081916,4001.0,Almería,11072.49,18,615.1383333333333,0.3117782909930716,0.2713836907186615,81,True,0.0,-1.0,0.0
28915,17002.0,Girona,11072.32,10,1107.232,0.1893939393939394,0.1734438827619372,223,False,0.0,0.07709490992380304,0.0
1000075287,21005.0,Huelva,11071.58,12,922.6316666666667,0.2058319039451115,0.18716970546017253,68,True,0.0,-1.0,0.0
42152,7002.0,Baleares,11070.3,19,582.6473684210526,0.4151493080844865,0.34723504360946905,97,True,0.0,-1.0,0.0
474,41016.0,Sevilla,11067.35,18,614.8527777777778,0.3172737955346651,0.2755642944987858,104,True,0.0,-0.013633295795006297,0.0
1000082418,46980.0,Valencia,11065.6,15,737.7066666666667,0.33987915407854985,0.2925794263725713,89,True,0.0,-1.0,0.0
27375,28522.0,Madrid,11056.39,13,850.4915384615384,0.22426682001150086,0.20234215053919644,18,True,0.0,0.5851252058093529,0.0
1000080467,15670.0,A Coruña,11050.8,8,1381.35,0.6266318537859007,0.4865115296068071,1379,False,0.0,-0.052495962323236084,0.0
21989,45860.0,Toledo,11049.800000000001,12,920.8166666666667,0.21739130434782608,0.19671029424605424,25,True,0.0,-1.0,0.0
1000082598,28931.0,Madrid,11039.01,10,1103.901,0.308641975308642,0.2689899394396284,308,False,0.0,-1.0,0.0
21936,15005.0,A Coruña,11037.39,16,689.836875,0.2742857142857143,0.24238579753660472,54,True,0.0,0.5278554229376224,0.0
1000079051,41704.0,Sevilla,11031.66,12,919.305,0.23003194888178916,0.20704014374763102,60,True,0.0,0.6795919902699585,0.0
7372,28016.0,Madrid,11021.3,12,918.4416666666666,0.22570532915360503,0.20351645720052122,84,True,0.0,-1.0,0.715590570192548
6712,27700.0,Lugo,11021.2,9,1224.5777777777778,0.18392370572207087,0.16883409665087648,231,False,0.0,-1.0,0.0
33315,46100.0,Valencia,11021.14,8,1377.6425,0.1988400994200497,0.18135450553395235,551,False,0.0,-1.0,0.0
1000079399,28019.0,Madrid,11019.7,11,1001.7909090909092,0.2216252518468771,0.20018214583411326,290,False,0.0,-1.0,0.0
35117,41927.0,Sevilla,11012.880000000001,8,1376.6100000000001,0.14805675508945096,0.13807073490657465,45,True,0.0,-0.15536949653515175,0.0
35104,19170.0,Guadalajara,11008.66,13,846.8199999999999,0.23679417122040072,0.2125226860491655,118,True,0.0,-1.0,0.0
1000101134,18600.0,Granada,11008.53,12,917.3775,1.0344827586206897,0.7102416139192455,83,True,0.0,-1.0,0.024457893185282863
1000082357,28039.0,Madrid,11006.89,10,1100.6889999999999,0.32608695652173914,0.2822324676842162,551,False,0.0,-0.3853339188893164,0.0
37197,18013.0,Granada,11006.619999999999,11,1000.6018181818181,0.18857142857142856,0.1727521057778039,40,True,0.0,0.369014835529434,0.0
1000041273,16002.0,Cuenca,11001.78,10,1100.178,0.20202020202020202,0.18400364297693947,6,True,0.0,-1.0,0.0
1000082340,41410.0,Sevilla,11001.73,6,1833.6216666666667,0.1271186440677966,0.119664503756089,74,True,0.0,0.2741330796701009,0.0
1000080102,8041.0,Barcelona,10998.05,17,646.9441176470588,0.3096539162112933,0.2697629162115161,67,True,0.3333333333333333,0.3186557946588063,1.4927719422802632
1000082287,18600.0,Granada,10990.97,21,523.3795238095238,0.41916167664670656,0.35006632871837606,34,True,0.0,-1.0,0.0
10206,28018.0,Madrid,10984.2,10,1098.42,0.17772511848341233,0.16358471206061692,115,True,0.0,-1.0,0.0
22597,33001.0,Asturias,10983.82,16,686.48875,0.2787456445993031,0.24587963229494916,27,True,0.0,-1.0,0.0
1000053469,43840.0,Tarragona,10983.4,13,844.876923076923,0.21678710394663703,0.19621386357232984,13,True,0.0,-0.7771296460304198,0.0
1000072759,41710.0,Sevilla,10969.22,9,1218.802222222222,0.16656384947563233,0.1540625469227814,151,True,0.0,-1.0,0.0
1000081188,18140.0,Granada,10967.970000000001,19,577.2615789473684,0.7808219178082192,0.5770750093071912,1091,False,0.0,-1.0,0.45271111131766073
1000078678,28054.0,Madrid,10966.88,13,843.6061538461538,0.22071307300509338,0.19943517406946,54,True,0.0,-1.0,0.0
23423,33750.0,Asturias,10965.06,14,783.2185714285714,0.2631578947368421,0.23361485118150516,203,False,0.0,-0.22961950649249083,0.0
35566,44600.0,Teruel,10957.07,13,842.8515384615384,0.23423423423423423,0.21045072451579078,12,True,0.0,-1.0,0.0
21846,8921.0,Barcelona,10953.08,14,782.3628571428571,0.24249422632794457,0.21712083215929456,88,True,0.0,0.13492852129768526,0.14914208916418542
1000078307,37500.0,Salamanca,10947.23,9,1216.358888888889,0.17786561264822134,0.16370399777788422,237,False,0.0,-0.09592199843427524,0.0
27852,28931.0,Madrid,10941.47,9,1215.7188888888888,0.22689075630252103,0.20448312859680706,595,False,0.0,-1.0,0.0
25590,15840.0,A Coruña,10941.38,9,1215.7088888888889,0.19081272084805653,0.1746360327091241,111,True,0.0,-0.12676665935792725,0.0
1000077779,23005.0,Jaén,10931.59,14,780.8278571428572,0.2507462686567164,0.22374038809707128,131,True,0.0,-1.0,0.0
1000080417,28055.0,Madrid,10920.43,16,682.526875,0.29981261711430357,0.26222011339691975,76,True,0.0,-1.0,0.0
1000072731,28005.0,Madrid,10917.02,16,682.31375,0.2831858407079646,0.24934592370823383,90,True,0.0,-0.1685341552216526,0.0
716,43001.0,Tarragona,10907.039999999999,15,727.136,0.25181869054280914,0.22459744633070153,19,True,0.0,-1.0,0.0
1000075760,50010.0,Zaragoza,10903.84,7,1557.6914285714286,0.23516237402015677,0.21120243837700342,434,False,0.0,-1.0,0.0
1000079687,28805.0,Madrid,10888.880000000001,17,640.5223529411766,0.2878103837471783,0.25294339925699466,31,True,0.0,0.1777786904771683,0.0
1000080093,3502.0,Alicante,10878.11,10,1087.8110000000001,0.1757469244288225,0.16190362600189753,27,True,0.0,1.3019455145114165,0.0
1000056485,38204.0,Sta.Cruz Tenerife,10877.07,10,1087.7069999999999,0.16939582156973462,0.15648722361275064,28,True,0.0,-1.0,0.0
1000078303,39560.0,Cantabria,10873.08,13,836.3907692307693,0.2292768959435626,0.2064261070327718,67,True,0.0,-0.6879606624575018,0.0
1000079798,4770.0,Almería,10871.15,22,494.1431818181818,0.42829331602855286,0.3564802462063459,25,True,0.0,-0.16000241078424157,0.4714045207910315
1000067238,8015.0,Barcelona,10870.57,10,1087.057,0.19633507853403143,0.17926278228762954,270,False,0.0,-1.0,0.0
1000039922,28005.0,Madrid,10870.37,12,905.8641666666667,0.20202020202020202,0.18400364297693947,17,True,0.0,-1.0,0.0
39261,8017.0,Barcelona,10868.16,15,724.544,0.27439024390243905,0.2424678241406126,173,True,0.0,0.774169631918368,0.0
1000080317,46600.0,Valencia,10864.68,8,1358.085,0.16032064128256512,0.14869638182147657,27,True,0.5,0.4761400579767001,1.4927719422802632
1000081991,8500.0,Barcelona,10863.38,12,905.2816666666666,0.23300970873786409,0.2094580982289555,224,False,0.0,-0.031047893965602667,0.0
1000100375,38005.0,Sta.Cruz Tenerife,10858.53,12,904.8775,0.4522613065326633,0.37312186338793973,94,True,0.0,0.3218632816328216,0.0
1000082157,48950.0,Vizcaya,10855.45,8,1356.93125,0.14510278113663846,0.13549439816238695,12,True,0.5,1.4841620996216978,0.0
1000076148,28025.0,Madrid,10850.84,27,401.88296296296295,0.4623287671232877,0.38003021096034284,59,True,0.0,-0.019605892957046043,0.0
1000077685,28009.0,Madrid,10848.28,17,638.1341176470588,0.30375223347230496,0.26524644044532214,82,True,0.0,0.08555352780090987,0.0
1000070964,8012.0,Barcelona,10844.14,9,1204.9044444444444,0.1534090909090909,0.14272198400363556,54,True,0.0,-1.0,0.0
1000076512,23700.0,Jaén,10842.72,11,985.7018181818181,0.21710526315789475,0.19647530423204843,201,False,0.0,-1.0,0.0
2000658,0.0,Andorra,10841.09,9,1204.5655555555556,0.4115853658536585,0.34471344570209034,35,True,0.0,-1.0,0.0
42239,6800.0,Badajoz,10839.76,26,416.9138461538462,0.5927051671732523,0.46543393355567025,56,True,0.0,0.487768662225946,0.0
37427,8015.0,Barcelona,10826.87,16,676.679375,0.29143897996357016,0.25575708502259686,69,True,0.0,-1.0,0.45734441127578007
290,43001.0,Tarragona,10820.26,25,432.8104,0.4675810473815461,0.3836154993937622,73,True,0.0,0.09314138820392699,0.0
42462,33180.0,Asturias,10817.44,9,1201.937777777778,0.2459016393442623,0.2198594761130198,13,True,0.0,-1.0,0.0
1000100557,28009.0,Madrid,10803.01,11,982.0918181818182,0.48316251830161056,0.3941766446778933,66,True,0.0,-1.0,0.0
1000080735,3730.0,Alicante,10801.529999999999,11,981.9572727272727,0.203955500618047,0.18561238658404342,159,True,0.0,0.3846998659325277,0.0
1000100141,48008.0,Vizcaya,10795.52,7,1542.217142857143,0.2497027348394768,0.22290571090400307,55,True,0.0,-1.0,0.0
1000077205,46011.0,Valencia,10794.5,8,1349.3125,0.14796547472256472,0.13799122316165413,77,True,0.0,-1.0,0.0
1000078935,13170.0,Ciudad Real,10782.33,9,1198.0366666666666,0.23622047244094488,0.21205871888971678,96,True,0.0,-1.0,0.0
1000081326,46014.0,Valencia,10776.76,10,1077.676,0.17006802721088435,0.15706189003471674,26,True,0.0,-1.0,0.0
42518,2500.0,Albacete,10766.73,15,717.7819999999999,0.45271629778672035,0.3734351127961975,14,True,0.0,-1.0,0.0
1000078513,28043.0,Madrid,10763.02,13,827.9246153846154,0.24238657551274084,0.21703418750801687,147,True,0.0,-1.0,0.0
32995,28806.0,Madrid,10757.76,15,717.184,0.25773195876288657,0.2293100662298737,48,True,0.0,-1.0,0.0
1000080265,48930.0,Vizcaya,10756.08,7,1536.5828571428572,0.21105527638190957,0.19149210876616263,26,True,0.0,-1.0,0.018634576408490318
41792,28770.0,Madrid,10752.27,12,896.0225,0.22443890274314213,0.2024827004879514,161,True,0.0,-1.0,0.0
41364,20001.0,Gipúzkoa,10748.6,16,671.7875,0.2874251497005988,0.25264421571090767,38,True,0.0,-1.0,0.0
13297,8030.0,Barcelona,10747.17,13,826.7053846153847,0.2793696275071633,0.24636747811412657,355,False,0.0,-1.0,0.0
1000079844,46900.0,Valencia,10746.65,7,1535.2357142857143,0.4895104895104895,0.39844753544951783,1349,False,0.0,1.1028617673263654,0.0
1000073050,23009.0,Jaén,10738.17,14,767.0121428571429,0.34653465346534656,0.29753436889479257,118,True,0.0,0.18913018067237575,0.0
27160,48002.0,Vizcaya,10731.77,5,2146.3540000000003,0.10699001426533523,0.10164463314862866,46,True,0.0,-1.0,0.0
1000075475,33202.0,Asturias,10728.82,15,715.2546666666666,0.2964426877470356,0.2596241196566235,119,True,0.0,-1.0,0.0
14765,8021.0,Barcelona,10726.65,8,1340.83125,0.3846153846153846,0.32542240043462795,1166,False,0.0,-1.0,0.0
26899,28043.0,Madrid,10726.2,24,446.925,0.4088586030664395,0.34277987519559483,11,True,0.0,-1.0,0.0
1000080051,48991.0,Vizcaya,10714.19,25,428.5676,0.4419563936358279,0.36600079820844533,96,True,0.0,-1.0,0.0
1000080797,2630.0,Albacete,10698.199999999999,10,1069.82,0.20229265003371547,0.18423027572520834,224,False,0.0,0.17998234327008977,0.0
26286,28210.0,Madrid,10690.44,27,395.94222222222226,0.49846153846153846,0.4044389407528523,34,True,0.0,-0.3113175704017188,0.09073505945006338
1000081695,44600.0,Teruel,10683.44,11,971.2218181818182,0.2,0.18232155679395465,45,True,0.0,-1.0,0.0
30202,28293.0,Madrid,10674.31,10,1067.431,0.1928020565552699,0.17630520860780896,102,True,0.0,1.8740509106190477,0.0
34933,28980.0,Madrid,10673.31,15,711.554,0.2871729419272495,0.25244829559819093,210,False,0.0,-1.0,0.0
31442,8190.0,Barcelona,10657.59,26,409.9073076923077,0.47794117647058826,0.39065002232302376,173,True,0.0,0.20891369505627871,0.0
1000080049,4867.0,Almería,10655.15,12,887.9291666666667,0.2236024844720497,0.20179936375352553,207,False,0.0,-1.0,0.0
1000100196,46870.0,Valencia,10644.710000000001,8,1330.5887500000001,0.24365482233502536,0.21805448180673848,27,True,0.0,1.3640197703512595,0.0
1000082009,41500.0,Sevilla,10635.03,10,1063.5030000000002,0.2390438247011952,0.21433997304745023,73,True,0.0,-0.24311163483866507,0.0
1000100366,38003.0,Sta.Cruz Tenerife,10625.59,16,664.099375,0.5707491082045184,0.45155264454937727,54,True,0.0,-1.0,0.0
7422,35002.0,Las Palmas,10606.98,11,964.2709090909091,0.20846493998736576,0.18935090955924072,201,False,0.0,-1.0,0.0
40442,3001.0,Alicante,10604.609999999999,8,1325.5762499999998,0.13945380592678674,0.13054902998480686,82,True,0.0,-1.0,0.0
30148,33004.0,Asturias,10601.25,8,1325.15625,0.1652892561983471,0.1529693447814272,290,False,0.0,-1.0,0.6236201506489725
3044,28018.0,Madrid,10592.41,12,882.7008333333333,0.2104032729398013,0.1909535875033907,46,True,0.0,-1.0,0.0
32793,45500.0,Toledo,10589.17,10,1058.917,0.2112676056338028,0.1916674192121923,117,True,0.0,0.3486894541727026,0.0
1000080560,3503.0,Alicante,10588.77,24,441.19875,0.4208065458796026,0.3512247004239299,25,True,0.0,-1.0,0.0
26062,8770.0,Barcelona,10587.44,14,756.2457142857144,0.2621722846441948,0.23283427195211223,83,True,0.0,-1.0,0.0
33274,48009.0,Vizcaya,10580.26,7,1511.4657142857143,0.16444792482380577,0.15224709042761575,269,False,0.0,-1.0,0.0
1000078502,15142.0,A Coruña,10575.720000000001,13,813.5169230769231,0.22272986864648772,0.20108595630383094,59,True,0.0,-1.0,0.0
35906,41001.0,Sevilla,10574.0,8,1321.75,0.15706806282722513,0.14588927347112293,38,True,0.0,-1.0,0.0
32249,3420.0,Alicante,10563.43,10,1056.343,0.17772511848341233,0.16358471206061692,19,True,0.0,-0.15113778335809244,0.0
6197,11007.0,Cádiz,10549.43,4,2637.3575,0.17543859649122806,0.1616413515564159,115,True,0.0,2.0957048479362084,0.0
28962,5480.0,Ávila,10542.81,14,753.0578571428571,0.24532710280373832,0.21939822858404776,102,True,0.0,-0.2829344014219832,0.0
31916,28921.0,Madrid,10524.83,13,809.6023076923077,0.2287390029325513,0.20598844263862093,116,True,0.0,0.20838950214129948,0.0
1000065814,28017.0,Madrid,10524.12,11,956.7381818181819,0.18696883852691218,0.17140286298884097,27,True,0.0,-1.0,0.0
1000064990,8720.0,Barcelona,10518.49,20,525.9245,0.3468208092485549,0.2977468590679216,87,True,0.0,-1.0,0.0
3607,29010.0,Málaga,10511.03,12,875.9191666666667,0.21518230723251644,0.19489411264152268,34,True,0.0,-1.0,0.0
1000100572,4770.0,Almería,10508.5,6,1751.4166666666667,0.29411764705882354,0.2578291093020998,95,True,0.0,-0.3002767282498214,0.0
20016,6700.0,Badajoz,10503.82,17,617.8717647058824,0.4922779922779923,0.40030380632793894,762,False,0.0,-1.0,0.0
42620,15175.0,A Coruña,10502.16,6,1750.36,0.24456521739130432,0.218786245945254,76,True,0.0,0.9667271209984385,0.0
6676,28223.0,Madrid,10493.31,9,1165.9233333333332,0.15976331360946744,0.14821594430744375,104,True,0.0,-1.0,0.0
1000042377,28330.0,Madrid,10487.6,9,1165.288888888889,0.15472779369627507,0.1438646397442558,61,True,0.0,-1.0,0.6271383326259982
1000078533,10200.0,Cáceres,10486.98,8,1310.8725,0.13848817080207732,0.12970121630700926,35,True,0.0,-1.0,0.0
1000100513,35006.0,Las Palmas,10483.79,8,1310.47375,0.40268456375838924,0.33838794601935185,181,False,0.0,-1.0,0.0
9036,46113.0,Valencia,10480.189999999999,5,2096.0379999999996,0.08777062609713282,0.08413030460585312,31,True,0.0,-0.4618491546872987,0.0
14372,3201.0,Alicante,10477.42,12,873.1183333333333,0.22263450834879406,0.20100796359351006,111,True,0.0,-1.0,0.0
37182,23740.0,Jaén,10475.380000000001,6,1745.8966666666668,0.3333333333333333,0.2876820724517809,1126,False,0.0,-1.0,0.0
33731,28260.0,Madrid,10450.49,7,1492.9271428571428,0.16380655226209048,0.1516961432830908,229,False,0.0,0.1339759299333054,0.0
1000082188,45600.0,Toledo,10449.630000000001,9,1161.0700000000002,0.25,0.22314355131420976,48,True,0.0,-1.0,0.0
2995,29200.0,Málaga,10446.4,14,746.1714285714286,0.25830258302583026,0.22976365640381588,97,True,0.0,-1.0,0.0
1000079283,41710.0,Sevilla,10442.09,19,549.5836842105264,0.32130777903043967,0.2786219878273784,17,True,0.0,-0.3233576250673207,0.0
1000078634,38008.0,Sta.Cruz Tenerife,10437.07,22,474.4122727272727,0.38150289017341044,0.3231719574337317,55,True,0.0,-1.0,0.0
23631,18500.0,Granada,10437.01,15,695.8006666666666,0.2548131370328426,0.2269866667032691,54,True,0.0,-1.0,0.0
21609,38005.0,Sta.Cruz Tenerife,10435.210000000001,24,434.8004166666667,0.4015616285554936,0.33758706393845933,20,True,0.0,-1.0,0.0
1000072100,29120.0,Málaga,10427.74,14,744.8385714285714,0.2625,0.23309388216737784,186,False,0.0,0.13777488543615607,0.0
11905,12200.0,Castellón,10423.62,23,453.20086956521743,0.42592592592592593,0.3548213752894095,67,True,0.0,-1.0,0.0
42552,43500.0,Tarragona,10411.07,11,946.460909090909,0.4241645244215938,0.3535853431288375,168,True,0.0,-1.0,0.0
1000078182,3801.0,Alicante,10402.14,12,866.8449999999999,0.22613065326633164,0.20386340056870947,52,True,0.0,-0.10041639974375398,0.0
1000079466,50014.0,Zaragoza,10392.43,16,649.526875,0.33637000700770847,0.28995698812358267,349,False,0.0,-1.0,0.0
12746,18151.0,Granada,10390.380000000001,10,1039.038,0.20790020790020788,0.18888348674615005,108,True,0.0,0.26150687532028294,0.0
1000081025,28669.0,Madrid,10390.23,6,1731.705,0.2107728337236534,0.1912588612798046,924,False,0.0,-1.0,0.0
1000100056,44003.0,Teruel,10387.39,9,1154.1544444444444,0.22462562396006655,0.20263518419366866,0,True,0.0,-1.0,0.0
1000057293,46380.0,Valencia,10383.95,19,546.5236842105263,0.3313953488372093,0.2862275267407866,46,True,0.0,-1.0,0.0
1000080095,38430.0,Sta.Cruz Tenerife,10379.1,15,691.94,0.27675276752767525,0.24431995417802332,116,True,0.0,-1.0,0.0
16684,28934.0,Madrid,10378.630000000001,13,798.3561538461539,0.24208566108007448,0.21679195140675903,111,True,0.0,-1.0,0.0
28269,33001.0,Asturias,10376.46,7,1482.3514285714284,0.137434554973822,0.12877533609887157,199,False,0.0,-1.0,0.0
1000080320,28945.0,Madrid,10364.43,9,1151.6033333333335,0.15798712697483908,0.14668326248697483,42,True,0.0,-0.30658552926115534,0.0
15786,4001.0,Almería,10359.05,23,450.39347826086953,0.4883227176220807,0.3976497930181723,111,True,0.0,0.23646845068526953,0.0
4835,20301.0,Gipúzkoa,10358.470000000001,13,796.8053846153847,0.23339317773788149,0.2097690522950653,73,True,0.0,0.06216372990786194,0.0
40381,33204.0,Asturias,10356.0,8,1294.5,0.18264840182648404,0.16775633188303696,34,True,0.0,-1.0,0.0
31342,28002.0,Madrid,10355.66,11,941.4236363636363,0.20780856423173805,0.1888076136363025,75,True,0.0,-0.11251922666490041,0.0
1000079340,28003.0,Madrid,10355.619999999999,10,1035.562,0.17321016166281755,0.15974371957599204,38,True,0.0,-1.0,0.0
1000079823,15006.0,A Coruña,10348.75,13,796.0576923076923,0.22530329289428075,0.2031883993884732,81,True,0.0,-1.0,0.0
1000077884,16004.0,Cuenca,10344.54,19,544.4494736842106,0.32664756446991405,0.2826551318838069,53,True,0.0,-1.0,0.0
29679,8500.0,Barcelona,10340.93,6,1723.4883333333335,0.1486374896779521,0.13857644837035066,54,True,0.0,-1.0,0.0
28420,40002.0,Segovia,10340.42,6,1723.4033333333334,0.1965065502183406,0.17940610283383057,7,True,0.0,-1.0,0.0
1000076258,29004.0,Málaga,10337.53,10,1033.7530000000002,0.39267015706806285,0.3312228807350692,984,False,0.0,-1.0,0.0
1000064259,28006.0,Madrid,10334.78,11,939.5254545454546,0.19400352733686066,0.1773119691845229,74,True,0.0,0.7894844913929798,0.0
1000082789,28030.0,Madrid,10322.84,10,1032.284,0.3027245206861756,0.26445785651665454,77,True,0.0,-1.0,0.0
13961,10200.0,Cáceres,10320.77,8,1290.09625,0.15925680159256803,0.14777911150756112,74,True,0.0,-1.0,0.0
32745,46190.0,Valencia,10315.75,8,1289.46875,0.146163215590743,0.13642003013295143,171,True,0.0,-0.36067618519662653,0.0
1000082399,36203.0,Pontevedra,10309.45,10,1030.9450000000002,0.36585365853658536,0.3117796240308414,609,False,0.0,-1.0,0.0
1000067889,21410.0,Huelva,10301.24,40,257.531,0.6872852233676976,0.5231208606230281,48,True,0.0,-0.0765935788595044,0.0
27145,28945.0,Madrid,10301.03,22,468.2286363636364,0.38018433179723504,0.3222170640150445,41,True,0.0,-1.0,0.0
2167,36300.0,Pontevedra,10295.43,16,643.464375,0.2953846153846154,0.25880765135264394,153,True,0.0,0.11050602312013823,0.0
1000082394,28941.0,Madrid,10278.08,10,1027.808,0.2136752136752137,0.19365312280350463,17,True,0.0,-1.0,0.0
1000080988,40005.0,Segovia,10272.73,10,1027.273,0.1763668430335097,0.16243074218787165,89,True,0.0,-1.0,0.0
1000065849,8551.0,Barcelona,10271.97,12,855.9975,0.20547945205479454,0.18687737332981535,19,True,0.0,-1.0,0.09784646235090008
1000060640,10005.0,Cáceres,10262.35,9,1140.2611111111112,0.18280297901150983,0.16788702760267676,18,True,0.0,-0.7744668103400771,0.1933327420235176
1000081409,30813.0,Murcia,10256.94,8,1282.1175,0.15904572564612326,0.14759701625075317,66,True,0.0,-1.0,0.0
1000063112,50002.0,Zaragoza,10251.960000000001,19,539.5768421052632,0.3187919463087248,0.27671612536385676,18,True,0.0,0.19388853909185766,0.6061110751543998
13962,10600.0,Cáceres,10251.29,8,1281.41125,0.15047021943573669,0.1401707452697257,0,True,0.0,-1.0,0.0
1000100331,35007.0,Las Palmas,10249.81,16,640.613125,0.5436013590033975,0.4341182310925726,25,True,0.0,-1.0,0.0
29968,31009.0,Navarra,10248.39,13,788.3376923076922,0.23076923076923075,0.2076393647782445,66,True,0.0,-1.0,0.0
41570,18190.0,Granada,10246.8,6,1707.8,0.14263074484944532,0.1333332747437359,164,True,0.0,-1.0,0.0
1000079771,8271.0,Barcelona,10242.890000000001,10,1024.2890000000002,0.18808777429467086,0.1723451022975818,174,True,0.0,-1.0,0.0
1000079716,8348.0,Barcelona,10235.22,8,1279.4025,0.14285714285714285,0.13353139262452263,6,True,0.0,-1.0,0.0
1000081521,8320.0,Barcelona,10231.88,1,10231.88,1.0,0.6931471805599453,1381,False,0.0,0.0,0.0
4045,26001.0,La Rioja,10230.44,14,730.7457142857144,0.25925925925925924,0.2305236586118323,40,True,0.0,-0.17687722489281543,0.0
1000079684,30009.0,Murcia,10227.55,6,1704.5916666666665,0.15037593984962405,0.14008879317068168,179,True,0.0,0.5770169695443544,0.0
1000079289,46200.0,Valencia,10216.96,9,1135.2177777777777,0.20579268292682926,0.18713717882356481,472,False,0.0,0.263754410262978,0.0
1000076309,27002.0,Lugo,10211.52,28,364.69714285714286,0.4759206798866855,0.38928198482007015,28,True,0.0,-0.4438421743810109,0.0
21738,38650.0,Sta.Cruz Tenerife,10209.42,21,486.16285714285715,0.3622771707878091,0.3091576898045024,17,True,0.0,-0.043779641342957386,0.0
1420,30500.0,Murcia,10201.55,9,1133.5055555555555,0.16687268232385663,0.154327249087009,117,True,0.0,-1.0,0.0
1000081089,0.0,,10201.21,20,510.06049999999993,0.40214477211796246,0.33800304442110735,321,False,0.0,-0.016855160445339003,0.0
26139,22700.0,Huesca,10195.18,15,679.6786666666667,0.2688172043010753,0.23808513131240885,27,True,0.0,-0.16458307274572803,0.44210833279976475
1000081778,23100.0,Jaén,10193.78,21,485.41809523809525,0.35714285714285715,0.30538164955118186,54,True,0.0,-1.0,0.0
1000078409,33012.0,Asturias,10192.310000000001,23,443.14391304347834,0.40925266903914587,0.34305954192073473,83,True,0.0,-1.0,0.0
38856,5001.0,Ávila,10189.19,11,926.2900000000001,0.20134228187919465,0.18343949989529587,25,True,0.0,-1.0,0.0
1000060080,23680.0,Jaén,10181.82,13,783.2169230769231,0.2575957727873184,0.22920178135391656,207,False,0.0,-0.6698334271857005,0.08096555563954151
13915,11402.0,Cádiz,10174.51,27,376.8337037037037,0.4636519748139668,0.38093466515713004,38,True,0.0,0.02484198568344824,0.0
1000077358,8800.0,Barcelona,10174.17,9,1130.4633333333334,0.16235718580877934,0.15045000001540323,0,True,0.0,-1.0,0.0
2000616,0.0,Andorra,10173.45,7,1453.3500000000001,0.13645224171539963,0.12791134117972286,35,True,0.0,-0.060544463619434795,0.0
827,46980.0,Valencia,10170.0,8,1271.25,0.1593625498007968,0.14787032803970862,185,False,0.0,-1.0,0.0
13650,8020.0,Barcelona,10169.68,12,847.4733333333334,0.22871664548919948,0.2059702470358911,70,True,0.0,-1.0,0.0
5863,28027.0,Madrid,10169.15,6,1694.8583333333333,0.1187335092348285,0.11219725014953143,234,False,0.0,0.2990743241401696,0.0
41145,19209.0,Guadalajara,10167.55,9,1129.7277777777776,0.225752508361204,0.20355494793601975,77,True,0.0,-1.0,0.0
3516,30008.0,Murcia,10157.59,8,1269.69875,0.1434548714883443,0.1340542684534289,18,True,0.0,-1.0,0.0
1000079356,37500.0,Salamanca,10155.029999999999,9,1128.3366666666666,0.17153748411689962,0.1583169751391906,152,True,0.0,-1.0,0.0
8348,28016.0,Madrid,10147.39,14,724.8135714285714,0.24277456647398846,0.21734643362988387,76,True,0.0,-1.0,0.0
1000079629,28912.0,Madrid,10137.15,14,724.0821428571428,0.329153605015674,0.2845423524471132,376,False,0.0,-1.0,0.0
1000070274,8401.0,Barcelona,10134.8,11,921.3454545454545,0.210727969348659,0.1912218062642187,224,False,0.0,0.19976307088424045,0.0
41644,49029.0,Zamora,10131.42,18,562.8566666666667,0.3103448275862069,0.27029032973991174,28,True,0.0,-0.7560311891774996,0.0
31317,4700.0,Almería,10130.56,10,1013.0559999999999,0.19633507853403143,0.17926278228762954,221,False,0.0,-1.0,0.0
30502,28003.0,Madrid,10129.95,7,1447.1357142857144,0.1516245487364621,0.14117359659750608,392,False,0.0,-1.0,0.0
36249,35002.0,Las Palmas,10122.57,4,2530.6425,0.1305767138193689,0.12272786874354036,59,True,0.0,2.2858959659990767,0.0
1000069746,2002.0,Albacete,10121.72,15,674.7813333333332,0.267538644470868,0.23707694475284177,75,True,0.0,-1.0,0.0
27125,50018.0,Zaragoza,10121.0,17,595.3529411764706,0.30303030303030304,0.2646925542270822,46,True,0.0,-0.20831371800800932,0.0
21123,8226.0,Barcelona,10118.52,11,919.8654545454546,0.18560179977502814,0.17025049358740307,27,True,0.0,-0.011059650628596063,0.0
1000054867,46920.0,Valencia,10117.18,12,843.0983333333334,0.2482758620689655,0.22176328884525134,325,False,0.0,0.16624031414528345,0.0
40828,39002.0,Cantabria,10104.710000000001,9,1122.7455555555557,0.2019446522064323,0.1839407886355694,214,False,0.0,-0.1699631842952308,0.0
1000065127,8210.0,Barcelona,10104.34,23,439.3191304347826,0.3929384965831435,0.3314155420520557,47,True,0.0,-1.0,0.0
27760,28024.0,Madrid,10101.24,17,594.1905882352941,0.29209621993127144,0.25626587621840197,24,True,0.0,-0.8523228419620217,0.0
17012,8840.0,Barcelona,10101.0,9,1122.3333333333333,0.15544041450777202,0.14448158255523322,33,True,0.0,-1.0,0.0
1000081816,8018.0,Barcelona,10100.61,11,918.2372727272727,0.18846373500856653,0.17266149410778256,27,True,0.0,-1.0,0.0
12504,18210.0,Granada,10086.55,12,840.5458333333332,0.21264028352037803,0.19280003488579825,63,True,0.0,-1.0,0.0
1000042326,52004.0,Melilla,10084.69,10,1008.469,0.18050541516245489,0.1659426647099149,103,True,0.0,0.4800801344041012,0.0
1861,36001.0,Pontevedra,10078.32,9,1119.8133333333333,0.17363344051446944,0.16010444140325736,227,False,0.0,-1.0,0.0
7275,36955.0,Pontevedra,10076.01,15,671.734,0.2580275229357798,0.2295450363662506,76,True,0.0,-0.286528529937518,0.0
27726,30800.0,Murcia,10074.369999999999,18,559.6872222222222,0.30945558739255014,0.26961146869177754,68,True,0.0,-1.0,0.0
1000082568,50410.0,Zaragoza,10069.51,6,1678.2516666666668,0.18181818181818182,0.1670540846631662,312,False,0.0,-1.0,0.0
1000081633,33005.0,Asturias,10068.3,12,839.025,0.2385685884691849,0.21395634868771396,59,True,0.0,-1.0,0.0
1000076308,15009.0,A Coruña,10058.0,22,457.1818181818182,0.3730921424533635,0.3170652348423872,25,True,0.0,-0.3901192329964579,0.0
1000071395,28027.0,Madrid,10046.46,12,837.2049999999999,0.21518230723251644,0.19489411264152268,88,True,0.0,0.13254630025271322,0.0
1000081281,8913.0,Barcelona,10044.67,11,913.1518181818182,0.19434628975265017,0.17759899783978114,94,True,0.0,-1.0,0.0
27919,11004.0,Cádiz,10034.08,12,836.1733333333333,0.2067777139574957,0.1879537610768114,48,True,0.0,-1.0,0.0
1000081529,28922.0,Madrid,10030.98,16,626.93625,0.31290743155149936,0.2722440913513061,165,True,0.0,1.3300108726699775,0.0
33575,35019.0,Las Palmas,10030.19,31,323.55451612903227,0.575139146567718,0.4543436154023502,174,True,0.0,-0.28125807697177513,0.0
1000058199,28009.0,Madrid,10027.73,27,371.3974074074074,0.46418338108882523,0.3812976680012773,12,True,0.0,-1.0,0.0
31180,46003.0,Valencia,10024.5,7,1432.0714285714287,0.19924098671726756,0.18168884560549511,469,False,0.0,-1.0,0.0
664,45004.0,Toledo,10023.59,11,911.2354545454546,0.19388954171562867,0.17721649956505306,94,True,0.0,0.12683985654140034,0.0
34061,27003.0,Lugo,10017.17,12,834.7641666666667,0.20466173962478681,0.18619881353074091,13,True,0.3333333333333333,-1.0,1.4927719422802632
1000081687,14006.0,Córdoba,10011.73,8,1251.46625,0.3529411764705882,0.30228087187293357,1130,False,0.0,-0.33943019668970154,0.0
1000101080,46025.0,Valencia,10005.65,12,833.8041666666667,0.7563025210084033,0.5632107588532816,118,True,0.0,-0.32461973735558647,0.0
1000081466,14008.0,Córdoba,10004.789999999999,7,1429.2557142857142,0.14,0.1310282624064041,12,True,0.0,-1.0,0.0
42883,8010.0,Barcelona,9995.27,9,1110.5855555555556,0.47703180212014135,0.3900345348815187,0,True,0.0,-1.0,0.0
42460,27540.0,Lugo,9994.94,12,832.9116666666667,0.345489443378119,0.2967578452812232,83,True,0.0,-1.0,0.5632517401774457
12329,15003.0,A Coruña,9993.96,11,908.5418181818181,0.21985343104596936,0.19873071304104875,269,False,0.0,0.12032387631813755,0.0
11473,38300.0,Sta.Cruz Tenerife,9987.69,9,1109.7433333333333,0.15882352941176472,0.14740529168772676,6,True,0.0,-1.0,0.0
39287,28002.0,Madrid,9986.58,20,499.329,0.38216560509554137,0.3236515481921515,222,False,0.0,-1.0,0.0
28334,28015.0,Madrid,9982.630000000001,9,1109.1811111111112,0.16938519447929737,0.15647813589537615,216,False,0.0,2.2858959659990767,0.0
2503,28924.0,Madrid,9982.61,9,1109.1788888888889,0.15948021264028353,0.14797181214332575,110,True,0.0,-0.29525805527675686,0.0
1000076894,23330.0,Jaén,9976.16,13,767.396923076923,0.5313351498637603,0.4261400018391209,1029,False,0.0,-0.5458347377751146,0.0
38671,4001.0,Almería,9972.539999999999,12,831.045,0.3071672354948805,0.26786238016357866,614,False,0.3333333333333333,0.09863272956676826,1.414213562373095
1000101913,28008.0,Madrid,9971.63,5,1994.3259999999998,0.6726457399103138,0.5144066481836967,35,True,0.0,-1.0,0.0
37428,33009.0,Asturias,9971.04,9,1107.8933333333334,0.29933481152993346,0.2618524500743343,47,True,0.0,-0.04669353725347586,0.0
1000081846,3400.0,Alicante,9969.19,21,474.72333333333336,0.3701527614571093,0.31492223833706356,88,True,0.0,-0.34916623511134126,0.0
1000079634,28047.0,Madrid,9967.32,13,766.7169230769231,0.22807017543859648,0.20544397421480884,31,True,0.0,-0.32878969135591496,0.0
27680,33006.0,Asturias,9960.02,14,711.4300000000001,0.25688073394495414,0.22863304359898123,17,True,0.0,-1.0,0.0
1000081347,8130.0,Barcelona,9948.68,15,663.2453333333334,0.26580035440047256,0.2357046133404417,6,True,0.0,-1.0,0.0
5924,15200.0,A Coruña,9944.08,18,552.4488888888889,0.3105232892466935,0.2704265148914012,45,True,0.0,-1.0,0.0
1000071825,39008.0,Cantabria,9932.25,9,1103.5833333333333,0.1678060907395898,0.1551268524210821,159,True,0.0,-1.0,0.0
1000100173,28014.0,Madrid,9927.15,7,1418.1642857142856,0.2383654937570942,0.2137923598968913,152,True,0.0,-1.0,0.0
1000078098,46018.0,Valencia,9920.23,11,901.8390909090908,0.4342105263157895,0.3606145419428126,28,True,0.0,0.19156996486921282,0.0
36684,36203.0,Pontevedra,9914.529999999999,13,762.6561538461538,0.2844638949671772,0.2503414289338917,161,True,0.0,-1.0,0.0
1000080823,43330.0,Tarragona,9904.83,19,521.3068421052632,0.32947976878612717,0.28478771442541645,35,True,0.0,-0.35623801347301315,0.0
24853,8012.0,Barcelona,9896.73,15,659.7819999999999,0.2684964200477327,0.2378322778598649,117,True,0.0,-1.0,0.0
1000068248,8402.0,Barcelona,9895.49,17,582.0876470588236,0.5044510385756676,0.4084280732388214,768,False,0.0,0.23423774494329916,0.0
7642,3203.0,Alicante,9888.83,7,1412.69,0.11844331641285956,0.11193782244558809,27,True,0.0,-1.0,0.0
40757,13250.0,Ciudad Real,9884.369999999999,6,1647.3949999999998,0.7758620689655172,0.5742859776832164,1565,False,0.0,-1.0,0.12298385293499776
40798,3190.0,Alicante,9880.32,5,1976.0639999999999,1.9480519480519478,1.0811445956277188,1728,False,0.0,-1.0,0.1464947186116667
23607,8780.0,Barcelona,9877.71,13,759.823846153846,0.2366504854368932,0.21240650331325311,157,True,0.0,-1.0,0.0
42864,6006.0,Badajoz,9872.49,7,1410.3557142857142,0.43568464730290457,0.36164184156706924,49,True,0.0,-0.2223685520328338,0.0
37252,14008.0,Córdoba,9869.8,16,616.8625,1.6783216783216783,0.9851903589207387,1517,False,0.0,-1.0,0.0
1000076679,35500.0,Las Palmas,9865.48,9,1096.1644444444444,0.16938519447929737,0.15647813589537615,63,True,0.0,-1.0,0.0
42790,28050.0,Madrid,9861.369999999999,9,1095.7077777777777,1.2442396313364055,0.8083667695421302,455,False,0.0,-0.673822984912479,0.0
1000077362,28001.0,Madrid,9856.24,15,657.0826666666667,0.28177833437695676,0.24824843744627706,189,False,0.0,-0.5060166044838829,0.0
26789,8017.0,Barcelona,9851.53,12,820.9608333333334,0.22641509433962265,0.20409535634351528,178,True,0.0,-1.0,0.0
42175,28803.0,Madrid,9840.53,13,756.9638461538462,0.27997128499641066,0.24683764408333475,55,True,0.0,-0.09789794908270867,0.0
1000081689,48008.0,Vizcaya,9830.96,8,1228.87,0.14423076923076922,0.13473259397015672,115,True,0.0,0.10292337784109085,0.0
42859,46183.0,Valencia,9810.44,10,981.0440000000001,0.5836575875486382,0.4597371005473752,75,True,0.0,-1.0,0.3681680929899322
42893,7300.0,Baleares,9808.52,7,1401.217142857143,1.3548387096774193,0.8564722366632448,245,False,0.0,-0.7819092397907972,0.0
6666,19002.0,Guadalajara,9800.779999999999,16,612.5487499999999,0.3392226148409894,0.29208930743918876,229,False,0.0,-1.0,0.0
1000082688,41089.0,Sevilla,9795.88,11,890.5345454545454,0.3514376996805112,0.3011689885061248,230,False,0.0,-0.026043860513886703,0.0
11131,50010.0,Zaragoza,9794.89,9,1088.3211111111111,0.2928416485900217,0.25684262406870123,210,False,0.0,0.22101983082839496,0.0
42151,46023.0,Valencia,9791.02,12,815.9183333333334,0.2647058823529412,0.23483959107740104,115,True,0.0,-1.0,0.0
1000082089,8018.0,Barcelona,9789.17,18,543.8427777777778,0.36759700476514634,0.3130551886410571,236,False,0.0,-1.0,0.0
1000081381,48013.0,Vizcaya,9787.33,11,889.7572727272727,0.19654556283502084,0.1794387077373936,111,True,0.0,-1.0,0.0
1000061273,27002.0,Lugo,9779.3,9,1086.5888888888887,0.15446224256292906,0.1436346446980735,17,True,0.0,-1.0,0.0
33903,5200.0,Ávila,9777.22,8,1222.1525,0.14842300556586271,0.13838970177559895,27,True,0.0,-1.0,0.0
24474,43500.0,Tarragona,9775.12,15,651.6746666666667,0.35294117647058826,0.3022808718729336,514,False,0.0,1.5933561174296906,0.6136178021671386
1000082174,48100.0,Vizcaya,9774.67,9,1086.0744444444445,0.1752109020116807,0.16144762256329762,117,True,0.0,-0.07733315076621136,0.0
37104,8202.0,Barcelona,9774.41,21,465.4480952380952,0.3631123919308357,0.30977060854507377,5,True,0.0,0.18531634703238392,0.0
37938,48200.0,Vizcaya,9774.32,8,1221.79,0.3896103896103896,0.3290234126082223,294,False,0.0,-1.0,0.0
23200,28037.0,Madrid,9774.28,14,698.1628571428572,0.25331724969843183,0.2257938359639324,69,True,0.0,-1.0,0.0
16640,34800.0,Palencia,9772.64,15,651.5093333333333,0.33860045146726864,0.29162462895258984,413,False,0.0,1.6731400184842884,0.0
42549,45004.0,Toledo,9769.96,24,407.08166666666665,0.8530805687203792,0.6168494265092993,108,True,0.0,0.010509916890876792,0.0
25221,36205.0,Pontevedra,9765.77,18,542.5427777777778,0.3225806451612903,0.27958486221916157,90,True,0.0,-0.013013142070878232,0.0
1000042835,6300.0,Badajoz,9765.75,12,813.8125,0.20089285714285715,0.18306532774679926,28,True,0.0,-1.0,0.0
1000100215,41640.0,Sevilla,9764.74,7,1394.962857142857,0.24333719582850522,0.21779905154727053,75,True,0.0,-1.0,0.0
1000069232,45500.0,Toledo,9762.0,16,610.125,0.274914089347079,0.2428787954359426,31,True,0.0,2.1507294342038605,0.0
37969,3314.0,Alicante,9761.28,18,542.2933333333334,0.3212373587150506,0.27856869048581184,96,True,0.0,-1.0,0.0
1000076767,41657.0,Sevilla,9756.22,11,886.9290909090909,0.19108280254777069,0.17486281150627855,42,True,0.0,0.18299068334372595,0.0
1000080391,48910.0,Vizcaya,9752.41,10,975.241,0.21505376344086022,0.19478832555908462,174,True,0.0,-0.321138592407252,0.0
31081,48001.0,Vizcaya,9730.17,8,1216.27125,0.19002375296912113,0.17397326740248337,276,False,0.0,-1.0,0.0
14617,4005.0,Almería,9719.45,9,1079.9388888888889,0.1606186793575253,0.14895320721449562,26,True,0.0,-1.0,0.0
20451,25700.0,Lleida,9715.72,13,747.3630769230768,0.23693803159173754,0.21263899643339823,125,True,0.0,-0.39118873636172413,0.0
1000082522,28941.0,Madrid,9709.52,10,970.952,0.25862068965517243,0.2300164306019718,160,True,0.0,-1.0,0.0
1000081017,8028.0,Barcelona,9706.17,10,970.617,0.19569471624266144,0.17872736896789088,271,False,0.0,-0.36521306586313845,0.0
1000080769,8221.0,Barcelona,9705.17,18,539.1761111111111,0.30354131534569984,0.2650846495896965,31,True,0.0,0.615767402574563,0.0
42909,45800.0,Toledo,9700.26,22,440.9209090909091,1.493212669683258,0.9135721076351617,82,True,0.0,0.8021693382287095,0.8082314910436568
2242,39600.0,Cantabria,9696.76,6,1616.1266666666668,0.3665987780040733,0.3123250091771612,1187,False,0.0,-1.0,0.0
35506,21110.0,Huelva,9693.07,12,807.7558333333333,0.20893789901334883,0.1897422047330424,28,True,0.0,-1.0,0.0
1000037763,8222.0,Barcelona,9691.5,8,1211.4375,0.273972602739726,0.2421400520048648,63,True,0.0,-1.0,0.0
1000068838,48015.0,Vizcaya,9687.44,5,1937.488,0.23148148148148145,0.20821790109753405,1032,False,0.0,-1.0,0.0
33520,30161.0,Murcia,9683.29,16,605.205625,0.2821869488536155,0.2485671738057673,18,True,0.0,-1.0,0.0
34605,36960.0,Pontevedra,9678.04,10,967.8040000000001,0.48309178743961356,0.3941289543218281,1183,False,0.0,-1.0,0.0
1000072361,46702.0,Valencia,9676.76,7,1382.3942857142858,0.15195369030390737,0.1414593620767131,236,False,0.0,-1.0,0.0
37756,33401.0,Asturias,9670.66,14,690.7614285714286,0.23782559456398641,0.21335628757257855,25,True,0.0,-0.3854145120645086,0.0
9939,10001.0,Cáceres,9670.44,9,1074.4933333333333,0.1801200800533689,0.16561619605718758,27,True,0.0,-1.0,0.0
1000080250,32660.0,Orense,9658.33,11,878.03,0.20741671904462602,0.18848313443076978,195,False,0.0,-1.0,0.0
27179,33211.0,Asturias,9656.28,15,643.7520000000001,0.26865671641791045,0.2379586370993504,74,True,0.0,-0.7791831556624316,0.0
1000079602,30833.0,Murcia,9656.08,21,459.81333333333333,0.37477691850089234,0.31829147686576514,83,True,0.0,1.3513902954196926,0.0
1000082626,24001.0,León,9655.76,12,804.6466666666666,0.3191489361702127,0.27698678333503296,118,True,0.0,-0.7935884599030799,0.0
40885,50010.0,Zaragoza,9651.44,15,643.4293333333334,0.33234859675036926,0.28694324715034863,410,False,0.0,-0.4630713111131551,0.0
1000101738,46185.0,Valencia,9650.34,9,1072.26,0.8794788273615636,0.6309945189209024,19,True,0.0,-1.0,0.0
38716,45223.0,Toledo,9646.619999999999,8,1205.8274999999999,0.199501246882793,0.18190584279919197,229,False,0.0,-1.0,0.0
11415,46015.0,Valencia,9612.66,9,1068.0733333333333,0.16615384615384615,0.15371102275268886,62,True,0.0,-1.0,0.0
30834,28690.0,Madrid,9600.21,16,600.013125,0.2928615009151922,0.25685797952446937,97,True,0.0,-1.0,0.0
42785,28223.0,Madrid,9600.16,8,1200.02,0.4270462633451957,0.3556067579728234,111,True,0.0,-0.7825633072493218,0.0
8875,8186.0,Barcelona,9599.69,19,505.24684210526317,0.38409703504043125,0.32504796676117775,326,False,0.0,-0.1572894959811308,0.0
1000081553,50290.0,Zaragoza,9596.289999999999,13,738.1761538461537,0.2414860681114551,0.21630910408391263,178,True,0.0,-1.0,0.0
1000100575,44600.0,Teruel,9591.96,8,1198.995,0.39603960396039606,0.33363937353690887,119,True,0.0,-1.0,0.0
40366,9200.0,Burgos,9587.98,10,958.798,0.1876172607879925,0.17194899797833166,61,True,0.0,-1.0,0.0
1000079002,41210.0,Sevilla,9586.960000000001,17,563.9388235294118,0.31442663378545005,0.27340055061037694,83,True,0.0,-1.0,0.0
1000082026,3001.0,Alicante,9585.74,18,532.5411111111111,0.3157894736842105,0.2744368457017603,31,True,0.0,0.6814544604125208,0.0
10697,48004.0,Vizcaya,9583.79,11,871.2536363636365,0.222521915037087,0.20091586861691896,90,True,0.0,-1.0,0.0
30607,8921.0,Barcelona,9583.36,7,1369.0514285714287,0.1307596513075965,0.12288966465453162,116,True,0.0,-0.0666647373961359,0.0
18765,38686.0,Sta.Cruz Tenerife,9577.84,16,598.615,0.2869097429766886,0.2522437963775391,77,True,0.0,-1.0,0.0
1000080004,30007.0,Murcia,9575.59,22,435.2540909090909,0.3942652329749104,0.33236756179708066,38,True,0.0,0.14726154130816918,0.0
1000082191,26002.0,La Rioja,9574.67,8,1196.83375,0.1540436456996149,0.143271988600872,77,True,0.0,-1.0,0.0
1000078484,15004.0,A Coruña,9570.57,16,598.160625,0.2689075630252101,0.23815634370339495,27,True,0.0,-1.0,0.0
41399,7011.0,Baleares,9570.41,8,1196.30125,0.41739130434782606,0.34881807244351226,81,True,0.0,0.1433070693859293,0.25066249844899485
1000100278,25006.0,Lleida,9562.119999999999,7,1366.0171428571427,0.2397260273972603,0.2148904095574893,69,True,0.0,-1.0,0.0
1000074737,29601.0,Málaga,9561.960000000001,10,956.1960000000001,0.18963337547408343,0.17364517181772576,88,True,0.0,-1.0,0.0
1000054868,8020.0,Barcelona,9560.96,16,597.56,0.282021151586369,0.2484378572596967,87,True,0.0,-0.09706456446704834,0.0
1000100385,16630.0,Cuenca,9559.16,11,869.0145454545454,0.427461139896373,0.3558974396880836,110,True,0.0,0.022597156704138442,0.0
42292,45600.0,Toledo,9555.83,26,367.5319230769231,0.6830122591943958,0.5205851993142823,208,False,0.0,-1.0,0.9409076774270866
4012,27001.0,Lugo,9554.6,13,734.9692307692308,0.2318668252080856,0.2085307628464803,103,True,0.0,-0.26544321245031094,0.0
1000081446,36205.0,Pontevedra,9553.5,10,955.35,0.22641509433962265,0.20409535634351528,348,False,0.0,-1.0,0.0
26923,46230.0,Valencia,9546.949999999999,20,477.34749999999997,0.3376477208778841,0.2909126392055426,28,True,0.0,-1.0,0.27631151779492386
1000072514,13300.0,Ciudad Real,9544.289999999999,5,1908.8579999999997,0.11627906976744186,0.1100008952143285,222,False,0.0,-1.0,0.0
42792,20007.0,Gipúzkoa,9529.2,14,680.657142857143,0.6481481481481481,0.49965232316786545,31,True,0.0,0.13123105686846429,0.38083936139678287
41971,7800.0,Baleares,9528.54,12,794.0450000000001,0.20966802562609202,0.19034596297863676,67,True,0.0,0.06715028626887973,0.0
33681,16003.0,Cuenca,9518.56,15,634.5706666666666,0.2976190476190476,0.2605310833858301,278,False,0.0,-1.0,0.0
1000063882,37005.0,Salamanca,9518.17,11,865.2881818181818,0.203955500618047,0.18561238658404342,179,True,0.0,-1.0,0.0
1000075178,45940.0,Toledo,9511.8,11,864.7090909090908,0.25700934579439255,0.22873536457998764,375,False,0.0,-0.14098746940415735,0.0
1000071420,2600.0,Albacete,9511.69,12,792.6408333333334,0.20713463751438435,0.18824948313090514,26,True,0.0,-1.0,0.0
1000081985,9005.0,Burgos,9503.49,6,1583.915,0.11200995644057249,0.10616914942191545,165,True,0.0,-1.0,0.0
35135,46007.0,Valencia,9500.17,8,1187.52125,0.16794961511546536,0.15524974573196768,236,False,0.3333333333333333,0.15868418114653854,1.4927719422802632
24914,2400.0,Albacete,9485.74,9,1053.971111111111,0.16574585635359118,0.15336110221024077,42,True,0.0,-1.0,0.0
1000070579,33210.0,Asturias,9481.17,8,1185.14625,0.17751479289940827,0.16340610980141893,297,False,0.0,-1.0,0.0
27932,9005.0,Burgos,9476.52,13,728.963076923077,0.227803738317757,0.205226994735209,108,True,0.0,-0.709723648232408,0.0
42006,29002.0,Málaga,9476.33,17,557.4311764705882,0.30303030303030304,0.2646925542270822,19,True,0.0,0.03041569274073718,0.0
1000076211,35012.0,Las Palmas,9470.0,12,789.1666666666666,0.23091725465041693,0.2077596269499234,69,True,0.0,-1.0,0.0
13219,8500.0,Barcelona,9448.26,10,944.826,0.32930845225027444,0.2846588462931339,810,False,0.0,-1.0,0.0
7618,39009.0,Cantabria,9437.84,5,1887.568,0.08532423208191126,0.08187877376310952,32,True,0.0,-1.0,0.0
34141,37002.0,Salamanca,9433.67,12,786.1391666666667,0.20845396641574984,0.18934182893052215,14,True,0.0,-1.0,0.0
1000041086,8027.0,Barcelona,9430.44,13,725.4184615384615,0.25557011795543905,0.22758974668640353,221,False,0.0,-1.0,0.0
15523,28043.0,Madrid,9425.89,10,942.5889999999999,0.1986754966887417,0.1812171944509014,230,False,0.0,-0.09258774808527337,0.0
1000036781,30820.0,Murcia,9417.06,19,495.6347368421052,0.32294617563739375,0.27986120073560056,14,True,0.0,-1.0,0.0
1000081176,11560.0,Cádiz,9414.9,15,627.66,0.2672209026128266,0.23682623705942665,108,True,0.0,-1.0,0.0
1000073655,47002.0,Valladolid,9410.58,30,313.686,0.5825242718446602,0.4590212125771265,249,False,0.0,-0.23488441084212777,0.0
10544,48100.0,Vizcaya,9405.82,9,1045.091111111111,0.21226415094339623,0.19248981022320735,90,True,0.0,-1.0,0.0
2244,39008.0,Cantabria,9400.04,9,1044.448888888889,0.17786561264822134,0.16370399777788422,6,True,0.0,-1.0,0.0
1000071481,35003.0,Las Palmas,9399.65,9,1044.4055555555556,0.1804812834224599,0.16592222262948278,311,False,0.0,-1.0,0.0
1000067555,4738.0,Almería,9390.4,19,494.2315789473684,0.33687943262411346,0.29033811650989716,119,True,0.0,-0.3760538987115315,0.0
1000082274,8820.0,Barcelona,9389.98,12,782.4983333333333,0.23793787177792466,0.2134469886557326,19,True,0.0,-0.3141155240783587,0.0
36940,28260.0,Madrid,9383.5,15,625.5666666666667,0.25891829689298046,0.2302528577165345,38,True,0.0,-1.0,0.0
12901,8011.0,Barcelona,9382.49,7,1340.3557142857142,0.13333333333333333,0.12516314295400602,96,True,0.0,-1.0,0.0
1000078702,15100.0,A Coruña,9378.45,11,852.5863636363637,0.2088607594936709,0.18967839501966308,217,False,0.3333333333333333,0.5949671009522303,1.4927719422802632
19832,28028.0,Madrid,9376.15,10,937.615,0.19841269841269843,0.18099792986344634,216,False,0.0,-1.0,0.0
26194,8400.0,Barcelona,9375.01,9,1041.6677777777777,0.43831168831168826,0.36346998707156114,209,False,0.0,-1.0,0.0
30272,28046.0,Madrid,9370.24,18,520.5688888888889,0.32047477744807124,0.2779913518138785,14,True,0.0,-1.0,0.0
1000076807,47001.0,Valladolid,9367.03,12,780.5858333333334,0.2482758620689655,0.22176328884525134,248,False,0.0,0.46933171653802486,0.0
1000082623,50007.0,Zaragoza,9362.96,8,1170.37,0.21897810218978103,0.1980128865886302,10,True,0.0,-1.0,0.0
1000080959,38370.0,Sta.Cruz Tenerife,9356.41,19,492.4426315789474,0.3350970017636684,0.2890039497096967,103,True,0.0,0.21017133588609102,0.0
25518,33204.0,Asturias,9353.789999999999,13,719.5223076923077,0.23824068417837507,0.21369156908086512,180,False,0.0,-0.5529942214735851,0.0
8229,41440.0,Sevilla,9353.59,8,1169.19875,0.1404330017554125,0.13140801639196992,69,True,0.0,-0.4441776142689648,0.0
7649,35007.0,Las Palmas,9350.48,13,719.2676923076923,0.24208566108007448,0.21679195140675903,118,True,0.0,-1.0,0.0
11664,32003.0,Orense,9344.06,10,934.406,0.22189349112426035,0.20040169747801398,129,True,0.0,-1.0,0.0
1000081642,48200.0,Vizcaya,9332.17,9,1036.9077777777777,0.14983351831298555,0.13961716521109044,11,True,0.0,2.2858959659990767,0.0
6832,9004.0,Burgos,9330.69,12,777.5575,0.21126760563380284,0.19166741921219232,82,True,0.0,0.26366910257084275,0.0
34881,8005.0,Barcelona,9325.94,13,717.38,0.24621212121212122,0.22010864761905574,111,True,0.0,-0.044156565831973006,0.0
14687,4004.0,Almería,9321.11,10,932.1110000000001,0.2222222222222222,0.20067069546215116,173,True,0.0,-1.0,0.0
28588,28944.0,Madrid,9319.46,12,776.6216666666666,0.23984010659560295,0.2149824250087888,320,False,0.0,-0.006923443190446157,0.0
13280,8017.0,Barcelona,9315.230000000001,7,1330.747142857143,0.16304347826086957,0.15104025741286586,455,False,0.0,-0.0036122817579768754,0.0
8330,28040.0,Madrid,9308.05,7,1329.7214285714285,0.14354066985645933,0.13412929996669967,201,False,0.0,-0.0303317712980701,0.0
1000075218,41740.0,Sevilla,9302.58,10,930.258,0.17123287671232876,0.1580569347943234,27,True,0.0,-1.0,0.551775237537708
946,46910.0,Valencia,9300.3,14,664.3071428571428,0.2485207100591716,0.221959418552993,59,True,0.0,-1.0,0.0
26396,8201.0,Barcelona,9298.44,12,774.87,0.23106546854942236,0.20788002901268998,171,True,0.0,-1.0,0.0
1000081562,28043.0,Madrid,9297.13,18,516.5072222222221,0.30892448512585813,0.26920579628420777,27,True,0.0,-0.39300071978577683,0.0
1000075403,50001.0,Zaragoza,9293.48,16,580.8425,0.2909090909090909,0.2553466918088445,62,True,0.0,-1.0,0.0
11526,3001.0,Alicante,9286.24,12,773.8533333333334,0.33395176252319114,0.28814578681204955,573,False,0.0,-1.0,0.0
1000082722,38003.0,Sta.Cruz Tenerife,9285.08,8,1160.635,0.24665981500513878,0.2204678267580451,168,True,0.0,2.2858959659990767,0.45956549582111916
1000077173,8302.0,Barcelona,9284.97,16,580.310625,0.280866003510825,0.24753641440727203,82,True,0.0,-1.0,0.0
1000100245,47011.0,Valladolid,9284.5,6,1547.4166666666667,0.2050113895216401,0.18648901878312804,88,True,0.0,-1.0,0.0
1000082343,36203.0,Pontevedra,9283.03,15,618.8686666666667,0.32051282051282054,0.27802016154004405,32,True,0.0,-1.0,0.0
35239,50196.0,Zaragoza,9280.539999999999,26,356.9438461538461,0.4424276800907544,0.3663275830242494,47,True,0.0,0.08651900157409498,0.0
28541,11540.0,Cádiz,9277.710000000001,12,773.1425,0.23984010659560295,0.2149824250087888,284,False,0.0,0.4635526961772099,0.0
1000073208,46220.0,Valencia,9269.17,10,926.917,0.1740139211136891,0.16042857918371775,13,True,0.0,-1.0,0.0
32405,15404.0,A Coruña,9266.47,20,463.32349999999997,0.4354136429608128,0.3614530606090536,440,False,0.0,0.5445546634056067,0.0
23088,18320.0,Granada,9262.19,9,1029.1322222222223,0.15517241379310345,0.14424960884454674,80,True,0.0,-1.0,0.0
42194,18690.0,Granada,9251.98,22,420.5445454545454,0.48,0.3920420877760237,52,True,0.0,0.3283361508325512,0.0
1000100491,28003.0,Madrid,9242.06,6,1540.3433333333332,0.2368421052631579,0.21256144198367283,31,True,0.0,0.26483419822735,0.0
41926,23600.0,Jaén,9241.24,9,1026.8044444444445,0.15219842164599776,0.14167178845407027,18,True,0.0,-0.40187802818670487,0.0
23006,41006.0,Sevilla,9231.14,24,384.6308333333333,0.4280618311533888,0.3563181621070355,87,True,0.0,-1.0,0.0
6488,28850.0,Madrid,9220.91,11,838.2645454545454,0.23174157303370785,0.20842908096020726,228,False,0.0,-1.0,0.0
37271,21004.0,Huelva,9219.88,11,838.170909090909,0.19434628975265017,0.17759899783978114,70,True,0.0,-1.0,0.0
41832,3510.0,Alicante,9213.73,6,1535.6216666666667,0.19292604501607716,0.176409150428201,438,False,0.0,-1.0,0.0
1000100163,50003.0,Zaragoza,9213.04,15,614.2026666666667,0.5784061696658097,0.4564155845286961,5,True,0.5,-1.0,1.4927719422802632
36253,28007.0,Madrid,9212.8,4,2303.2,0.07375537799631222,0.07116220291501876,32,True,0.0,-1.0,0.0
1000078777,11510.0,Cádiz,9208.98,20,460.44899999999996,0.34944670937682004,0.2996946635349007,54,True,0.0,0.08022190649537846,0.0
35266,28006.0,Madrid,9203.82,12,766.985,0.252986647926915,0.22553001977328807,34,True,0.0,0.10099660308710288,0.0
9520,8221.0,Barcelona,9200.27,18,511.12611111111113,0.3282674772036474,0.2838754443302183,160,True,0.0,-1.0,0.0
42655,8031.0,Barcelona,9200.039999999999,7,1314.2914285714285,0.30303030303030304,0.2646925542270822,76,True,0.0,-1.0,0.0
1000081036,8025.0,Barcelona,9190.82,12,765.9016666666666,0.21390374331550802,0.19384140062681604,94,True,0.0,-1.0,0.0
1000078288,24401.0,León,9190.369999999999,16,574.3981249999999,0.2772963604852686,0.24474562568123703,74,True,0.0,-1.0,0.29557421238091425
1000082010,28010.0,Madrid,9185.970000000001,9,1020.6633333333334,0.2890792291220557,0.25392818763992375,794,False,0.0,-1.0,0.0
28378,35002.0,Las Palmas,9181.41,12,765.1175,0.20202020202020202,0.18400364297693947,14,True,0.0,-1.0,0.0
28806,46700.0,Valencia,9179.78,12,764.9816666666667,0.22429906542056074,0.20236848873924537,31,True,0.0,-0.3013658001962562,0.32633987990911734
2363,38300.0,Sta.Cruz Tenerife,9173.95,17,539.6441176470589,0.3165735567970205,0.2750325713877081,200,False,0.0,-1.0,0.0
4415,28012.0,Madrid,9170.369999999999,13,705.4130769230768,0.22349570200573066,0.2017120910261974,52,True,0.0,0.4532895090542861,0.0
7648,24002.0,León,9164.76,14,654.6257142857143,0.2610316967060286,0.23193019283343155,209,False,0.0,-1.0,0.0
1000056305,28030.0,Madrid,9161.54,9,1017.948888888889,0.15661252900232017,0.14549549929814523,27,True,0.0,-1.0,0.0
10312,28027.0,Madrid,9148.72,13,703.7476923076922,0.22452504317789293,0.20255304895913226,53,True,0.0,0.7774179738684978,0.0
959,46260.0,Valencia,9142.0,7,1306.0,0.14266304347826086,0.13336154124407182,52,True,0.0,-1.0,0.0
1000100277,28806.0,Madrid,9136.3,10,913.6299999999999,0.33557046979865773,0.2893585187790333,52,True,0.0,-1.0,0.5588662432597997
19998,28024.0,Madrid,9135.26,16,570.95375,0.28656716417910444,0.25197755827868135,96,True,0.0,-1.0,0.6196043769587714
32290,41020.0,Sevilla,9133.63,11,830.3299999999999,0.1905311778290993,0.17439957545452478,19,True,0.0,-1.0,0.0
1000079022,50012.0,Zaragoza,9131.970000000001,18,507.3316666666667,0.400890868596882,0.33710836895818624,389,False,0.0,-1.0,0.0
15577,48500.0,Vizcaya,9130.7,8,1141.3375,0.1521876981610653,0.1416624814331328,208,False,0.0,0.10556591941217273,0.0
1000100305,46160.0,Valencia,9130.16,10,913.016,0.949367088607595,0.6675047499466077,614,False,0.0,0.06960984468784394,0.0
1000066400,0.0,,9126.4,13,702.0307692307692,0.413135593220339,0.34581106033006836,832,False,0.0,-1.0,0.0
1000074347,28032.0,Madrid,9125.26,6,1520.8766666666668,0.1347305389221557,0.12639521210572593,392,False,0.0,-1.0,0.0
1000065217,18830.0,Granada,9123.65,11,829.4227272727272,0.1986754966887417,0.1812171944509014,47,True,0.0,-1.0,0.0
18900,47003.0,Valladolid,9122.86,5,1824.5720000000001,0.19710906701708278,0.17990953939827248,563,False,0.0,-1.0,0.0
7966,29602.0,Málaga,9100.62,8,1137.5775,0.13785180930499713,0.12914210693036188,41,True,0.0,-1.0,0.0
1000051972,8758.0,Barcelona,9090.51,18,505.02833333333336,0.30927835051546393,0.26947610795520843,53,True,0.0,0.5089551345006827,0.0
1000080967,45006.0,Toledo,9085.08,13,698.8523076923077,0.2200902934537246,0.19892486703412732,28,True,0.0,-1.0,0.0
1000100556,0.0,,9079.82,4,2269.955,0.18126888217522658,0.16658918460830285,88,True,0.0,-1.0,0.0
6217,2005.0,Albacete,9065.8,18,503.6555555555555,0.33088235294117646,0.2858421455297737,56,True,0.0,-1.0,0.0
813,46006.0,Valencia,9065.56,9,1007.2844444444444,0.17635532331809275,0.16242094951827232,230,False,0.0,-1.0,0.0
1000078768,28925.0,Madrid,9061.59,12,755.1325,0.21339656194427978,0.19342350311532122,76,True,0.0,-1.0,0.0
5908,4630.0,Almería,9059.34,10,905.934,0.19354838709677422,0.17693070815907821,17,True,0.0,-1.0,0.0
1000040210,41720.0,Sevilla,9056.289999999999,15,603.7526666666666,0.2590673575129534,0.23037125443566292,25,True,0.0,0.05667686373611764,0.0
6625,7003.0,Baleares,9054.58,18,503.03222222222223,0.31839622641509435,0.2764160179231414,101,True,0.0,0.28569222398829186,0.0
1000068168,28980.0,Madrid,9051.78,12,754.315,0.2136498516320475,0.19363222569044003,69,True,0.0,-1.0,0.0
1000056449,48004.0,Vizcaya,9047.97,6,1507.995,0.10112359550561797,0.09633110893843208,27,True,0.0,-1.0,0.0
1000100006,50015.0,Zaragoza,9047.33,17,532.1958823529412,0.3920061491160646,0.3307459793709081,257,False,0.0,-1.0,0.4831802002554355
1000079377,23740.0,Jaén,9047.26,13,695.9430769230769,0.21971830985915494,0.19861993852707407,18,True,0.0,-1.0,0.0
1000079828,18005.0,Granada,9046.82,18,502.6011111111111,0.4675324675324675,0.3835823968586567,175,True,0.0,-1.0,0.0
39183,18014.0,Granada,9041.51,15,602.7673333333333,0.5294117647058824,0.42488319396526597,31,True,0.0,-0.2788320862281911,0.19047000799031236
40447,10600.0,Cáceres,9035.24,6,1505.8733333333332,0.13677811550151975,0.12819804664916004,19,True,0.0,-1.0,0.0
1000079143,14540.0,Córdoba,9035.199999999999,7,1290.742857142857,0.13680781758957655,0.12822417461523,251,False,0.0,-1.0,0.0
1000079745,28001.0,Madrid,9025.48,20,451.274,0.34090909090909094,0.2933478099874583,40,True,0.0,-1.0,0.0
40280,27001.0,Lugo,9024.14,16,564.00875,0.32323232323232326,0.2800774730665616,325,False,0.0,0.7864416492682946,0.0
1000081410,41500.0,Sevilla,9019.3,11,819.9363636363636,0.21611001964636542,0.19565725613407337,110,True,0.0,-1.0,0.0
8750,28030.0,Madrid,9017.71,22,409.8959090909091,0.37436188315371527,0.3179895384186555,6,True,0.0,-1.0,0.0
1000100256,38005.0,Sta.Cruz Tenerife,9016.56,7,1288.08,0.23255813953488372,0.20909179785855941,53,True,0.0,-1.0,0.0
1000080692,41701.0,Sevilla,9016.15,11,819.65,0.20320197044334976,0.1849863118811048,28,True,0.0,0.3197396603632403,0.0
1000100306,41720.0,Sevilla,9014.16,7,1287.7371428571428,0.2323008849557522,0.20888306009505284,7,True,0.0,-1.0,0.0
1000081992,8031.0,Barcelona,9009.64,9,1001.071111111111,0.19926199261992622,0.1817063614500366,385,False,0.0,-1.0,0.0
3760,33940.0,Asturias,9004.51,6,1500.7516666666668,0.12987012987012986,0.12210269680089986,419,False,0.0,-1.0,0.0
40456,7800.0,Baleares,9003.57,12,750.2975,0.22655758338577722,0.20421153297084482,132,True,0.0,-0.6639955589639109,0.0
40504,26007.0,La Rioja,8997.05,15,599.8033333333333,0.3450920245398773,0.2964624304455301,59,True,0.0,0.14110486970173075,0.0
29855,30700.0,Murcia,8996.8,7,1285.2571428571428,0.14037433155080214,0.13135656951720187,167,True,0.0,-1.0,0.0
7332,8911.0,Barcelona,8994.56,17,529.0917647058823,0.299647473560517,0.26209305350890594,26,True,0.0,-0.20672883934989408,0.0
1000100962,8500.0,Barcelona,8982.22,9,998.0244444444444,0.43269230769230765,0.35955540680408643,32,True,0.0,0.3256002585189924,0.0
1000081047,30565.0,Murcia,8981.83,14,641.5592857142857,0.2539298669891173,0.226282513205836,94,True,0.0,-1.0,0.0
1000078086,46680.0,Valencia,8975.43,7,1282.2042857142858,0.12665862484921592,0.11925628309354765,14,True,0.0,0.6825469739918658,0.0
1000101606,39002.0,Cantabria,8972.76,6,1495.46,0.5,0.4054651081081644,31,True,0.0,-0.11183675183612184,0.012996784135773935
34190,15145.0,A Coruña,8969.97,14,640.7121428571428,0.2498512790005949,0.22302456743638482,94,True,0.0,-1.0,0.0
37985,36610.0,Pontevedra,8968.89,12,747.4074999999999,0.23968042609853527,0.2148536255129323,175,True,0.0,-1.0,0.0
29035,17001.0,Girona,8956.109999999999,8,1119.5137499999998,0.15676028739386022,0.1456232421251498,283,False,0.0,-1.0,0.0
29748,28046.0,Madrid,8954.41,10,895.441,0.25210084033613445,0.22482281283392974,630,False,0.0,-0.007403650864110531,0.0
8314,47140.0,Valladolid,8951.9,12,745.9916666666667,0.237467018469657,0.21306656336385302,263,False,0.0,-1.0,0.0
1000078595,47162.0,Valladolid,8951.08,12,745.9233333333333,0.20665901262916186,0.1878553940244483,19,True,0.0,-1.0,0.0
3784,33600.0,Asturias,8943.22,17,526.0717647058823,0.2914285714285714,0.2557490253487718,0,True,0.0,0.4938987787777019,0.0
1000078347,28012.0,Madrid,8941.32,9,993.48,0.16970458830923948,0.1567512283044639,179,True,0.0,-1.0,0.0
6990,46520.0,Valencia,8937.130000000001,7,1276.7328571428573,0.17004048582995954,0.157038351484455,94,True,0.0,-0.10485183434865901,0.0
1000075277,41013.0,Sevilla,8932.32,10,893.232,0.17699115044247787,0.1629613095094132,119,True,0.0,0.8354097118330709,0.0
1000082192,41020.0,Sevilla,8926.48,7,1275.2114285714285,0.15789473684210525,0.1466034741918754,300,False,0.0,0.0019570853155848242,0.0
1000057753,48300.0,Vizcaya,8922.65,6,1487.1083333333333,0.14766201804757997,0.13772684518420963,312,False,0.0,-1.0,0.0
41332,29003.0,Málaga,8919.800000000001,20,445.99000000000007,0.35294117647058826,0.3022808718729336,42,True,0.0,0.30520796890650387,0.0
1000079715,41970.0,Sevilla,8919.52,9,991.0577777777778,0.1642335766423358,0.15206299639677437,54,True,0.0,-1.0,0.0
40373,29650.0,Málaga,8918.619999999999,9,990.9577777777777,0.17940199335548174,0.16500752472654007,313,False,0.0,-1.0,0.0
28715,36990.0,Pontevedra,8917.65,16,557.353125,0.274914089347079,0.2428787954359426,32,True,0.0,-0.10391538343909057,0.0
42795,7012.0,Baleares,8913.050000000001,2,4456.525000000001,0.1348314606741573,0.12648414710911962,221,False,0.0,2.2858959659990767,0.0
1000079703,28701.0,Madrid,8908.51,24,371.1879166666667,0.42780748663101603,0.3561400415456629,32,True,0.0,-0.15811490422320854,0.15494111237168248
1000081686,17200.0,Girona,8906.43,7,1272.347142857143,0.13609850939727805,0.12760003255807367,264,False,0.0,-1.0,0.0
1000078084,28005.0,Madrid,8905.05,13,685.0038461538461,0.2660300136425648,0.23588603089954907,346,False,0.0,-0.12104927956780581,0.0
1000076786,17600.0,Girona,8893.06,7,1270.4371428571428,0.1329113924050633,0.12479077281378821,42,True,0.0,-1.0,0.0
15830,46389.0,Valencia,8888.63,9,987.6255555555555,0.178335535006605,0.16410287914256058,54,True,0.0,-1.0,0.0
22762,4740.0,Almería,8886.789999999999,7,1269.5414285714285,0.1483050847457627,0.1382870158540908,89,True,0.0,-1.0,0.0
1000100327,41020.0,Sevilla,8877.35,15,591.8233333333334,0.5576208178438662,0.44315954032029864,10,True,0.0,-1.0,0.0
1000074594,28002.0,Madrid,8872.44,12,739.37,0.20713463751438435,0.18824948313090514,53,True,0.0,-1.0,0.0
10537,48980.0,Vizcaya,8866.53,11,806.0481818181819,0.2232746955345061,0.20153143944397472,285,False,0.0,-1.0,0.0
1000080343,29602.0,Málaga,8856.86,12,738.0716666666667,0.216998191681736,0.196387328122393,27,True,0.0,-1.0,0.0
43022,43840.0,Tarragona,8853.06,15,590.204,1.7578125,1.0144377930136796,10,True,0.0,-1.0,0.03570188741298346
1000081382,41002.0,Sevilla,8843.470000000001,6,1473.9116666666669,0.10863005431502716,0.10312506778856274,31,True,0.0,1.119899072360995,0.0
15049,8023.0,Barcelona,8834.56,12,736.2133333333333,0.21301775147928992,0.1931112642153347,115,True,0.0,-1.0,0.0
7484,20200.0,Gipúzkoa,8834.0,13,679.5384615384615,0.2723463687150838,0.24086273029931268,227,False,0.0,-0.09946990484897439,0.0
15578,28007.0,Madrid,8833.06,29,304.58827586206894,0.5023094688221709,0.4070035699500701,32,True,0.0,0.2507765271701011,0.0
11990,15300.0,A Coruña,8830.72,16,551.92,0.31352057478772044,0.2727109941149683,108,True,0.0,-0.6431519490998804,0.0
1000068095,8037.0,Barcelona,8818.05,10,881.805,0.2626970227670753,0.23324992762893884,32,True,0.0,-1.0,0.0
11662,36202.0,Pontevedra,8809.55,9,978.8388888888888,0.23255813953488372,0.20909179785855941,168,True,0.0,-1.0,0.0
33285,34002.0,Palencia,8806.31,9,978.4788888888888,0.16265060240963855,0.1507024005483423,95,True,0.0,-1.0,0.0
40174,50001.0,Zaragoza,8805.75,15,587.05,0.2664298401420959,0.23620179227460555,69,True,0.0,-1.0,0.0
11020,39700.0,Cantabria,8795.5,9,977.2777777777778,0.16843418590143483,0.15566454983453556,194,False,0.0,-1.0,0.0
11007,15680.0,A Coruña,8794.39,14,628.1707142857142,0.4026845637583893,0.3383879460193519,47,True,0.0,-1.0,0.0
1000065702,28942.0,Madrid,8791.47,10,879.1469999999999,0.21352313167259784,0.193527807949771,301,False,0.0,-1.0,0.0
1000080928,48200.0,Vizcaya,8789.060000000001,10,878.9060000000002,0.16997167138810199,0.15697953602773598,40,True,0.0,-1.0,0.0
1000077107,8301.0,Barcelona,8783.62,13,675.663076923077,0.22634939059779455,0.20404178108812707,56,True,0.0,-1.0,0.0
1000077678,36340.0,Pontevedra,8781.69,13,675.5146153846155,0.22995283018867926,0.2069758192088694,31,True,0.0,0.08369359377711372,0.0
1000071606,28922.0,Madrid,8781.48,15,585.432,0.39301310043668125,0.33146909923060497,546,False,0.0,-1.0,0.0
5501,25002.0,Lleida,8781.43,11,798.3118181818182,0.20741671904462602,0.18848313443076978,215,False,0.0,-1.0,0.0
7881,35011.0,Las Palmas,8779.29,17,516.4288235294118,0.30612244897959184,0.26706278524904525,151,True,0.0,-0.16532596464090918,0.0
30047,9005.0,Burgos,8777.9,11,797.9909090909091,0.20535158680771623,0.18677129766948328,213,False,0.0,-1.0,0.0
1000100602,8913.0,Barcelona,8773.39,8,1096.67375,0.3630862329803328,0.3097514177566516,46,True,0.0,-1.0,0.0
1000073209,3540.0,Alicante,8746.07,12,728.8391666666666,0.2931596091205212,0.2570885330999933,550,False,0.0,-1.0,0.15328837276676058
1000078464,28220.0,Madrid,8732.44,7,1247.4914285714287,0.1459346768589298,0.13622061567223107,224,False,0.0,-1.0,0.0
15397,28320.0,Madrid,8727.78,8,1090.9725,0.2366863905325444,0.21243553704173754,770,False,0.0,-0.22903652938415575,0.0
27392,12300.0,Castellón,8726.29,16,545.393125,0.28898254063816975,0.2538531789763879,88,True,0.0,-0.4117163691188607,0.4411357755271956
1000100968,2005.0,Albacete,8715.88,10,871.588,0.4991680532445923,0.4049103230731303,26,True,0.0,-1.0,0.6573200575126493
1000100389,50830.0,Zaragoza,8709.76,6,1451.6266666666668,0.23017902813299232,0.2071597101203954,70,True,0.0,-1.0,0.0
1000079171,28009.0,Madrid,8706.26,15,580.4173333333333,0.2791563275434243,0.2462007415103316,116,True,0.0,-1.0,0.0
1000082070,30520.0,Murcia,8704.74,8,1088.0925,0.14796547472256472,0.13799122316165413,83,True,0.0,0.06645309045658532,0.0
1000080873,6490.0,Badajoz,8700.16,5,1740.032,0.09836065573770492,0.09381875521765481,285,False,0.0,-1.0,0.0
1000080780,33402.0,Asturias,8692.08,6,1448.68,0.12244897959183673,0.11551288712184431,186,False,0.0,-0.38842678552521825,0.0
1000069726,13600.0,Ciudad Real,8689.01,10,868.9010000000001,0.17016449234259784,0.1571443306733816,33,True,0.0,-1.0,0.0
18759,28007.0,Madrid,8688.58,8,1086.0725,0.1760821716801174,0.16218872091302033,34,True,0.0,-1.0,0.0
2521,28047.0,Madrid,8684.63,10,868.463,0.19749835418038184,0.1802346759223494,187,False,0.0,0.010331578745149174,0.0
1000077719,26006.0,La Rioja,8680.14,10,868.0139999999999,0.36855036855036855,0.313752054484689,958,False,0.0,-1.0,0.0
37396,31119.0,Navarra,8679.87,11,789.079090909091,0.21710526315789475,0.19647530423204843,158,True,0.0,1.2073443601482299,0.0
2562,28850.0,Madrid,8675.34,13,667.3338461538461,0.22714036109493302,0.2046865529067135,61,True,0.0,0.009792445184818298,0.0
1000073971,28933.0,Madrid,8671.48,18,481.74888888888887,0.3082191780821918,0.26866680633829343,53,True,0.0,-1.0,0.0
31699,28035.0,Madrid,8668.47,8,1083.55875,0.1644962302947224,0.15228857314914637,213,False,0.0,0.41847730328099725,0.0
27130,33510.0,Asturias,8665.55,10,866.555,0.18148820326678766,0.16677483305565477,59,True,0.0,-1.0,0.0
30661,48001.0,Vizcaya,8661.25,11,787.3863636363636,0.2240325865580448,0.202150806740687,74,True,0.0,2.2858959659990767,0.0
1000065512,8172.0,Barcelona,8659.07,17,509.35705882352937,0.5585980284775466,0.4437867174948839,899,False,0.0,0.04046009026638033,0.2051520103356678
35926,33008.0,Asturias,8654.22,12,721.185,0.22871664548919948,0.2059702470358911,111,True,0.0,-0.12231728330211997,0.0
26606,28028.0,Madrid,8650.08,11,786.3709090909091,0.20048602673147023,0.182726497070798,102,True,0.0,-1.0,0.0
6426,4001.0,Almería,8645.76,5,1729.152,0.11673151750972761,0.1104061308644013,238,False,0.0,-1.0,0.0
6928,8240.0,Barcelona,8644.08,9,960.4533333333334,0.1773981603153745,0.16330705511324464,31,True,0.0,-0.21160354470854517,0.0
1000076267,28982.0,Madrid,8643.310000000001,12,720.2758333333335,0.2183141297756216,0.1974680422553355,31,True,0.0,2.2858959659990767,0.9808012547992089
35720,18500.0,Granada,8641.07,12,720.0891666666666,0.22485946283572766,0.2028261131996316,178,True,0.0,0.08996265600276766,0.0
15504,4720.0,Almería,8637.39,10,863.7389999999999,0.23364485981308414,0.2099730881244647,472,False,0.0,-0.579162702764935,0.0
1000100193,47007.0,Valladolid,8633.15,8,1079.14375,0.2518363064008395,0.22461151844371402,53,True,0.0,-1.0,0.0
1000101014,16235.0,Cuenca,8631.24,6,1438.54,0.32786885245901637,0.2835752904991275,75,True,0.5,-1.0,1.4927719422802632
41814,4005.0,Almería,8629.869999999999,11,784.5336363636362,0.22433718558803536,0.20239962457451857,173,True,0.0,-1.0,0.0
29258,29640.0,Málaga,8620.84,7,1231.5485714285714,0.5483028720626631,0.43715940981707946,1403,False,0.0,-1.0,0.0
7785,12590.0,Castellón,8619.76,9,957.7511111111112,0.18607856650585802,0.17065254332735158,227,False,0.0,-1.0,0.0
1000067548,41928.0,Sevilla,8618.97,13,662.9976923076922,0.25096525096525096,0.22391545409279162,165,True,0.0,-0.5502083639278827,0.22362590033723104
1000067138,38400.0,Sta.Cruz Tenerife,8615.97,14,615.4264285714286,0.33096926713947994,0.2859074490934124,97,True,0.0,-0.399250795346917,0.0
1000065867,28500.0,Madrid,8613.0,6,1435.5,0.125,0.11778303565638346,76,True,0.0,-1.0,0.0
36643,28006.0,Madrid,8612.38,9,956.931111111111,0.23622047244094488,0.21205871888971678,650,False,0.0,-1.0,0.0
1000082435,28341.0,Madrid,8610.58,21,410.02761904761905,0.4525862068965517,0.37334555868605174,13,True,0.0,-1.0,0.8628434129132325
1000076580,33002.0,Asturias,8608.35,9,956.4833333333333,0.15367103016505407,0.14294905826490284,28,True,0.0,-1.0,0.0
1000077399,33212.0,Asturias,8608.25,7,1229.75,0.125,0.11778303565638346,19,True,0.5,-1.0,0.0
1000075515,28044.0,Madrid,8607.51,14,614.8221428571429,0.29473684210526313,0.25830746377187663,116,True,0.0,0.12734955920751173,0.7186637011735248
26168,28980.0,Madrid,8606.89,14,614.7778571428571,0.24347826086956523,0.21791250189665723,31,True,0.0,-0.11299170673464774,0.0
1460,30400.0,Murcia,8601.11,11,781.919090909091,0.2029520295202952,0.18477856048700675,54,True,0.0,-1.0,0.0
26574,18260.0,Granada,8598.74,9,955.4155555555556,0.17681728880157171,0.16281358156492662,195,False,0.0,-1.0,0.0
14774,8021.0,Barcelona,8584.77,8,1073.09625,0.2502606882168926,0.22335208014407604,846,False,0.0,-1.0,0.0
1000072768,28026.0,Madrid,8572.35,13,659.4115384615385,0.22847100175746926,0.20577030810747934,69,True,0.0,-0.4291210825685316,0.0
19912,18600.0,Granada,8569.06,13,659.1584615384616,0.24559193954659952,0.21961087037557642,110,True,0.0,-1.0,0.0
1000079185,28015.0,Madrid,8566.4,7,1223.7714285714285,0.12946979038224413,0.12174831055871733,118,True,0.0,0.038331343185478206,0.0
1000081719,28220.0,Madrid,8565.48,10,856.548,0.17191977077363899,0.1586432338403746,55,True,0.0,-1.0,0.0
11854,0.0,,8557.06,19,450.3715789473684,0.49694856146469046,0.40342874376810484,621,False,0.0,0.5633547831885892,0.0
1000080885,27002.0,Lugo,8548.85,9,949.8722222222223,0.15245623941276115,0.14189552502701125,47,True,0.0,-1.0,0.0
34853,23008.0,Jaén,8548.03,9,949.7811111111112,0.1664611590628853,0.15397451493646533,172,True,0.0,-1.0,0.0
1000056521,8530.0,Barcelona,8540.81,9,948.9788888888888,0.15570934256055363,0.14471430486426826,31,True,0.0,-0.14486594790326113,0.0
29543,43830.0,Tarragona,8538.91,6,1423.1516666666666,0.21897810218978103,0.1980128865886302,249,False,0.0,-1.0,0.0
1000041716,38660.0,Sta.Cruz Tenerife,8532.06,14,609.4328571428571,0.2380952380952381,0.21357410029805907,35,True,0.0,0.09234745023003008,0.0
1000082687,3600.0,Alicante,8529.86,6,1421.6433333333334,0.1618705035971223,0.15003120953201945,61,True,0.0,-1.0,0.0
2000644,0.0,Andorra,8525.86,9,947.3177777777778,0.2694610778443114,0.23859246225525735,42,True,0.0,-1.0,0.0
29060,8191.0,Barcelona,8520.71,12,710.0591666666666,0.2641232575201761,0.23437880483139703,195,False,0.0,-1.0,0.0
41080,45190.0,Toledo,8517.57,37,230.2045945945946,0.6483644859813084,0.49978357571107185,73,True,0.0,-0.02848289374529021,0.0
1000077889,41013.0,Sevilla,8517.5,4,2129.375,0.07113218731475993,0.06871620804626019,69,True,0.0,-1.0,0.3358929584220554
1000079369,28924.0,Madrid,8512.05,10,851.2049999999999,0.2109704641350211,0.19142207462448993,333,False,0.0,-0.4709587310032922,0.0
1000082341,17450.0,Girona,8511.33,5,1702.266,0.13066202090592335,0.12280332038452359,342,False,0.0,-1.0,0.0
1000037511,8037.0,Barcelona,8510.36,8,1063.795,0.18808777429467086,0.1723451022975818,425,False,0.0,-1.0,0.0
42054,38627.0,Sta.Cruz Tenerife,8507.34,13,654.4107692307692,0.23794996949359365,0.21345676108198505,35,True,0.0,-1.0,0.0
1000074943,28027.0,Madrid,8504.03,8,1063.00375,0.15696533682145192,0.14580048823072297,19,True,0.0,-1.0,0.0
1000076593,46930.0,Valencia,8503.25,11,773.0227272727273,0.20134228187919465,0.18343949989529587,102,True,0.0,-1.0,0.0
1000069705,28027.0,Madrid,8503.03,13,654.0792307692308,0.2496798975672215,0.2228874365734065,119,True,0.0,-1.0,0.0
26633,8201.0,Barcelona,8501.15,13,653.9346153846153,0.22349570200573066,0.2017120910261974,53,True,0.0,-1.0,0.0
8091,18830.0,Granada,8493.75,12,707.8125,0.20918070889018012,0.189943030182095,54,True,0.0,-1.0,0.0
1000100467,47001.0,Valladolid,8482.029999999999,12,706.8358333333332,0.47058823529411764,0.3856624808119847,39,True,0.0,-1.0,0.0
1000081776,11202.0,Cádiz,8479.94,16,529.99625,0.4473438956197577,0.3697300805179886,73,True,0.0,-0.3430303835984697,0.0
1000080899,3001.0,Alicante,8476.33,18,470.90722222222223,0.3459320948110186,0.29708678032956837,179,True,0.0,0.18241153498247736,0.0
1000081875,49012.0,Zamora,8473.16,5,1694.632,0.22796352583586627,0.20535712719577817,1042,False,0.0,-1.0,0.0
1000081210,28600.0,Madrid,8469.07,10,846.9069999999999,0.1697792869269949,0.15681508736207186,32,True,0.0,-1.0,0.0
10826,50003.0,Zaragoza,8466.23,16,529.139375,0.282021151586369,0.2484378572596967,119,True,0.0,0.09041850280403449,0.0
1000080738,47015.0,Valladolid,8465.56,8,1058.195,0.16,0.14842000511827327,290,False,0.0,-0.4068009446183534,0.0
1000070078,8014.0,Barcelona,8463.880000000001,18,470.2155555555556,0.3221957040572792,0.27929376682514606,101,True,0.0,-1.0,0.0
1000082376,36950.0,Pontevedra,8456.3,26,325.2423076923077,0.5816554809843401,0.45847207128300393,25,True,0.0,0.15901336836331242,0.0
35676,34001.0,Palencia,8454.27,12,704.5225,0.21064950263311877,0.19115699462995211,31,True,0.0,-0.47069772674058896,0.0
1000080066,13200.0,Ciudad Real,8450.02,6,1408.3366666666668,0.11173184357541899,0.10591901888373739,159,True,0.0,-0.21417762774997073,0.0
39798,20004.0,Gipúzkoa,8446.07,11,767.8245454545454,0.19843656043295252,0.18101784101986707,59,True,0.0,0.16180384673328985,0.0
42831,31621.0,Navarra,8428.6,6,1404.7666666666667,0.31690140845070425,0.2752815592533259,66,True,0.0,-1.0,0.0
5584,39790.0,Cantabria,8428.26,11,766.2054545454546,0.20846493998736576,0.18935090955924072,116,True,0.0,-1.0,0.0
14773,8042.0,Barcelona,8427.36,12,702.2800000000001,0.20809248554913296,0.18904265746703205,25,True,0.0,-1.0,0.0
1000082231,44600.0,Teruel,8425.34,6,1404.2233333333334,0.121049092131809,0.11426493629063893,101,True,0.0,-1.0,0.0
2807,28008.0,Madrid,8422.26,9,935.8066666666667,0.19809244314013208,0.1807306612739325,322,False,0.0,0.06812593452944124,0.0
1000080936,18005.0,Granada,8421.68,6,1403.6133333333335,0.42857142857142855,0.35667494393873234,28,True,0.0,-1.0,0.0
1000079153,37770.0,Salamanca,8415.82,7,1202.26,0.15086206896551724,0.14051128673393956,250,False,0.0,-1.0,0.0
1000079862,4700.0,Almería,8415.08,10,841.508,0.19379844961240308,0.17714019805195702,237,False,0.0,-0.42019689416717154,0.0
1000081229,36945.0,Pontevedra,8411.98,7,1201.7114285714285,0.4525862068965517,0.37334555868605174,1314,False,0.0,-0.22009099542873567,0.0
1000080280,38639.0,Sta.Cruz Tenerife,8411.35,13,647.0269230769231,0.3842364532019704,0.3251486902919584,796,False,0.0,-1.0,0.0
1000079724,12001.0,Castellón,8411.07,10,841.107,0.18656716417910446,0.17106440226932015,104,True,0.0,-1.0,0.0
7186,0.0,,8408.69,7,1201.2414285714287,0.12331180270111568,0.11628128877756459,67,True,0.0,-1.0,0.0
1000100131,28730.0,Madrid,8408.460000000001,18,467.1366666666667,0.5538461538461539,0.4407332469456224,81,True,0.0,-1.0,0.0
42330,4620.0,Almería,8405.43,15,560.362,0.3560126582278481,0.3045485244509224,56,True,0.0,-1.0,0.0
26694,4003.0,Almería,8405.42,10,840.542,0.18999366687777075,0.17394798515782323,38,True,0.0,-1.0,0.0
1000082382,9400.0,Burgos,8405.1,9,933.9000000000001,0.29126213592233013,0.255620139992118,17,True,0.0,1.6002200733367598,0.07640190944137458
12221,17003.0,Girona,8403.619999999999,6,1400.6033333333332,0.15177065767284992,0.1413004605730646,570,False,0.0,0.3757492071681107,0.0
42490,13200.0,Ciudad Real,8403.21,12,700.2674999999999,0.396039603960396,0.3336393735369088,119,True,0.0,-1.0,0.0
1000100989,11406.0,Cádiz,8402.75,5,1680.55,0.42613636363636365,0.3549689440936321,284,False,0.0,-1.0,0.16768402087338408
14485,8940.0,Barcelona,8396.95,16,524.809375,0.2792321116928447,0.24625998517191192,74,True,1.0,-1.0,-0.0
1000058623,30004.0,Murcia,8394.34,8,1049.2925,0.24922118380062305,0.22252030417655333,710,False,0.0,0.31109056826644094,0.0
41491,7005.0,Baleares,8389.7,25,335.588,0.42229729729729726,0.35227337935832104,34,True,0.0,0.06271818062263104,0.0
5191,23001.0,Jaén,8388.8,11,762.6181818181817,0.21099744245524296,0.19144435264076715,129,True,0.0,-1.0,0.0
1000080916,8206.0,Barcelona,8383.82,12,698.6516666666666,0.2177858439201452,0.1970343278187673,168,True,0.0,-0.22600919990450286,0.0
33680,23001.0,Jaén,8381.81,19,441.1478947368421,0.3345070422535211,0.2885619669212203,108,True,0.0,-1.0,0.0
1000071660,28770.0,Madrid,8367.8,10,836.78,0.3036437246963563,0.26516320891643114,804,False,0.0,-1.0,0.0
2358,38650.0,Sta.Cruz Tenerife,8365.87,12,697.1558333333334,0.2272727272727273,0.20479441264601322,159,True,0.0,-1.0,0.0
3300,29100.0,Málaga,8363.51,12,696.9591666666666,0.5732484076433121,0.45314253127966914,1168,False,0.0,1.6740924055618724,0.0
1000080497,4131.0,Almería,8362.55,7,1194.6499999999999,0.12389380530973451,0.1167992677462507,116,True,0.0,-1.0,0.0
4913,20400.0,Gipúzkoa,8361.51,14,597.2507142857143,0.28,0.2468600779315258,284,False,0.0,-1.0,0.0
23568,28005.0,Madrid,8358.68,12,696.5566666666667,0.28526148969889065,0.25096219157419974,460,False,0.0,-0.3674277024445418,0.0
39387,13700.0,Ciudad Real,8357.54,6,1392.9233333333334,0.10989010989010989,0.1042610103244094,166,True,0.0,-1.0,0.0
1000077000,24430.0,León,8356.08,7,1193.7257142857143,0.15283842794759828,0.14222709959207652,187,False,0.0,-1.0,0.0
1000071177,45600.0,Toledo,8351.59,10,835.159,0.17271157167530224,0.1593186499857009,39,True,0.0,-0.3641182699481825,0.0
15557,28019.0,Madrid,8349.59,11,759.0536363636364,0.1948051948051948,0.17798315519535646,20,True,0.0,-1.0,0.0
1000077996,15004.0,A Coruña,8348.59,12,695.7158333333333,0.20761245674740486,0.188645234089995,76,True,0.0,-1.0,0.0
1000080690,28938.0,Madrid,8341.63,5,1668.3259999999998,0.10053619302949061,0.09579750924866737,68,True,0.0,0.4531417261966051,0.0
4656,28830.0,Madrid,8340.25,10,834.025,0.19108280254777069,0.17486281150627855,180,False,0.5,-1.0,1.4927719422802632
1000101693,17600.0,Girona,8335.439999999999,7,1190.7771428571427,0.6422018348623852,0.49603792361161125,10,True,0.0,-1.0,0.0
1000082574,8922.0,Barcelona,8335.19,10,833.519,0.24752475247524752,0.22116139011021854,87,True,0.0,-1.0,0.0
35106,48910.0,Vizcaya,8324.8,9,924.9777777777776,0.1651376146788991,0.15283920422944758,39,True,0.0,-0.35920616962311736,0.0
21529,8006.0,Barcelona,8323.51,4,2080.8775,0.09036144578313253,0.08650924290928251,101,True,0.0,2.2858959659990767,0.0
1000078936,43850.0,Tarragona,8320.27,7,1188.6100000000001,0.18308631211857018,0.16812654270549846,33,True,0.0,-1.0,0.0
18313,46018.0,Valencia,8318.43,11,756.2209090909091,0.18302828618968386,0.1680774952680333,7,True,0.0,-1.0,0.0
22715,4740.0,Almería,8312.46,9,923.6066666666666,0.15297450424929177,0.1423451285092982,31,True,0.0,-0.3096183898775017,0.0
42848,48008.0,Vizcaya,8311.89,7,1187.412857142857,0.35653650254668934,0.304934762114688,25,True,0.0,-1.0,0.27101321517959664
1000080064,46910.0,Valencia,8311.83,15,554.122,0.3002001334222815,0.2625182014049631,279,False,0.0,-1.0,0.0
1000066944,28045.0,Madrid,8309.03,8,1038.62875,0.15862524785194979,0.1472341711328786,287,False,0.0,-1.0,0.0
40677,7141.0,Baleares,8308.09,17,488.71117647058827,0.334865397242285,0.28883046073318486,238,False,0.0,-0.4057913688690054,0.0
1000080180,28933.0,Madrid,8304.9,14,593.2071428571428,0.23476802683063164,0.21088311991139802,31,True,0.0,-0.326041058466963,0.0
36752,8914.0,Barcelona,8299.6,10,829.96,0.18610421836228289,0.170674170544773,185,False,0.0,-1.0,0.0
42295,8012.0,Barcelona,8296.59,12,691.3825,0.3010033444816054,0.26313577022775986,147,True,0.0,0.12324967553989236,0.0
32928,38430.0,Sta.Cruz Tenerife,8295.63,8,1036.95375,0.16129032258064516,0.14953173397096375,249,False,0.0,-1.0,0.0
35434,28015.0,Madrid,8290.34,17,487.66705882352943,0.300530347672363,0.26277214102251006,87,True,0.0,-1.0,0.0
1000080660,38006.0,Sta.Cruz Tenerife,8289.52,8,1036.19,0.33240997229916897,0.28698931177288023,12,True,0.0,-1.0,0.0
1000067706,28045.0,Madrid,8282.59,8,1035.32375,0.14714898835070508,0.13727972365307575,39,True,0.0,-1.0,0.0
1000101049,20004.0,Gipúzkoa,8280.35,5,1656.0700000000002,0.684931506849315,0.5217249142240263,390,False,0.0,-1.0,0.0
14398,3360.0,Alicante,8279.78,8,1034.9725,0.1755669348939283,0.16175052901356302,46,True,0.0,0.10579490227614421,0.0
13817,11520.0,Cádiz,8270.89,6,1378.4816666666666,0.11920529801324503,0.11261887810814915,157,True,0.0,0.6119091092230604,0.0
1000078214,28012.0,Madrid,8269.98,9,918.8866666666667,0.215311004784689,0.19500001505372558,28,True,0.0,-1.0,0.0
39760,8172.0,Barcelona,8259.14,9,917.6822222222222,0.2037735849056604,0.18546127679862237,80,True,0.0,-1.0,0.0
14837,8021.0,Barcelona,8258.73,11,750.7936363636363,0.2151238591916558,0.194846013318335,200,False,0.0,-1.0,0.0
43150,28003.0,Madrid,8252.6,5,1650.52,1.1278195488721805,0.7550977694214839,28,True,0.0,-1.0,0.0
22675,18600.0,Granada,8251.11,9,916.7900000000001,0.16843418590143483,0.15566454983453556,194,False,0.0,-0.17459909993020845,0.0
2432,38007.0,Sta.Cruz Tenerife,8250.96,15,550.064,0.30181086519114686,0.2637562684042718,322,False,0.0,-1.0,0.0
1000081105,41700.0,Sevilla,8249.89,9,916.6544444444444,0.1699181875393329,0.15693382118472804,32,True,0.0,-1.0,1.040130192747644
1000079722,33600.0,Asturias,8249.6,12,687.4666666666667,0.2556818181818182,0.22767870647960103,12,True,0.0,0.07319036386302284,0.0
1000082056,18680.0,Granada,8244.34,20,412.217,0.3597122302158273,0.3072730819289506,53,True,0.0,-0.8060700531817349,0.0
1000057515,3440.0,Alicante,8244.279999999999,7,1177.7542857142855,0.1447277739490007,0.13516685672910703,335,False,0.0,-1.0,0.0
25816,28006.0,Madrid,8242.74,8,1030.3425,0.1458966565349544,0.13618743668263886,67,True,0.0,0.9327018943170488,0.0
669,45005.0,Toledo,8241.93,11,749.2663636363636,0.18954623779437105,0.17357192162739513,25,True,0.0,-1.0,0.0
1000073631,28050.0,Madrid,8241.76,5,1648.352,0.135013501350135,0.12664454632528957,524,False,0.0,-1.0,0.0
36500,15006.0,A Coruña,8237.36,14,588.3828571428572,0.27522935779816515,0.24312605090154807,202,False,0.0,-1.0,0.0
1000076295,18015.0,Granada,8237.32,18,457.62888888888887,0.3339517625231911,0.28814578681204955,61,True,0.0,-1.0,0.0
30149,28047.0,Madrid,8237.27,10,823.7270000000001,0.189873417721519,0.17384692980298241,220,False,0.0,-1.0,0.0
1000064355,18006.0,Granada,8231.83,17,484.2252941176471,0.29209621993127144,0.25626587621840197,60,True,0.0,0.33061643953176995,0.0
1000100015,50300.0,Zaragoza,8227.51,8,1028.43875,0.30495552731893266,0.266168961511155,227,False,0.0,-0.8405651710716545,0.0
1000063207,21520.0,Huelva,8224.17,9,913.7966666666666,0.15661252900232017,0.14549549929814523,17,True,0.0,-0.01969996219157813,0.0
26759,45500.0,Toledo,8213.8,8,1026.725,0.22181146025878,0.20033456100520475,84,True,0.0,-1.0,0.0
39600,28978.0,Madrid,8210.5,12,684.2083333333334,0.23731048121292023,0.21294005723797657,304,False,0.0,-1.0,0.0
27962,46025.0,Valencia,8207.16,13,631.3199999999999,0.2532467532467532,0.22573758649125636,172,True,0.0,-1.0,0.0
29367,8490.0,Barcelona,8206.710000000001,11,746.0645454545455,0.1896551724137931,0.17366349405084003,60,True,0.0,-1.0,0.0
1000078320,30740.0,Murcia,8200.2,8,1025.025,0.6557377049180328,0.5042466526679482,1039,False,0.0,-1.0,0.0
1000081806,13630.0,Ciudad Real,8200.0,12,683.3333333333334,0.23952095808383234,0.21472498084861397,31,True,0.0,-0.05544188671742201,0.44892870163412063
1264,26006.0,La Rioja,8199.01,14,585.6435714285715,0.270096463022508,0.2390928527218877,215,False,0.0,-0.4607422085881777,0.0
13991,2005.0,Albacete,8196.15,14,585.4392857142857,0.26200873362445415,0.23270468455819251,210,False,0.0,-0.4722010266150524,0.0
40974,28002.0,Madrid,8194.76,17,482.04470588235296,0.38345864661654133,0.3245866293872318,427,False,0.0,-1.0,0.0
39075,31010.0,Navarra,8182.39,7,1168.912857142857,0.15683345780433158,0.14568649472569611,110,True,0.0,-0.41136730560957246,0.0
17904,24400.0,León,8178.2,8,1022.275,0.14449127031908487,0.13496023287513428,45,True,0.0,-1.0,0.0
1000060738,9005.0,Burgos,8172.02,9,908.0022222222223,0.17142857142857143,0.15822400521489413,238,False,0.0,-1.0,0.0
20079,49300.0,Zamora,8171.110000000001,8,1021.3887500000001,0.14732965009208104,0.1374371988535177,13,True,0.0,-1.0,0.0
1000080850,48940.0,Vizcaya,8170.54,9,907.8377777777778,0.16403402187120292,0.15189157729379074,161,True,0.0,-1.0,0.0
1000066652,46014.0,Valencia,8169.26,6,1361.5433333333333,0.25677603423680456,0.22854973890158942,49,True,0.0,-1.0,0.0
1000080522,38631.0,Sta.Cruz Tenerife,8166.7699999999995,17,480.3982352941176,0.30035335689045933,0.2626360405256933,63,True,0.0,0.1649906929270186,0.0
13629,9002.0,Burgos,8166.29,7,1166.6128571428571,0.11925042589437819,0.11265919865651405,46,True,0.0,-1.0,0.0
1000078436,23003.0,Jaén,8158.25,8,1019.78125,0.14167650531286893,0.1324978008012399,19,True,0.0,-1.0,0.0
31857,24193.0,León,8150.82,9,905.6466666666666,0.18763029881862403,0.17195997622822307,339,False,0.0,0.5610791788856304,0.0
10418,21810.0,Huelva,8146.379999999999,4,2036.5949999999998,0.26490066225165565,0.23499359123170557,1301,False,0.0,-1.0,0.0
1000082776,30002.0,Murcia,8139.19,9,904.3544444444444,0.2544769085768143,0.2267186797811285,0,True,0.0,-1.0,0.0
2179,36002.0,Pontevedra,8136.66,11,739.6963636363636,0.19446081319976427,0.17769488121777371,66,True,0.0,-1.0,0.0
1000080954,13500.0,Ciudad Real,8130.99,9,903.4433333333333,0.18255578093306288,0.16767801230780227,89,True,0.0,-1.0,0.0
24954,38008.0,Sta.Cruz Tenerife,8109.83,16,506.864375,0.2872531418312388,0.2525106006723363,17,True,0.0,-1.0,0.0
14592,6700.0,Badajoz,8108.5,11,737.1363636363636,0.35714285714285715,0.30538164955118186,880,False,0.0,1.0493296599112552,0.0
32193,46007.0,Valencia,8103.7300000000005,5,1620.746,0.16163793103448276,0.1498310186827419,7,True,0.0,-1.0,0.1540408646830639
1000075662,38660.0,Sta.Cruz Tenerife,8102.2,24,337.59166666666664,0.4329524954900782,0.3597369979058145,88,True,0.0,-1.0,0.0
22519,8185.0,Barcelona,8089.7699999999995,11,735.4336363636363,0.24462564862861377,0.21883480086978493,304,False,0.0,-1.0,0.0
1000081341,41720.0,Sevilla,8088.18,11,735.289090909091,0.2453531598513011,0.2194191522232273,88,True,0.0,-0.44432553769054084,0.0
36628,43001.0,Tarragona,8080.99,13,621.6146153846154,0.2303603071470762,0.20730705912783667,91,True,0.0,0.06962062849410476,0.0
8154,45210.0,Toledo,8079.04,18,448.8355555555556,0.33477991320520767,0.28876641923915414,94,True,0.0,-1.0,0.0
1000072481,8206.0,Barcelona,8076.79,12,673.0658333333333,0.22249690976514216,0.20089541456422044,152,True,0.0,-1.0,0.0
41866,28760.0,Madrid,8074.73,16,504.670625,0.27939464493597205,0.246387032419366,40,True,0.0,-1.0,0.0
11128,50011.0,Zaragoza,8065.04,7,1152.1485714285714,0.14354066985645933,0.13412929996669967,96,True,0.0,-1.0,0.0
1000079067,30007.0,Murcia,8059.11,19,424.1636842105263,0.349264705882353,0.299559781758573,111,True,0.0,-0.026872410329385137,0.0
2846,28019.0,Madrid,8053.39,11,732.1263636363636,0.19538188277087035,0.17846570150503743,95,True,0.0,0.10429507066528797,0.0
26070,21720.0,Huelva,8053.02,9,894.7800000000001,0.20179372197309417,0.18381520905073792,444,False,0.0,0.5469264239798021,0.0
33160,28411.0,Madrid,8036.63,9,892.9588888888889,0.16265060240963855,0.1507024005483423,52,True,0.0,-1.0,0.0
1000076197,38612.0,Sta.Cruz Tenerife,8033.83,11,730.3481818181818,0.21639344262295082,0.1958902860000235,145,True,0.0,-1.0,0.9180434042201407
35049,48160.0,Vizcaya,8030.02,7,1147.1457142857143,0.2397260273972603,0.2148904095574893,794,False,0.0,-1.0,0.0
1000100172,28830.0,Madrid,8028.54,12,669.045,0.3596403596403596,0.3072202233362455,27,True,0.0,-1.0,0.0
1000063305,28024.0,Madrid,8025.56,9,891.728888888889,0.17352185089974292,0.16000935641657685,166,True,0.0,-1.0,0.0
27193,46460.0,Valencia,8025.1,6,1337.5166666666667,0.1340282948622487,0.12577615637192424,90,True,0.0,-1.0,0.0
1000076092,28020.0,Madrid,8020.15,6,1336.6916666666666,0.11764705882352941,0.11122563511022437,38,True,0.0,-1.0,0.0
1000082349,28923.0,Madrid,8018.62,10,801.862,0.22404779686333084,0.20216323305265718,27,True,0.0,-0.5545998298540672,0.0
1000082411,41927.0,Sevilla,8014.56,9,890.5066666666667,0.21496815286624205,0.19471786481625833,166,True,0.0,-1.0,0.0
42735,23700.0,Jaén,8012.96,15,534.1973333333333,0.6588579795021963,0.5061294014572163,11,True,0.0,-1.0,0.0
1000082155,11100.0,Cádiz,8011.799999999999,7,1144.542857142857,0.1303538175046555,0.12253069655063357,56,True,0.0,-1.0,0.0
1000100337,29601.0,Málaga,8007.96,14,571.9971428571429,0.492379835873388,0.4003720510657274,55,True,0.0,-0.07892357972324592,0.0
30832,48950.0,Vizcaya,8005.9400000000005,7,1143.7057142857143,0.12013729977116705,0.11345126687497492,62,True,0.0,-1.0,0.0
1000065775,2611.0,Albacete,8002.13,11,727.4663636363637,0.24052478134110786,0.2155345008474889,349,False,0.0,-1.0,0.0
9028,8016.0,Barcelona,7999.33,12,666.6108333333333,0.36847492323439096,0.3136969250591604,780,False,0.0,0.03718021852047934,0.0
42525,18650.0,Granada,7987.01,10,798.701,0.33975084937712347,0.29248366337442677,7,True,0.0,-1.0,1.1020290054541997
20194,48008.0,Vizcaya,7980.56,8,997.57,0.15355086372360843,0.14284489278184065,213,False,0.0,-1.0,0.0
10494,48280.0,Vizcaya,7979.21,9,886.5788888888889,0.19551049963794354,0.1785732905108359,249,False,0.0,-1.0,0.0
1000070822,32500.0,Orense,7978.389999999999,5,1595.6779999999999,0.09457755359394704,0.09036849302550219,77,True,0.0,-0.5188912915274227,0.0
33366,30420.0,Murcia,7975.5,9,886.1666666666666,0.15807962529274006,0.14676313783414227,47,True,0.0,-1.0,0.0
1000081851,28902.0,Madrid,7967.37,13,612.8746153846154,0.2781740370898716,0.24543252594034037,346,False,0.0,-1.0,0.0
1000080999,15145.0,A Coruña,7958.11,12,663.1758333333333,0.21126760563380284,0.19166741921219232,88,True,0.0,-0.18152472397657346,0.0
24487,41010.0,Sevilla,7955.24,9,883.9155555555556,0.19579405366207395,0.17881044476629707,265,False,0.0,-1.0,0.0
5784,47001.0,Valladolid,7954.09,6,1325.6816666666666,0.16143497757847536,0.149656290239419,209,False,0.0,-1.0,0.0
31509,28019.0,Madrid,7953.8099999999995,11,723.0736363636363,0.22696011004126546,0.20453965504649,259,False,0.0,0.18134696520919238,0.0
31490,28100.0,Madrid,7953.51,16,497.094375,0.2785838653511318,0.24575311027441352,46,True,0.0,-1.0,0.0
13417,8910.0,Barcelona,7953.05,14,568.075,0.26666666666666666,0.2363887780642304,189,False,0.0,-1.0,0.0
1000078424,28018.0,Madrid,7952.68,11,722.9709090909091,0.21710526315789475,0.19647530423204843,286,False,0.0,-1.0,0.0
42534,23200.0,Jaén,7950.92,19,418.4694736842105,0.6818181818181818,0.5198754592859086,12,True,0.0,-1.0,0.0
1000081830,25300.0,Lleida,7943.32,5,1588.664,0.21645021645021645,0.19593695881195222,496,False,0.0,-1.0,0.0
1000079341,4610.0,Almería,7936.85,12,661.4041666666667,0.25139664804469275,0.22426024601428488,126,True,0.0,-1.0,0.0
15484,28025.0,Madrid,7936.17,15,529.078,0.26517383618149676,0.23520953264455471,95,True,0.0,0.00020656163974827334,0.331072785043053
26509,16400.0,Cuenca,7932.48,12,661.04,0.25263157894736843,0.22524660151098855,266,False,0.0,-0.22920182435522307,0.0
19170,28009.0,Madrid,7926.65,11,720.6045454545455,0.19119351100811124,0.17495575493168247,28,True,0.0,-1.0,0.0
1000100386,29016.0,Málaga,7925.33,16,495.333125,0.587515299877601,0.462170089456441,62,True,0.0,0.03475184186934342,0.0
39754,28760.0,Madrid,7924.68,9,880.52,0.15126050420168066,0.1408574327165955,20,True,0.0,-1.0,0.7542182594168005
1000070700,28021.0,Madrid,7922.47,7,1131.7814285714287,0.13725490196078433,0.12861737782209356,189,False,0.0,0.11874047161927798,0.0
33218,46520.0,Valencia,7922.37,9,880.2633333333333,0.16433353621424224,0.15214885140298479,41,True,0.0,-1.0,0.0
2753,28940.0,Madrid,7922.34,12,660.195,0.22249690976514216,0.20089541456422044,80,True,0.0,0.7443875887141943,0.0
1000064270,15100.0,A Coruña,7921.530000000001,6,1320.255,0.13303769401330376,0.12490225070102608,18,True,0.0,-1.0,0.0
18427,29011.0,Málaga,7915.22,6,1319.2033333333334,0.14693877551020407,0.13709645878901877,61,True,0.0,-1.0,0.0
38636,32003.0,Orense,7914.44,25,316.57759999999996,0.4290617848970252,0.3570181344700422,27,True,0.0,-1.0,0.0
3386,30203.0,Murcia,7909.03,13,608.386923076923,0.2613941018766756,0.2322175393816188,292,False,0.0,0.5596156209013995,0.0
1000078439,38611.0,Sta.Cruz Tenerife,7903.49,12,658.6241666666666,0.21673690547862734,0.19617260779032614,20,True,0.0,-1.0,0.0
9069,28022.0,Madrid,7902.32,14,564.4514285714286,0.298083747338538,0.2608891364921855,311,False,0.0,-0.020377555890988486,0.0
13031,8500.0,Barcelona,7900.900000000001,11,718.2636363636365,0.19975786924939465,0.1821197608090099,67,True,0.0,0.10531701365657838,0.0
5213,23740.0,Jaén,7898.280000000001,7,1128.3257142857144,0.13190954773869346,0.12390607176395489,67,True,0.0,-0.2921413203487714,0.0
37198,17002.0,Girona,7892.650000000001,6,1315.4416666666668,0.1066350710900474,0.10132394363288551,18,True,0.0,-1.0,0.0
15331,30004.0,Murcia,7891.02,7,1127.2885714285715,0.16548463356973997,0.15313699499641215,551,False,0.0,-1.0,0.0
34320,15003.0,A Coruña,7889.89,7,1127.1271428571429,0.13333333333333333,0.12516314295400602,236,False,0.0,-0.09710844427594453,0.0
19376,13500.0,Ciudad Real,7887.41,5,1577.482,0.13100436681222707,0.1231060581452981,570,False,0.0,0.1502325175060144,0.0
1000081287,8610.0,Barcelona,7880.700000000001,11,716.4272727272728,0.21032504780114725,0.1908889580792533,108,True,0.3333333333333333,-1.0,1.4927719422802632
1000082625,28280.0,Madrid,7879.26,9,875.4733333333334,0.2591170825335892,0.2304107471907221,203,False,0.0,0.014617236068147988,0.0
1000080434,10001.0,Cáceres,7877.11,8,984.63875,0.24793388429752067,0.22148929121818325,850,False,0.0,-1.0,0.0
1000075089,12002.0,Castellón,7874.34,11,715.8490909090909,0.19831730769230768,0.18091832914062972,108,True,0.0,0.258192361802148,0.0
36583,28921.0,Madrid,7862.88,7,1123.2685714285715,0.21021021021021022,0.19079407196623915,654,False,0.0,0.3379134424699615,0.0
1000056752,36530.0,Pontevedra,7856.38,13,604.3369230769231,0.25226390685640365,0.2249530386891551,167,True,0.0,-1.0,0.0
1000082277,4001.0,Almería,7855.64,11,714.1490909090909,0.2606635071090047,0.23163817530563255,279,False,0.0,-1.0,0.0
1000100471,48370.0,Vizcaya,7854.71,7,1122.1014285714286,0.28493894165535955,0.2507112009967416,66,True,0.0,-1.0,0.0
1000076910,48005.0,Vizcaya,7852.099999999999,9,872.4555555555555,0.1592920353982301,0.14780950448881097,87,True,0.0,-1.0,0.0
1000061342,38370.0,Sta.Cruz Tenerife,7851.6,12,654.3000000000001,0.21479713603818615,0.19457709662838502,81,True,0.0,-1.0,0.0
1000076652,8197.0,Barcelona,7849.17,4,1962.2925,0.12232415902140671,0.11540167715731686,396,False,0.0,-0.5795234294835253,0.0
31888,28791.0,Madrid,7846.53,26,301.7896153846154,0.45348837209302323,0.3739664410487934,38,True,0.0,-0.023789502956307492,2.452549403207965e-05
1000081323,46019.0,Valencia,7831.74,7,1118.82,0.15849056603773587,0.14711792160097495,89,True,0.0,-1.0,0.0
1000080071,37300.0,Salamanca,7823.849999999999,6,1303.975,0.15943312666076173,0.1479312017602379,383,False,0.0,-1.0,0.0
34420,8027.0,Barcelona,7822.879999999999,9,869.2088888888889,0.34928848641655885,0.29957740641335046,1033,False,0.0,-1.0,0.5623680728999577
37335,41004.0,Sevilla,7821.63,11,711.0572727272728,0.1956135151155898,0.17865945540824346,97,True,0.0,0.7245778082906369,0.0
42617,15959.0,A Coruña,7816.450000000001,10,781.6450000000001,0.4059539918809202,0.3407160701510256,53,True,0.0,0.030033904878139207,0.0
1000082590,28850.0,Madrid,7811.83,13,600.91,0.4,0.33647223662121295,307,False,0.0,0.016661332815621176,0.0
35408,46500.0,Valencia,7810.97,13,600.8438461538461,0.2660300136425648,0.23588603089954907,236,False,0.0,-1.0,0.0
1000080818,34800.0,Palencia,7809.42,6,1301.57,0.22415940224159403,0.20225440620040488,822,False,0.0,-1.0,0.0
21938,15706.0,A Coruña,7801.370000000001,7,1114.4814285714288,0.14747191011235955,0.13756118344802712,382,False,0.0,-1.0,0.0
1000058229,46014.0,Valencia,7797.72,7,1113.96,0.14227642276422764,0.13302313340138297,238,False,0.0,-1.0,0.0
46,41001.0,Sevilla,7795.56,7,1113.6514285714286,0.12923076923076923,0.1215366657248328,95,True,0.0,-1.0,0.0
1000100567,31002.0,Navarra,7793.79,6,1298.965,0.26239067055393583,0.23300728083654992,48,True,0.0,-1.0,0.0
17758,42300.0,Soria,7793.06,10,779.306,0.170261066969353,0.1572268580807804,14,True,0.0,-1.0,0.0
1000078251,41013.0,Sevilla,7787.06,10,778.706,0.19455252918287938,0.17777166269197736,250,False,0.0,-0.018679849091429775,0.2565528937789128
40252,8013.0,Barcelona,7785.8,12,648.8166666666667,0.21964612568639413,0.19856075575657037,98,True,0.0,0.7850228997605526,0.0
39394,46610.0,Valencia,7781.620000000001,4,1945.4050000000002,0.0907715582450832,0.08688529743326279,229,False,0.0,-1.0,0.0
1000082264,41007.0,Sevilla,7781.59,7,1111.6557142857143,0.1494661921708185,0.13929765388891077,118,True,0.0,-1.0,0.0
1000078721,3560.0,Alicante,7778.610000000001,6,1296.4350000000002,0.2769230769230769,0.24445333790096077,41,True,0.0,-1.0,0.0
42537,41008.0,Sevilla,7777.86,7,1111.1228571428571,0.2267818574514039,0.20439436463491728,39,True,0.0,-1.0,0.0
1000080288,45800.0,Toledo,7776.46,18,432.02555555555557,0.3099885189437428,0.2700183730095728,75,True,0.0,0.3706119276640227,0.0
27949,28820.0,Madrid,7775.95,5,1555.19,0.2347417840375587,0.21086186646833943,1133,False,0.0,-1.0,0.0
1000101469,8850.0,Barcelona,7772.58,4,1943.145,0.3022670025188917,0.26410659382123874,55,True,0.0,-1.0,0.0
1000081630,41001.0,Sevilla,7764.070000000001,11,705.8245454545455,0.20245398773006135,0.1843644584237549,117,True,0.0,-1.0,0.0
1000081217,28045.0,Madrid,7762.57,8,970.32125,0.19933554817275748,0.18176769358400519,349,False,0.0,-1.0,0.0
1000076338,28003.0,Madrid,7762.46,24,323.43583333333333,0.49247606019151846,0.40043652608329233,332,False,0.0,-0.2602013679832353,0.0
1000100969,20006.0,Gipúzkoa,7759.69,1,7759.69,1.0,0.6931471805599453,654,False,0.0,0.0,0.0
1000079221,46183.0,Valencia,7755.91,5,1551.182,0.4143646408839779,0.3466804132137367,763,False,0.0,-1.0,0.0
18249,17220.0,Girona,7751.09,20,387.5545,0.5870841487279843,0.46189846391170847,686,False,0.0,-1.0,0.0
1000065897,30510.0,Murcia,7750.74,12,645.895,0.5240174672489083,0.4213499186481875,801,False,0.0,-0.13522465077054538,0.0
1000082027,22700.0,Huesca,7743.280000000001,7,1106.1828571428573,0.14583333333333334,0.13613217432458,307,False,0.0,-0.0992037145136064,0.0
38688,3730.0,Alicante,7740.1900000000005,8,967.5237500000001,0.2318840579710145,0.20854475189305707,693,False,0.0,-1.0,0.0
28940,36205.0,Pontevedra,7738.5599999999995,6,1289.76,0.24725274725274726,0.22094333040460734,1082,False,0.0,-1.0,0.0
1000079995,4700.0,Almería,7733.7,6,1288.95,0.23778071334214002,0.2133200288009734,326,False,0.0,-1.0,0.0
1000079994,4740.0,Almería,7731.360000000001,7,1104.48,0.14522821576763484,0.135603932226495,297,False,0.0,-1.0,0.0
1000068070,11500.0,Cádiz,7731.13,15,515.4086666666667,0.26346604215456676,0.2338587714695648,81,True,0.0,0.1898197332135763,0.0
5718,6460.0,Badajoz,7730.72,8,966.34,0.15306122448979592,0.14242034004176865,95,True,0.0,-1.0,0.6992399093669655
1000082334,46920.0,Valencia,7728.599999999999,4,1932.1499999999999,0.3883495145631068,0.3281156420302715,1188,False,0.0,0.7535165788162645,0.0
1000079719,8301.0,Barcelona,7727.64,14,551.9742857142858,0.2699228791773779,0.2389561735694762,167,True,0.0,-1.0,0.0
1000081867,28160.0,Madrid,7721.51,7,1103.0728571428572,0.13299556681443953,0.12486506925307707,88,True,0.0,-1.0,0.0
1000061999,29130.0,Málaga,7716.25,18,428.68055555555554,0.4787234042553191,0.39117915086068783,54,True,0.0,-1.0,0.6746946862375582
25232,8006.0,Barcelona,7707.3,12,642.275,0.21686746987951808,0.19627990904466153,117,True,0.0,-1.0,0.0
20283,28801.0,Madrid,7706.96,10,770.696,0.17605633802816903,0.1621667548154944,89,True,0.0,0.16754027628078652,0.0
1000082447,8230.0,Barcelona,7703.46,17,453.1447058823529,0.3772189349112426,0.32006620123410295,48,True,0.0,0.17874235036456873,0.0
1000075930,42003.0,Soria,7702.110000000001,7,1100.3014285714287,0.14778325123152708,0.13783247452391323,333,False,0.0,-1.0,0.0
28633,29754.0,Málaga,7691.34,9,854.5933333333334,0.1534090909090909,0.14272198400363556,46,True,0.0,-1.0,0.0
1000076283,6100.0,Badajoz,7686.7699999999995,11,698.7972727272727,0.21019108280254775,0.19077826681217808,102,True,0.0,-1.0,0.0
1000082388,39009.0,Cantabria,7682.67,3,2560.89,0.08341056533827618,0.08011399621393375,356,False,0.0,-1.0,0.0
9318,48993.0,Vizcaya,7681.16,6,1280.1933333333334,0.11944260119442601,0.11283088391947284,5,True,0.0,-1.0,0.0
1000056328,28053.0,Madrid,7678.24,20,383.912,0.3468208092485549,0.2977468590679216,54,True,0.0,0.5401992822235583,0.0
1000079040,38200.0,Sta.Cruz Tenerife,7672.68,11,697.5163636363636,0.25641025641025644,0.22825865198098022,384,False,0.0,-1.0,0.0
7931,1006.0,Álava,7671.3,14,547.95,0.2551640340218712,0.22726626844256875,166,True,0.0,0.007983942218957216,0.0
1000041560,50003.0,Zaragoza,7668.83,15,511.25533333333334,0.30181086519114686,0.2637562684042718,291,False,0.0,-1.0,0.0
7022,33600.0,Asturias,7666.379999999999,6,1277.7299999999998,0.12178619756427606,0.1149222341870932,97,True,0.0,-1.0,0.0
1000082603,3760.0,Alicante,7665.16,7,1095.0228571428572,0.20095693779904306,0.18311868716697288,230,False,0.0,-1.0,0.0
34639,28500.0,Madrid,7661.620000000001,9,851.2911111111111,0.19244476122594442,0.17600562088436306,173,True,0.0,0.868039657010011,0.0
1000081701,47193.0,Valladolid,7660.97,8,957.62125,0.23715415019762845,0.21281370181263298,133,True,0.0,-1.0,0.0
1000081948,41001.0,Sevilla,7659.22,19,403.1168421052632,0.3202247191011236,0.27780196385207384,12,True,0.0,-1.0,0.0
1000068930,8358.0,Barcelona,7658.41,13,589.1084615384615,0.22595596755504058,0.20372092133481676,49,True,0.0,-1.0,0.0
1000080471,35100.0,Las Palmas,7658.35,13,589.1038461538462,0.26767330130404937,0.2371831740040351,320,False,0.0,-1.0,0.0
42646,18002.0,Granada,7652.24,7,1093.1771428571428,0.4585152838427947,0.3774189894224607,178,True,0.0,-1.0,0.0
1000082206,33980.0,Asturias,7649.46,7,1092.78,0.328125,0.2837681731306446,983,False,0.0,-1.0,0.0
1000082243,12001.0,Castellón,7647.22,6,1274.5366666666666,0.7792207792207793,0.5761755039744411,1183,False,0.0,-0.4066313924724655,0.3919070457161921
1000060929,48140.0,Vizcaya,7639.889999999999,11,694.5354545454545,0.21611001964636542,0.19565725613407337,248,False,0.0,-0.14046386806895045,0.0
1000081795,41006.0,Sevilla,7637.549999999999,9,848.6166666666666,0.3341584158415842,0.2883006929478471,18,True,0.0,-1.0,0.0
15511,8140.0,Barcelona,7637.43,11,694.3118181818182,0.298372513562387,0.2611115675258894,572,False,0.0,-1.0,0.0
21930,4639.0,Almería,7633.91,8,954.23875,0.14142604596346492,0.13227839817276954,31,True,0.0,-0.20039291870582032,0.0
1000080931,46008.0,Valencia,7630.05,9,847.7833333333333,0.1540216771249287,0.14325295224651097,33,True,0.0,-1.0,0.0
1000081118,28701.0,Madrid,7627.19,8,953.39875,0.165860400829302,0.15345935591448445,224,False,0.0,-1.0,0.0
1000101040,4620.0,Almería,7622.33,5,1524.466,0.29354207436399216,0.25738424964798184,98,True,0.0,-1.0,0.0
5362,33500.0,Asturias,7620.55,11,692.7772727272727,0.19772318753744758,0.180422410838565,75,True,0.0,-1.0,0.0
1000079066,28140.0,Madrid,7618.01,12,634.8341666666666,0.22181146025878004,0.20033456100520478,47,True,0.0,-0.04390610687676371,0.0
22615,46170.0,Valencia,7614.0199999999995,6,1269.0033333333333,0.14469453376205788,0.1351378186727963,440,False,0.0,0.5535506482954272,0.0
317,43570.0,Tarragona,7608.610000000001,5,1521.7220000000002,0.13134851138353765,0.12341029412659163,301,False,0.0,-1.0,0.0
1000082003,21200.0,Huelva,7607.21,12,633.9341666666667,0.22249690976514216,0.20089541456422044,98,True,0.0,-1.0,0.0
17404,39008.0,Cantabria,7604.77,7,1086.3957142857143,0.2937062937062937,0.25751119481841755,1092,False,0.0,-1.0,0.660775681956174
1000064792,39740.0,Cantabria,7599.08,9,844.3422222222222,0.18292682926829268,0.1679917312391297,217,False,0.0,-0.8635371398208957,0.0
17056,38350.0,Sta.Cruz Tenerife,7591.68,13,583.9753846153847,0.3804878048780488,0.3224369185048295,45,True,0.0,-1.0,0.0
26941,23470.0,Jaén,7591.23,18,421.73499999999996,0.31783402001177163,0.2759894949268228,55,True,0.0,-1.0,0.0
12562,18004.0,Granada,7587.53,8,948.44125,0.13808975834292292,0.1293512063573201,25,True,0.0,-0.28495126592391384,0.0
1000076946,8015.0,Barcelona,7574.4,6,1262.3999999999999,0.13186813186813187,0.12386948171278574,385,False,0.0,-1.0,0.0
1000078857,4610.0,Almería,7571.46,11,688.3145454545455,0.2158273381294964,0.1954247817923817,278,False,0.0,0.3969798193083874,0.0
1000080292,8024.0,Barcelona,7568.5,12,630.7083333333334,0.23270846800258563,0.20921375502735293,231,False,0.0,-1.0,0.0
37627,38350.0,Sta.Cruz Tenerife,7557.5,12,629.7916666666666,0.22235948116121063,0.2007829919249306,152,True,0.0,0.05666301675815626,0.0
35851,28230.0,Madrid,7557.44,10,755.7439999999999,0.17846519928613921,0.16421291328993534,96,True,0.0,-1.0,0.0
30224,39011.0,Cantabria,7557.379999999999,2,3778.6899999999996,0.05940594059405941,0.057708317620646724,395,False,0.0,2.2858959659990767,0.0
1000100985,3300.0,Alicante,7552.24,7,1078.8914285714286,0.36395147313691506,0.31038598190930367,46,True,0.0,-1.0,0.0
31862,28030.0,Madrid,7539.31,8,942.41375,0.15180265654648956,0.14132824251813592,213,False,0.0,-1.0,0.0
25950,17310.0,Girona,7538.88,11,685.3527272727273,0.23404255319148937,0.21029540883636075,102,True,0.0,-1.0,0.0
1000082230,24540.0,León,7537.26,8,942.1575,0.17303532804614274,0.1595946869042062,203,False,0.0,0.37844378701043796,1.146134194378969
21419,0.0,,7531.7,7,1075.9571428571428,0.15613382899628253,0.14508153257739503,454,False,0.5,0.1825673710393934,1.4927719422802632
1000082121,29651.0,Málaga,7528.12,14,537.7228571428572,0.263653483992467,0.23400711572974295,95,True,0.0,0.08255077402142927,0.0
1000079158,18001.0,Granada,7527.08,16,470.4425,0.2681564245810056,0.23756421164064767,27,True,0.0,-1.0,0.0
5837,36670.0,Pontevedra,7524.74,10,752.4739999999999,0.39113428943937417,0.33011944993449716,32,True,0.0,-1.0,0.0284205847930433
1000101008,35002.0,Las Palmas,7523.57,11,683.960909090909,0.6297709923664123,0.4884395094675278,83,True,0.0,-1.0,0.0
1000080712,22004.0,Huesca,7521.570000000001,5,1504.314,0.09868421052631579,0.09411329157047872,54,True,0.0,-1.0,0.06498821391503357
24910,28400.0,Madrid,7520.94,15,501.39599999999996,0.26408450704225356,0.23434815032707287,80,True,0.0,-1.0,0.0
42414,19200.0,Guadalajara,7520.93,5,1504.1860000000001,0.1928020565552699,0.17630520860780896,406,False,0.0,-1.0,0.0
1000079345,4100.0,Almería,7517.96,10,751.796,0.3382187147688839,0.29133941230008853,654,False,0.0,-0.02787881646200185,0.0
1000080541,15004.0,A Coruña,7516.24,11,683.2945454545454,0.271828665568369,0.24045575896527788,95,True,0.0,-1.0,0.0
1842,36201.0,Pontevedra,7512.7,14,536.6214285714285,0.32558139534883723,0.28185115214098777,489,False,0.0,0.24428708952141598,0.0
33006,23600.0,Jaén,7512.21,14,536.5864285714285,0.2697495183044316,0.2388196513366186,235,False,0.0,-0.3799154835290508,0.0
5209,23700.0,Jaén,7509.49,9,834.3877777777777,0.15938606847697756,0.1478906137024115,69,True,0.0,-1.0,0.0
1000076050,39700.0,Cantabria,7501.429999999999,3,2500.4766666666665,0.0665680473372781,0.06444606124198497,389,False,0.0,-1.0,0.0
25862,4700.0,Almería,7500.27,7,1071.467142857143,0.12704174228675136,0.11959627278056427,95,True,0.0,0.18739089534098133,0.0
22977,8042.0,Barcelona,7499.5,6,1249.9166666666667,0.10507880910683012,0.09991665288520295,27,True,0.0,-1.0,0.0
1000076390,41013.0,Sevilla,7493.06,9,832.5622222222223,0.15761821366024517,0.14636463019567605,69,True,0.0,-0.22701654507270028,0.0
2546,28042.0,Madrid,7485.49,14,534.6778571428571,0.23294509151414308,0.2094056907608793,11,True,0.0,-1.0,0.0
40994,4740.0,Almería,7484.16,14,534.5828571428572,0.2801867911941294,0.24700599790510222,286,False,0.0,0.0785553047404063,0.0
40193,24001.0,León,7481.19,7,1068.7414285714285,0.13513513513513514,0.12675170563914387,27,True,0.5,-1.0,1.4927719422802632
8850,27430.0,Lugo,7472.9,6,1245.4833333333333,0.14095536413469067,0.13186595016266553,213,False,0.0,-1.0,0.0
1000064358,2400.0,Albacete,7463.65,15,497.57666666666665,0.2680166765932102,0.23745400781593862,76,True,0.0,-1.0,0.0
1000081785,8030.0,Barcelona,7462.98,9,829.2199999999999,0.18169582772543744,0.1669505489173575,181,False,0.0,-1.0,0.0
1000081981,14280.0,Córdoba,7461.33,9,829.0366666666666,0.18480492813141683,0.16957814342550975,314,False,0.0,-1.0,0.0
18915,50007.0,Zaragoza,7459.04,8,932.38,0.15779092702169625,0.14651381623691329,117,True,0.0,0.7234840953859162,0.0
7948,18002.0,Granada,7454.99,6,1242.4983333333332,0.11278195488721804,0.10686314554236129,97,True,0.0,-1.0,0.0
1909,35010.0,Las Palmas,7454.06,13,573.3892307692308,0.22413793103448276,0.20223686649489608,59,True,0.0,-1.0,0.0
41322,28016.0,Madrid,7453.94,32,232.935625,0.5549132947976879,0.4414197851040602,39,True,0.0,-0.5928925206461048,0.9872641858965323
1000080576,46450.0,Valencia,7450.36,12,620.8633333333333,0.20145495243424733,0.18353328271935299,27,True,0.0,-1.0,0.0
37302,41018.0,Sevilla,7442.75,20,372.1375,0.3382187147688839,0.29133941230008853,10,True,0.0,-1.0,0.0
10023,28001.0,Madrid,7442.48,7,1063.2114285714285,0.123094958968347,0.11608823047918142,41,True,0.0,-1.0,0.0
1000082734,49003.0,Zamora,7442.3099999999995,5,1488.462,0.14436958614051973,0.13485390559155444,45,True,0.0,1.3711452730973286,0.0
1000082552,28008.0,Madrid,7442.27,6,1240.3783333333333,0.14790468364831552,0.13793826626943465,96,True,0.0,-1.0,0.0
19754,41560.0,Sevilla,7440.2,5,1488.04,0.08537279453614115,0.08192351741332188,39,True,0.0,-1.0,0.0
38747,38600.0,Sta.Cruz Tenerife,7439.57,4,1859.8925,0.15037593984962405,0.14008879317068168,137,True,0.0,-1.0,0.0
1000073867,46500.0,Valencia,7435.3,6,1239.2166666666667,0.12286689419795221,0.11588514174830458,53,True,0.0,0.2807159811797301,0.0
1000080952,16001.0,Cuenca,7432.46,6,1238.7433333333333,0.10526315789473684,0.10008345855698253,38,True,0.0,-1.0,0.0
42136,7009.0,Baleares,7428.38,11,675.3072727272728,0.2544333076329992,0.2266839229025939,230,False,0.0,-1.0,0.0
1000075170,7830.0,Baleares,7428.3,9,825.3666666666667,0.17153748411689962,0.1583169751391906,98,True,0.0,-1.0,0.0
1000100416,45600.0,Toledo,7426.16,7,1060.8799999999999,0.32457496136012365,0.2810916240968792,187,False,0.0,-1.0,0.0
2348,38410.0,Sta.Cruz Tenerife,7419.860000000001,9,824.428888888889,0.15643105446118194,0.14533858522803605,39,True,0.0,0.01774077385819211,0.0
1000081496,39001.0,Cantabria,7416.8,5,1483.3600000000001,0.12953367875647667,0.12180487388420345,486,False,0.0,-1.0,0.0
42933,17100.0,Girona,7414.29,6,1235.715,0.5454545454545454,0.4353180712578455,130,True,0.0,-1.0,0.0
33547,43460.0,Tarragona,7409.549999999999,4,1852.3874999999998,0.13245033112582782,0.12438371968773553,663,False,0.0,1.6833470120347,0.0
9852,36780.0,Pontevedra,7408.65,8,926.08125,0.16032064128256512,0.14869638182147657,131,True,0.0,-1.0,0.0
1000100035,50003.0,Zaragoza,7403.48,11,673.0436363636363,0.2661290322580645,0.2359642397432712,189,False,0.0,1.110229806278329,0.0
22738,48004.0,Vizcaya,7401.41,6,1233.5683333333334,0.12303485987696514,0.11603471701714377,349,False,0.0,-1.0,0.0
21869,28025.0,Madrid,7400.820000000001,14,528.63,0.2508960573476703,0.22386014038106156,55,True,0.0,-1.0,0.0
1000082761,41020.0,Sevilla,7400.5,7,1057.2142857142858,0.23622047244094488,0.21205871888971678,222,False,0.0,-0.10163219269381703,0.0
9184,8001.0,Barcelona,7399.7300000000005,7,1057.1042857142859,0.5817174515235457,0.4585112513231293,1421,False,0.0,-1.0,0.0
30209,4860.0,Almería,7397.570000000001,7,1056.7957142857144,0.2219873150105708,0.20047848018044448,850,False,0.0,-1.0,0.0
30790,8915.0,Barcelona,7394.860000000001,9,821.6511111111112,0.18442622950819673,0.1692584628192303,68,True,0.0,-1.0,0.0
12727,18004.0,Granada,7390.0,9,821.1111111111111,0.18776077885952713,0.17206983606752319,348,False,0.0,-1.0,0.0
32090,8912.0,Barcelona,7389.96,7,1055.7085714285715,0.5210918114143921,0.4194283739895284,53,True,0.0,-1.0,0.0
1000073611,3690.0,Alicante,7387.92,13,568.3015384615385,0.2332535885167464,0.2096558709322583,104,True,0.0,-1.0,0.0
2000579,0.0,Andorra,7384.370000000001,4,1846.0925000000002,0.30927835051546393,0.26947610795520843,214,False,0.0,-1.0,0.0
1000068328,11180.0,Cádiz,7384.12,8,923.015,0.15028177833437695,0.1400069370001132,214,False,0.0,-1.0,0.0
1000100564,28023.0,Madrid,7381.360000000001,9,820.1511111111112,0.4078549848942598,0.34206725874858296,80,True,0.0,-0.3099768220448107,0.0
878,46680.0,Valencia,7375.9800000000005,8,921.9975000000001,0.13714285714285715,0.12851885080097836,53,True,0.0,1.1288656604000429,0.0
1000078496,31004.0,Navarra,7363.41,10,736.341,0.20833333333333334,0.18924199963852842,350,False,0.0,-1.0,0.0
1000067277,21110.0,Huelva,7362.1,7,1051.7285714285715,0.5011933174224343,0.40626033677830276,1379,False,0.0,-0.13666415706683815,0.0
4668,28904.0,Madrid,7358.12,17,432.8305882352941,0.30927835051546393,0.26947610795520843,77,True,0.0,-1.0,0.0
26287,28005.0,Madrid,7356.77,11,668.7972727272728,0.19689737470167065,0.1797326874798525,96,True,0.0,0.23427578179399502,0.0
21868,8320.0,Barcelona,7354.5199999999995,14,525.3228571428571,0.24705882352941178,0.2207878376217507,117,True,0.0,-1.0,0.0
1000077453,21440.0,Huelva,7349.82,6,1224.97,0.11695906432748539,0.11060987154397003,146,True,0.0,-1.0,0.0
1000075334,29601.0,Málaga,7349.13,7,1049.8757142857144,0.1728395061728395,0.15942773692810205,350,False,0.0,-1.0,0.0
1000082457,8570.0,Barcelona,7348.33,6,1224.7216666666666,0.15319148936170213,0.14253330673554193,222,False,0.0,-1.0,0.0
33090,4006.0,Almería,7344.799999999999,14,524.6285714285714,0.25044722719141327,0.22350126907871112,25,True,0.0,-0.11642262910768791,0.0
28175,8860.0,Barcelona,7342.1,7,1048.8714285714286,0.1453287197231834,0.13569168726463074,116,True,0.0,0.4156758640309606,0.0
1000077707,33204.0,Asturias,7341.12,6,1223.52,0.13412816691505217,0.12586422089000404,448,False,0.0,-1.0,0.0
5114,24002.0,León,7340.07,10,734.007,0.1918158567774936,0.1754780741402801,236,False,0.0,-0.4669876054703904,0.0
1000079763,23007.0,Jaén,7338.929999999999,12,611.5775,0.2058319039451115,0.18716970546017253,12,True,0.0,-1.0,0.0
36609,26005.0,La Rioja,7336.33,9,815.1477777777777,0.16605166051660517,0.1536233927072112,116,True,0.0,-0.09159442982252836,0.0
1000077695,41013.0,Sevilla,7330.72,9,814.5244444444445,0.1559792027729636,0.14494777940752415,87,True,0.0,-1.0,0.0
23468,28938.0,Madrid,7329.49,12,610.7908333333334,0.2179176755447942,0.19714257713870645,98,True,0.0,-1.0,0.0
1000078144,15003.0,A Coruña,7322.2699999999995,7,1046.0385714285715,0.1699029126213592,0.1569207647010739,493,False,0.0,0.04001243478149409,0.0
42181,7006.0,Baleares,7318.349999999999,14,522.7392857142856,0.37267080745341613,0.31675833653328983,27,True,0.0,-0.6870943727838306,0.0
149,41410.0,Sevilla,7317.92,7,1045.4171428571428,0.12620192307692307,0.1188508414172136,55,True,0.0,-1.0,0.0
25309,28004.0,Madrid,7316.24,9,812.9155555555556,0.2456778889899909,0.21967987088482754,630,False,0.0,-1.0,0.0
1000077090,28006.0,Madrid,7312.02,10,731.202,0.20876826722338204,0.18960188016208002,320,False,0.0,-1.0,0.0
1000080688,8840.0,Barcelona,7309.92,10,730.992,0.18137847642079807,0.16668195701909144,17,True,0.0,-1.0,0.0
42479,4007.0,Almería,7304.539999999999,4,1826.1349999999998,0.12158054711246201,0.1147388932751553,89,True,0.0,-1.0,0.0
1000065881,28043.0,Madrid,7303.94,17,429.6435294117647,0.30484160191273163,0.2660816555631199,90,True,0.0,-0.10763938075483163,0.0
3129,28030.0,Madrid,7301.03,20,365.0515,0.3510825043885313,0.30090612623890445,19,True,0.0,0.6534887114160309,0.0
16892,35003.0,Las Palmas,7301.0,12,608.4166666666666,0.20442930153321975,0.1860058460684763,24,True,0.0,0.13202915517957634,0.0
1000075253,3001.0,Alicante,7297.2300000000005,5,1459.4460000000001,0.09560229445506693,0.09130425264981668,159,True,0.0,-0.03291373189834906,0.0
1000080949,8030.0,Barcelona,7295.61,9,810.6233333333333,0.17208413001912046,0.1587834718712885,13,True,0.0,0.2985976796872262,0.0
12205,17002.0,Girona,7288.35,6,1214.7250000000001,0.16363636363636364,0.15154989812720093,656,False,0.0,0.12422127476501703,0.0
1000076182,48940.0,Vizcaya,7286.25,7,1040.892857142857,0.1336728198599618,0.12546264503404048,214,False,0.0,-1.0,0.0
8369,41720.0,Sevilla,7278.99,16,454.936875,0.282021151586369,0.2484378572596967,6,True,0.0,-1.0,0.0
36109,18600.0,Granada,7276.92,8,909.615,0.21145374449339205,0.1918210801851686,665,False,0.3333333333333333,-0.6166436443067129,1.4927719422802632
38534,20300.0,Gipúzkoa,7271.99,20,363.5995,0.3612281757977122,0.308387362664675,117,True,0.0,0.1941560690853656,0.0
1000067839,8036.0,Barcelona,7269.870000000001,5,1453.9740000000002,0.21008403361344538,0.19068980646447123,1043,False,0.0,0.5114952527712878,0.0
1000070912,46760.0,Valencia,7266.35,12,605.5291666666667,0.23003194888178916,0.20704014374763102,59,True,0.0,-1.0,0.0
1000073138,18850.0,Granada,7265.22,7,1037.8885714285714,0.12574850299401197,0.11844815041319409,17,True,0.0,-0.48591871318288193,0.0
1000081012,27540.0,Lugo,7264.35,8,908.04375,0.28169014084507044,0.24817962947553462,969,False,0.0,-1.0,0.0
1000076452,8759.0,Barcelona,7261.85,11,660.1681818181819,0.18857142857142856,0.1727521057778039,39,True,0.0,-0.17873193934480952,0.0
12319,16002.0,Cuenca,7258.5599999999995,9,806.5066666666667,0.178335535006605,0.16410287914256058,278,False,0.0,-1.0,0.3028616234985761
1000070667,5200.0,Ávila,7257.6900000000005,15,483.84600000000006,0.28319697923222154,0.2493546040377392,200,False,0.0,-1.0,0.0
26850,8940.0,Barcelona,7256.889999999999,7,1036.6985714285713,0.12138728323699423,0.11456656456554919,59,True,0.0,0.21830814297579443,0.0
22293,47001.0,Valladolid,7255.61,10,725.5609999999999,0.1786777843954735,0.1643932885250249,70,True,0.0,-1.0,0.0
27862,20850.0,Gipúzkoa,7255.13,6,1209.1883333333333,0.3742203742203742,0.3178865697459251,97,True,0.0,-0.30371527723254244,0.0
1000079061,17430.0,Girona,7253.6,15,483.5733333333334,0.2922077922077922,0.25635222231086324,28,True,0.0,-1.0,0.0
7880,18005.0,Granada,7245.68,14,517.5485714285714,0.3395311236863379,0.29231964503407504,269,False,0.0,-1.0,0.0
1000076515,8912.0,Barcelona,7243.9400000000005,7,1034.8485714285714,0.18567639257294427,0.17031340716555804,206,False,0.0,-1.0,0.0
42726,4630.0,Almería,7241.9,14,517.2785714285714,0.60431654676259,0.472697838329427,26,True,0.0,-1.0,0.0
27152,18300.0,Granada,7239.52,6,1206.5866666666668,0.1588702559576346,0.14744561327478986,567,False,0.0,-1.0,0.0
39350,42200.0,Soria,7237.68,7,1033.9542857142858,0.1837270341207349,0.1686679643759774,467,False,0.0,-0.5436271944431229,0.0
1000101195,36331.0,Pontevedra,7236.450000000001,6,1206.075,0.3837953091684435,0.32482994825781064,49,True,0.0,-1.0,0.0
6731,30400.0,Murcia,7235.7300000000005,11,657.7936363636364,0.22853185595567868,0.20581984341675327,326,False,0.0,0.5335619091339463,0.0
1000082017,45164.0,Toledo,7235.38,7,1033.6257142857144,0.20689655172413793,0.18805223150293965,739,False,0.0,-1.0,0.0
5853,50008.0,Zaragoza,7232.18,18,401.7877777777778,0.32412965186074433,0.2807553770866598,48,True,0.0,-0.3269099529189174,0.0
33706,3501.0,Alicante,7232.08,8,904.01,0.1601067378252168,0.14851201625168534,243,False,0.0,-1.0,0.0
28305,28340.0,Madrid,7226.389999999999,8,903.2987499999999,0.411663807890223,0.3447690143265774,1130,False,0.0,2.2858959659990767,0.0
27735,8021.0,Barcelona,7222.15,6,1203.6916666666666,0.13186813186813187,0.12386948171278574,54,True,0.0,-1.0,0.0
1000075721,15895.0,A Coruña,7216.22,13,555.0938461538461,0.232419547079857,0.20897934860116826,115,True,0.0,-1.0,0.0
1000080207,8007.0,Barcelona,7203.509999999999,8,900.4387499999999,0.1382488479262673,0.12949098308751766,67,True,0.0,-1.0,0.0
1000070482,38205.0,Sta.Cruz Tenerife,7200.86,9,800.0955555555555,0.19424460431654675,0.17751385522585147,417,False,0.0,-1.0,0.0
41501,38687.0,Sta.Cruz Tenerife,7190.89,11,653.7172727272728,0.21345407503234154,0.19347090041880272,231,False,0.5,-1.0,0.0
42592,28015.0,Madrid,7183.759999999999,5,1436.752,0.18028846153846154,0.1657588675332573,27,True,0.0,0.19227565370903424,0.0
1000069798,46600.0,Valencia,7181.8099999999995,9,797.9788888888888,0.17566688353936238,0.16183554705363262,263,False,0.0,-1.0,0.0
1000078822,28032.0,Madrid,7166.73,5,1433.346,0.09671179883945841,0.09231642921932294,28,True,0.0,-1.0,0.3043642073977086
13912,11202.0,Cádiz,7166.53,13,551.2715384615384,0.23970497848801475,0.21487343073517398,74,True,0.0,-1.0,0.0
28766,13003.0,Ciudad Real,7159.74,8,894.9675,0.1464307504575961,0.13665342066963562,108,True,0.0,-0.1105290167397607,0.0
1000064516,25008.0,Lleida,7151.84,9,794.6488888888889,0.1599526066350711,0.14837914793455328,73,True,0.0,-1.0,0.0
32331,28039.0,Madrid,7148.19,5,1429.638,0.1372369624885636,0.12860160333417256,578,False,0.0,-1.0,0.0
31215,46002.0,Valencia,7145.59,9,793.9544444444444,0.16284680337756333,0.15087113947525063,5,True,0.0,-1.0,0.0
27941,38001.0,Sta.Cruz Tenerife,7144.75,28,255.16964285714286,0.4889406286379511,0.3980648795945873,39,True,0.0,-0.24621261167939917,0.0
14990,8028.0,Barcelona,7142.85,8,892.85625,0.13880855986119145,0.12998259295583506,35,True,0.0,-1.0,0.0
1000080167,50006.0,Zaragoza,7142.3,16,446.39375,0.29197080291970806,0.25616880674570425,161,True,0.0,-1.0,0.0
1000075976,46950.0,Valencia,7140.63,11,649.1481818181818,0.207286432160804,0.18837522312590946,39,True,0.0,-1.0,0.0
1000079056,18260.0,Granada,7136.81,11,648.8009090909092,0.2131782945736434,0.1932436056185358,167,True,0.0,-1.0,0.0
1000101103,36900.0,Pontevedra,7132.66,4,1783.165,0.379746835443038,0.32190002976212223,265,False,0.0,-1.0,0.0
6495,9240.0,Burgos,7130.01,6,1188.335,0.13964313421256788,0.13071517323468992,395,False,0.0,1.0312719973991826,0.0
11576,29005.0,Málaga,7127.81,7,1018.2585714285715,1.4189189189189189,0.8833207126365852,1349,False,0.3333333333333333,-1.0,1.4927719422802632
6956,17820.0,Girona,7127.58,9,791.9533333333334,0.16483516483516483,0.1525795875952171,28,True,0.0,-0.24369198166447836,0.0
30291,41300.0,Sevilla,7125.72,10,712.572,0.17772511848341233,0.16358471206061692,108,True,0.0,0.5450443710362454,0.0
42432,28021.0,Madrid,7112.45,8,889.05625,0.2298850574712644,0.20692071580732246,19,True,0.0,-1.0,0.0
1000082717,28224.0,Madrid,7101.11,5,1420.222,0.13009540329575023,0.1223020568557861,6,True,0.0,-1.0,0.0
351,41003.0,Sevilla,7100.89,8,887.61125,0.1978565539983512,0.18053375462623278,433,False,0.0,-1.0,0.0
5802,38550.0,Sta.Cruz Tenerife,7099.5,10,709.95,0.18679950186799502,0.17126018970744045,185,False,0.0,-1.0,0.0
1000081433,30010.0,Murcia,7097.110000000001,10,709.711,0.21676300578034682,0.19619405862465716,115,True,0.0,-1.0,0.0
37351,27002.0,Lugo,7096.15,7,1013.7357142857143,0.12923076923076923,0.1215366657248328,165,True,0.0,-1.0,0.0
1000100537,45600.0,Toledo,7086.16,8,885.77,0.3498542274052478,0.2999966069202942,77,True,0.3333333333333333,-1.0,1.4927719422802632
1000100171,28880.0,Madrid,7083.43,6,1180.5716666666667,0.40816326530612246,0.34228620648663277,341,False,0.0,0.6747988164565311,0.0
33096,30011.0,Murcia,7079.79,14,505.69928571428574,0.2511961722488038,0.22410003154016658,27,True,0.0,0.06738452602940737,0.0
1000082507,26003.0,La Rioja,7073.900000000001,11,643.0818181818182,0.26294820717131473,0.2334488347454967,89,True,0.0,-1.0,0.0
1000058743,15600.0,A Coruña,7071.47,11,642.8609090909091,0.18272425249169436,0.16782046610315474,11,True,0.0,-1.0,0.0
1000079886,47001.0,Valladolid,7070.94,11,642.8127272727272,0.2825342465753425,0.24883800068899242,615,False,0.0,-1.0,0.0
23463,47014.0,Valladolid,7067.88,9,785.32,0.189208128941836,0.1732876477573899,217,False,0.0,-1.0,0.0
13666,8027.0,Barcelona,7066.110000000001,14,504.7221428571429,0.24333719582850522,0.21779905154727053,28,True,0.0,0.46247620667016187,0.0
1000101090,28939.0,Madrid,7064.28,5,1412.856,0.4249291784702549,0.35412211316644243,235,False,0.0,-1.0,0.0
1000100656,3690.0,Alicante,7062.43,6,1177.0716666666667,0.43795620437956206,0.3632228029098636,189,False,0.0,-1.0,0.0
28477,36700.0,Pontevedra,7061.25,10,706.125,0.5154639175257733,0.41572160827535354,7,True,0.0,-1.0,0.0
27907,19004.0,Guadalajara,7060.9,19,371.62631578947367,0.32947976878612717,0.28478771442541645,61,True,0.0,-1.0,0.0
31524,24200.0,León,7060.69,7,1008.67,0.12195121951219512,0.11506932978478719,32,True,0.0,-0.0012836334260126175,0.0
1000079642,11202.0,Cádiz,7060.27,6,1176.7116666666668,0.1248266296809986,0.11762891683046384,27,True,0.0,-1.0,0.0
1000100600,14960.0,Córdoba,7058.15,6,1176.3583333333333,0.45112781954887216,0.3723410606831318,312,False,0.0,-1.0,0.0
1000069407,28035.0,Madrid,7054.45,9,783.8277777777778,0.15761821366024517,0.14636463019567605,84,True,0.0,-1.0,0.0
39414,0.0,,7046.85,7,1006.6928571428572,0.12844036697247707,0.1208364731432738,158,True,0.0,-1.0,0.0
1000069528,3502.0,Alicante,7043.07,9,782.5633333333333,0.37447988904299584,0.3180753970450389,985,False,0.0,0.37560277551292065,0.0
1000078203,28020.0,Madrid,7040.84,12,586.7366666666667,0.22886204704386523,0.20608857615005308,118,True,0.0,-1.0,0.0
1000100986,20017.0,Gipúzkoa,7039.84,8,879.98,0.40955631399317405,0.34327498394396544,41,True,0.0,-1.0,0.0
1000056409,14520.0,Córdoba,7037.6900000000005,4,1759.4225000000001,0.08157715839564922,0.07842030773634935,285,False,0.0,-1.0,0.0
1000076700,46640.0,Valencia,7037.37,10,703.737,0.16891891891891891,0.15607932073366387,34,True,0.0,-1.0,0.0
33993,25003.0,Lleida,7033.35,9,781.4833333333333,1.0112359550561798,0.6987494361086152,1526,False,0.0,-1.0,0.0
41394,4009.0,Almería,7026.2,19,369.8,0.8796296296296295,0.6310747519175676,17,True,0.0,0.18557365617119273,0.0
22640,8290.0,Barcelona,7020.48,17,412.96941176470585,0.299647473560517,0.26209305350890594,89,True,0.0,-1.0,0.0
1000079099,28039.0,Madrid,7018.43,9,779.8255555555556,0.1978021978021978,0.18048837571229365,265,False,0.0,-1.0,0.0
1000074444,31012.0,Navarra,7014.25,5,1402.85,0.16304347826086957,0.15104025741286586,31,True,0.0,0.47641726719810124,0.0
12558,18500.0,Granada,7009.16,9,778.7955555555556,0.21862348178137653,0.19772192812089853,570,False,0.0,1.194011209665837,0.0
1000072225,50009.0,Zaragoza,7005.96,6,1167.66,0.10962241169305724,0.10401978780753009,98,True,0.0,-1.0,0.0
22211,18008.0,Granada,7004.01,13,538.77,0.24405506883604505,0.21837626089029938,180,False,0.0,-1.0,0.0
6184,46006.0,Valencia,6999.04,9,777.6711111111111,0.1723037651563497,0.15897084285910482,153,True,0.3333333333333333,-1.0,1.4927719422802632
42929,46470.0,Valencia,6998.780000000001,5,1399.756,0.3588516746411483,0.30663998619639504,48,True,0.0,-1.0,0.0
1000100265,35007.0,Las Palmas,6994.799999999999,6,1165.8,0.20954598370197905,0.19024506911497202,91,True,0.0,-1.0,0.0
35359,30700.0,Murcia,6994.67,5,1398.934,0.15,0.13976194237515868,68,True,0.0,-1.0,0.0
1452,30005.0,Murcia,6992.11,17,411.3005882352941,0.29947152084556666,0.2619576593883614,47,True,0.0,-0.15103466971896745,0.0
14356,3004.0,Alicante,6989.93,15,465.99533333333335,0.27624309392265195,0.2439206792559678,161,True,0.0,-1.0,0.0
1000100030,50005.0,Zaragoza,6989.21,10,698.921,0.2881844380403458,0.25323381466670963,416,False,0.0,0.05275295335992629,0.0
1000082763,38800.0,Sta.Cruz Tenerife,6987.33,10,698.733,0.2801120448179272,0.24694760911456562,32,True,0.0,-0.029349780450197097,0.0
41432,28019.0,Madrid,6986.3099999999995,9,776.2566666666667,0.21739130434782608,0.19671029424605424,472,False,0.0,0.32469500464670276,0.0
1000075784,28011.0,Madrid,6980.68,19,367.4042105263158,0.34756097560975613,0.29829627369355444,60,True,0.0,-1.0,0.0
1000082257,41704.0,Sevilla,6974.88,8,871.86,0.15493867010974824,0.14404724309185055,13,True,0.0,-1.0,0.0
20103,18003.0,Granada,6971.110000000001,3,2323.7033333333334,0.2719033232628399,0.24051445830531853,675,False,0.0,-1.0,0.0
1000071061,8512.0,Barcelona,6963.95,8,870.49375,0.13961605584642234,0.1306914125616915,73,True,0.0,-1.0,0.0
1000069728,41014.0,Sevilla,6963.9400000000005,7,994.8485714285715,0.12923076923076923,0.1215366657248328,61,True,0.0,-0.029519365671454943,0.0
22721,28006.0,Madrid,6963.69,6,1160.615,0.11378002528445007,0.10775965816852563,62,True,0.0,-0.12874010171457861,0.0
13894,41010.0,Sevilla,6960.08,8,870.01,0.13597733711048157,0.1274933703732724,31,True,0.0,-0.18298535289275947,0.0
1000068235,41007.0,Sevilla,6956.42,10,695.642,0.20352781546811397,0.18525709012024288,74,True,0.0,-1.0,0.0
1000082091,39010.0,Cantabria,6955.599999999999,4,1738.8999999999999,0.07926023778071334,0.0762758414225541,187,False,0.0,-1.0,0.0
16074,28029.0,Madrid,6951.84,15,463.456,0.3180212014134276,0.27613152200057794,33,True,0.0,-0.18838347227256258,0.0
21054,28007.0,Madrid,6950.91,6,1158.485,0.1331360946745562,0.1249890936976272,444,False,0.0,-0.13693483655576932,0.0
1000081817,28025.0,Madrid,6944.64,10,694.464,0.27548209366391185,0.2433242198213833,668,False,0.0,-1.0,0.0
27328,46920.0,Valencia,6944.32,6,1157.3866666666665,0.12129380053908355,0.11448319765382814,216,False,0.3333333333333333,-1.0,0.9794571984419764
1000081957,8028.0,Barcelona,6936.08,10,693.608,0.17740981667652275,0.16331695516561598,94,True,0.0,-1.0,0.0
1000078175,8338.0,Barcelona,6932.18,4,1733.045,0.08241758241758242,0.07919704166119315,326,False,0.0,-1.0,0.0
1000080251,50600.0,Zaragoza,6931.15,4,1732.7875,0.1437125748502994,0.13427961562987475,951,False,0.0,-1.0,0.0
1000079988,24404.0,León,6929.05,8,866.13125,0.14962593516209477,0.13943661569007934,143,True,0.0,-1.0,0.0
1000100571,39002.0,Cantabria,6928.139999999999,10,692.814,0.46583850931677023,0.3824274400411471,27,True,0.0,-1.0,0.0
1000100379,28025.0,Madrid,6928.12,6,1154.6866666666667,0.24456521739130432,0.218786245945254,157,True,0.0,-1.0,0.0
1000100200,3450.0,Alicante,6926.219999999999,5,1385.244,0.15416238437821173,0.14337487255243814,34,True,0.0,-0.06559993160736927,0.0
1000078687,47009.0,Valladolid,6923.57,11,629.4154545454545,0.19377568995889607,0.17712113296565837,52,True,0.0,-1.0,0.0
1624,32002.0,Orense,6913.65,15,460.90999999999997,0.27898326100433973,0.24606543494604297,88,True,0.0,-1.0,0.0
27489,8012.0,Barcelona,6913.0599999999995,5,1382.6119999999999,0.24390243902439024,0.21825356602001797,27,True,0.0,-1.0,0.0
188,41010.0,Sevilla,6909.59,10,690.9590000000001,0.19011406844106463,0.17404915836238866,227,False,0.0,-1.0,0.0
1000078226,8015.0,Barcelona,6905.05,7,986.4357142857143,0.5357142857142857,0.42899560551835847,1372,False,0.25,1.3862733769932811,1.1469438747947134
8276,47006.0,Valladolid,6903.3,9,767.0333333333333,0.16832917705735662,0.1555746743719077,209,False,0.0,-1.0,0.0
27345,46002.0,Valencia,6899.43,8,862.42875,0.4660194174757281,0.38255084858528854,661,False,0.0,-0.2616933390587647,0.0
1000100932,33005.0,Asturias,6896.67,5,1379.334,1.4851485148514851,0.9103324222905245,570,False,0.3333333333333333,-0.7341411011007763,1.4142135623730951
1000068717,45860.0,Toledo,6896.36,8,862.045,0.16382252559726962,0.15170986826644947,250,False,0.0,0.08020192755112628,0.0
1000061021,28804.0,Madrid,6895.9400000000005,11,626.9036363636365,0.1991550995775498,0.18161722512525394,101,True,0.0,-1.0,0.0
1000062003,41013.0,Sevilla,6895.73,4,1723.9325,0.20654044750430292,0.18775713018267887,1182,False,0.0,-1.0,0.0
12952,8014.0,Barcelona,6895.22,9,766.1355555555556,0.16235718580877934,0.15045000001540323,31,True,0.0,0.8376708669130418,0.0
9513,8340.0,Barcelona,6890.74,12,574.2283333333334,1.0909090909090908,0.7375989431307791,1428,False,0.5,-1.0,0.0
12306,15701.0,A Coruña,6889.12,10,688.912,0.17825311942959002,0.16403293432898997,116,True,0.0,-1.0,0.0
22137,4740.0,Almería,6887.79,7,983.97,0.1483050847457627,0.1382870158540908,89,True,0.0,-1.0,0.0
40617,29140.0,Málaga,6886.38,15,459.092,0.2727272727272727,0.24116205681688804,24,True,0.0,-1.0,0.0
1000064871,46021.0,Valencia,6884.74,16,430.29625,0.3005635566687539,0.26279767566109985,32,True,0.0,-1.0,0.0
1000077601,15004.0,A Coruña,6883.1,10,688.3100000000001,0.18115942028985507,0.16649651564955764,53,True,0.0,0.6923787249833869,0.0
1000082012,11370.0,Cádiz,6881.42,7,983.0600000000001,0.1402805611222445,0.13127433837481225,259,False,0.0,-1.0,0.12560716636053018
29229,50800.0,Zaragoza,6881.15,10,688.115,0.1916932907348243,0.17537522910366235,73,True,0.0,-1.0,0.0
1000082375,39770.0,Cantabria,6880.05,13,529.2346153846154,0.28634361233480177,0.2518037847868791,81,True,0.0,0.06444682655805249,0.0
41046,7420.0,Baleares,6874.71,9,763.8566666666667,0.16004742145820983,0.14846088485010792,63,True,0.0,0.008348634522430808,0.0
1000080111,31180.0,Navarra,6874.45,13,528.8038461538462,0.30781373322809785,0.26835683710542385,110,True,0.0,2.2858959659990767,0.0
1000082456,11300.0,Cádiz,6871.4400000000005,14,490.81714285714287,0.3442622950819672,0.2958453830909419,131,True,0.0,-1.0,0.0
1000078951,41500.0,Sevilla,6869.73,9,763.3033333333333,0.18280297901150983,0.16788702760267676,68,True,0.0,-0.5492250845341358,0.0
1000079299,8014.0,Barcelona,6869.0,7,981.2857142857143,0.14757554462403374,0.13765149488061276,159,True,0.0,-1.0,0.0
1000076033,48902.0,Vizcaya,6865.07,6,1144.1783333333333,0.18633540372670807,0.17086906306216687,741,False,0.0,-1.0,0.0
1000080905,28006.0,Madrid,6863.37,7,980.4814285714285,0.5426356589147286,0.43349242036282026,1410,False,0.0,-1.0,0.0
1000080192,36201.0,Pontevedra,6859.92,5,1371.984,0.09900990099009901,0.09440968447107469,193,False,0.0,-1.0,0.0
1000069690,33450.0,Asturias,6854.38,10,685.438,0.17084282460136674,0.15772385237999376,54,True,0.0,-1.0,0.0
1000061520,33860.0,Asturias,6849.46,7,978.4942857142858,0.20669291338582677,0.1878834883577295,165,True,0.0,-1.0,0.0
1000039707,24402.0,León,6848.84,9,760.9822222222223,0.18493150684931509,0.16968497278944253,221,False,0.0,-1.0,0.2492529789212871
10226,28017.0,Madrid,6843.23,8,855.40375,0.15925680159256803,0.14777911150756112,27,True,0.0,-1.0,0.0
35226,28935.0,Madrid,6838.3099999999995,9,759.8122222222222,0.6940874035989717,0.527144190884061,7,True,0.0,-0.660012744796129,0.0
1000100598,48901.0,Vizcaya,6836.16,5,1367.232,0.22488755622188905,0.20284904894437916,41,True,0.0,-1.0,0.0
16819,8022.0,Barcelona,6835.9,14,488.2785714285714,0.2564102564102564,0.22825865198098017,69,True,0.5,-1.0,0.0
22193,46005.0,Valencia,6835.87,13,525.8361538461538,0.26785714285714285,0.23732818630616617,319,False,0.5,-1.0,1.4927719422802632
1000075384,33405.0,Asturias,6834.81,8,854.35125,0.1740391588107324,0.1604500758843333,350,False,0.0,-1.0,0.0
11559,26500.0,La Rioja,6834.3099999999995,8,854.2887499999999,0.15768725361366623,0.14642426807449369,165,True,0.0,-1.0,0.0
1000080026,30820.0,Murcia,6832.92,8,854.115,0.17937219730941703,0.1649822607176458,238,False,0.0,-0.10052503424136362,0.0
37059,8006.0,Barcelona,6826.29,11,620.5718181818182,0.1979604079184163,0.1806204506650212,117,True,0.0,-0.1112121357132603,0.0
1000080667,36002.0,Pontevedra,6824.18,18,379.12111111111113,0.4671280276816609,0.3833067671195256,517,False,0.0,-1.0,0.0
1000076447,8692.0,Barcelona,6823.93,6,1137.3216666666667,0.11960132890365449,0.112972665603486,259,False,0.0,0.29888051573074764,0.0
1000100221,8225.0,Barcelona,6823.3099999999995,5,1364.6619999999998,0.15690376569037656,0.1457472690308788,31,True,0.0,-0.4501256943194169,0.0
42133,18140.0,Granada,6822.8099999999995,5,1364.562,0.11160714285714286,0.10580684460966777,89,True,0.0,-1.0,0.0
1000077835,41010.0,Sevilla,6822.28,9,758.031111111111,0.16138673042438734,0.14961474839061611,89,True,0.0,-1.0,0.0
1000057910,46250.0,Valencia,6821.900000000001,2,3410.9500000000003,0.1935483870967742,0.1769307081590782,1377,False,0.0,2.2858959659990767,0.0
1000058116,28760.0,Madrid,6815.97,16,425.998125,0.29795158286778395,0.2607873162516592,27,True,0.0,1.0754704376276611,0.0
14644,5001.0,Ávila,6815.1900000000005,6,1135.865,0.12693935119887165,0.11950541923414716,287,False,0.0,-1.0,0.0
1000074724,25260.0,Lleida,6814.18,11,619.4709090909091,0.22618231665524333,0.20390553498593353,283,False,0.0,-1.0,0.0
41186,43500.0,Tarragona,6813.08,13,524.0830769230769,0.21984216459977451,0.19872147709684734,31,True,0.0,-0.13498997413116318,0.0
1000074407,36204.0,Pontevedra,6809.5,12,567.4583333333334,0.23637557452396585,0.21218417576199058,199,False,0.0,-1.0,0.0
1000081753,28008.0,Madrid,6808.93,5,1361.786,0.1012829169480081,0.09647578835321509,88,True,0.0,-1.0,0.0
519,46022.0,Valencia,6805.78,11,618.7072727272727,0.20767778477029578,0.18869932947098392,207,False,0.0,-1.0,0.0
1000082197,18400.0,Granada,6804.79,9,756.0877777777778,0.21176470588235294,0.1920777317393193,353,False,0.0,0.8487401039179074,0.0
1000081389,18004.0,Granada,6799.49,9,755.4988888888888,0.18646408839779005,0.170977529598539,349,False,0.0,0.873257076062453,0.0
1000078392,48270.0,Vizcaya,6798.52,8,849.815,0.16794961511546536,0.15524974573196768,215,False,0.0,-0.10934582848350403,0.0
21920,50004.0,Zaragoza,6798.26,7,971.1800000000001,0.17964071856287425,0.1652099163212334,28,True,0.0,-1.0,0.0
1000078151,11203.0,Cádiz,6797.07,5,1359.414,0.8522727272727273,0.6164133863285559,1161,False,0.0,-1.0,0.0
22282,28004.0,Madrid,6786.77,13,522.0592307692308,0.24103831891223734,0.21594838319318282,179,True,0.0,-1.0,0.0
33889,18640.0,Granada,6782.9,8,847.8625,0.1386481802426343,0.12984175197651093,24,True,0.0,-1.0,0.0
25409,10100.0,Cáceres,6780.58,18,376.69888888888886,0.33962264150943394,0.29238796348919355,199,False,0.0,-1.0,0.0
1000101617,28009.0,Madrid,6779.9400000000005,7,968.5628571428572,0.6521739130434783,0.5020919437972361,20,True,0.0,-1.0,0.39314028941373236
1000100289,46183.0,Valencia,6776.6900000000005,5,1355.3380000000002,0.16357688113413305,0.15149877904528852,19,True,0.0,-1.0,0.0
8956,24402.0,León,6771.61,9,752.401111111111,0.17219387755102042,0.1588771020052792,236,False,0.0,-1.0,0.0
1000100497,28024.0,Madrid,6765.29,10,676.529,0.4059539918809202,0.3407160701510256,49,True,0.0,0.057286889805807276,0.0
1000082426,47002.0,Valladolid,6763.35,13,520.2576923076923,0.28301886792452835,0.2492157916239849,33,True,0.0,-1.0,0.0
1000076233,9007.0,Burgos,6759.24,3,2253.08,0.0702576112412178,0.06789937766558014,96,True,0.0,-0.046070744945853136,0.0
11489,28011.0,Madrid,6756.4400000000005,8,844.5550000000001,0.13505908835115363,0.12668470979956042,7,True,0.0,-1.0,0.0
5696,28020.0,Madrid,6753.07,10,675.307,0.26761819803746656,0.23713970502494072,650,False,0.0,-1.0,0.0
42157,23006.0,Jaén,6746.68,3,2248.8933333333334,2.0,1.0986122886681098,1474,False,0.0,-1.0,0.0
349,41700.0,Sevilla,6740.19,4,1685.0475,0.14723926380368096,0.13735841604782428,878,False,0.0,-1.0,0.0
1000079259,28702.0,Madrid,6740.18,8,842.5225,0.1485148514851485,0.1384696742651052,181,False,0.0,-1.0,0.0
1000078661,4741.0,Almería,6738.6900000000005,11,612.6081818181818,0.27250206440957886,0.24098509176702348,97,True,0.0,-1.0,0.0
1000101025,13600.0,Ciudad Real,6735.790000000001,9,748.4211111111113,0.4821428571428571,0.3934889170614487,60,True,0.0,-1.0,0.0
1000081962,41018.0,Sevilla,6718.24,13,516.7876923076923,0.38767395626242546,0.32762893266263327,777,False,0.0,-0.38827634345108425,0.0
1000076440,9003.0,Burgos,6711.889999999999,2,3355.9449999999997,0.4225352112676056,0.352440639799944,1670,False,0.0,-1.0,0.0
1000100502,28041.0,Madrid,6711.33,8,838.91625,0.3292181069958848,0.28459087988210807,56,True,0.0,-1.0,0.0
1000078311,36203.0,Pontevedra,6705.57,12,558.7975,0.30560271646859083,0.2666647858540573,573,False,0.0,-1.0,0.07381979415482258
1000101479,3204.0,Alicante,6705.33,6,1117.555,0.5232558139534884,0.42085002694764384,97,True,0.3333333333333333,-1.0,1.3191292305807967
26282,18320.0,Granada,6705.04,6,1117.5066666666667,0.1184990125082291,0.11198761907615917,208,False,0.0,-1.0,0.0
36477,6200.0,Badajoz,6695.37,4,1673.8425,0.06779661016949153,0.06559728248581324,7,True,0.0,0.037181826952452694,0.0
1000074584,18480.0,Granada,6689.35,13,514.5653846153847,0.3655107778819119,0.31152855489345144,747,False,0.0,0.3641775936815325,0.0
36156,48010.0,Vizcaya,6682.71,5,1336.542,0.16703786191536749,0.15446879657878787,787,False,0.0,-1.0,0.0
1000078351,18320.0,Granada,6680.74,11,607.34,0.2042079207920792,0.18582202366490969,96,True,0.0,-1.0,0.0
38064,8750.0,Barcelona,6680.450000000001,5,1336.0900000000001,0.0946372239747634,0.09042300606957858,38,True,0.0,-1.0,0.0
1000100253,11007.0,Cádiz,6676.87,6,1112.8116666666667,0.31141868512110726,0.2711095169699942,382,False,0.0,-1.0,0.0
1000082658,12004.0,Castellón,6676.65,14,476.9035714285714,0.3630077787381158,0.3096938597693618,25,True,0.0,0.021386720169814355,0.33119155730693417
1000081152,41007.0,Sevilla,6676.43,13,513.5715384615385,0.23353293413173654,0.20988235637282598,59,True,0.0,-1.0,0.0
9581,26001.0,La Rioja,6669.01,4,1667.2525,0.08908685968819599,0.08533960173261773,33,True,0.0,1.8713137437309062,0.0
1000082240,38330.0,Sta.Cruz Tenerife,6665.78,12,555.4816666666667,0.23166023166023167,0.20836304108530682,11,True,0.0,-0.24716612169006852,0.0
1000100145,41200.0,Sevilla,6663.93,6,1110.655,0.23076923076923078,0.20763936477824452,269,False,0.0,-1.0,0.0
1000080807,29006.0,Málaga,6658.89,22,302.6768181818182,0.3832752613240418,0.32445406492756934,41,True,0.0,-1.0,0.0
1000052454,8290.0,Barcelona,6656.35,18,369.7972222222222,0.32335329341317365,0.2801688891009977,151,True,0.0,-1.0,0.0
1000101094,11407.0,Cádiz,6654.63,8,831.82875,0.8856088560885609,0.6342507693240035,315,False,0.0,-1.0,0.5944077952741367
24576,47002.0,Valladolid,6654.13,4,1663.5325,0.13100436681222707,0.1231060581452981,663,False,0.0,0.040192675497627006,0.0
1000082594,41006.0,Sevilla,6650.41,7,950.0585714285714,0.20309477756286265,0.1848972182307503,174,True,0.0,-1.0,0.0
1000082054,28934.0,Madrid,6645.4400000000005,12,553.7866666666667,0.2222222222222222,0.20067069546215116,102,True,0.0,0.3524529220120855,0.0
19881,28100.0,Madrid,6644.09,12,553.6741666666667,0.21139166177334118,0.19176983240856355,108,True,0.0,-0.4429413141382451,0.0
6757,28053.0,Madrid,6638.95,12,553.2458333333333,0.4022346368715084,0.3380671332910289,41,True,0.0,-1.0,0.5659116274173033
12599,17004.0,Girona,6634.9400000000005,4,1658.7350000000001,0.0966183574879227,0.0922312242160336,465,False,0.0,-0.004343262078569748,0.0
1000100294,28035.0,Madrid,6632.76,3,2210.92,0.11464968152866241,0.10854016857520599,28,True,0.0,-1.0,0.0
1000081764,30004.0,Murcia,6619.56,6,1103.26,0.14162077104642015,0.13244898169473382,234,False,0.0,-1.0,0.0
1000079197,28039.0,Madrid,6609.78,21,314.75142857142856,0.42056074766355145,0.35105168638437023,186,False,0.0,-1.0,0.0
1000100178,41940.0,Sevilla,6596.73,6,1099.455,0.18181818181818182,0.1670540846631662,40,True,0.0,-1.0,0.0
33445,28009.0,Madrid,6593.299999999999,9,732.5888888888888,0.16014234875444838,0.14854271203296188,28,True,0.0,-1.0,0.0
31978,31002.0,Navarra,6590.9,5,1318.1799999999998,0.2608695652173913,0.23180161405732433,1223,False,0.0,-1.0,0.0
1000082215,29640.0,Málaga,6590.61,4,1647.6525,0.5687203791469194,0.4502602419009964,1403,False,0.0,0.7458618570756481,0.0
15103,8024.0,Barcelona,6587.84,1,6587.84,1.0,0.6931471805599453,1179,False,0.0,-1.0,0.0
1000082512,46023.0,Valencia,6586.53,12,548.8774999999999,0.2769230769230769,0.24445333790096077,38,True,0.0,-1.0,0.0
22281,18015.0,Granada,6586.41,7,940.9157142857142,0.13444302176696543,0.126141800765395,222,False,0.0,-0.3860466127818269,0.0
1000081914,33205.0,Asturias,6583.360000000001,6,1097.2266666666667,0.1274787535410765,0.11998394835114094,402,False,0.0,-1.0,0.2215488575190357
11668,17860.0,Girona,6578.58,8,822.3225,0.15706806282722513,0.14588927347112293,102,True,0.0,-1.0,0.0
1000101741,41710.0,Sevilla,6571.48,7,938.7828571428571,0.7094594594594594,0.5361772149634052,17,True,0.0,-1.0,0.0
38003,20001.0,Gipúzkoa,6568.08,7,938.2971428571428,0.1310861423220974,0.12317835897462012,55,True,0.0,-1.0,0.0
1000079263,41927.0,Sevilla,6565.9,6,1094.3166666666666,0.11620400258231117,0.10993364526642187,87,True,0.0,-1.0,0.0
1000100157,46701.0,Valencia,6565.46,8,820.6825,0.2874251497005988,0.25264421571090767,206,False,0.0,-1.0,0.0
32225,30011.0,Murcia,6562.88,7,937.5542857142857,0.32407407407407407,0.2807134031356876,1144,False,0.0,-0.5967008860839772,0.0
1000079584,8302.0,Barcelona,6555.55,6,1092.5916666666667,0.12137559002022927,0.11455613705499558,98,True,0.0,-1.0,0.0
1000080516,17600.0,Girona,6553.9,7,936.2714285714285,0.15521064301552107,0.14428270225068857,193,False,0.0,0.7117710045223312,0.0
35840,6004.0,Badajoz,6552.46,4,1638.115,0.19704433497536944,0.17985546429876112,1091,False,0.0,-1.0,0.0
12557,18100.0,Granada,6552.15,9,728.0166666666667,0.1694915254237288,0.15656906069153992,30,True,1.0,-1.0,-0.0
1000060473,8010.0,Barcelona,6542.66,4,1635.665,0.17341040462427745,0.1599143845440084,293,False,0.0,-1.0,0.0
13918,11550.0,Cádiz,6540.38,6,1090.0633333333333,0.12987012987012986,0.12210269680089986,28,True,0.0,-1.0,0.0
31680,50014.0,Zaragoza,6538.97,6,1089.8283333333334,0.1391035548686244,0.13024159768843604,88,True,0.0,-0.17951505034754786,0.0
1000080589,13001.0,Ciudad Real,6538.42,7,934.0600000000001,0.1445285615966965,0.13499281562264479,325,False,0.0,-1.0,0.0
1000100631,28016.0,Madrid,6536.219999999999,6,1089.37,0.3461538461538462,0.29725152346793166,179,True,0.0,-1.0,1.2277073790399575
31125,8291.0,Barcelona,6533.07,17,384.2982352941176,0.3300970873786408,0.28525193759848916,203,False,0.0,-0.0012944689099791253,0.0
1000082506,28521.0,Madrid,6530.76,4,1632.69,0.09174311926605504,0.08777561088238568,34,True,0.0,-1.0,0.0
34810,13300.0,Ciudad Real,6530.07,6,1088.345,0.12940330697340044,0.12168944633217825,311,False,0.0,-1.0,0.0
32215,10005.0,Cáceres,6528.73,10,652.8729999999999,0.23364485981308414,0.2099730881244647,213,False,0.0,-0.1387150457369854,0.0
1000081183,8600.0,Barcelona,6514.83,9,723.87,0.19040902679830748,0.17429696806382963,396,False,0.0,0.3702158873531146,0.0
1000082402,48008.0,Vizcaya,6512.99,2,3256.495,0.5084745762711864,0.4110989258264204,1084,False,0.0,-1.0,0.0
5076,24001.0,León,6509.25,5,1301.85,0.09560229445506693,0.09130425264981668,95,True,0.0,-1.0,0.0
1000073734,11140.0,Cádiz,6501.03,18,361.1683333333333,0.31159838430467396,0.2712465341369371,53,True,0.0,0.24111216932721133,0.0
1000082177,11205.0,Cádiz,6499.88,10,649.988,0.1854140914709518,0.17009215782494655,34,True,0.0,-1.0,0.0
32702,33007.0,Asturias,6497.54,4,1624.385,0.1,0.09531017980432487,473,False,0.0,0.10067066089971205,0.0
7356,15001.0,A Coruña,6497.35,15,433.1566666666667,0.30927835051546393,0.26947610795520843,271,False,0.0,-1.0,0.0
26696,18680.0,Granada,6495.91,9,721.7677777777777,0.15863689776733256,0.1472442260292613,74,True,0.0,-1.0,0.0
1000078656,8410.0,Barcelona,6493.91,12,541.1591666666667,0.4639175257731959,0.3811160790978779,1021,False,0.0,-1.0,0.0
17965,48330.0,Vizcaya,6492.04,7,927.4342857142857,0.12455516014234874,0.11738754425316633,104,True,0.0,-0.9014200497878536,0.0
35615,38420.0,Sta.Cruz Tenerife,6491.570000000001,8,811.4462500000001,0.1477832512315271,0.13783247452391326,130,True,0.0,-1.0,0.0
42828,11201.0,Cádiz,6487.360000000001,9,720.8177777777778,0.4639175257731959,0.3811160790978779,54,True,0.0,-1.0,0.0
1000082685,8110.0,Barcelona,6487.1,16,405.44375,0.4152249134948097,0.3472884679303696,13,True,0.0,-1.0,0.0
1000080252,15702.0,A Coruña,6484.13,11,589.4663636363637,0.20072992700729927,0.18292964437730166,117,True,0.0,-1.0,0.0
27151,28053.0,Madrid,6484.05,6,1080.675,0.11342155009451796,0.10743775179328732,80,True,0.0,0.24188964917077094,0.0
5210,23001.0,Jaén,6481.1,14,462.9357142857143,0.2855200543847723,0.25116334805702,185,False,0.0,1.2033353603412593,0.0
30573,6800.0,Badajoz,6477.79,10,647.779,0.17647058823529413,0.1625189294977749,96,True,0.0,-0.13717762488692717,0.0
16779,28012.0,Madrid,6476.01,13,498.1546153846154,0.2386780905752754,0.21404475498740796,31,True,0.0,-0.6864381803489091,0.0
24860,28025.0,Madrid,6475.71,11,588.7009090909091,0.32289628180039137,0.27982348583925964,749,False,0.0,0.09572634342091295,0.0
1000056276,46220.0,Valencia,6469.74,9,718.86,0.18255578093306288,0.16767801230780227,103,True,0.0,-1.0,0.0
1000082537,18200.0,Granada,6467.03,8,808.37875,0.29268292682926833,0.25671984684781407,473,False,0.0,0.9512251548250854,0.0
1000081372,28915.0,Madrid,6465.06,11,587.7327272727273,0.19607843137254902,0.17904823144898546,123,True,0.0,-1.0,0.0
20772,9007.0,Burgos,6464.879999999999,5,1292.9759999999999,0.09689922480620154,0.0924873127216202,33,True,0.0,-1.0,0.0
1000069630,38005.0,Sta.Cruz Tenerife,6461.0,11,587.3636363636364,0.1966626936829559,0.17953659378446835,41,True,0.0,-0.3684066761337925,0.0
15006,8820.0,Barcelona,6454.1,11,586.7363636363636,0.2175346077785102,0.1968280008507077,245,False,0.0,-0.03256539811147421,0.0
1000077427,8430.0,Barcelona,6453.68,11,586.6981818181819,0.21359223300970873,0.19358474907266535,126,True,0.0,-1.0,0.0
1000081475,8800.0,Barcelona,6453.46,20,322.673,0.3787878787878788,0.3212047644904245,53,True,0.0,-1.0,0.0
35557,8025.0,Barcelona,6451.73,2,3225.865,0.08368200836820085,0.08036450976802709,665,False,0.0,0.0,0.0
37549,48930.0,Vizcaya,6445.93,11,585.9936363636364,0.1979604079184163,0.1806204506650212,41,True,0.0,-1.0,0.0
1000080344,28630.0,Madrid,6442.3099999999995,12,536.8591666666666,0.21505376344086022,0.19478832555908462,26,True,0.0,-1.0,0.0
1000082641,41006.0,Sevilla,6434.5199999999995,5,1286.904,0.13215859030837004,0.12412606741381713,77,True,0.0,-1.0,0.0
1000079354,41100.0,Cáceres,6433.02,8,804.1275,0.13921113689095127,0.1303360376907728,47,True,0.0,-0.048884965127571296,0.0
30348,24400.0,León,6429.93,7,918.5614285714286,0.15283842794759828,0.14222709959207652,314,False,0.0,-1.0,0.0
1000075276,45007.0,Toledo,6429.79,7,918.5414285714286,0.1569506726457399,0.14578781346149866,322,False,0.0,-0.8932083864278534,0.0
1000100553,28043.0,Madrid,6429.46,6,1071.5766666666666,0.2647058823529412,0.23483959107740104,76,True,0.0,-0.15349501232143026,0.0
1000060780,24700.0,León,6425.5599999999995,10,642.5559999999999,0.17804154302670624,0.1638533503348287,63,True,0.0,-1.0,0.0
37068,26003.0,La Rioja,6418.78,19,337.8305263157895,0.33490011750881316,0.2888564707077225,63,True,0.0,0.045349272311574956,0.0
3688,33400.0,Asturias,6417.89,5,1283.578,0.18404907975460122,0.16893998809812322,719,False,0.0,-1.0,0.0
1000076395,9002.0,Burgos,6417.639999999999,9,713.071111111111,0.1656441717791411,0.1532738713537238,14,True,0.0,-0.608391425512614,0.0
1000100378,28010.0,Madrid,6414.95,4,1603.7375,0.20833333333333334,0.18924199963852842,318,False,0.0,-1.0,0.0
20075,48901.0,Vizcaya,6414.11,8,801.76375,0.16,0.14842000511827327,74,True,0.0,-1.0,0.0
1000076289,13620.0,Ciudad Real,6409.639999999999,6,1068.2733333333333,0.10657193605683837,0.10126689064776277,61,True,0.0,-1.0,0.0
20180,48012.0,Vizcaya,6408.87,5,1281.774,0.08886255924170616,0.08513362775972994,97,True,0.0,-1.0,0.0
1000101761,12001.0,Castellón,6408.120000000001,4,1602.0300000000002,0.48192771084337344,0.3933437475758195,67,True,0.0,-1.0,0.0
1000037595,26005.0,La Rioja,6402.46,5,1280.492,0.10337698139214335,0.09837546011252685,125,True,0.0,-1.0,0.0
42356,4600.0,Almería,6400.46,12,533.3716666666667,0.293398533007335,0.25727327581549764,55,True,0.0,-1.0,0.0
1000077867,2003.0,Albacete,6397.87,12,533.1558333333334,0.21505376344086022,0.19478832555908462,75,True,0.0,-1.0,0.0
34726,33001.0,Asturias,6397.41,10,639.741,0.29732408325074333,0.260303745556291,172,True,0.0,-1.0,0.0
1000101625,46008.0,Valencia,6396.95,5,1279.3899999999999,0.49668874172185434,0.4032551624573616,54,True,0.0,-1.0,0.0
1000080530,3110.0,Alicante,6394.12,6,1065.6866666666667,0.12295081967213116,0.11595988109486836,28,True,0.0,-1.0,0.0
1000100120,30570.0,Murcia,6390.84,10,639.0840000000001,0.2857142857142857,0.25131442828090605,13,True,0.0,-1.0,0.0
1000079985,8201.0,Barcelona,6390.76,8,798.845,0.21621621621621623,0.19574457712609533,690,False,0.0,-1.0,0.0
13938,11007.0,Cádiz,6385.37,9,709.4855555555555,0.1694915254237288,0.15656906069153992,214,False,0.0,-1.0,0.0
1000078536,7002.0,Baleares,6385.0,8,798.125,0.18882769472856017,0.1729676910832855,392,False,0.0,-1.0,0.0
29668,8195.0,Barcelona,6383.72,14,455.98,0.2511961722488038,0.22410003154016658,82,True,0.0,-1.0,0.0
1000077612,28016.0,Madrid,6379.29,12,531.6075,0.21543985637342908,0.19510603298499096,66,True,0.0,-1.0,0.0
1000101711,46940.0,Valencia,6378.34,6,1063.0566666666666,0.7407407407407408,0.5543107357057295,90,True,0.0,-1.0,0.0
1000075266,3360.0,Alicante,6376.3099999999995,5,1275.262,0.10053619302949061,0.09579750924866737,32,True,0.0,-1.0,0.0
1000081750,28055.0,Madrid,6376.07,9,708.4522222222222,0.31652989449003516,0.274999407246764,845,False,0.0,-1.0,0.0
15638,28007.0,Madrid,6374.49,9,708.2766666666666,0.17940199335548174,0.16500752472654007,28,True,0.0,-1.0,0.16004078650646028
42013,4770.0,Almería,6368.75,10,636.875,0.1750291715285881,0.1612929741207825,13,True,0.0,-1.0,0.0
1000081556,29007.0,Málaga,6362.51,6,1060.4183333333333,0.33898305084745767,0.29191040856130207,1147,False,0.0,2.2858959659990767,0.0
1000079811,28004.0,Madrid,6356.860000000001,12,529.7383333333333,0.21978021978021978,0.1986706947954841,118,True,0.0,0.1614994764980679,0.0
1000100622,36201.0,Pontevedra,6356.1,9,706.2333333333333,0.4397394136807818,0.36446213449050097,31,True,0.0,-0.5131061763012292,0.2121880728403248
7497,15142.0,A Coruña,6356.01,7,908.0014285714286,0.15475313190862194,0.14388658252115166,124,True,0.0,-0.14248877492488152,0.0
1000072638,47195.0,Valladolid,6355.77,7,907.9671428571429,0.16216216216216217,0.15028220304933798,180,False,0.0,0.6949939161825508,0.0
1000040718,17230.0,Girona,6354.200000000001,7,907.7428571428572,0.13409961685823754,0.12583904700136694,209,False,0.0,-1.0,0.0
34044,38004.0,Sta.Cruz Tenerife,6353.4,10,635.3399999999999,0.18679950186799502,0.17126018970744045,185,False,0.0,-1.0,0.0
1000082431,30110.0,Murcia,6351.83,13,488.6023076923077,0.36757775683317623,0.3130411142702047,105,True,0.0,-1.0,0.0
2785,28020.0,Madrid,6348.3,11,577.1181818181818,0.1956135151155898,0.17865945540824346,97,True,0.0,-1.0,0.0
1000078757,18500.0,Granada,6347.8,7,906.8285714285714,0.16216216216216217,0.15028220304933798,111,True,0.0,-1.0,0.0
728,44001.0,Teruel,6346.99,11,576.9990909090909,0.19388954171562867,0.17721649956505306,47,True,0.0,-1.0,0.0
1000076404,46004.0,Valencia,6342.07,7,906.01,0.3004291845493562,0.2626943519436685,1112,False,0.0,-1.0,0.0
28530,16001.0,Cuenca,6341.5,11,576.5,0.24408284023668636,0.21839858392998393,391,False,0.0,-1.0,0.0
41122,3570.0,Alicante,6340.64,10,634.0640000000001,0.17035775127768313,0.15730947239425289,28,True,0.0,-0.03454899796729502,0.0
26450,46005.0,Valencia,6333.18,11,575.7436363636364,0.2562111801242236,0.22810019095413808,173,True,0.0,-1.0,0.0
1000081999,29003.0,Málaga,6332.39,6,1055.3983333333333,0.12129380053908355,0.11448319765382814,285,False,0.0,0.3661816924233834,0.0
36014,8017.0,Barcelona,6326.49,8,790.81125,0.16042780748663102,0.14878873668587292,300,False,0.0,2.2328047340559505,0.0
1000100398,22002.0,Huesca,6324.77,7,903.5385714285715,0.2777777777777778,0.24512245803298502,89,True,0.0,0.34251616573213073,0.0
1000101119,28025.0,Madrid,6320.74,5,1264.148,0.298804780876494,0.26144444223492375,69,True,0.0,0.7364274953260851,0.0
1000082035,8970.0,Barcelona,6319.91,10,631.991,0.17772511848341233,0.16358471206061692,52,True,0.0,-1.0,0.0
1000042398,8860.0,Barcelona,6311.91,5,1262.382,0.6147540983606558,0.47918268400473196,1405,False,0.0,-1.0,0.0
1000100933,31400.0,Navarra,6307.46,6,1051.2433333333333,0.2912621359223301,0.25562013999211797,55,True,0.0,-1.0,0.0
1000078465,50004.0,Zaragoza,6306.99,12,525.5825,0.24844720496894412,0.22190054307461277,319,False,0.0,0.0008873927949932947,0.0
1000081933,33007.0,Asturias,6304.53,8,788.06625,0.2003338898163606,0.18259975960559735,56,True,0.0,-1.0,0.0
1000079618,19200.0,Guadalajara,6302.4400000000005,9,700.2711111111112,0.20516717325227962,0.18661829030953078,398,False,0.0,-0.06697353198078729,0.0
1000074089,35200.0,Las Palmas,6298.11,7,899.7299999999999,0.1275820170109356,0.12007553210913077,28,True,0.0,0.32008316936417175,0.0
1000066257,38370.0,Sta.Cruz Tenerife,6297.200000000001,8,787.1500000000001,0.14092777451556077,0.1318417687147518,25,True,0.0,0.3484657371317748,0.0
1000081576,46520.0,Valencia,6295.44,6,1049.24,0.15293118096856415,0.14230755257459243,88,True,0.0,-1.0,0.21536827207050407
42026,45500.0,Toledo,6295.36,7,899.3371428571428,0.8333333333333333,0.6061358035703155,1461,False,0.0,-1.0,0.0
10030,8192.0,Barcelona,6291.87,10,629.187,0.17985611510791366,0.16539249469350667,55,True,0.0,-0.06464840188021015,0.0
28675,35007.0,Las Palmas,6287.57,5,1257.514,0.1413760603204524,0.13223460493910913,648,False,0.0,-1.0,0.0
10381,38003.0,Sta.Cruz Tenerife,6285.49,8,785.68625,0.16643550624133147,0.15395252268799897,74,True,0.3333333333333333,-1.0,1.4927719422802632
1000079742,8940.0,Barcelona,6284.4400000000005,7,897.777142857143,0.12352941176470589,0.11647499099636811,40,True,0.0,-0.42323369920691545,0.0
1000067847,30007.0,Murcia,6275.17,14,448.2264285714286,0.2616822429906542,0.23244594397652327,76,True,0.0,-1.0,0.0
42096,38560.0,Sta.Cruz Tenerife,6273.15,13,482.54999999999995,0.40247678018575855,0.33823980226037753,612,False,0.0,-1.0,0.0
1000077396,3590.0,Alicante,6270.2,12,522.5166666666667,0.3883495145631068,0.3281156420302715,836,False,0.0,0.2911138633710827,0.0
1000080635,39011.0,Cantabria,6265.66,5,1253.132,0.09185548071034906,0.08787852489267531,174,True,0.0,-1.0,0.0
42600,28902.0,Madrid,6262.6,4,1565.65,0.31578947368421056,0.2744368457017603,80,True,0.0,-1.0,0.0
42900,41710.0,Sevilla,6258.030000000001,8,782.2537500000001,0.4928131416837782,0.40066235445092957,39,True,0.0,-1.0,0.0
1000100456,30007.0,Murcia,6256.18,8,782.0225,0.30848329048843187,0.26886867293207645,34,True,0.0,-1.0,0.0
8389,28009.0,Madrid,6255.23,7,893.6042857142857,0.16304347826086957,0.15104025741286586,530,False,0.0,-1.0,0.0
1000080994,28971.0,Madrid,6252.72,18,347.37333333333333,0.31597425394967815,0.2745772688437248,111,True,0.0,-1.0,0.0
1963,37002.0,Salamanca,6251.62,10,625.162,0.18315018315018314,0.16818052803769679,39,True,0.0,0.8748622874394549,0.0
32674,28016.0,Madrid,6248.22,3,2082.7400000000002,0.25210084033613445,0.22482281283392974,831,False,0.0,-1.0,0.0
1000082613,28021.0,Madrid,6245.8,6,1040.9666666666667,0.16483516483516483,0.1525795875952171,175,True,0.0,-1.0,0.0
42296,15701.0,A Coruña,6243.89,4,1560.9725,0.3896103896103896,0.3290234126082223,1040,False,0.0,-1.0,0.0
1000080930,17401.0,Girona,6237.450000000001,4,1559.3625000000002,0.13363028953229397,0.12542512880826845,628,False,0.0,-1.0,0.0
1000082311,28047.0,Madrid,6237.07,6,1039.5116666666665,0.16363636363636364,0.15154989812720093,416,False,0.0,-0.8514813072154396,0.0
42302,28690.0,Madrid,6235.39,5,1247.078,0.2032520325203252,0.18502791839169758,26,True,0.0,-1.0,0.0
42498,41567.0,Sevilla,6233.09,8,779.13625,0.255047821466525,0.22717367661198268,96,True,0.0,-1.0,0.0
22902,8022.0,Barcelona,6226.38,13,478.9523076923077,0.23751522533495736,0.21310551868599897,60,True,0.0,-1.0,0.0
12555,18004.0,Granada,6224.7699999999995,13,478.8284615384615,0.2262180974477958,0.20393471520654452,67,True,0.0,0.1664069715792518,0.0
1000081155,25006.0,Lleida,6224.58,11,565.8709090909091,0.19332161687170474,0.1767406934323652,76,True,0.0,-1.0,0.0
1000075184,28029.0,Madrid,6220.33,14,444.3092857142857,0.23782559456398641,0.21335628757257855,28,True,0.0,0.12338531078182752,0.0
8976,20730.0,Gipúzkoa,6220.1900000000005,9,691.1322222222223,0.16042780748663102,0.14878873668587292,53,True,0.0,-1.0,0.0
5602,24410.0,León,6218.9,6,1036.4833333333333,0.13964313421256788,0.13071517323468992,395,False,0.0,0.07557713537646922,0.0
1000102069,17200.0,Girona,6217.52,1,6217.52,1.0,0.6931471805599453,75,True,0.0,-1.0,0.0
6479,30816.0,Murcia,6214.92,11,564.9927272727273,0.21611001964636542,0.19565725613407337,117,True,0.0,-0.026923667720731213,0.0
1000100433,28943.0,Madrid,6206.4,8,775.8,0.3080872913992298,0.26856598735197657,20,True,0.0,-1.0,0.0
37961,11370.0,Cádiz,6203.66,15,413.57733333333334,0.3014065639651708,0.2634456518382497,319,False,0.0,-1.0,0.0
35959,3503.0,Alicante,6193.65,15,412.90999999999997,0.7512520868113524,0.5603310102808479,38,True,0.3333333333333333,-1.0,0.9740612907874578
13550,10001.0,Cáceres,6191.27,6,1031.8783333333333,0.12968299711815562,0.12193705984360334,55,True,0.0,-0.6307512457744268,0.0
42500,41560.0,Sevilla,6190.7,8,773.8375,0.3076923076923077,0.26826398659467937,257,False,0.0,-1.0,0.0
1000100262,41011.0,Sevilla,6189.2300000000005,6,1031.5383333333334,0.19911504424778761,0.181583821607415,33,True,0.0,-1.0,0.0
10500,48260.0,Vizcaya,6185.97,6,1030.9950000000001,0.16042780748663102,0.14878873668587292,410,False,0.0,-1.0,0.0
1000079829,41909.0,Sevilla,6183.2,12,515.2666666666667,0.2748091603053435,0.24279648921560357,69,True,0.0,0.15335622232173934,0.0
27037,28003.0,Madrid,6182.51,10,618.251,0.18148820326678766,0.16677483305565477,31,True,0.0,-0.5812330833176756,0.0
27923,8570.0,Barcelona,6180.33,6,1030.055,0.10695187165775401,0.10161017641078245,87,True,0.0,-1.0,0.0
8206,38430.0,Sta.Cruz Tenerife,6169.89,12,514.1575,0.2132701421800948,0.19331931100349597,97,True,0.0,-1.0,0.3038801984614118
367,41005.0,Sevilla,6168.37,8,771.04625,0.15758371634931057,0.1463348295027084,231,False,0.0,-1.0,0.0
1000078185,49600.0,Zamora,6168.35,6,1028.0583333333334,0.10746268656716418,0.1020715307823687,27,True,0.0,-0.39953695296894864,0.0
1000100179,9200.0,Burgos,6159.84,5,1231.968,0.21676300578034682,0.19619405862465716,335,False,0.0,-1.0,0.0
16754,8006.0,Barcelona,6156.820000000001,6,1026.1366666666668,0.11811023622047245,0.11163997114266946,178,True,0.0,-1.0,0.0
1000080600,30840.0,Murcia,6156.64,6,1026.1066666666668,0.20642201834862386,0.18765896938867554,913,False,0.0,-1.0,0.0
1000081723,28806.0,Madrid,6156.56,17,362.15058823529415,0.30357142857142855,0.26510775041324186,63,True,0.0,-1.0,0.0
1000080605,28047.0,Madrid,6153.06,10,615.306,0.21008403361344538,0.19068980646447123,354,False,0.0,-1.0,0.0
1000072095,8022.0,Barcelona,6153.02,8,769.1275,0.17764618800888232,0.163517690377588,90,True,0.0,-1.0,0.0
1000081703,8339.0,Barcelona,6152.83,2,3076.415,0.8108108108108107,0.5937747067467416,1381,False,0.0,2.008958997113574,0.0
1000072375,3690.0,Alicante,6146.33,14,439.0235714285714,0.23648648648648649,0.21227387907730588,10,True,0.0,-1.0,0.0
35558,29007.0,Málaga,6134.66,7,876.38,0.13149655604257984,0.12354114237721607,187,False,0.0,0.5157091314495038,0.0
14619,4740.0,Almería,6133.48,7,876.2114285714285,0.12338425381903642,0.11634578447802714,66,True,0.0,-1.0,0.0
1000062145,28002.0,Madrid,6133.04,4,1533.26,0.1518987341772152,0.14141165404982856,776,False,0.0,-1.0,0.0
1000101154,46011.0,Valencia,6132.07,4,1533.0175,0.46153846153846156,0.37948962170490375,208,False,0.0,-1.0,0.0
6476,28901.0,Madrid,6131.639999999999,9,681.2933333333333,0.17263427109974425,0.15925273171115378,115,True,0.0,-0.5894470991867744,0.0
37803,29014.0,Málaga,6130.01,15,408.6673333333334,0.2613240418118467,0.23216199606614996,28,True,0.0,-1.0,0.0
1000077976,39770.0,Cantabria,6127.58,6,1021.2633333333333,0.25677603423680456,0.22854973890158942,662,False,0.0,-0.11810668381696532,0.18382499117790221
768,46600.0,Valencia,6127.41,8,765.92625,0.25889967637540456,0.23023806672070085,641,False,0.0,-1.0,0.2356946243356333
1000082300,41006.0,Sevilla,6119.07,7,874.1528571428571,0.13916500994035785,0.13029554661500037,17,True,0.0,-0.13691431989606606,0.0
42529,23600.0,Jaén,6114.84,7,873.5485714285714,0.2539298669891173,0.226282513205836,160,True,0.0,-1.0,0.0
28892,28804.0,Madrid,6113.17,13,470.24384615384616,0.23395320935812836,0.21022300690216314,47,True,0.0,-1.0,0.0
14083,2001.0,Albacete,6112.9400000000005,9,679.2155555555556,0.15306122448979592,0.14242034004176865,42,True,0.0,-1.0,0.14574947370450614
1000076332,8760.0,Barcelona,6112.79,7,873.2557142857142,0.12582384661473936,0.11851507575163023,88,True,0.0,2.2858959659990767,0.0
8149,34001.0,Palencia,6112.05,5,1222.41,0.10395010395010394,0.09889475113617764,259,False,0.0,-1.0,0.0
1000080400,3005.0,Alicante,6111.42,4,1527.855,0.09259259259259259,0.08855339734144506,222,False,0.0,-1.0,0.0
1000068656,28770.0,Madrid,6101.96,19,321.1557894736842,0.32967032967032966,0.28493103907989104,53,True,0.0,-1.0,0.0
22364,35572.0,Las Palmas,6099.11,13,469.16230769230765,0.2697095435684647,0.23878816846172576,339,False,0.0,-1.0,0.0
1000101910,48960.0,Vizcaya,6098.26,5,1219.652,0.6818181818181819,0.5198754592859086,40,True,0.0,-1.0,0.0
1000082711,36003.0,Pontevedra,6097.18,4,1524.295,0.1932367149758454,0.17666954336260812,70,True,0.0,-1.0,0.0
1000065082,39108.0,Cantabria,6092.16,4,1523.04,0.08664259927797835,0.08309275856153724,264,False,0.0,-1.0,0.0
1000102196,51001.0,Ceuta,6090.38,3,2030.1266666666668,2.0,1.0986122886681098,53,True,0.0,-1.0,0.8392571716709092
1000101609,6670.0,Badajoz,6090.29,6,1015.0483333333333,0.5660377358490566,0.4485486942444761,68,True,0.0,-1.0,0.0
1000079024,33930.0,Asturias,6085.35,3,2028.45,0.10550996483001172,0.10030673514177837,663,False,0.0,2.2858959659990767,0.0
1000101985,18005.0,Granada,6084.32,8,760.54,1.4457831325301205,0.8943653712451894,27,True,0.0,-1.0,0.0
7735,48012.0,Vizcaya,6081.04,6,1013.5066666666667,0.18808777429467086,0.1723451022975818,846,False,0.0,-1.0,0.0
39272,6420.0,Badajoz,6070.01,5,1214.002,0.099535500995355,0.09488781880006746,66,True,0.0,0.1366204402178794,0.0
1000079717,47010.0,Valladolid,6063.24,10,606.324,0.18083182640144665,0.16621912775409625,147,True,0.0,-1.0,0.0
1428,30310.0,Murcia,6060.11,10,606.011,0.2379064234734338,0.21342158455051252,262,False,0.0,-0.5072473605614094,0.0
1000101082,28903.0,Madrid,6055.48,7,865.0685714285713,0.43568464730290457,0.36164184156706924,61,True,0.3333333333333333,-1.0,1.4927719422802632
28064,17100.0,Girona,6053.099999999999,7,864.7285714285714,0.15765765765765766,0.14639870302294036,186,False,0.0,-1.0,0.0
1000081602,47007.0,Valladolid,6051.69,7,864.5271428571428,0.1390728476821192,0.1302146399985287,230,False,0.0,-1.0,0.0
4083,33300.0,Asturias,6049.65,9,672.1833333333333,0.20104244229337304,0.18318988160197128,167,True,0.0,-0.8381705651213383,0.0
12435,18300.0,Granada,6048.13,5,1209.626,0.09481668773704172,0.09058694079478127,118,True,0.0,-1.0,0.0
8845,15005.0,A Coruña,6047.26,4,1511.815,0.12121212121212122,0.11441035117774422,796,False,0.0,-1.0,0.0
1000100007,3003.0,Alicante,6044.929999999999,6,1007.4883333333332,0.15075376884422112,0.14041717882974727,332,False,0.0,-1.0,0.0
41423,11500.0,Cádiz,6037.56,10,603.7560000000001,0.1718213058419244,0.15855921011202428,54,True,0.0,-1.0,0.0
34625,4717.0,Almería,6036.37,5,1207.274,0.08870490833826138,0.08498883233449755,66,True,0.0,-1.0,0.0
28127,4120.0,Almería,6034.8,6,1005.8000000000001,0.4215456674473068,0.3517447778308737,1349,False,0.0,1.3303338904652702,0.11218371162164247
3745,33003.0,Asturias,6032.150000000001,10,603.215,0.19710906701708278,0.17990953939827248,228,False,0.0,-0.11479466421946194,0.0
1000078007,46190.0,Valencia,6031.87,6,1005.3116666666666,0.12040133779264213,0.11368695843438,207,False,0.0,0.3925640329978719,0.0
1000058106,50014.0,Zaragoza,6029.53,4,1507.3825,0.06932409012131716,0.06702675739728825,17,True,0.0,-1.0,0.0
1000082651,28224.0,Madrid,6028.86,6,1004.81,0.15463917525773196,0.14378789279171172,38,True,0.0,-1.0,0.0
9122,2001.0,Albacete,6023.29,10,602.329,0.167973124300112,0.1552698741242734,19,True,0.0,0.5147451887081572,0.0
34990,28040.0,Madrid,6019.35,7,859.907142857143,0.30567685589519655,0.2667215698364468,1077,False,0.0,-1.0,0.0
39879,37004.0,Salamanca,6019.0,7,859.8571428571429,0.15648286140089418,0.14538338321153696,27,True,0.0,-1.0,0.0
42636,41809.0,Sevilla,6017.79,4,1504.4475,0.15604681404421328,0.1450062660082606,19,True,0.0,-1.0,0.0
1000073653,6011.0,Badajoz,6017.09,5,1203.4180000000001,0.11346444780635401,0.10747627887718995,468,False,0.0,-1.0,0.0
1000100503,28036.0,Madrid,6010.66,5,1202.132,0.4807692307692307,0.3925617032722565,473,False,0.0,0.6012636405147752,0.0
34421,36680.0,Pontevedra,6007.879999999999,7,858.2685714285714,0.15151515151515152,0.14107859825990554,417,False,0.3333333333333333,-1.0,1.4927719422802632
27567,18360.0,Granada,6004.85,4,1501.2125,0.09456264775413713,0.09035487503995611,305,False,0.0,-1.0,0.0
39800,20200.0,Gipúzkoa,6004.6900000000005,15,400.3126666666667,0.29980013324450366,0.26221050898964926,117,True,0.0,0.027047221363211388,0.0
1000100268,43110.0,Tarragona,6004.21,6,1000.7016666666667,0.21531100478468898,0.19500001505372558,115,True,0.0,-0.5883933930956659,0.0
1000082505,8021.0,Barcelona,6000.58,19,315.82,0.4470588235294118,0.36953309888210106,73,True,0.0,-1.0,0.0
1000100276,50014.0,Zaragoza,5999.33,10,599.933,0.3363228699551569,0.2899217150452857,54,True,0.0,-1.0,0.0
20780,24240.0,León,5993.35,6,998.8916666666668,0.1188118811881188,0.11226730187108111,158,True,0.0,0.718640700948828,0.0
42607,11600.0,Cádiz,5992.82,5,1198.5639999999999,0.31779661016949157,0.2759611071536241,299,False,0.0,-1.0,0.0
1000078498,52004.0,Melilla,5992.32,6,998.7199999999999,0.11271133375078271,0.10679967993963889,125,True,0.0,0.938751878758965,0.0
1000082103,12600.0,Castellón,5991.9,10,599.1899999999999,0.1779359430604982,0.1637637060433171,13,True,0.0,-1.0,0.0
25121,11550.0,Cádiz,5985.9,23,260.2565217391304,0.38785834738617203,0.3277618016793444,32,True,0.0,0.1130027291953702,0.0
6718,26001.0,La Rioja,5983.65,7,854.8071428571428,0.20348837209302326,0.18522431645191603,115,True,0.0,-1.0,0.0
1000075405,28932.0,Madrid,5983.05,8,747.88125,0.15161086544535693,0.1411617147976509,66,True,0.0,-1.0,0.0
10444,28017.0,Madrid,5981.46,8,747.6825,0.17673048600883653,0.16273981820757855,216,False,0.0,-0.6863605795683805,0.0
32640,28002.0,Madrid,5977.7,6,996.2833333333333,0.12320328542094455,0.1161846793393914,251,False,0.0,-1.0,0.0
1000061641,47009.0,Valladolid,5976.02,9,664.0022222222223,0.16023738872403562,0.14862462963300405,80,True,0.0,-1.0,0.0
12213,17190.0,Girona,5972.98,7,853.2828571428571,0.1483050847457627,0.1382870158540908,262,False,0.0,-1.0,0.0
1000077002,28971.0,Madrid,5969.16,18,331.62,0.3504218040233614,0.30041699107351866,118,True,0.0,0.003393716345646239,0.0
27447,28223.0,Madrid,5969.02,11,542.6381818181818,0.21767810026385226,0.19694584886048053,112,True,0.0,-0.43399766695519953,0.0
27841,8022.0,Barcelona,5966.92,3,1988.9733333333334,0.06526468455402465,0.06322329838057549,329,False,0.0,-1.0,0.0
1000080585,28915.0,Madrid,5960.72,9,662.3022222222222,0.16811955168119552,0.155395235059463,73,True,0.0,-1.0,0.0
1000100582,28903.0,Madrid,5959.35,6,993.225,0.2706766917293233,0.2395495867013197,53,True,0.0,-1.0,0.0
1000067191,28006.0,Madrid,5957.26,7,851.0371428571428,0.14840989399293286,0.13837828468649985,313,False,0.0,0.2221467885459351,0.0
42177,15009.0,A Coruña,5949.47,8,743.68375,0.425531914893617,0.35454501768090746,0,True,0.0,-1.0,0.0
12602,17100.0,Girona,5948.92,8,743.615,0.25263157894736843,0.22524660151098855,857,False,0.0,-1.0,0.0
28621,48990.0,Vizcaya,5946.66,3,1982.22,0.22388059701492538,0.20202662787328707,663,False,0.0,0.529992104997596,0.0
8323,3501.0,Alicante,5946.28,9,660.6977777777778,0.18084393837910248,0.16622938485867986,207,False,0.0,0.5831719296874427,0.0
9561,18600.0,Granada,5944.780000000001,5,1188.9560000000001,0.11102886750555145,0.1052864936732631,88,True,0.0,-1.0,0.0
1000076396,31003.0,Navarra,5944.27,7,849.1814285714287,0.3177004538577912,0.2758881370008165,17,True,0.0,-1.0,0.0
3,41011.0,Sevilla,5941.41,4,1485.3525,0.13377926421404682,0.12555653398976382,675,False,0.0,-1.0,0.0
1000080848,41300.0,Sevilla,5940.76,7,848.6800000000001,0.23782559456398641,0.21335628757257855,608,False,0.0,-1.0,0.0
1818,35130.0,Las Palmas,5938.86,16,371.17875,0.32388663967611336,0.2805718342692762,318,False,0.0,-0.5508212528550048,0.0
1000079960,15008.0,A Coruña,5936.68,6,989.4466666666667,0.27314112291350534,0.241487171964699,1151,False,0.0,-1.0,0.0
1000100559,8500.0,Barcelona,5936.3,5,1187.26,0.2617801047120419,0.2325235054440251,82,True,0.0,0.11063808722340461,0.0
22807,18690.0,Granada,5935.49,4,1483.8725,0.12371134020618556,0.11663690372576087,46,True,0.0,-1.0,0.0
1000081635,38004.0,Sta.Cruz Tenerife,5934.4400000000005,9,659.3822222222223,0.15185601799775028,0.14137457008554852,27,True,0.0,-1.0,0.0
1000080627,6006.0,Badajoz,5934.2699999999995,5,1186.8539999999998,0.09823182711198429,0.09370145660457642,294,False,0.0,-1.0,0.0
5769,30003.0,Murcia,5933.41,11,539.4009090909091,0.2030769230769231,0.18488237765562832,116,True,0.0,-0.37452525807373377,0.0
1000082145,47008.0,Valladolid,5929.29,4,1482.3225,0.22058823529411764,0.19933290262049122,472,False,0.0,2.114792419362047,0.0
42806,2002.0,Albacete,5928.9,22,269.49545454545455,1.1379310344827587,0.7598385550586175,84,True,0.0,0.5123675550573173,0.23125156347823075
1000058746,12596.0,Castellón,5927.5,10,592.75,0.18656716417910446,0.17106440226932015,20,True,0.0,-1.0,0.0
1000080123,18620.0,Granada,5925.0,11,538.6363636363636,0.1846670397313934,0.1694617559754371,26,True,0.0,0.1817939658442406,0.0
26571,30319.0,Murcia,5924.799999999999,7,846.3999999999999,0.3790613718411553,0.3214031024192367,776,False,0.0,-1.0,0.0
22527,47005.0,Valladolid,5922.87,9,658.0966666666667,0.18024032042723634,0.16571807912042397,285,False,0.0,-0.30755359059263815,0.0
35536,4004.0,Almería,5921.469999999999,8,740.1837499999999,0.14388489208633093,0.13443026908953976,40,True,0.0,-1.0,0.0
1000078779,15006.0,A Coruña,5921.03,10,592.103,0.18007202881152462,0.16557547798032388,39,True,0.5,2.2858959659990767,1.4927719422802632
11602,32003.0,Orense,5920.38,5,1184.076,0.16251354279523295,0.15058450812784632,341,False,0.0,-1.0,0.0
9527,50015.0,Zaragoza,5915.17,8,739.39625,0.14234875444839856,0.1330864537962701,97,True,0.0,-0.09176195560207275,0.0
1000082331,3189.0,Alicante,5911.32,24,246.30499999999998,0.540946656649136,0.432396939677269,167,True,0.0,-0.23665686068501784,0.0
1000078789,48100.0,Vizcaya,5911.24,4,1477.81,0.08869179600886917,0.08497678829184223,115,True,0.0,-1.0,0.0
25667,3730.0,Alicante,5910.72,11,537.3381818181819,0.1923076923076923,0.1758906664636642,48,True,0.0,-1.0,0.0
42542,9004.0,Burgos,5909.4400000000005,6,984.9066666666668,0.19292604501607716,0.176409150428201,38,True,0.0,-1.0,0.0
30399,19001.0,Guadalajara,5907.21,8,738.40125,0.15180265654648956,0.14132824251813592,103,True,0.0,-0.41689024513246914,0.0
1000067733,28011.0,Madrid,5906.13,9,656.2366666666667,0.17857142857142858,0.16430305129127631,175,True,0.0,-1.0,0.0
21690,28805.0,Madrid,5899.3099999999995,11,536.300909090909,0.19951632406287786,0.18191841226118147,48,True,0.0,-1.0,0.0
9908,47610.0,Valladolid,5896.92,7,842.4171428571428,0.12804878048780488,0.1204893972541264,94,True,0.0,-0.5016584935809136,0.0
11829,13270.0,Ciudad Real,5896.31,11,536.0281818181819,0.20547945205479454,0.18687737332981535,171,True,0.0,0.16786717452284314,0.0
1000082479,33700.0,Asturias,5891.72,10,589.172,0.22727272727272727,0.20479441264601322,52,True,0.0,-1.0,0.0
26265,46470.0,Valencia,5889.19,8,736.14875,0.20600858369098712,0.1873162157680452,612,False,0.0,-0.5902069316905405,0.0
38918,8490.0,Barcelona,5888.88,4,1472.22,0.2531645569620253,0.2256719976675684,1203,False,0.0,-1.0,0.4126949231406523
1000037560,12594.0,Castellón,5888.66,5,1177.732,0.09511731135066581,0.0908614911836402,202,False,0.0,-1.0,0.0
1000082142,37800.0,Salamanca,5884.9400000000005,3,1961.6466666666668,0.16513761467889906,0.15283920422944755,1126,False,0.0,-1.0,0.08604291223945439
40980,26300.0,La Rioja,5880.27,8,735.03375,0.24870466321243526,0.22210674458576946,152,True,0.0,-0.14721015550328234,0.0
1000100427,28970.0,Madrid,5879.63,16,367.476875,0.6193548387096774,0.48202782221253726,38,True,0.0,-1.0,0.0
14628,4630.0,Almería,5871.66,10,587.1659999999999,0.16997167138810199,0.15697953602773598,45,True,0.0,-1.0,0.0
1000081980,45200.0,Toledo,5867.66,7,838.2371428571429,0.11979463776383344,0.11314530935522657,19,True,0.0,-1.0,0.0
1000078005,46180.0,Valencia,5866.34,5,1173.268,0.11144130757800891,0.10565764832974943,180,False,0.0,-0.028872981338169148,0.0
28868,4004.0,Almería,5863.37,8,732.92125,0.15286624203821655,0.14225122591751768,96,True,0.0,0.1394674112649578,0.0
3180,29312.0,Málaga,5861.07,7,837.2957142857142,0.16393442622950818,0.15180601286800416,216,False,0.0,-0.09317987646198118,0.0
21517,7440.0,Baleares,5858.19,9,650.91,0.19852941176470587,0.1810953150707103,150,True,0.0,-0.20449670160556271,0.0
42002,29631.0,Málaga,5852.51,10,585.251,0.21246458923512745,0.1926551386485,332,False,0.0,-1.0,0.0
1000070279,21410.0,Huelva,5851.31,8,731.41375,0.16620498614958448,0.1537548753495005,32,True,0.0,-1.0,0.0
6471,28020.0,Madrid,5850.51,7,835.7871428571428,0.2966101694915254,0.2597532969267707,943,False,0.0,-1.0,0.0
25314,17538.0,Girona,5850.139999999999,9,650.0155555555555,0.1664611590628853,0.15397451493646533,157,True,0.0,-1.0,0.0
35813,46980.0,Valencia,5847.62,5,1169.524,0.13452914798206278,0.12621771726740147,601,False,0.0,-0.5720143419114724,0.0
1000073681,13500.0,Ciudad Real,5847.08,10,584.708,0.2390438247011952,0.21433997304745023,444,False,0.0,0.0948449336553531,0.0
42890,28006.0,Madrid,5846.42,6,974.4033333333333,0.39387308533916854,0.3320862646779587,103,True,0.0,-1.0,0.0
34608,18198.0,Granada,5845.11,4,1461.2775,0.14405762304921968,0.1345812614873594,823,False,0.0,-1.0,0.0
4254,28028.0,Madrid,5843.05,14,417.3607142857143,0.273972602739726,0.2421400520048648,236,False,0.0,0.41444373388187905,0.0
43055,8241.0,Barcelona,5841.21,4,1460.3025,0.5150214592274678,0.41542960336759616,26,True,0.0,-1.0,0.0
13810,11405.0,Cádiz,5839.02,7,834.1457142857143,0.1380670611439842,0.12933126291691638,234,False,0.0,0.04672254303868493,0.0
1000076487,28223.0,Madrid,5833.73,8,729.21625,0.1362088535754824,0.12769715337904108,28,True,0.0,-1.0,0.0
14557,5001.0,Ávila,5831.18,7,833.0257142857143,0.15813253012048192,0.1468088200292101,283,False,0.0,-1.0,0.0
9270,8140.0,Barcelona,5825.28,7,832.1828571428571,0.14613778705636743,0.13639784409861538,96,True,0.0,-1.0,0.0
1000078762,38400.0,Sta.Cruz Tenerife,5822.75,28,207.95535714285714,0.4889406286379511,0.3980648795945873,32,True,0.0,0.03009875371623881,0.0
1000068197,11360.0,Cádiz,5819.84,10,581.984,0.1950585175552666,0.1781951528500431,189,False,0.0,-1.0,0.0
1000101868,35572.0,Las Palmas,5819.74,5,1163.9479999999999,0.9677419354838709,0.676886659688165,104,True,0.0,-1.0,0.4537462248848351
17625,36400.0,Pontevedra,5819.63,13,447.6638461538462,0.3721374045801527,0.31636967340000455,763,False,0.0,0.39041366430568275,0.0
3637,33550.0,Asturias,5818.700000000001,5,1163.7400000000002,0.11144130757800891,0.10565764832974943,361,False,0.0,0.7136825153675446,0.0
1000070949,28300.0,Madrid,5818.3,5,1163.66,0.11441647597254004,0.10833092798699963,160,True,0.0,-1.0,0.0
1000100425,28050.0,Madrid,5815.87,15,387.7246666666667,0.5597014925373134,0.4444944520138996,28,True,0.0,-1.0,0.0
11712,14013.0,Córdoba,5815.79,7,830.8271428571428,0.1457321304649549,0.13604384792060592,342,False,0.0,-1.0,0.0
23103,3010.0,Alicante,5812.33,5,1162.466,0.0949367088607595,0.09069656147081215,196,False,0.0,-1.0,0.0
26761,28035.0,Madrid,5806.68,10,580.668,0.17814726840855108,0.16394309304254606,39,True,0.0,-1.0,0.0
1000071493,4008.0,Almería,5805.610000000001,5,1161.122,0.08949880668257756,0.08571778011288543,26,True,0.0,-0.015445772374476276,0.0
6715,8402.0,Barcelona,5804.88,6,967.48,0.12170385395537527,0.1148488274796447,298,False,0.0,-1.0,0.0
1000101557,28224.0,Madrid,5804.31,7,829.1871428571429,0.5454545454545454,0.4353180712578455,6,True,0.0,-1.0,0.0
1000080025,39500.0,Cantabria,5795.25,9,643.9166666666666,0.26679841897233203,0.2364927876332045,60,True,0.0,-0.04615972915608486,0.0
27520,24100.0,León,5792.09,4,1448.0225,0.09259259259259259,0.08855339734144506,167,True,0.0,-1.0,0.0
16827,41014.0,Sevilla,5782.8,10,578.28,0.19342359767891681,0.17682614939695868,91,True,0.0,-0.020268106590681984,0.0
11089,28001.0,Madrid,5776.67,8,722.08375,0.2857142857142857,0.25131442828090605,67,True,0.0,-1.0,0.0
42733,14700.0,Córdoba,5772.65,8,721.58125,0.43795620437956206,0.3632228029098636,87,True,0.0,-1.0,0.0
1000069542,28691.0,Madrid,5771.92,12,480.99333333333334,0.2212661339889367,0.19988813533277905,74,True,0.0,-1.0,0.0
26298,26002.0,La Rioja,5771.49,10,577.149,0.205761316872428,0.18711116567651886,180,False,0.0,-0.23219853248135502,0.0
1000081931,18008.0,Granada,5763.51,10,576.351,0.1950585175552666,0.1781951528500431,217,False,0.0,-1.0,0.0
1000077085,8187.0,Barcelona,5761.81,7,823.1157142857144,0.14150943396226415,0.13235145148467395,235,False,0.0,-1.0,0.0
1000078369,28100.0,Madrid,5761.2300000000005,8,720.1537500000001,0.16249153689911983,0.15056557836609571,25,True,0.0,0.17387876380263634,0.0
1000077440,28006.0,Madrid,5760.11,4,1440.0275,0.5309734513274337,0.4259037757854384,73,True,0.0,-1.0,0.0
40417,32003.0,Orense,5760.03,9,640.0033333333333,0.15237020316027086,0.1418208675595846,28,True,0.0,-1.0,0.0
37232,28005.0,Madrid,5759.17,7,822.7385714285714,0.19021739130434784,0.1741359722075152,346,False,0.0,-1.0,0.0
1000082128,12001.0,Castellón,5758.91,4,1439.7275,0.07863695937090433,0.07569816939261281,160,True,0.0,-1.0,0.0
1000080681,41089.0,Sevilla,5757.41,10,575.741,0.22779043280182232,0.2052161578338258,426,False,0.0,-0.37007044518785387,0.0
36043,50008.0,Zaragoza,5755.8099999999995,5,1151.1619999999998,0.11380880121396056,0.10778549411200837,33,True,0.0,-1.0,0.0
2525,28100.0,Madrid,5751.63,8,718.95375,0.1607501674480911,0.14906649217641568,213,False,0.0,-0.5279107834840319,0.0
40511,41400.0,Sevilla,5750.8099999999995,4,1437.7024999999999,0.08498583569405098,0.0815669322473492,154,True,0.0,-1.0,0.0
16834,7006.0,Baleares,5750.53,23,250.02304347826086,0.43206011271133377,0.35911404580776873,102,True,0.0,-1.0,0.14578708484847727
1000068645,8036.0,Barcelona,5749.57,4,1437.3925,0.097323600973236,0.09287412500644374,410,False,0.0,-1.0,0.0
43158,28024.0,Madrid,5743.73,4,1435.9325,0.96,0.6729444732424258,7,True,0.0,-1.0,0.0
1000082627,38710.0,Sta.Cruz Tenerife,5742.32,5,1148.464,0.14925373134328357,0.1391128024627178,210,False,0.0,-1.0,0.0
1000100991,28008.0,Madrid,5737.45,2,2868.725,0.35502958579881655,0.30382328863116614,473,False,0.0,0.39489502024460504,0.0
1000078639,0.0,,5731.82,8,716.4775,0.4152249134948097,0.3472884679303696,1103,False,0.5,-1.0,1.4927719422802632
1000080945,11407.0,Cádiz,5730.870000000001,16,358.17937500000005,0.32064128256513025,0.27811743875098854,292,False,0.0,0.016755883564030162,0.0
1000080117,28300.0,Madrid,5729.0599999999995,4,1432.2649999999999,0.09153318077803203,0.08758329579275106,213,False,0.0,0.14793594864307172,0.0
1000079403,28028.0,Madrid,5727.12,13,440.5476923076923,0.2448210922787194,0.21899181860974745,189,False,0.0,-1.0,0.0
1000081010,8391.0,Barcelona,5726.08,7,818.0114285714286,0.12013729977116705,0.11345126687497492,6,True,0.0,-1.0,0.0
34402,41749.0,Sevilla,5724.530000000001,4,1431.1325000000002,0.17341040462427745,0.1599143845440084,1055,False,0.0,-1.0,0.0
1000037619,26001.0,La Rioja,5724.3099999999995,6,954.0516666666666,0.14084507042253522,0.13176927763112334,80,True,0.0,-1.0,0.0
1000080804,24003.0,León,5716.1900000000005,7,816.5985714285715,0.12237762237762237,0.11544931231016327,82,True,0.0,-1.0,0.0
42825,21122.0,Huelva,5712.650000000001,8,714.0812500000001,0.6703910614525139,0.5130577675499314,277,False,0.0,2.2555780672958554,0.0
42222,4720.0,Almería,5710.44,12,475.86999999999995,0.2735562310030395,0.24181316915676582,81,True,0.0,-1.0,0.0
1000081798,14001.0,Córdoba,5707.429999999999,2,2853.7149999999997,0.5607476635514018,0.4451649779548489,1676,False,0.0,-1.0,0.0
24533,39002.0,Cantabria,5705.82,7,815.1171428571428,0.13324873096446702,0.12508849101861994,213,False,0.0,-1.0,0.0
38612,14550.0,Córdoba,5701.77,29,196.61275862068968,0.4906937394247039,0.39924160853008134,27,True,0.0,0.0942146213696943,0.0
32060,46410.0,Valencia,5694.65,4,1423.6625,0.08941877794336811,0.08564432277809672,27,True,0.0,-1.0,0.0
1000080548,3158.0,Alicante,5692.54,6,948.7566666666667,0.1391035548686244,0.13024159768843604,336,False,0.0,1.1472300205406867,0.0
41140,8251.0,Barcelona,5691.51,9,632.39,0.16138673042438734,0.14961474839061611,123,True,0.0,-1.0,0.0
34856,23008.0,Jaén,5691.51,13,437.80846153846153,0.2952308856926571,0.2586889693698682,402,False,0.0,0.344298232759884,0.0
1000065575,29602.0,Málaga,5690.24,10,569.024,0.17543859649122806,0.1616413515564159,31,True,0.0,-0.674251749983611,0.0
1000043204,28050.0,Madrid,5686.25,9,631.8055555555555,0.26679841897233203,0.2364927876332045,707,False,0.0,0.19506308593513136,0.0
23329,46117.0,Valencia,5685.63,6,947.605,0.23106546854942236,0.20788002901268998,160,True,0.0,-0.1974485890697556,1.093090951219431
1000079817,43820.0,Tarragona,5685.14,7,812.1628571428572,0.44025157232704404,0.36481780133400815,1090,False,0.0,-0.723071147816102,0.0
25081,38760.0,Sta.Cruz Tenerife,5681.96,9,631.3288888888889,0.1651376146788991,0.15283920422944758,159,True,0.0,-1.0,0.0
1000082244,12200.0,Castellón,5678.76,5,1135.752,0.5,0.4054651081081644,1259,False,0.0,0.7998907176378668,0.0
1000078961,41130.0,Sevilla,5675.39,5,1135.078,0.199203187250996,0.18165732561709183,172,True,0.0,-1.0,0.0
42398,28043.0,Madrid,5675.120000000001,5,1135.0240000000001,0.19379844961240308,0.17714019805195702,395,False,0.0,0.8209344068926613,0.0
25889,29620.0,Málaga,5673.58,7,810.5114285714286,0.1400933955970647,0.13111018501299318,286,False,0.0,-0.5577037353852909,0.0
27529,48630.0,Vizcaya,5668.45,7,809.7785714285714,0.19090909090909092,0.17471695740873533,536,False,0.0,-1.0,0.0
1000072074,38684.0,Sta.Cruz Tenerife,5668.04,9,629.7822222222222,0.16687268232385663,0.154327249087009,28,True,0.0,-1.0,0.0
42403,28005.0,Madrid,5665.49,6,944.2483333333333,0.18556701030927833,0.17022114985986722,231,False,0.0,-1.0,0.0
9253,8029.0,Barcelona,5663.55,5,1132.71,0.12605042016806722,0.11871630683938197,482,False,0.0,-0.06284175037212524,0.0
1000080865,29720.0,Málaga,5661.61,5,1132.322,0.09457755359394704,0.09036849302550219,52,True,0.0,-1.0,0.0
21781,28007.0,Madrid,5658.69,4,1414.6725,0.07005253940455342,0.0677077495155851,62,True,0.0,-1.0,0.0
1000061020,43500.0,Tarragona,5658.46,8,707.3075,0.1509433962264151,0.14058195062118942,173,True,0.0,-0.5468685317738088,0.0
1000082106,28036.0,Madrid,5658.17,7,808.3100000000001,0.5753424657534247,0.454472687214859,1334,False,0.0,-1.0,0.0
27294,13770.0,Ciudad Real,5657.08,8,707.135,0.21428571428571427,0.19415601444095745,523,False,0.0,-1.0,0.0
1000080646,28936.0,Madrid,5654.92,7,807.8457142857143,1.25,0.8109302162163288,1399,False,0.0,-1.0,0.5542660753641243
31848,28015.0,Madrid,5654.24,14,403.8742857142857,0.26700572155117613,0.23665641715451693,55,True,0.0,-1.0,0.0
40717,28521.0,Madrid,5644.2,11,513.1090909090909,0.2328863796753705,0.20935807044337612,24,True,0.0,-1.0,1.0180244853148892
1000082269,47015.0,Valladolid,5643.68,4,1410.92,0.10869565217391305,0.10318423623523078,189,False,0.0,0.12920974267799276,0.0
1000070600,8012.0,Barcelona,5638.1,6,939.6833333333334,0.11063306699446834,0.1049301833731907,179,True,0.0,-1.0,0.0
1000100149,46025.0,Valencia,5635.79,9,626.1988888888889,0.26812313803376364,0.23753796331397697,28,True,0.0,-1.0,0.0
1000081748,17002.0,Girona,5627.98,9,625.3311111111111,0.15863689776733256,0.1472442260292613,95,True,0.0,-1.0,0.0
10928,48013.0,Vizcaya,5620.13,5,1124.026,0.09907529722589167,0.09446918738375981,201,False,0.0,-1.0,0.0
1000078427,8401.0,Barcelona,5614.49,15,374.2993333333333,0.26486168334314303,0.23496277497057844,98,True,0.0,-0.05271104670952918,0.0
1000073965,8015.0,Barcelona,5606.59,4,1401.6475,0.11090573012939,0.10517565568872604,410,False,0.0,-1.0,0.0
1000080962,50180.0,Zaragoza,5604.27,8,700.53375,0.3057324840764331,0.2667641737901001,908,False,0.0,0.21126430381972414,0.38957866001641556
1000081964,46417.0,Valencia,5601.04,6,933.5066666666667,0.140625,0.13157635778871926,460,False,0.0,0.25537750894576255,0.0
1000100558,28941.0,Madrid,5598.03,5,1119.606,0.29069767441860467,0.2551829050588264,59,True,0.0,-1.0,0.0
1000065584,38800.0,Sta.Cruz Tenerife,5597.14,8,699.6425,0.14035087719298245,0.13133600206108695,80,True,0.0,-0.10556942488298382,0.0
6661,17400.0,Girona,5594.35,8,699.29375,0.1588352084712111,0.14741537001311228,209,False,0.5,-1.0,1.4927719422802632
1000080629,11510.0,Cádiz,5593.62,15,372.908,0.26162790697674415,0.2324028767270065,28,True,0.0,-0.14563089121728237,0.0
40707,4620.0,Almería,5589.78,9,621.0866666666666,0.3976435935198822,0.33478767105123175,1132,False,0.0,-1.0,0.0
2821,28044.0,Madrid,5585.93,14,398.995,0.26282853566958697,0.2333540745873343,172,True,0.0,0.19403130943329083,0.0
4722,28020.0,Madrid,5582.52,7,797.5028571428572,0.16304347826086957,0.15104025741286586,235,False,0.0,-1.0,0.0
1000058783,35550.0,Las Palmas,5582.29,7,797.47,0.13680781758957655,0.12822417461523,250,False,0.0,0.29672958276691414,0.0
1000100361,8500.0,Barcelona,5578.5,9,619.8333333333334,0.3316953316953317,0.28645281599705125,76,True,0.0,-0.08356609405531118,0.0
24257,8911.0,Barcelona,5577.67,5,1115.534,0.09242144177449169,0.08839673855961667,182,False,0.0,-1.0,0.0
1000081026,41014.0,Sevilla,5576.76,11,506.97818181818184,0.19020172910662825,0.17412281301417357,47,True,0.0,-1.0,0.0
1000100507,3700.0,Alicante,5575.28,7,796.4685714285714,0.32307692307692304,0.2799600263578706,96,True,0.0,-1.0,0.0
35189,6011.0,Badajoz,5573.17,3,1857.7233333333334,0.4568527918781726,0.37627848702163263,1165,False,0.0,-1.0,0.0
1000101088,41008.0,Sevilla,5572.82,8,696.6025,0.42105263157894735,0.3513978868378886,19,True,0.0,0.841114971522853,0.0
6278,29007.0,Málaga,5572.09,5,1114.4180000000001,1.5463917525773196,0.9346773581245944,1448,False,0.0,-1.0,0.0
42569,7014.0,Baleares,5567.4400000000005,6,927.9066666666668,0.21201413427561838,0.1922835495227023,73,True,0.0,-1.0,0.552830845095675
1000081239,3727.0,Alicante,5566.9400000000005,4,1391.7350000000001,0.08908685968819599,0.08533960173261773,130,True,0.0,-1.0,0.0
1000061222,16003.0,Cuenca,5563.55,7,794.7928571428572,0.2305159165751921,0.2074335258122016,272,False,0.0,-1.0,0.0
1000100649,27002.0,Lugo,5562.14,6,927.0233333333334,0.27149321266968324,0.24019196781599295,28,True,0.0,-1.0,0.0
1000082785,6009.0,Badajoz,5560.18,12,463.34833333333336,0.3342618384401114,0.2883782089226364,0,True,0.0,-0.17808454831346013,0.0
1000101220,41010.0,Sevilla,5557.21,6,926.2016666666667,0.44887780548628425,0.370789329545342,81,True,0.0,-1.0,0.0
22795,30201.0,Murcia,5553.9,4,1388.475,0.19169329073482427,0.17537522910366232,1130,False,0.0,-0.13759962168101583,0.0
42121,29003.0,Málaga,5553.15,12,462.7625,0.2328589909443726,0.20933585506678018,0,True,0.0,-0.4492487973724427,0.0
473,41410.0,Sevilla,5550.15,5,1110.03,0.13636363636363638,0.1278333715098849,662,False,0.0,0.2113105857167001,0.0
1000082384,28905.0,Madrid,5541.42,5,1108.284,0.13953488372093023,0.1306201824170642,354,False,0.0,-1.0,0.0
1000075274,28031.0,Madrid,5541.07,6,923.5116666666667,0.19565217391304346,0.1786917887433759,782,False,0.0,-1.0,0.0
12002,15706.0,A Coruña,5538.89,10,553.889,0.18691588785046728,0.17135825199668508,115,True,0.0,-1.0,0.0
1000101595,46200.0,Valencia,5535.719999999999,7,790.8171428571428,0.6051873198847262,0.4732404599804248,46,True,0.0,-1.0,0.0
33768,29600.0,Málaga,5535.66,7,790.8085714285714,0.14675052410901468,0.13693231153364,250,False,0.0,2.2858959659990767,0.0
32023,33003.0,Asturias,5535.61,5,1107.1219999999998,0.13537906137184116,0.12696656995315672,691,False,0.0,-1.0,0.0
1000100528,38005.0,Sta.Cruz Tenerife,5528.85,12,460.7375,0.474934036939314,0.3886132680726728,11,True,0.0,-1.0,0.0
1000081682,28026.0,Madrid,5527.1,7,789.5857142857143,0.13444302176696543,0.126141800765395,209,False,0.0,-1.0,0.0
1000078290,8917.0,Barcelona,5523.53,6,920.5883333333333,0.24489795918367346,0.21905356606268464,32,True,0.0,0.9691081681193994,0.0
1000042085,39003.0,Cantabria,5521.469999999999,5,1104.2939999999999,0.08595988538681949,0.0824642828799992,31,True,0.0,-0.5739364644205565,0.0
1000061397,42100.0,Soria,5518.07,2,2759.035,0.20202020202020202,0.18400364297693947,1368,False,0.0,-1.0,0.0
1000080545,30002.0,Murcia,5516.16,5,1103.232,0.23622047244094488,0.21205871888971678,300,False,0.0,-1.0,0.0
41670,36740.0,Pontevedra,5514.93,9,612.77,0.17056222362602652,0.15748416640434762,209,False,0.0,-1.0,0.0
1000100291,28011.0,Madrid,5513.27,9,612.5855555555556,0.31105990783410137,0.27083590002592606,68,True,0.0,-0.08084872496593427,0.0
42055,7002.0,Baleares,5512.6900000000005,6,918.7816666666668,0.16143497757847536,0.149656290239419,563,False,0.0,-0.19143322564806103,0.0
21125,28009.0,Madrid,5511.99,5,1102.398,0.09560229445506693,0.09130425264981668,19,True,0.0,-1.0,0.0
1000080612,28814.0,Madrid,5508.13,8,688.51625,0.136986301369863,0.12838116664820678,19,True,0.0,-0.12135435291232885,0.0
1000065541,18004.0,Granada,5507.86,7,786.8371428571428,0.13592233009708737,0.12744494656812033,91,True,0.0,-1.0,0.0
1000082565,38660.0,Sta.Cruz Tenerife,5505.37,8,688.17125,0.18823529411764706,0.17246926035094298,25,True,0.0,-1.0,0.0
28120,41710.0,Sevilla,5504.66,4,1376.165,0.12779552715654952,0.12026486639314354,769,False,0.0,-1.0,0.0
2427,38700.0,Sta.Cruz Tenerife,5504.13,13,423.3946153846154,0.26476578411405294,0.2348869541389582,102,True,0.0,-1.0,0.0
1000080816,8005.0,Barcelona,5503.49,5,1100.6979999999999,0.2300613496932515,0.20706404593986152,17,True,0.0,-1.0,0.0
1000100928,8901.0,Barcelona,5502.04,7,786.0057142857142,0.3776978417266187,0.32041387549000894,117,True,0.0,-1.0,0.0
34817,48990.0,Vizcaya,5493.84,4,1373.46,0.16216216216216214,0.15028220304933795,665,False,0.0,0.5430794717503301,0.0
1000082599,18850.0,Granada,5492.73,7,784.6757142857142,0.1942645698427382,0.17753057320743423,199,False,0.0,-1.0,0.0
1000081900,28036.0,Madrid,5492.46,8,686.5575,0.1426872770511296,0.13338274899734442,82,True,0.0,0.37906749301044984,0.0
10126,3003.0,Alicante,5492.35,6,915.3916666666668,0.1382488479262673,0.12949098308751766,41,True,0.0,-1.0,0.0
1000042967,46008.0,Valencia,5489.0,5,1097.8,0.09380863039399626,0.08966576218464785,185,False,0.0,-1.0,0.0
18774,4800.0,Almería,5483.82,16,342.73875,0.29197080291970806,0.25616880674570425,111,True,0.0,-1.0,0.0
1000080032,15004.0,A Coruña,5483.67,6,913.945,0.11385199240986717,0.10782427128673412,210,False,0.0,-1.0,0.0
22710,29740.0,Málaga,5480.4800000000005,17,322.3811764705883,0.3191489361702128,0.27698678333503296,179,True,0.0,0.05982673185460732,0.0
21796,38760.0,Sta.Cruz Tenerife,5475.22,8,684.4025,0.17191977077363899,0.1586432338403746,263,False,0.0,-1.0,0.43129939348013535
26919,24006.0,León,5473.93,6,912.3216666666667,0.1079136690647482,0.10247866928293739,81,True,0.0,1.9113781351802126,0.0
1000072258,23740.0,Jaén,5469.46,6,911.5766666666667,1.276595744680851,0.8226812327518476,1665,False,0.0,-1.0,0.6371664671935282
1000080308,41950.0,Sevilla,5462.73,9,606.9699999999999,0.19000703729767768,0.17395922080147966,222,False,0.0,-1.0,0.0
16146,46004.0,Valencia,5460.8099999999995,3,1820.2699999999998,0.10804321728691477,0.10259559233600947,54,True,0.0,-1.0,0.0
41802,48950.0,Vizcaya,5460.46,2,2730.23,0.49180327868852464,0.39998564234353884,82,True,0.0,-1.0,0.0
1000073845,8850.0,Barcelona,5454.41,5,1090.882,0.2604166666666667,0.23144235412890488,117,True,0.0,-1.0,0.0
13275,8032.0,Barcelona,5453.36,6,908.8933333333333,0.10727056019070322,0.10189803234663233,80,True,0.0,-1.0,0.0
1000074220,39400.0,Cantabria,5452.67,4,1363.1675,0.18072289156626506,0.166126870873974,1020,False,0.0,-0.09753298773054449,0.0
42701,28850.0,Madrid,5450.01,18,302.77833333333336,0.7871720116618076,0.5806344887702715,68,True,0.0,-1.0,0.0
1000070556,41018.0,Sevilla,5448.450000000001,4,1362.1125000000002,0.1875,0.17185025692665923,1072,False,0.0,-1.0,0.0
40822,48006.0,Vizcaya,5445.46,5,1089.092,0.11398176291793313,0.10794077056133429,49,True,0.0,-1.0,0.0
35822,8402.0,Barcelona,5444.64,20,272.232,0.36764705882352944,0.31309178797714926,46,True,0.0,0.053499107527543374,0.0
33665,33209.0,Asturias,5444.56,7,777.7942857142858,0.1346153846153846,0.1262937253242921,84,True,0.0,-1.0,0.0
12010,15004.0,A Coruña,5440.6900000000005,6,906.7816666666668,0.13382899628252787,0.12560039700557252,227,False,0.0,-1.0,0.0
38060,18013.0,Granada,5436.32,6,906.0533333333333,0.1643835616438356,0.15219181534192533,536,False,0.0,-1.0,0.0
40353,20001.0,Gipúzkoa,5435.95,14,388.28214285714284,0.7608695652173914,0.5658077581833438,1265,False,0.0,-0.5777737680319851,0.0
29678,8191.0,Barcelona,5435.33,12,452.94416666666666,0.21595680863827232,0.19553126370120602,91,True,0.0,-1.0,0.0
1000080092,39300.0,Cantabria,5427.650000000001,7,775.3785714285715,0.15217391304347827,0.14165051706302684,427,False,0.0,-1.0,0.0
8724,29007.0,Málaga,5427.3099999999995,5,1085.462,0.16465422612513722,0.15242424135402483,903,False,0.0,-1.0,0.0
2307,38201.0,Sta.Cruz Tenerife,5427.05,10,542.705,0.21961932650073207,0.19853878259605262,391,False,0.0,-1.0,0.0
12164,14002.0,Córdoba,5423.85,5,1084.77,0.08460236886632826,0.08121343951457184,18,True,0.0,-1.0,0.0
1000080939,28200.0,Madrid,5423.53,6,903.9216666666666,0.24128686327077747,0.21614863444241852,1039,False,0.0,-1.0,0.0
1000078140,46910.0,Valencia,5419.49,7,774.2128571428572,0.14423076923076925,0.13473259397015674,333,False,0.0,-0.08986856544544794,0.0
1000063063,15703.0,A Coruña,5418.81,9,602.09,0.16759776536312848,0.154948446124056,111,True,0.0,0.0799656494145738,0.0
1000052451,28017.0,Madrid,5417.77,7,773.9671428571429,0.13916500994035785,0.13029554661500037,214,False,0.0,-1.0,0.0
28399,38005.0,Sta.Cruz Tenerife,5417.34,9,601.9266666666667,0.16023738872403562,0.14862462963300405,27,True,0.0,-1.0,0.0
1000077958,28029.0,Madrid,5416.24,7,773.7485714285714,0.3409090909090909,0.29334780998745824,398,False,0.0,-1.0,0.0
1000100010,46220.0,Valencia,5414.91,10,541.491,0.33003300330033003,0.2852037564373138,635,False,0.0,-1.0,0.0
1000076169,29649.0,Málaga,5412.2,3,1804.0666666666666,0.16304347826086957,0.15104025741286586,1189,False,0.0,-1.0,0.0
1000038610,41007.0,Sevilla,5409.2,8,676.15,0.15493867010974824,0.14404724309185055,89,True,0.0,1.0199506890432009,0.0
30434,32005.0,Orense,5404.75,8,675.59375,0.2027027027027027,0.18457127652797006,455,False,0.0,-1.0,0.0
41088,9004.0,Burgos,5402.85,14,385.91785714285714,0.2498512790005949,0.22302456743638482,102,True,0.0,-0.3768952214332402,0.0
1000082116,41927.0,Sevilla,5400.63,8,675.07875,0.1948051948051948,0.17798315519535646,455,False,0.0,-1.0,0.0
22401,8400.0,Barcelona,5398.06,10,539.806,0.17133066818960593,0.15814042578652876,24,True,0.0,-1.0,0.0
1000080118,3740.0,Alicante,5397.97,5,1079.594,0.08675534991324466,0.08319651373017482,74,True,0.0,-1.0,0.0
1000076082,46183.0,Valencia,5397.1,4,1349.275,0.10572687224669602,0.1005029216503812,243,False,0.0,-0.1050985674937757,0.0
37725,15840.0,A Coruña,5394.95,9,599.4388888888889,0.1815736381977135,0.1668471417269421,305,False,0.0,-1.0,0.0
31610,28941.0,Madrid,5394.43,7,770.6328571428572,0.13333333333333333,0.12516314295400602,62,True,0.0,-1.0,0.0
39378,8222.0,Barcelona,5392.95,8,674.11875,0.13706453455168474,0.12844997177834444,54,True,0.0,-1.0,0.0
1000100597,46160.0,Valencia,5392.49,4,1348.1225,0.1907790143084261,0.17460772681677897,82,True,0.0,-1.0,0.0
13701,8110.0,Barcelona,5384.68,7,769.24,0.2134146341463415,0.193438396900294,794,False,0.0,-1.0,0.0
1000062710,3300.0,Alicante,5384.62,13,414.20153846153846,0.2565789473684211,0.2283929072003535,164,True,0.0,-1.0,0.0
1000056892,4800.0,Almería,5383.55,11,489.4136363636364,0.19784172661870503,0.18052137628980675,87,True,0.0,-0.12919249641580682,0.0
1000079590,11011.0,Cádiz,5379.39,15,358.62600000000003,0.29546946815495734,0.25887315312745357,94,True,0.0,-1.0,0.0
42966,3690.0,Alicante,5378.8099999999995,13,413.75461538461536,1.0372340425531914,0.7115930263506968,24,True,0.0,-1.0,0.08895524494465445
42083,46015.0,Valencia,5378.11,10,537.8109999999999,0.2109704641350211,0.19142207462448993,210,False,0.0,-0.4129524103795167,0.0
42741,18220.0,Granada,5375.72,5,1075.144,0.25817555938037867,0.22966270289786728,88,True,0.0,-1.0,0.0
1000079810,17250.0,Girona,5373.36,7,767.6228571428571,0.13141426783479349,0.12346841462590183,186,False,0.0,-1.0,0.0
4464,28045.0,Madrid,5372.16,5,1074.432,0.24154589371980678,0.21635729162985073,1092,False,0.0,-1.0,0.38883391151682706
4910,20590.0,Gipúzkoa,5370.51,12,447.5425,0.20089285714285715,0.18306532774679926,18,True,0.0,0.6176611931360301,0.0
42519,28023.0,Madrid,5368.35,8,671.04375,0.2412060301507538,0.21608351190348482,19,True,0.0,2.1844965946386896,0.34339633423993426
1000059711,8901.0,Barcelona,5362.84,13,412.5261538461539,0.2270081490104773,0.20457880711705226,52,True,0.0,-1.0,0.0
1000101473,36600.0,Pontevedra,5362.75,5,1072.55,0.43227665706051877,0.35926524614976957,101,True,0.0,0.5316877436923646,0.0
1000061922,28922.0,Madrid,5361.9400000000005,13,412.4569230769231,0.234093637454982,0.21033680384826772,96,True,0.0,-1.0,0.0
1000074680,31007.0,Navarra,5359.46,9,595.4955555555556,0.17285531370038412,0.1594412148344443,215,False,0.0,-0.08398699062559788,0.0
1000078969,36211.0,Pontevedra,5356.18,6,892.6966666666667,0.11787819253438114,0.11143241757580818,266,False,0.0,-1.0,0.0
1000078110,28006.0,Madrid,5356.13,6,892.6883333333334,0.1187335092348285,0.11219725014953143,290,False,0.0,-1.0,0.0
42300,29740.0,Málaga,5354.87,11,486.80636363636364,0.26252983293556087,0.23311751193616165,80,True,0.0,-1.0,0.0
17707,33630.0,Asturias,5354.72,11,486.7927272727273,0.18771331058020477,0.17202987075740703,53,True,0.0,-0.1699566371108666,0.0
10465,48012.0,Vizcaya,5352.99,5,1070.598,0.09151921903599756,0.08757050476488948,56,True,0.0,-1.0,0.0
1221,46511.0,Valencia,5350.23,4,1337.5575,0.125,0.11778303565638346,684,False,0.0,-1.0,0.0
1000082536,28938.0,Madrid,5346.2,8,668.275,0.1909307875894988,0.17473517582938092,56,True,0.0,-1.0,0.0
37163,47013.0,Valladolid,5345.849999999999,3,1781.9499999999998,0.08021390374331551,0.07715908054661813,510,False,0.0,-1.0,0.0
1000066989,28010.0,Madrid,5342.610000000001,6,890.4350000000001,0.10440835266821345,0.09930976412767221,33,True,0.0,0.43360845449662916,0.0
37405,33402.0,Asturias,5342.34,4,1335.585,0.09153318077803203,0.08758329579275106,382,False,0.0,-1.0,0.0
1000079101,24002.0,León,5341.98,4,1335.495,0.09615384615384615,0.09180754925312279,521,False,0.0,-1.0,0.0
1000100003,3015.0,Alicante,5334.01,6,889.0016666666667,0.13835511145272866,0.1295843357552935,320,False,0.0,-1.0,0.0
1000078712,45730.0,Toledo,5331.45,11,484.67727272727274,0.20650813516896122,0.18773034884427095,103,True,0.0,-1.0,0.0
9653,28027.0,Madrid,5330.55,8,666.31875,0.16107382550335572,0.14934528855231982,84,True,0.0,0.17112480975791344,0.0
28462,41530.0,Sevilla,5329.97,6,888.3283333333334,0.11960132890365449,0.112972665603486,222,False,0.0,-1.0,0.0
11667,28922.0,Madrid,5313.71,7,759.1014285714285,0.1406563965170797,0.13160388312349788,318,False,0.0,-1.0,0.0
1000042820,8140.0,Barcelona,5313.5599999999995,5,1062.712,0.11078286558345643,0.10506505103756483,222,False,0.0,-1.0,0.0
3346,29740.0,Málaga,5311.95,7,758.85,0.1402805611222445,0.13127433837481225,68,True,0.5,-1.0,0.0
37992,31002.0,Navarra,5311.84,12,442.65333333333336,0.242098184263618,0.21680203373908488,234,False,0.0,-1.0,0.0
1000102225,8905.0,Barcelona,5310.8,5,1062.16,2.0,1.0986122886681098,24,True,0.0,-1.0,0.5482280578965025
1000077813,3730.0,Alicante,5304.86,12,442.07166666666666,0.24456521739130432,0.218786245945254,297,False,0.0,-1.0,0.43443885730638604
33814,46450.0,Valencia,5303.36,8,662.92,0.16973125884016974,0.15677402912711857,61,True,0.0,0.043541942920534205,0.0
29827,28020.0,Madrid,5296.7,5,1059.34,0.11415525114155252,0.10809649547670105,480,False,0.0,-1.0,0.0
1000080859,3189.0,Alicante,5290.8,8,661.35,0.6779661016949152,0.5175824062288704,1410,False,0.0,-1.0,0.0
31618,28020.0,Madrid,5289.3,5,1057.8600000000001,0.13774104683195593,0.12904475869618198,84,True,0.0,-1.0,0.0
1000101033,8208.0,Barcelona,5288.0,6,881.3333333333334,0.30508474576271183,0.26626797794796436,25,True,0.0,-1.0,0.0
1000081808,10700.0,Cáceres,5287.83,6,881.305,0.345489443378119,0.2967578452812232,1300,False,0.0,-1.0,0.0
1000100584,30205.0,Murcia,5287.72,7,755.3885714285715,0.31866464339908956,0.27661959076288484,26,True,0.0,-1.0,0.0
15647,7001.0,Baleares,5285.89,7,755.1271428571429,0.23076923076923078,0.20763936477824452,75,True,0.0,-0.22411560861595264,0.0
20425,38600.0,Sta.Cruz Tenerife,5284.42,14,377.4585714285714,0.24561403508771928,0.21962860920676525,90,True,0.0,0.09462004669656648,0.0
1000071071,8401.0,Barcelona,5283.34,5,1056.6680000000001,0.13636363636363638,0.1278333715098849,454,False,0.0,-1.0,0.0
1000079046,28921.0,Madrid,5282.57,13,406.35153846153844,0.23269689737470167,0.2092043686375555,108,True,0.0,-1.0,0.0
1000078025,8120.0,Barcelona,5281.45,7,754.4928571428571,0.1337579617834395,0.1255377449437771,172,True,0.0,0.149348319980868,0.0
1000081608,28925.0,Madrid,5280.74,8,660.0925,0.17582417582417584,0.16196932794505614,321,False,0.0,-1.0,0.0
1000081461,25006.0,Lleida,5278.22,6,879.7033333333334,0.17061611374407584,0.1575302031519107,692,False,0.0,-1.0,0.0
34907,10005.0,Cáceres,5277.9400000000005,10,527.7940000000001,0.1873828856964397,0.17175162949171446,48,True,0.3333333333333333,0.6166069919942069,1.4927719422802632
1000101706,3803.0,Alicante,5276.44,4,1319.11,0.5309734513274337,0.4259037757854384,108,True,0.0,-1.0,0.0
3545,29006.0,Málaga,5275.17,9,586.13,0.1540216771249287,0.14325295224651097,31,True,0.0,-0.2667086071883846,0.0
41977,29631.0,Málaga,5274.03,7,753.4328571428571,0.1355713363460297,0.12713590432068952,227,False,0.0,-1.0,0.0
29639,28340.0,Madrid,5273.22,6,878.87,0.24896265560165973,0.22231333125822073,782,False,0.0,-1.0,0.0
16266,39002.0,Cantabria,5272.9,7,753.2714285714285,0.1897018970189702,0.17370276903464416,651,False,0.5,-0.8123001398409919,1.4927719422802632
1000073509,3580.0,Alicante,5272.3,13,405.5615384615385,0.26227303295225285,0.23291409012635375,186,False,0.0,-1.0,0.0
1000080699,46133.0,Valencia,5267.45,4,1316.8625,0.07787151200519143,0.07498827429317913,187,False,0.0,-1.0,0.0
1000078674,35508.0,Las Palmas,5266.3099999999995,3,1755.4366666666665,0.09955752212389381,0.09490784626439754,621,False,0.0,-1.0,0.0
1000102166,8402.0,Barcelona,5265.9,3,1755.3,2.0,1.0986122886681098,24,True,0.0,-1.0,0.27315744248591384
1000101036,8784.0,Barcelona,5264.84,7,752.12,0.400763358778626,0.33701734429347346,77,True,0.0,-1.0,0.0
1000077299,11370.0,Cádiz,5262.4400000000005,6,877.0733333333334,0.15652173913043477,0.14541699985850368,319,False,0.0,-1.0,0.0
36382,28022.0,Madrid,5262.37,4,1315.5925,0.23300970873786406,0.20945809822895547,112,True,0.0,-1.0,0.0
1000100608,28008.0,Madrid,5260.9800000000005,7,751.5685714285715,0.31343283582089554,0.2726441950872404,31,True,0.0,-0.41476145474117704,0.0
34885,28400.0,Madrid,5254.8,9,583.8666666666667,0.16324062877871826,0.15120975564201516,54,True,0.0,-0.02019891315492677,0.0
1000082483,4007.0,Almería,5254.070000000001,7,750.5814285714287,0.16317016317016317,0.15114917682350168,83,True,0.0,-1.0,0.0
1000101102,28015.0,Madrid,5253.63,4,1313.4075,0.48,0.3920420877760237,332,False,0.0,-1.0,0.0
40436,8022.0,Barcelona,5249.9,9,583.3222222222222,0.18096514745308312,0.16633202573241868,209,False,0.0,-1.0,0.0
1000076111,41020.0,Sevilla,5248.58,6,874.7633333333333,0.12170385395537527,0.1148488274796447,199,False,0.0,-1.0,0.0
31592,25008.0,Lleida,5237.110000000001,4,1309.2775000000001,0.189873417721519,0.17384692980298241,87,True,0.0,-1.0,0.0
20918,8160.0,Barcelona,5236.71,9,581.8566666666667,0.16235718580877934,0.15045000001540323,46,True,0.0,-1.0,0.0
1000100460,8017.0,Barcelona,5234.88,12,436.24,0.4609475032010243,0.37908520002238966,32,True,0.0,-1.0,0.47140452079103173
33158,28010.0,Madrid,5230.53,10,523.053,0.19108280254777069,0.17486281150627855,213,False,0.0,0.10804224033531175,0.0
1000082694,41019.0,Sevilla,5229.4,4,1307.35,0.18348623853211007,0.1684645221325284,263,False,0.0,-1.0,0.0
1000101004,8840.0,Barcelona,5228.76,5,1045.752,0.26929982046678635,0.23846542596928874,66,True,0.0,-1.0,1.135022520806385
1000081175,28034.0,Madrid,5223.7,4,1305.925,0.2857142857142857,0.25131442828090605,950,False,0.0,-1.0,0.0
1000072912,28028.0,Madrid,5220.57,8,652.57125,0.17582417582417584,0.16196932794505614,371,False,0.0,-1.0,0.0
1000082513,39300.0,Cantabria,5220.429999999999,2,2610.2149999999997,0.11695906432748537,0.11060987154397002,825,False,0.0,-1.0,0.0
1000080419,28906.0,Madrid,5220.1,5,1044.02,0.10806916426512969,0.10261900899883948,87,True,0.0,0.31303832286267524,0.0
1000081492,50740.0,Zaragoza,5219.1900000000005,2,2609.5950000000003,0.06451612903225806,0.06252035698133399,748,False,0.0,-1.0,0.0
9641,35500.0,Las Palmas,5210.24,6,868.3733333333333,0.14195583596214512,0.13274243794849044,448,False,0.0,-1.0,0.0
1000100601,39200.0,Cantabria,5209.0,3,1736.3333333333333,0.33582089552238803,0.2895460058898436,271,False,0.0,-1.0,0.0
42739,23600.0,Jaén,5206.96,9,578.5511111111111,0.44628099173553715,0.36899542832677296,89,True,0.0,-1.0,0.0
1000081386,0.0,,5205.39,10,520.539,0.20366598778004072,0.1853718896115776,215,False,0.0,-0.34664378085669306,0.0
1000100142,24002.0,León,5203.07,6,867.1783333333333,0.20833333333333331,0.1892419996385284,129,True,0.0,-0.02979440187445641,0.0
42426,8922.0,Barcelona,5200.650000000001,6,866.7750000000001,0.1730769230769231,0.1596301455918839,95,True,0.0,-1.0,0.0
30651,2003.0,Albacete,5192.73,8,649.09125,0.170333569907736,0.15728881066091868,403,False,0.0,-0.1311542483065872,0.0
24508,3012.0,Alicante,5189.89,5,1037.978,0.8823529411764706,0.6325225587435105,1525,False,0.0,-1.0,0.0
1000078735,33002.0,Asturias,5189.45,7,741.35,0.16380655226209048,0.1516961432830908,483,False,0.0,-1.0,0.0
26221,28937.0,Madrid,5187.54,5,1037.508,0.1051156271899089,0.09994996948620197,236,False,0.0,0.059262401802302495,0.0
38010,28038.0,Madrid,5186.820000000001,12,432.23500000000007,0.22828154724159797,0.2056160764439575,69,True,0.0,-1.0,0.0
1000078135,24010.0,León,5183.62,5,1036.724,0.11160714285714286,0.10580684460966777,158,True,0.0,-1.0,0.0
21756,2002.0,Albacete,5182.4800000000005,5,1036.496,0.16286644951140067,0.15088803419244193,235,False,0.0,-1.0,0.0
18047,50007.0,Zaragoza,5175.72,5,1035.144,0.08886255924170616,0.08513362775972994,81,True,0.0,-1.0,0.0
1000101184,50017.0,Zaragoza,5171.4800000000005,9,574.6088888888889,0.5410821643286573,0.4324848737541253,33,True,0.0,-1.0,0.67494646290506
1000077359,28021.0,Madrid,5168.82,13,397.60153846153844,0.2750352609308886,0.242973833860049,322,False,0.0,-1.0,0.0
1000100190,11500.0,Cádiz,5168.51,2,2584.255,0.22813688212927755,0.20549829104489198,742,False,0.0,-1.0,0.0
1000081861,28921.0,Madrid,5166.83,6,861.1383333333333,0.13605442176870747,0.1275612256380188,319,False,0.0,-1.0,0.0
1000076174,49016.0,Zamora,5166.54,7,738.0771428571428,0.12096774193548387,0.1141923675256549,6,True,0.0,0.3194967840648287,0.0
11601,38201.0,Sta.Cruz Tenerife,5163.29,7,737.6128571428571,0.149041873669269,0.13892844177895491,250,False,0.0,-1.0,0.0
42407,8019.0,Barcelona,5161.21,6,860.2016666666667,0.16682113067655235,0.1542830687862125,119,True,0.0,-1.0,0.0
1000065933,8015.0,Barcelona,5157.45,4,1289.3625,0.09223674096848578,0.08822764958459536,392,False,0.0,-1.0,0.0
1000081823,28027.0,Madrid,5157.4400000000005,10,515.744,0.1852995676343422,0.16999554233006478,194,False,0.0,-0.0788725406003703,0.0
1000076626,3002.0,Alicante,5157.139999999999,11,468.830909090909,0.19388954171562867,0.17721649956505306,6,True,0.0,0.4710429090326728,0.0
1000060911,33800.0,Asturias,5156.75,17,303.3382352941176,0.29243119266055045,0.25652509013079666,46,True,0.0,-1.0,0.0
1000058045,15145.0,A Coruña,5153.21,11,468.4736363636364,0.27707808564231734,0.2445747229039927,573,False,0.0,-1.0,0.0
1000082016,28036.0,Madrid,5152.85,13,396.37307692307695,0.23550724637681159,0.21148161156636677,66,True,0.0,-1.0,0.0
1000079583,8024.0,Barcelona,5151.98,14,367.9985714285714,0.257985257985258,0.2295114395969128,88,True,0.0,-0.3389255242551507,0.0
40881,6300.0,Badajoz,5151.88,3,1717.2933333333333,0.6081081081081081,0.47505839990735965,1378,False,0.0,0.09905227667144872,0.0
1000101237,28018.0,Madrid,5151.85,4,1287.9625,0.5911330049261084,0.4644463441808692,196,False,0.0,-1.0,0.0
1000080772,33630.0,Asturias,5151.79,7,735.97,0.14553014553014554,0.13586753904715332,229,False,0.0,-1.0,0.0
1000100506,46420.0,Valencia,5151.12,4,1287.78,0.15810276679841898,0.14678312028954707,11,True,0.0,-1.0,0.0
1000072995,41008.0,Sevilla,5148.26,4,1287.065,0.07299270072992702,0.0704516609506114,34,True,0.0,-1.0,0.0
1000079675,46250.0,Valencia,5146.9400000000005,6,857.8233333333334,0.1462225832656377,0.1364718256683605,292,False,0.5,-1.0,1.4927719422802632
40714,37002.0,Salamanca,5146.469999999999,5,1029.2939999999999,0.10101010101010101,0.09622803209455377,159,True,0.0,-1.0,0.0
1000082524,30007.0,Murcia,5145.969999999999,4,1286.4924999999998,0.1726618705035971,0.15927626767607056,88,True,0.0,-0.276944558996954,0.0
7004,28006.0,Madrid,5144.33,10,514.433,0.3694581280788177,0.31441513464884974,207,False,0.0,-1.0,0.0
36587,28901.0,Madrid,5143.95,9,571.55,0.19765739385065886,0.180367477031957,173,True,0.5,-1.0,0.0
22975,28029.0,Madrid,5143.35,10,514.335,0.16835016835016836,0.15559264114415958,18,True,0.0,-1.0,0.0
1000071478,15320.0,A Coruña,5141.82,9,571.3133333333333,0.3054298642533937,0.26653238443040145,921,False,0.0,-1.0,0.22100268221627842
30459,4005.0,Almería,5138.69,21,244.69952380952378,0.5228215767634855,0.4205649145639153,578,False,0.0,-1.0,0.0
1000081044,28691.0,Madrid,5138.28,6,856.38,0.24064171122994651,0.21562875481172333,903,False,0.0,-1.0,0.0
1000080625,8783.0,Barcelona,5136.26,4,1284.065,0.12422360248447203,0.11709266628136274,208,False,0.0,-1.0,0.0
1000081445,46701.0,Valencia,5134.21,3,1711.4033333333334,0.18255578093306288,0.16767801230780227,1005,False,0.0,-1.0,0.0
15186,8027.0,Barcelona,5133.0199999999995,5,1026.6039999999998,0.13636363636363638,0.1278333715098849,584,False,0.0,0.27414287805968196,0.0
1000076912,8100.0,Barcelona,5130.95,16,320.684375,0.3137254901960784,0.2728669866666403,234,False,0.0,-1.0,0.0
1000060389,50830.0,Zaragoza,5130.3,12,427.52500000000003,0.22443890274314213,0.2024827004879514,124,True,0.0,-1.0,0.0
1000080847,28020.0,Madrid,5128.03,5,1025.606,0.18472906403940886,0.16951411050402854,481,False,0.0,-1.0,0.0
1000079456,18198.0,Granada,5125.18,4,1281.295,0.09266409266409267,0.08861883594369989,110,True,0.0,-1.0,0.0
1000073361,2003.0,Albacete,5123.44,5,1024.6879999999999,0.08802816901408451,0.08436703873653943,60,True,0.0,-1.0,0.0
1000065651,39300.0,Cantabria,5122.17,9,569.13,0.22804054054054054,0.20541984264951368,84,True,0.0,-1.0,0.0
1000066605,46008.0,Valencia,5119.49,5,1023.8979999999999,0.15384615384615385,0.14310084364067333,395,False,0.0,2.2858959659990767,0.0
1000082253,28807.0,Madrid,5118.610000000001,4,1279.6525000000001,0.08157715839564922,0.07842030773634935,95,True,0.0,-1.0,0.0
35416,46010.0,Valencia,5117.03,8,639.62875,0.22079116835326587,0.19949914721099807,206,False,0.0,-0.21490762877635305,0.0
1000080508,29003.0,Málaga,5106.56,13,392.81230769230774,0.3135048231511254,0.27269900212082343,559,False,0.0,-1.0,0.0
1000100586,37900.0,Salamanca,5105.04,6,850.84,0.5642633228840126,0.44741499296667414,396,False,0.0,0.3407193958664548,0.35591478615196714
1000037181,46960.0,Valencia,5104.23,6,850.7049999999999,0.3773584905660377,0.32016752759626926,95,True,0.0,-1.0,0.0
41952,18100.0,Granada,5103.84,6,850.64,0.5504587155963303,0.4385508326939298,1424,False,0.0,-1.0,0.0
1000100408,8017.0,Barcelona,5102.01,3,1700.67,2.0,1.0986122886681098,805,False,0.0,-1.0,0.6174425642157186
2595,28033.0,Madrid,5100.780000000001,4,1275.1950000000002,0.08241758241758242,0.07919704166119315,286,False,0.0,-1.0,0.0
1000071766,21593.0,Huelva,5100.66,3,1700.22,0.20408163265306123,0.18571714579509285,1307,False,0.0,-0.28491165127872087,0.0
1000101678,24450.0,León,5096.4,4,1274.1,0.40955631399317405,0.34327498394396544,47,True,0.0,-1.0,0.0
1000082358,25171.0,Lleida,5096.13,6,849.355,0.1226158038147139,0.11566150129495613,7,True,0.0,-1.0,0.0
11125,50008.0,Zaragoza,5095.88,6,849.3133333333334,0.12362637362637363,0.11656128840606109,209,False,0.0,-1.0,0.0
40604,28905.0,Madrid,5093.1,9,565.9000000000001,0.16554261189454322,0.1531867398674153,153,True,0.3333333333333333,-1.0,1.4927719422802632
1000100411,29200.0,Málaga,5092.01,5,1018.402,0.22796352583586627,0.20535712719577817,25,True,0.0,-1.0,0.9831743008387326
1000077129,4002.0,Almería,5080.360000000001,8,635.0450000000001,0.14092777451556077,0.1318417687147518,88,True,0.0,-1.0,0.0
35614,9002.0,Burgos,5079.44,3,1693.1466666666665,0.22058823529411764,0.19933290262049122,248,False,0.0,0.02406120231592419,0.0
40583,30740.0,Murcia,5076.05,16,317.253125,0.27988338192419826,0.24676896590923145,68,True,0.0,-1.0,0.0
42862,28014.0,Madrid,5071.860000000001,2,2535.9300000000003,0.25210084033613445,0.22482281283392974,349,False,0.0,-1.0,0.0
26093,30120.0,Murcia,5067.55,11,460.68636363636364,0.20547945205479454,0.18687737332981535,38,True,0.0,-1.0,0.0
38042,20017.0,Gipúzkoa,5065.08,15,337.67199999999997,0.2688172043010753,0.23808513131240885,77,True,0.0,-1.0,0.0
38793,32700.0,Orense,5060.24,3,1686.7466666666667,0.07450331125827815,0.07185851876927506,472,False,0.0,1.0806741663642594,0.0
11981,15100.0,A Coruña,5059.09,5,1011.818,0.10330578512396695,0.09831093224356313,206,False,0.0,-0.07212693990761024,0.0
1000101230,46005.0,Valencia,5058.76,2,2529.38,0.13574660633484165,0.12729023761403108,32,True,0.0,0.9462612331902551,0.0
25122,28016.0,Madrid,5054.4,7,722.0571428571428,0.20568070519098924,0.18704430801978797,775,False,0.0,-1.0,0.0
1000100420,48004.0,Vizcaya,5050.56,7,721.5085714285715,0.2641509433962264,0.23440070583884423,24,True,0.0,-1.0,0.0
1000036961,43870.0,Tarragona,5047.68,9,560.8533333333334,0.1642335766423358,0.15206299639677437,54,True,0.0,-1.0,0.0
1000067455,4410.0,Almería,5046.41,9,560.7122222222222,0.244122965641953,0.21843083641100886,182,False,0.0,-1.0,0.0
1000039499,23485.0,Jaén,5044.4400000000005,7,720.6342857142857,0.1263537906137184,0.11898568162214385,96,True,0.0,0.8691752298727122,0.0
36961,48901.0,Vizcaya,5043.59,5,1008.7180000000001,0.3333333333333333,0.2876820724517809,579,False,0.0,-1.0,0.0
16284,28048.0,Madrid,5043.4400000000005,8,630.4300000000001,0.15706806282722513,0.14588927347112293,31,True,0.0,0.8523779553620904,0.0
1000078064,43500.0,Tarragona,5042.91,11,458.4463636363636,0.1923076923076923,0.1758906664636642,90,True,0.0,-0.06778613840780955,0.0
1000082247,49013.0,Zamora,5040.63,5,1008.126,0.11691348402182385,0.11056906321253542,131,True,0.0,-1.0,0.0
25450,29003.0,Málaga,5033.21,9,559.2455555555556,0.2869287991498406,0.2522586039677126,795,False,0.0,-0.027666363620157907,0.0
43018,28100.0,Madrid,5029.43,12,419.1191666666667,1.6216216216216215,0.9637930658591584,76,True,0.0,-1.0,1.1211012874236763
1000076314,7703.0,Baleares,5027.7699999999995,9,558.6411111111111,0.1615798922800718,0.14978105457361654,98,True,0.0,-1.0,0.0
28069,33203.0,Asturias,5025.4,5,1005.0799999999999,0.09475679090334807,0.09053222983459393,116,True,0.0,0.007086580830611991,0.0
33767,41720.0,Sevilla,5024.58,5,1004.9159999999999,0.1387604070305273,0.12994030854524524,11,True,0.0,-1.0,0.0
1000082001,48011.0,Vizcaya,5022.75,6,837.125,0.11494252873563218,0.1088028598487991,202,False,0.0,-0.35283886982781804,0.0
1000080483,41011.0,Sevilla,5021.77,13,386.29,0.2496798975672215,0.2228874365734065,206,False,0.0,-0.26539535492667143,0.0
1000067305,12001.0,Castellón,5020.2300000000005,6,836.705,0.18848167539267016,0.1726765894347728,563,False,0.0,-0.014314908919215863,0.0
42865,24004.0,León,5017.4400000000005,5,1003.488,0.3778337531486146,0.3205125217347908,189,False,0.0,-1.0,0.0
1779,36400.0,Pontevedra,5017.0599999999995,8,627.1324999999999,0.3934426229508197,0.33177739231700526,1053,False,0.0,-1.0,0.023863818200666926
1000079904,16400.0,Cuenca,5013.86,4,1253.465,0.08236101578586136,0.07914478076783354,257,False,0.0,-1.0,0.0
10189,28001.0,Madrid,5013.2,12,417.76666666666665,0.21712907117008445,0.196494865218314,77,True,0.0,-1.0,0.0
1000078905,33209.0,Asturias,5011.36,20,250.56799999999998,0.35398230088495575,0.3030501026800949,95,True,0.0,-1.0,0.0
1000077993,4700.0,Almería,5009.9400000000005,5,1001.988,0.28790786948176583,0.2530190952183149,858,False,0.0,0.9703623374069728,0.0
36565,15701.0,A Coruña,5008.33,5,1001.6659999999999,0.11432926829268293,0.10825267080568947,262,False,0.0,-1.0,0.0
23729,50003.0,Zaragoza,5007.43,8,625.92875,0.1602136181575434,0.14860414174817257,39,True,0.0,-1.0,0.0
34676,14005.0,Córdoba,5003.96,6,833.9933333333333,0.11342155009451796,0.10743775179328732,56,True,1.0,-1.0,-0.0
1000080751,39300.0,Cantabria,5000.28,5,1000.0559999999999,0.13661202185792348,0.12805192685989703,343,False,0.0,-1.0,0.0
40688,28034.0,Madrid,4999.89,3,1666.63,0.21634615384615383,0.19585140902620224,663,False,0.0,0.14141385582478067,0.0
42396,4007.0,Almería,4997.35,10,499.735,0.2506265664160401,0.2236446788616552,11,True,0.0,-1.0,0.0
1000082539,8024.0,Barcelona,4996.59,5,999.318,0.1236603462489695,0.11659152275248248,104,True,0.0,-1.0,0.0
1000081956,30510.0,Murcia,4995.889999999999,10,499.58899999999994,0.17462165308498254,0.16094609836935359,31,True,0.0,0.540321767729927,0.0
20265,28015.0,Madrid,4994.11,5,998.8219999999999,0.11094674556213018,0.10521257572117065,346,False,0.0,-1.0,0.0
1000071984,33011.0,Asturias,4993.719999999999,2,2496.8599999999997,0.19933554817275748,0.18176769358400519,1132,False,0.0,-1.0,0.0
21582,30310.0,Murcia,4993.63,7,713.3757142857143,0.15683345780433158,0.14568649472569611,192,False,0.0,2.042147413842855,0.0
1000059439,33202.0,Asturias,4993.01,4,1248.2525,0.09917355371900825,0.09455858262501267,601,False,0.0,-1.0,0.0
1000058449,28020.0,Madrid,4992.15,8,624.01875,0.14751075599262445,0.1375950363226848,115,True,0.0,-1.0,0.0
1000061986,18740.0,Granada,4990.1900000000005,7,712.8842857142857,0.15897047691143074,0.14753209113535842,307,False,0.0,-0.4976860548701433,0.0
26902,45600.0,Toledo,4989.74,8,623.7175,0.14125956444967627,0.13213253357071977,49,True,0.0,-1.0,0.0
1000100085,41500.0,Sevilla,4988.14,6,831.3566666666667,0.1745877788554801,0.1609172595361323,13,True,0.0,-1.0,0.0
1000101430,35005.0,Las Palmas,4985.19,8,623.14875,0.794701986754967,0.5848389840647766,161,True,0.0,-1.0,0.0
1000070524,8304.0,Barcelona,4983.45,7,711.9214285714286,0.1492537313432836,0.1391128024627178,384,False,0.0,-1.0,0.0
13594,9002.0,Burgos,4977.4,7,711.0571428571428,0.19090909090909092,0.17471695740873533,538,False,0.0,0.49171727086962236,0.0
1000082445,28100.0,Madrid,4975.52,8,621.94,0.3902439024390244,0.32947920113024237,790,False,0.0,-1.0,0.0
17675,46020.0,Valencia,4975.1,4,1243.775,0.12987012987012986,0.12210269680089986,12,True,0.0,-1.0,0.0
28408,15005.0,A Coruña,4973.65,8,621.70625,0.19801980198019803,0.18067002875548163,348,False,0.0,-1.0,0.0
1000082088,32800.0,Orense,4971.57,11,451.96090909090907,0.2154046997389034,0.19507710753647575,174,True,0.0,-1.0,0.0
32668,28223.0,Madrid,4970.48,9,552.2755555555555,0.22388059701492535,0.20202662787328704,230,False,0.0,-1.0,0.0
34519,28020.0,Madrid,4968.34,6,828.0566666666667,0.1258741258741259,0.11855973472455572,102,True,0.0,-1.0,0.0
1000082461,3600.0,Alicante,4968.18,7,709.74,0.17736486486486486,0.1632787758765182,189,False,0.0,-1.0,0.0
11682,28021.0,Madrid,4967.73,7,709.6757142857142,0.1664025356576862,0.15392425618766306,355,False,0.0,-1.0,0.0
1000081172,8224.0,Barcelona,4965.39,11,451.39909090909094,0.2001212856276531,0.1824226230429668,122,True,0.0,-1.0,0.0
20012,38004.0,Sta.Cruz Tenerife,4965.04,9,551.6711111111111,0.17099430018999368,0.15785321713148276,168,True,0.0,-1.0,0.0
1000082543,8019.0,Barcelona,4964.71,4,1241.1775,0.26785714285714285,0.23732818630616617,868,False,0.0,-1.0,0.0
16372,31003.0,Navarra,4964.24,7,709.1771428571428,0.18600531443755536,0.1705907815415105,643,False,0.0,-1.0,0.0
30900,29730.0,Málaga,4958.72,4,1239.68,0.14652014652014653,0.1367313953551935,224,False,0.0,-1.0,0.0
33064,47004.0,Valladolid,4958.4800000000005,8,619.8100000000001,0.1477832512315271,0.13783247452391326,97,True,0.0,-1.0,0.0
42322,47195.0,Valladolid,4957.08,4,1239.27,0.15748031496062992,0.14624550032014502,432,False,0.0,-1.0,0.0
1000057410,28037.0,Madrid,4955.73,3,1651.9099999999999,0.10752688172043011,0.10212949507637983,949,False,0.0,-1.0,0.0
1000100621,23680.0,Jaén,4955.45,4,1238.8625,0.2542372881355932,0.2265276492984503,227,False,0.0,-1.0,0.0
24561,40003.0,Segovia,4953.09,8,619.13625,0.15717092337917485,0.14597816710106395,178,True,0.0,-1.0,0.0
1000058365,14920.0,Córdoba,4945.63,4,1236.4075,0.27842227378190254,0.2456267190491667,1008,False,0.0,-1.0,0.0
30284,29200.0,Málaga,4945.120000000001,4,1236.2800000000002,0.13215859030837004,0.12412606741381713,906,False,0.0,-1.0,0.0
1000076080,3205.0,Alicante,4944.23,3,1648.0766666666666,0.14106583072100315,0.1319627648518961,103,True,0.0,-0.19609149707798013,0.0
1000067766,36201.0,Pontevedra,4944.21,11,449.4736363636364,0.22587268993839835,0.2036529903100123,31,True,0.0,1.2644271550662638,0.0
1000078423,46900.0,Valencia,4938.72,4,1234.68,0.07411982705373688,0.0715015606766479,165,True,0.0,-1.0,0.0
42819,47006.0,Valladolid,4937.66,6,822.9433333333333,0.3435114503816794,0.29528667183700025,42,True,0.0,-1.0,0.6834272768426594
21806,28029.0,Madrid,4936.49,3,1645.4966666666667,0.14754098360655737,0.13762137787604775,964,False,0.0,-1.0,0.0
1000081416,3581.0,Alicante,4934.55,6,822.4250000000001,0.12129380053908355,0.11448319765382814,221,False,1.0,-1.0,-0.0
1000080890,28400.0,Madrid,4933.17,3,1644.39,0.25139664804469275,0.22426024601428488,915,False,0.0,-1.0,0.0
12472,19001.0,Guadalajara,4931.44,11,448.3127272727272,0.19388954171562867,0.17721649956505306,67,True,0.0,-1.0,0.0
15828,37006.0,Salamanca,4929.51,6,821.585,0.16453382084095064,0.15232085315018215,75,True,0.0,-1.0,0.0
36810,45600.0,Toledo,4927.92,7,703.9885714285714,0.1881720430107527,0.17241602780455156,661,False,0.0,-0.05289126874666652,0.0
1000082210,18690.0,Granada,4923.9,11,447.62727272727267,0.3142857142857143,0.27329333499968134,572,False,0.0,-0.6365783176145967,0.0
31720,18110.0,Granada,4920.16,10,492.01599999999996,0.17554125219426564,0.1617286816993435,19,True,0.0,-0.4431571950240424,0.0
1000100069,3570.0,Alicante,4917.8,8,614.725,0.21602160216021604,0.19558454832056887,13,True,0.0,-1.0,0.4121014176856807
14657,4001.0,Almería,4914.17,8,614.27125,0.21877848678213307,0.1978491168267129,689,False,0.0,-0.013635181694077673,0.0
1000100912,15402.0,A Coruña,4911.23,4,1227.8075,0.18808777429467086,0.1723451022975818,40,True,0.0,-1.0,0.0
1000079355,30169.0,Murcia,4910.57,7,701.51,0.12719563900666264,0.11973281272212276,154,True,0.0,-1.0,0.0
1000081873,38003.0,Sta.Cruz Tenerife,4910.3,7,701.4714285714286,0.22950819672131148,0.20661424936299919,755,False,0.0,-0.03347087407337349,0.0
1000101125,36860.0,Pontevedra,4910.16,7,701.4514285714286,0.41749502982107356,0.34889125031455676,42,True,0.0,-1.0,0.0
25605,28015.0,Madrid,4905.3099999999995,11,445.93727272727267,0.20767778477029578,0.18869932947098392,221,False,0.0,-1.0,0.0
42022,35002.0,Las Palmas,4904.48,20,245.224,0.37831021437578816,0.3208582665416906,80,True,0.0,0.7587325349301395,0.0
1000101091,25300.0,Lleida,4903.72,4,1225.93,0.2891566265060241,0.25398822666530824,173,True,0.0,-1.0,0.0
1000077269,35011.0,Las Palmas,4901.17,19,257.9563157894737,0.3448275862068965,0.2962658161431724,77,True,0.0,0.20098985550460194,0.0
1000067175,28025.0,Madrid,4899.87,8,612.48375,0.15665796344647517,0.14553478086448962,41,True,0.0,-1.0,0.0
1000081084,18650.0,Granada,4898.59,7,699.7985714285714,0.17142857142857143,0.15822400521489413,545,False,0.0,0.978866465760639,0.0
34023,8012.0,Barcelona,4897.580000000001,7,699.6542857142858,0.13916500994035785,0.13029554661500037,284,False,0.0,-1.0,0.0
1000100977,28400.0,Madrid,4896.5599999999995,9,544.0622222222222,0.47120418848167533,0.38608124128711585,76,True,0.0,-1.0,0.027002132327199446
1000080126,28020.0,Madrid,4894.75,4,1223.6875,0.2857142857142857,0.25131442828090605,1376,False,0.0,-0.3176972709194817,0.0
42736,23740.0,Cádiz,4891.86,9,543.54,0.4186046511627907,0.34967374847974886,53,True,0.0,-1.0,0.0
1000078395,8271.0,Barcelona,4885.18,8,610.6475,0.20390824129141885,0.18557313243040371,609,False,0.5,-1.0,1.4927719422802632
1000065564,8015.0,Barcelona,4879.39,5,975.878,0.11202389843166542,0.10618168699283648,180,False,0.0,-0.017586137355161315,0.0
1000063557,4740.0,Almería,4877.84,4,1219.46,0.08875739644970414,0.08503704268591214,186,False,0.0,-1.0,0.0
1000081913,50008.0,Zaragoza,4876.17,8,609.52125,0.14625228519195613,0.1364977382109395,172,True,0.0,-1.0,0.0
42359,1008.0,Álava,4874.32,2,2437.16,0.8571428571428571,0.6190392084062234,1183,False,0.0,-1.0,0.0
1000082024,12002.0,Castellón,4871.05,8,608.88125,0.13937282229965156,0.13047795513763227,28,True,0.0,-1.0,0.0
2406,38003.0,Sta.Cruz Tenerife,4870.8,13,374.6769230769231,0.2254335260115607,0.2032946801742335,26,True,0.0,-1.0,0.7234099868193637
30493,8181.0,Barcelona,4870.26,7,695.7514285714286,0.16079632465543645,0.1491062563659406,445,False,0.0,-1.0,0.0
24700,14440.0,Córdoba,4864.98,2,2432.49,2.0,1.0986122886681098,963,False,0.0,-1.0,0.0
1451,30394.0,Murcia,4864.88,11,442.26181818181817,0.20689655172413793,0.18805223150293965,175,True,0.0,-1.0,0.0
1000100538,3201.0,Alicante,4862.450000000001,7,694.6357142857144,0.286493860845839,0.251920580746806,31,True,0.0,0.678704437244534,0.0
39891,20018.0,Gipúzkoa,4861.66,8,607.7075,0.14652014652014653,0.1367313953551935,96,True,0.0,-1.0,0.0
13298,8620.0,Barcelona,4860.23,6,810.0383333333333,0.1640838650865998,0.15193439575730905,651,False,0.0,-0.6879365030788838,0.9018172140779481
6553,46007.0,Valencia,4853.219999999999,9,539.2466666666666,0.17509727626459146,0.16135093247964985,6,True,0.0,-1.0,0.0
24229,29011.0,Málaga,4850.7,1,4850.7,1.0,0.6931471805599453,1379,False,0.0,0.0,0.0
1000080789,47006.0,Valladolid,4848.77,7,692.6814285714287,0.13734466971877043,0.12869630842522073,26,True,0.0,-1.0,0.0
1000080513,29400.0,Málaga,4846.5199999999995,20,242.32599999999996,0.3729024238657551,0.31692705642773394,62,True,0.0,-1.0,0.0
1000081162,0.0,,4846.34,5,969.268,0.15182186234817815,0.14134491693840842,816,False,0.0,-1.0,0.0
34176,8007.0,Barcelona,4845.84,10,484.584,0.1903553299492386,0.17425185914834557,67,True,0.0,-1.0,0.0
1000082212,48490.0,Vizcaya,4843.38,2,2421.69,0.17964071856287425,0.1652099163212334,1287,False,0.0,-1.0,0.0
1895,35002.0,Las Palmas,4842.67,15,322.8446666666667,0.25069637883008355,0.22370049925397542,25,True,0.0,0.11023992333151303,0.0
8616,10002.0,Cáceres,4842.0599999999995,7,691.722857142857,0.12522361359570663,0.11798178354534138,108,True,0.0,-1.0,0.0
42700,41410.0,Sevilla,4836.85,5,967.3700000000001,0.32608695652173914,0.2822324676842162,87,True,0.0,-1.0,0.0
5255,22002.0,Huesca,4836.2300000000005,4,1209.0575000000001,0.07326007326007326,0.07070081383210758,103,True,0.0,0.15958956539688815,0.0
14002,2002.0,Albacete,4834.74,9,537.1933333333333,0.244122965641953,0.21843083641100886,615,False,0.0,-0.5270304018085987,0.12065160738514859
3723,33207.0,Asturias,4831.59,10,483.159,0.18427518427518427,0.16913092860800533,101,True,0.0,-1.0,0.8804284098036149
11955,15003.0,A Coruña,4829.2300000000005,6,804.8716666666668,0.16869728209934393,0.15588969437828307,612,False,0.0,-1.0,0.0
41804,8028.0,Barcelona,4826.75,8,603.34375,0.14226437462951985,0.1330125858683981,104,True,0.0,-1.0,0.0
1000082533,28036.0,Madrid,4820.39,6,803.3983333333334,0.16143497757847536,0.149656290239419,207,False,0.0,-1.0,0.0
1000082683,18100.0,Granada,4819.99,7,688.5699999999999,0.21716649431230609,0.1965256118069824,207,False,0.0,-1.0,0.18057548641132462
10285,9003.0,Burgos,4816.35,6,802.725,0.1196808510638298,0.11304369029248691,290,False,0.0,-1.0,0.0
19306,33004.0,Asturias,4816.3,11,437.8454545454546,0.22117962466487937,0.19981729705619747,122,True,0.0,0.5310488147653356,0.0
35571,4740.0,Almería,4816.150000000001,7,688.0214285714286,0.13452914798206278,0.12621771726740147,105,True,0.0,-1.0,0.0
1000100244,4003.0,Almería,4815.110000000001,4,1203.7775000000001,0.128068303094984,0.12050670363181544,28,True,0.0,0.0669876261666455,0.0
42298,15189.0,A Coruña,4809.45,7,687.0642857142857,0.1708706265256306,0.157747597321333,116,True,0.0,-1.0,0.0
1000078043,28041.0,Madrid,4808.26,7,686.8942857142857,0.13583441138421734,0.1273675450476947,105,True,0.0,-1.0,0.0
1000081215,8020.0,Barcelona,4805.73,5,961.146,0.18703241895261843,0.1714564269248508,329,False,0.0,-0.30478078549959337,0.0
1000082469,39100.0,Cantabria,4805.52,5,961.104,0.2824858757062147,0.24880028490757353,845,False,0.0,-0.7148761528121148,0.0
1000080510,28500.0,Madrid,4802.51,4,1200.6275,0.132013201320132,0.12399764165657076,271,False,0.0,-1.0,0.0
26552,27370.0,Lugo,4801.469999999999,3,1600.4899999999998,0.1875,0.17185025692665923,889,False,0.0,-1.0,0.0
1000038775,39006.0,Cantabria,4801.28,3,1600.4266666666665,0.1851851851851852,0.1698990367953975,263,False,0.0,-1.0,0.0
9333,18004.0,Granada,4800.96,7,685.8514285714285,0.13815789473684212,0.12941107365150256,60,True,0.0,-1.0,0.0
19776,27002.0,Lugo,4799.68,8,599.96,0.14336917562724016,0.13397932096347895,125,True,0.0,-0.1932122890748805,0.0
12588,17310.0,Girona,4798.62,7,685.5171428571429,0.12507444907683143,0.11784921042396872,112,True,0.0,-1.0,0.0
32412,35003.0,Las Palmas,4796.83,7,685.2614285714286,0.11764705882352941,0.11122563511022437,28,True,0.0,-1.0,0.0
38837,7710.0,Baleares,4796.79,13,368.9838461538462,0.2291421856639248,0.2063165160514941,74,True,0.0,-1.0,0.0
42504,10001.0,Cáceres,4795.29,4,1198.8225,1.8181818181818181,1.0360919316867756,962,False,0.0,-1.0,0.0
1000081975,30009.0,Murcia,4794.31,6,799.0516666666667,0.17374517374517376,0.16019963970668397,160,True,0.0,-1.0,0.0
36263,28523.0,Madrid,4793.12,13,368.70153846153846,0.22608695652173913,0.2038277620149182,31,True,0.0,-0.5724221675334524,0.0
1000101476,23300.0,Jaén,4790.67,3,1596.89,0.3585657370517928,0.30642953815173285,89,True,0.0,-1.0,0.0
1000082787,15200.0,A Coruña,4790.45,6,798.4083333333333,0.1829268292682927,0.16799173123912972,59,True,0.0,-0.5444545254168653,0.0
29839,11300.0,Cádiz,4790.4400000000005,3,1596.8133333333335,0.10989010989010989,0.1042610103244094,950,False,0.0,-1.0,0.0
1000076654,6008.0,Badajoz,4790.26,4,1197.565,0.12108980827447025,0.11430125530964201,805,False,0.0,-1.0,0.0
1000100981,46134.0,Valencia,4790.22,7,684.3171428571429,0.3932584269662921,0.331645195872897,111,True,0.0,-0.24763184603240232,0.0
1000074574,46180.0,Valencia,4787.72,4,1196.93,0.1090909090909091,0.10354067894084033,273,False,0.0,1.4021212577102449,0.0
15227,4001.0,Almería,4787.39,5,957.4780000000001,0.13123359580052493,0.12330871497704682,437,False,0.0,-1.0,0.0
41531,48014.0,Vizcaya,4786.47,5,957.2940000000001,0.28680688336520077,0.2521638655798049,1294,False,0.0,-1.0,0.0
1000077826,46025.0,Valencia,4783.57,5,956.7139999999999,0.4065040650406504,0.34110723912536145,161,True,0.0,-1.0,0.0
31131,8760.0,Barcelona,4783.0,6,797.1666666666666,0.16917293233082706,0.15629660339753504,473,False,0.0,0.8466874515091913,0.0
1000080122,39011.0,Cantabria,4782.04,8,597.755,0.15,0.13976194237515868,171,True,0.0,-1.0,0.0
1000079096,28041.0,Madrid,4781.79,6,796.965,0.19736842105263158,0.18012616623051897,852,False,0.0,-1.0,0.0
1137,46970.0,Valencia,4776.83,6,796.1383333333333,0.24456521739130432,0.218786245945254,340,False,0.0,-1.0,0.0
1000082451,2510.0,Albacete,4775.099999999999,4,1193.7749999999999,0.1430274135876043,0.13368036841623204,558,False,0.0,-1.0,0.0
1000081418,41960.0,Sevilla,4774.98,4,1193.745,0.24439918533604887,0.21865283137707475,1210,False,0.0,-1.0,0.1688002375448832
27159,48003.0,Vizcaya,4773.24,9,530.36,0.2349869451697128,0.21106039931128698,229,False,0.0,0.18160309308096248,0.0
1000080491,41710.0,Sevilla,4770.72,5,954.144,0.12668918918918917,0.11928341103161802,587,False,0.0,-1.0,0.0
14519,6200.0,Badajoz,4769.91,5,953.982,0.12038523274478331,0.11367258397491933,130,True,0.0,-0.26301206614032474,0.0
1000101631,11130.0,Cádiz,4763.03,3,1587.6766666666665,0.9473684210526316,0.666478933477784,273,False,0.0,-1.0,0.0
1000080001,19001.0,Guadalajara,4762.86,14,340.2042857142857,0.23715415019762848,0.212813701812633,33,True,0.5,-1.0,0.0
40352,39300.0,Cantabria,4761.05,3,1587.0166666666667,0.12129380053908355,0.11448319765382814,980,False,0.0,-1.0,0.0
1000037704,28021.0,Madrid,4760.25,7,680.0357142857143,0.1580135440180587,0.1467060751256339,419,False,0.0,-1.0,0.0
1000056963,46702.0,Valencia,4759.43,5,951.8860000000001,0.1323918799646955,0.12433210358763012,572,False,0.0,-1.0,0.0
26119,31400.0,Navarra,4757.93,8,594.74125,0.18334606569900688,0.1683460745069687,466,False,0.0,-0.30988351285514715,0.0
1000081765,28008.0,Madrid,4757.79,13,365.9838461538462,0.5256064690026954,0.42239201559574774,944,False,0.0,0.24813031523012846,0.0
22583,21006.0,Huelva,4755.8,4,1188.95,0.11183597390493942,0.10601267946721764,566,False,0.0,-1.0,0.0
29406,41540.0,Sevilla,4753.389999999999,5,950.6779999999999,0.10330578512396695,0.09831093224356313,45,True,0.0,0.38908360819144705,0.0
1000081500,30400.0,Murcia,4752.91,4,1188.2275,0.192,0.17563256864315802,1112,False,0.0,-1.0,0.0
1000100911,8020.0,Barcelona,4751.4,4,1187.85,0.1983471074380165,0.1809431968238333,25,True,0.0,-1.0,0.0
24367,48008.0,Vizcaya,4750.7,5,950.14,0.12437810945273631,0.11723009121321011,207,False,0.0,-1.0,0.0
1000073234,21610.0,Huelva,4750.2300000000005,9,527.8033333333334,0.16284680337756333,0.15087113947525063,159,True,0.0,-1.0,0.0
29605,31592.0,Navarra,4749.66,6,791.61,0.12820512820512822,0.12062798778861475,206,False,0.0,0.013674174801534487,0.0
1000071342,38007.0,Sta.Cruz Tenerife,4743.74,17,279.04352941176467,0.3010625737898465,0.2631812950608054,89,True,0.0,-1.0,0.1117795096450474
36431,8213.0,Barcelona,4742.84,7,677.5485714285714,0.19337016574585633,0.17678137641833924,703,False,0.0,-1.0,0.0
4710,28013.0,Madrid,4741.98,8,592.7475,0.17569546120058566,0.1618598543759716,353,False,0.0,-1.0,0.0
1000068442,8290.0,Barcelona,4739.89,9,526.6544444444445,0.23642732049036774,0.21222602783723182,117,True,0.0,-1.0,0.0
1000100498,48991.0,Vizcaya,4738.95,8,592.36875,0.37325038880248834,0.3171804763663406,33,True,0.0,-1.0,0.0
39878,33013.0,Asturias,4737.2,5,947.4399999999999,0.09439899307740716,0.09020534781756705,223,False,0.0,-1.0,0.0
1000080714,8401.0,Barcelona,4736.400000000001,9,526.2666666666668,0.15606936416184972,0.14502577205025774,73,True,0.0,-1.0,0.0
1000080154,29602.0,Málaga,4734.71,3,1578.2366666666667,0.10227272727272728,0.09737416402517636,45,True,0.0,-1.0,0.0
13844,11100.0,Cádiz,4726.49,7,675.2128571428572,0.136986301369863,0.12838116664820678,231,False,0.0,-1.0,0.0
24944,13240.0,Ciudad Real,4726.0599999999995,5,945.2119999999999,0.11538461538461538,0.10919929196499198,409,False,0.0,-1.0,0.0
1000081417,41007.0,Sevilla,4725.96,4,1181.49,0.20689655172413796,0.18805223150293968,1203,False,0.0,-0.20292991242400718,0.0
1000066767,8016.0,Barcelona,4721.35,5,944.2700000000001,0.1000667111407605,0.0953708244570012,214,False,0.0,-1.0,0.0
15264,10001.0,Cáceres,4719.99,4,1179.9975,0.08253094910591471,0.07930177088388386,189,False,0.0,-1.0,0.0
1000077939,8903.0,Barcelona,4718.8,9,524.3111111111111,0.1649358582773366,0.15266602822928416,26,True,0.0,-1.0,0.0
1000100393,41740.0,Sevilla,4717.48,8,589.685,0.3413940256045519,0.29370939082279257,45,True,0.0,-1.0,0.0
34212,13003.0,Ciudad Real,4716.44,9,524.0488888888889,0.17088607594936708,0.157760792051358,214,False,0.0,0.23038835545226602,0.0
12173,14900.0,Córdoba,4714.12,7,673.4457142857143,0.14334470989761092,0.13395792280799912,153,True,0.0,-1.0,0.0
8271,22520.0,Huesca,4712.57,7,673.2242857142857,0.157185628742515,0.14599087505077626,46,True,0.0,1.7893205513176793,0.0
5136,23700.0,Jaén,4710.73,5,942.146,0.10438413361169102,0.09928783444738415,207,False,0.0,-1.0,0.0
1000081396,46900.0,Valencia,4710.48,6,785.0799999999999,0.13888888888888887,0.13005312824819779,75,True,0.0,-1.0,0.0
1000078434,9002.0,Burgos,4710.34,5,942.068,0.08891523414344991,0.08518200266915735,133,True,0.0,-1.0,0.0
1000080461,4004.0,Almería,4709.53,4,1177.3825,0.07848266841072596,0.0755551166305366,89,True,0.0,-1.0,0.0
34172,28008.0,Madrid,4693.900000000001,7,670.5571428571429,0.13725490196078433,0.12861737782209356,31,True,0.0,0.06699789220114423,0.0
1000100484,30010.0,Murcia,4689.18,7,669.8828571428572,0.26348808030112925,0.23387621392834726,0,True,0.0,-1.0,0.0
1000081350,28006.0,Madrid,4688.74,12,390.7283333333333,0.23300970873786409,0.2094580982289555,153,True,0.0,-0.0966784524062296,0.0
11014,28411.0,Madrid,4687.9,7,669.6999999999999,0.13174404015056462,0.12375984127240862,206,False,0.0,-1.0,0.0
1000081987,29692.0,Málaga,4686.55,4,1171.6375,0.43795620437956206,0.3632228029098636,1480,False,0.0,-1.0,0.0
1000100122,48001.0,Vizcaya,4684.98,3,1561.6599999999999,0.41284403669724773,0.34560472018448546,613,False,0.0,-1.0,0.0
1000078817,47006.0,Valladolid,4681.41,6,780.235,0.20809248554913296,0.18904265746703205,882,False,0.0,-1.0,0.19022531936521633
1000076506,36002.0,Pontevedra,4677.31,7,668.1871428571429,0.14266304347826086,0.13336154124407182,297,False,0.0,-1.0,0.0
1000073815,8181.0,Barcelona,4677.12,9,519.68,0.1511758118701008,0.14078386513861138,28,True,0.0,0.9923688557124755,0.0
8158,39700.0,Cantabria,4677.02,5,935.4040000000001,0.12448132780082988,0.1173218873890459,430,False,0.0,-1.0,0.0
2200,39010.0,Cantabria,4674.58,4,1168.645,0.08528784648187633,0.08184524810424337,334,False,0.0,-1.0,0.0
24047,0.0,,4671.99,13,359.38384615384615,0.48628428927680795,0.39627923975878054,350,False,0.5,-1.0,0.0
1000080841,11130.0,Cádiz,4670.5,24,194.60416666666666,0.5013927576601671,0.40639318242071826,375,False,0.0,-0.017436343949186674,0.0
11101,50008.0,Zaragoza,4666.860000000001,4,1166.7150000000001,0.08614501076812635,0.08263474000855021,159,True,0.0,-1.0,0.0
1000066625,17005.0,Girona,4666.46,5,933.292,0.13799448022079117,0.12926748527127846,712,False,0.0,-1.0,0.0
1000064973,47013.0,Valladolid,4665.87,8,583.23375,0.1523809523809524,0.14183019543921774,70,True,0.0,-1.0,0.0
37339,17160.0,Girona,4650.87,7,664.41,0.13307984790874525,0.12493945432763989,66,True,0.0,-1.0,0.0
1000079680,50010.0,Zaragoza,4647.14,5,929.4280000000001,0.16611295681063123,0.15367595871699008,28,True,0.0,-1.0,0.0
1000100653,48160.0,Vizcaya,4646.9,4,1161.725,0.3738317757009346,0.31760375231683013,96,True,0.0,-1.0,1.1839547808032473
1000064020,23700.0,Jaén,4646.4400000000005,8,580.8050000000001,0.14142604596346492,0.13227839817276954,97,True,0.0,-1.0,0.0
1000101549,38700.0,Sta.Cruz Tenerife,4646.34,4,1161.585,0.31746031746031744,0.27570588140506525,42,True,0.0,-1.0,0.0
1000100169,41006.0,Sevilla,4642.91,4,1160.7275,0.16973125884016974,0.15677402912711857,326,False,0.0,-1.0,0.0
39016,7500.0,Baleares,4641.46,6,773.5766666666667,0.10520163646990065,0.10002779476626403,66,True,0.0,-1.0,0.0
31251,8860.0,Barcelona,4637.0,8,579.625,0.384,0.32497785719547784,1133,False,0.0,-1.0,0.0
1000080648,41530.0,Sevilla,4634.74,4,1158.685,0.08421052631578947,0.08085209662909494,238,False,0.0,0.22447324046363976,0.0
1000081902,46009.0,Valencia,4632.41,7,661.7728571428571,0.175,0.16126814759612226,54,True,0.0,-1.0,0.0
1000080661,45006.0,Toledo,4628.88,11,420.80727272727273,0.19253208868144692,0.17607885216586996,27,True,0.0,-1.0,0.0
1000077960,8330.0,Barcelona,4627.67,7,661.0957142857143,0.128992628992629,0.12132575635314677,151,True,0.0,-1.0,0.0
5067,20230.0,Gipúzkoa,4624.37,5,924.874,0.11503067484662576,0.1088819156068664,454,False,0.0,-0.3324787661934585,0.0
22544,48007.0,Vizcaya,4623.780000000001,2,2311.8900000000003,0.16901408450704225,0.1561607307552825,654,False,0.0,2.2858959659990767,0.0
20565,25700.0,Lleida,4623.62,4,1155.905,0.14475271411338964,0.13518864347463289,698,False,0.0,-1.0,0.0
13583,9004.0,Burgos,4620.66,7,660.0942857142857,0.14413177762525736,0.13464607655558916,294,False,0.0,-1.0,0.0
34302,8150.0,Barcelona,4609.26,6,768.21,0.13157894736842105,0.12361395596717664,81,True,0.0,-0.1226710054523848,0.0
1000079400,8172.0,Barcelona,4608.41,10,460.841,0.1806140878988561,0.1660347165830514,59,True,0.0,-0.44222220685936303,0.0
17704,29710.0,Málaga,4606.0599999999995,5,921.2119999999999,0.10645848119233499,0.1011643571590963,298,False,0.0,-1.0,0.0
36869,28942.0,Madrid,4603.3,8,575.4125,0.17843866171003717,0.1641903942754415,82,True,0.0,-1.0,0.0
42381,7015.0,Baleares,4601.16,3,1533.72,1.6666666666666665,0.9808292530117262,1196,False,0.0,-1.0,0.4348280316993818
41663,28027.0,Madrid,4600.7,6,766.7833333333333,0.237467018469657,0.21306656336385302,82,True,0.0,-0.05773633654374976,0.0
43156,7013.0,Baleares,4599.82,1,4599.82,1.0,0.6931471805599453,133,True,0.0,-1.0,0.0
9709,28015.0,Madrid,4599.68,12,383.3066666666667,0.24161073825503357,0.21640951913286569,287,False,0.0,-1.0,0.0
42623,28035.0,Madrid,4596.93,2,2298.465,0.32967032967032966,0.28493103907989104,623,False,0.0,-1.0,0.0
1000101235,48960.0,Vizcaya,4596.37,2,2298.185,0.45801526717557256,0.3770761048454784,339,False,0.0,-1.0,0.0
1000100273,46900.0,Valencia,4594.32,5,918.8639999999999,0.16286644951140067,0.15088803419244193,28,True,0.0,-1.0,0.0
14063,1005.0,Álava,4592.7,5,918.54,0.1009421265141319,0.09616629188498789,307,False,0.0,-1.0,0.0
7920,24002.0,León,4592.6,3,1530.8666666666668,0.07633587786259542,0.07356256717701673,395,False,0.0,-0.12517800973380705,0.0
1000080357,12500.0,Castellón,4587.74,7,655.3914285714285,0.31343283582089554,0.2726441950872404,1004,False,0.0,-1.0,0.0
1000082654,8232.0,Barcelona,4582.12,8,572.765,0.2183803457688808,0.19752239128755114,96,True,0.0,-1.0,0.0
40767,28925.0,Madrid,4579.03,7,654.1471428571429,0.12773722627737227,0.12021317050967524,119,True,0.0,-1.0,0.0
1000100144,8208.0,Barcelona,4578.34,5,915.668,0.15479876160990713,0.143926096421159,81,True,0.0,-1.0,0.0
1000064972,28925.0,Madrid,4572.679999999999,13,351.7446153846153,0.40625,0.3409265869705932,689,False,0.0,-1.0,0.0
24315,6800.0,Badajoz,4567.25,2,2283.625,0.23715415019762845,0.21281370181263298,350,False,0.0,-1.0,0.0
1000065626,28035.0,Madrid,4565.87,4,1141.4675,0.24096385542168672,0.21588838043303782,1266,False,0.0,-1.0,0.0
1000080895,36201.0,Pontevedra,4560.23,12,380.01916666666665,0.21176470588235294,0.1920777317393193,28,True,0.0,-1.0,0.0
29395,4005.0,Almería,4559.72,6,759.9533333333334,0.1070154577883472,0.10166761730411901,88,True,0.0,-1.0,0.0
35077,35011.0,Las Palmas,4559.06,9,506.56222222222226,0.16138673042438734,0.14961474839061611,25,True,0.0,-1.0,0.0
1000101435,25600.0,Lleida,4558.34,3,1519.4466666666667,0.7317073170731708,0.5491078103370076,340,False,0.0,-1.0,0.0
1000078455,2005.0,Albacete,4557.11,4,1139.2775,0.10830324909747294,0.10283024139985866,416,False,0.0,-1.0,0.0
1000082737,8195.0,Barcelona,4556.76,8,569.595,0.22099447513812154,0.19966567025192705,53,True,0.0,0.02262620978289314,0.0
26904,28028.0,Madrid,4556.4,3,1518.8,0.10321100917431193,0.09822502675672687,193,False,0.0,-1.0,0.0
1516,34001.0,Palencia,4550.68,6,758.4466666666667,0.30664395229982966,0.26746198153915973,1078,False,0.0,-1.0,0.0
13548,10300.0,Cáceres,4548.98,4,1137.245,0.20066889632107024,0.18287881509759246,1060,False,0.0,-1.0,0.0
1000081437,47004.0,Valladolid,4546.400000000001,8,568.3000000000001,0.15810276679841898,0.14678312028954707,96,True,0.0,-1.0,0.0
1000081197,30310.0,Murcia,4544.5599999999995,5,908.9119999999999,0.16339869281045752,0.1513456288996497,110,True,0.0,-1.0,0.0
42332,28500.0,Madrid,4537.17,7,648.1671428571428,0.19736842105263158,0.18012616623051897,250,False,0.0,-1.0,0.0
22134,30520.0,Murcia,4534.82,6,755.8033333333333,0.11124845488257108,0.10548411741312859,98,True,0.0,2.2845065170398597,0.0
1000100611,28028.0,Madrid,4530.79,9,503.4211111111111,0.4397394136807818,0.36446213449050097,91,True,0.0,-1.0,0.0
1000078152,28039.0,Madrid,4530.57,3,1510.1899999999998,0.09803921568627451,0.09352605801082346,760,False,0.0,-1.0,0.0
2424,38700.0,Sta.Cruz Tenerife,4529.9,10,452.98999999999995,0.20562028786840303,0.18699419621477253,305,False,0.0,-1.0,0.0
7670,30540.0,Murcia,4524.67,8,565.58375,0.17167381974248927,0.15843334161925918,416,False,0.0,-1.0,0.0
1000101638,21440.0,Huelva,4523.52,4,1130.88,0.5194805194805194,0.41836851294407224,48,True,0.0,-1.0,0.42430384773812985
21028,36203.0,Pontevedra,4517.39,9,501.93222222222226,0.17110266159695817,0.1579457507958099,220,False,0.0,-0.07926000693411471,0.0
32332,26550.0,La Rioja,4516.4400000000005,5,903.2880000000001,0.20746887966804978,0.18852633368083752,675,False,0.0,-1.0,0.0
26116,28001.0,Madrid,4516.139999999999,8,564.5174999999999,0.1595744680851064,0.14805309995913982,313,False,0.0,0.052641633913174106,0.0
1000100626,17002.0,Girona,4514.03,2,2257.015,0.12578616352201258,0.11848160362052347,223,False,0.0,-1.0,0.0
41813,43480.0,Tarragona,4513.01,13,347.1546153846154,0.26244952893674295,0.2330539042884655,227,False,0.0,-1.0,0.0
42803,8015.0,Barcelona,4511.7,6,751.9499999999999,0.3284671532846716,0.28402576124867046,111,True,0.0,0.008149894131277221,0.0
32951,4700.0,Almería,4510.139999999999,4,1127.5349999999999,0.10247651579846286,0.09755902724892516,411,False,0.0,-1.0,0.0
2667,28042.0,Madrid,4507.860000000001,9,500.8733333333334,0.17307692307692307,0.1596301455918839,117,True,0.0,0.3590327176657747,0.0
28768,5005.0,Ávila,4504.07,6,750.6783333333333,0.14150943396226415,0.13235145148467395,279,False,0.0,-1.0,0.0
993,47001.0,Valladolid,4503.63,10,450.363,0.1693002257336343,0.1564054722143474,34,True,0.0,-1.0,0.0
1000079894,48008.0,Vizcaya,4503.43,7,643.3471428571429,0.18404907975460125,0.16893998809812324,614,False,0.0,-1.0,0.0
1000100269,18194.0,Granada,4499.6900000000005,4,1124.9225000000001,0.5357142857142857,0.42899560551835847,721,False,0.0,-1.0,0.0
14408,3720.0,Alicante,4499.68,4,1124.92,0.13172338090010977,0.1237415867570016,17,True,0.0,-1.0,0.0
1000082385,47100.0,Valladolid,4492.3099999999995,7,641.7585714285714,0.19924098671726756,0.18168884560549511,381,False,0.0,-1.0,0.0
35774,29600.0,Málaga,4489.5199999999995,4,1122.3799999999999,0.15286624203821655,0.14225122591751768,983,False,0.0,-1.0,0.0
1000038321,50001.0,Zaragoza,4489.17,3,1496.39,0.48387096774193544,0.39465419200394874,1145,False,0.0,-1.0,0.0
1000079678,28939.0,Madrid,4485.01,5,897.0020000000001,0.15120967741935482,0.14081328293108272,574,False,0.0,-1.0,0.0
31736,26007.0,La Rioja,4481.25,4,1120.3125,0.09070294784580499,0.08682239465891518,181,False,0.0,-1.0,0.0
1000082022,28701.0,Madrid,4473.21,9,497.0233333333333,0.16265060240963855,0.1507024005483423,90,True,0.0,-1.0,0.0
1000101191,24001.0,León,4471.61,2,2235.805,0.27522935779816515,0.24312605090154807,245,False,0.0,-1.0,0.0
1000080926,3016.0,Alicante,4469.36,3,1489.7866666666666,0.05803157172271791,0.056410173938623916,110,True,0.0,-1.0,0.0
40908,21620.0,Huelva,4468.13,6,744.6883333333334,0.1266713581984518,0.11926758489961405,230,False,0.0,-1.0,0.0
1000069386,28023.0,Madrid,4467.89,8,558.48625,0.25641025641025644,0.22825865198098022,84,True,0.0,-1.0,0.0
1000078480,13001.0,Ciudad Real,4466.74,8,558.3425,0.19017432646592708,0.17409978922292157,31,True,0.0,-0.29056573480194997,0.0
14849,8980.0,Barcelona,4465.95,5,893.1899999999999,0.11746280344557555,0.11106076144429711,12,True,0.0,-1.0,0.0
1000064563,28945.0,Madrid,4465.35,5,893.07,0.31512605042016806,0.27393251686867853,1335,False,0.0,-1.0,0.0
1000101138,28025.0,Madrid,4464.75,6,744.125,0.4157043879907621,0.34762720793372154,56,True,0.0,-1.0,0.0
1000078954,28400.0,Madrid,4463.0599999999995,3,1487.6866666666665,0.22499999999999998,0.2029408439966903,1396,False,0.0,-1.0,0.0
1000066584,39788.0,Cantabria,4462.18,6,743.6966666666667,0.11479591836734694,0.10867135530512761,69,True,0.0,-1.0,0.0
28152,8340.0,Barcelona,4458.12,7,636.8742857142857,0.1276595744680851,0.12014431184206324,83,True,0.0,-1.0,0.0
1000101788,28522.0,Madrid,4454.48,4,1113.62,0.45283018867924524,0.373513508301562,28,True,0.0,-1.0,0.0
35122,46005.0,Valencia,4450.74,5,890.1479999999999,0.11303692539562923,0.10709224819917229,53,True,0.3333333333333333,0.7319810682893848,1.323600128623154
1000101110,38670.0,Sta.Cruz Tenerife,4449.62,5,889.924,0.29469548133595286,0.2582755179519845,63,True,0.0,-1.0,0.0
8896,28921.0,Madrid,4446.66,7,635.2371428571429,0.1469559132260322,0.13711140081396228,270,False,0.0,-1.0,0.0
35544,28935.0,Madrid,4445.32,3,1481.7733333333333,0.17475728155339804,0.16106155736710528,52,True,0.0,-1.0,0.0
25795,28923.0,Madrid,4440.52,4,1110.13,0.08935219657483247,0.08558320449688674,223,False,0.0,-1.0,0.0
1000061512,28980.0,Madrid,4435.89,4,1108.9725,0.07941760423560555,0.0764216403482743,238,False,0.0,-1.0,0.0
42616,7300.0,Baleares,4434.870000000001,6,739.1450000000001,0.631578947368421,0.4895482253187058,532,False,0.0,-1.0,0.09026871255969188
1000101436,12005.0,Castellón,4433.02,6,738.8366666666667,0.4205607476635514,0.35105168638437023,38,True,0.0,-1.0,0.0
28941,46700.0,Valencia,4430.76,4,1107.69,0.49586776859504134,0.4027064856690847,542,False,0.0,-1.0,0.0
4237,28980.0,Madrid,4428.97,6,738.1616666666667,0.1250868658790827,0.11786024679026731,311,False,0.0,-1.0,0.0
1000100380,46182.0,Valencia,4426.62,4,1106.655,0.15364916773367476,0.14293010776865195,112,True,0.0,-1.0,0.0
1000080598,24001.0,León,4423.59,4,1105.8975,0.19108280254777069,0.17486281150627855,1046,False,0.0,-1.0,0.0
42946,28042.0,Madrid,4421.219999999999,5,884.2439999999999,0.4411764705882353,0.36545977349446523,88,True,0.0,-1.0,0.5110498251685306
1000077470,28925.0,Madrid,4421.139999999999,10,442.1139999999999,0.1918158567774936,0.1754780741402801,199,False,0.0,-1.0,0.0
1000075602,24002.0,León,4416.23,6,736.0383333333333,0.1285714285714286,0.12095261041766252,251,False,0.0,-1.0,0.0
1000065237,41001.0,Sevilla,4415.1900000000005,7,630.7414285714286,0.1348747591522158,0.12652230048569807,75,True,0.0,-1.0,0.0
21053,19001.0,Guadalajara,4412.89,11,401.1718181818182,0.3444676409185804,0.2959981286934384,811,False,0.0,-1.0,0.0
1000081698,47400.0,Valladolid,4411.65,8,551.45625,0.14652014652014653,0.1367313953551935,97,True,0.0,0.0456531424149818,0.0
1000080424,8911.0,Barcelona,4409.13,3,1469.71,0.09523809523809523,0.09097177820572669,427,False,0.0,-1.0,0.0
1000075293,28004.0,Madrid,4408.25,4,1102.0625,0.09764035801464604,0.09316274664172106,214,False,0.0,-1.0,0.0
33457,11402.0,Cádiz,4407.52,8,550.94,0.1921537229783827,0.1757615225584313,122,True,0.0,-1.0,0.0
1000070834,46021.0,Valencia,4404.200000000001,4,1101.0500000000002,0.26373626373626374,0.23407262184640004,28,True,0.0,-1.0,0.0
1000079088,41011.0,Sevilla,4403.9400000000005,4,1100.9850000000001,0.1,0.09531017980432487,438,False,0.0,-1.0,0.0
21992,41110.0,Sevilla,4403.639999999999,5,880.7279999999998,0.08891523414344991,0.08518200266915735,53,True,0.0,-1.0,0.0
1000080867,38650.0,Sta.Cruz Tenerife,4402.61,8,550.32625,0.14457831325301204,0.13503628380394292,88,True,0.0,-1.0,0.0
12425,18680.0,Granada,4401.28,4,1100.32,0.0963855421686747,0.09201889872025212,572,False,0.0,-1.0,0.0
23814,18013.0,Granada,4400.2,4,1100.05,0.08614501076812635,0.08263474000855021,102,True,0.0,-0.400762349322856,0.0
32268,28045.0,Madrid,4393.81,13,337.98538461538465,0.2457466918714556,0.21973510264420784,234,False,0.0,-1.0,0.0
1000073679,29738.0,Málaga,4390.39,15,292.6926666666667,0.25611838360842343,0.2280263180696392,56,True,0.0,-1.0,0.0
31478,29780.0,Málaga,4389.06,3,1463.0200000000002,0.08434864104967196,0.0809794758919232,305,False,0.0,-1.0,0.0
1000078576,15172.0,A Coruña,4383.38,4,1095.845,0.2112676056338028,0.1916674192121923,5,True,0.0,-1.0,0.0
41542,38390.0,Sta.Cruz Tenerife,4380.96,5,876.192,0.14218009478672985,0.1329388000145885,437,False,0.0,-1.0,0.0
16846,23001.0,Jaén,4380.64,9,486.7377777777778,0.15798712697483908,0.14668326248697483,13,True,0.0,0.1911259844791276,0.0
29006,35200.0,Las Palmas,4377.94,7,625.42,0.14553014553014554,0.13586753904715332,311,False,0.0,-1.0,0.0
1000075908,32003.0,Orense,4375.33,5,875.066,0.21156558533145275,0.19191339545212788,572,False,0.0,-1.0,0.0
1000040383,21100.0,Huelva,4373.81,4,1093.4525,0.079734219269103,0.07671491758086177,243,False,0.0,-1.0,0.0
1000081789,15004.0,A Coruña,4371.39,7,624.4842857142858,0.14935988620199148,0.13920516671043048,294,False,0.0,-1.0,0.0
1000100535,8210.0,Barcelona,4370.14,12,364.17833333333334,0.48913043478260865,0.39819234877908455,27,True,0.0,-1.0,0.0
1000075214,3560.0,Alicante,4368.83,8,546.10375,0.21680216802168023,0.19622624370172712,636,False,0.0,-1.0,0.0
1000101085,24300.0,León,4368.530000000001,9,485.3922222222223,0.5856832971800434,0.46101541675313,83,True,0.0,0.20860989099302535,0.0
23283,17003.0,Girona,4367.37,4,1091.8425,0.09426551453260017,0.09008337522239919,103,True,0.0,1.7463378477948142,0.0
1000058198,35014.0,Las Palmas,4366.35,6,727.725,0.09939260077305356,0.09475784618078291,6,True,0.0,-0.298136791960051,0.0
40612,35003.0,Las Palmas,4365.8,6,727.6333333333333,0.11741682974559686,0.11101961945230578,196,False,0.0,-1.0,0.0
1000100197,8150.0,Barcelona,4361.5,12,363.4583333333333,0.3589232303090728,0.3066926437345971,6,True,0.0,-1.0,0.0
43020,28015.0,Madrid,4357.12,6,726.1866666666666,0.8333333333333333,0.6061358035703155,82,True,0.0,-1.0,1.1594121046407548
35492,41720.0,Sevilla,4357.01,4,1089.2525,0.07088009450679268,0.06848082862171574,61,True,0.0,-1.0,0.0
1000074085,8029.0,Barcelona,4356.27,7,622.3242857142858,0.14989293361884368,0.13966883683996736,319,False,0.0,-1.0,0.0
41045,48930.0,Vizcaya,4352.469999999999,4,1088.1174999999998,0.3053435114503817,0.2664662333015083,1299,False,0.0,-1.0,0.0
1000066197,43850.0,Tarragona,4347.46,11,395.2236363636364,0.1967799642218247,0.1796345869731293,77,True,0.0,-1.0,0.0
1000080291,28770.0,Madrid,4344.95,4,1086.2375,0.07905138339920949,0.0760823064574395,20,True,0.0,-0.11236541501386854,0.0
1000080550,46008.0,Valencia,4344.94,4,1086.235,0.23952095808383234,0.21472498084861397,1004,False,0.0,-1.0,0.0
3217,29740.0,Málaga,4340.05,3,1446.6833333333334,0.14218009478672985,0.1329388000145885,59,True,0.0,-1.0,0.0
1000100130,33205.0,Asturias,4339.13,3,1446.3766666666668,0.11568123393316196,0.10946519048195857,279,False,0.0,-1.0,0.0
42635,14640.0,Córdoba,4338.84,7,619.8342857142858,0.31203566121842496,0.2715798709592322,118,True,0.0,-0.2205978093864096,0.0
37189,25300.0,Lleida,4338.75,4,1084.6875,0.2843601895734597,0.2502606874036344,1132,False,0.0,-1.0,0.0
5087,24100.0,León,4337.85,7,619.6928571428572,0.1417004048582996,0.1325187343101364,55,True,0.0,-1.0,0.0
1000080028,28046.0,Madrid,4337.73,6,722.9549999999999,0.15957446808510636,0.1480530999591398,13,True,0.0,-1.0,0.0
12339,15179.0,A Coruña,4336.3,4,1084.075,0.06993006993006992,0.06759329113252817,67,True,0.0,-1.0,0.0
11887,12003.0,Castellón,4329.14,6,721.5233333333334,0.14754098360655737,0.13762137787604775,410,False,0.0,-1.0,0.0
32615,15004.0,A Coruña,4326.58,7,618.0828571428572,0.2658227848101266,0.2357223335210699,1013,False,0.0,-1.0,0.0
1000070758,41640.0,Sevilla,4325.31,7,617.9014285714286,0.14423076923076925,0.13473259397015674,126,True,0.0,-0.8435301206534168,0.0
9992,15660.0,A Coruña,4324.5,4,1081.125,0.12526096033402923,0.11801497349808192,573,False,0.0,-1.0,0.0
1000082709,29006.0,Málaga,4324.19,9,480.4655555555555,0.24680073126142596,0.2205808554214809,67,True,0.0,0.44491708212064457,0.0
4219,28036.0,Madrid,4323.9,3,1441.3,0.23136246786632392,0.20812125379246896,1113,False,0.0,-1.0,0.0
1000076715,40370.0,Segovia,4323.72,3,1441.24,0.16885553470919326,0.15602509462160863,552,False,0.0,-1.0,0.0
21978,28029.0,Madrid,4322.44,11,392.9490909090909,0.189873417721519,0.17384692980298241,47,True,0.0,-1.0,0.0
1000082293,34800.0,Palencia,4321.8,7,617.4,0.18935978358881875,0.17341516536694757,235,False,0.0,-1.0,0.0
632,46100.0,Valencia,4321.34,6,720.2233333333334,0.10356731875719218,0.09854794961804618,20,True,0.0,-0.5785638652889783,0.0
1000078746,6004.0,Badajoz,4320.379999999999,4,1080.0949999999998,0.11299435028248588,0.10705399616415937,238,False,0.0,-1.0,0.0
38649,15142.0,A Coruña,4319.23,3,1439.743333333333,0.36290322580645157,0.3096171493180366,32,True,0.0,-1.0,0.0
9082,46010.0,Valencia,4319.2,6,719.8666666666667,0.14446227929373998,0.1349349016268428,543,False,0.0,-1.0,0.15714566184972906
1000101596,30203.0,Murcia,4312.42,3,1437.4733333333334,0.3913043478260869,0.3302416868705768,160,True,0.0,-1.0,0.0
1000101452,8021.0,Barcelona,4311.92,3,1437.3066666666666,0.2362204724409449,0.2120587188897168,74,True,0.0,-1.0,0.0
1000071891,4700.0,Almería,4310.5599999999995,5,862.1119999999999,0.1968503937007874,0.17969343438768512,986,False,0.0,-1.0,0.0
1000082733,28009.0,Madrid,4307.4,11,391.58181818181816,0.3092783505154639,0.26947610795520843,74,True,0.0,-0.037156186292500275,0.0
1000081327,31610.0,Navarra,4306.91,4,1076.7275,0.07648183556405354,0.07369816407476748,193,False,0.0,-1.0,0.0
1000076143,28294.0,Madrid,4301.43,5,860.2860000000001,0.1328609388839681,0.12474623742918066,444,False,0.0,-1.0,0.0
1000081715,21001.0,Huelva,4299.43,6,716.5716666666667,0.1521555367709214,0.14163456771814584,26,True,0.0,-1.0,0.0
1000081305,2005.0,Albacete,4298.57,11,390.7790909090909,0.21005728835136855,0.19066770423280802,173,True,0.0,-1.0,0.0
1000063245,17001.0,Girona,4297.76,5,859.552,0.15873015873015872,0.14732471475685843,622,False,1.0,-1.0,-0.0
9854,8003.0,Barcelona,4294.3,6,715.7166666666667,0.13215859030837004,0.12412606741381713,290,False,0.0,-1.0,0.0
1000081540,18007.0,Granada,4293.91,9,477.1011111111111,0.17408123791102514,0.16048591655106914,28,True,0.0,-0.10966409499235227,0.0
1000100077,8172.0,Barcelona,4293.59,8,536.69875,0.2314368370298939,0.20818164780301193,48,True,0.0,-1.0,0.0
1000100481,48010.0,Vizcaya,4291.6900000000005,4,1072.9225000000001,0.18779342723004694,0.1720973230180951,68,True,0.0,-1.0,0.5288947051462312
4953,20130.0,Gipúzkoa,4289.37,6,714.895,0.19088016967126192,0.17469267210498568,797,False,0.0,-1.0,0.0
1000038447,7011.0,Baleares,4287.9800000000005,16,267.99875000000003,0.299625468164794,0.2620761215466097,196,False,0.0,0.300098581590838,0.0
1000080786,28806.0,Madrid,4287.14,9,476.34888888888895,0.29443838604143946,0.2580769223532032,776,False,0.0,-1.0,0.0
1000101578,41704.0,Sevilla,4285.95,4,1071.4875,0.34383954154727797,0.29553084624385223,54,True,0.0,-1.0,0.0
1000100057,50012.0,Zaragoza,4281.52,4,1070.38,0.8759124087591241,0.6290951590670949,1054,False,0.0,-1.0,0.9399538610279441
1000100317,46220.0,Valencia,4281.45,3,1427.1499999999999,0.1939655172413793,0.17728013452102853,460,False,0.0,0.3643064253777671,0.0
1000072594,28005.0,Madrid,4281.14,7,611.5914285714287,0.1492537313432836,0.1391128024627178,349,False,0.0,-1.0,0.0
1000081593,28039.0,Madrid,4278.469999999999,4,1069.6174999999998,0.10101010101010101,0.09622803209455377,244,False,0.0,-1.0,0.0
25211,28007.0,Madrid,4278.27,7,611.1814285714287,0.1355713363460297,0.12713590432068952,47,True,0.0,-1.0,0.0
1000077444,46015.0,Valencia,4276.71,5,855.342,0.13380909901873328,0.12558284811729414,544,False,0.0,-1.0,0.0
34765,40002.0,Segovia,4273.23,6,712.2049999999999,0.3557312252964427,0.3043409584384197,1207,False,0.0,-1.0,0.0
33490,11540.0,Cádiz,4272.05,6,712.0083333333333,0.10619469026548672,0.10092591858996056,48,True,0.0,0.222307994814804,0.0
1000101073,28011.0,Madrid,4264.75,4,1066.1875,0.21699819168173598,0.196387328122393,46,True,0.0,-1.0,0.0
1000073682,28670.0,Madrid,4263.9800000000005,12,355.3316666666667,0.23391812865497078,0.21019457697340665,195,False,0.0,-1.0,0.0
1753,36205.0,Pontevedra,4255.96,4,1063.99,0.2127659574468085,0.19290366612449156,1162,False,0.0,-1.0,0.0
23388,2100.0,Albacete,4255.77,5,851.1540000000001,0.0982961992136304,0.09376006919762603,181,False,0.0,-1.0,0.0
5922,29670.0,Málaga,4253.64,9,472.6266666666667,0.21445591739475772,0.19429617188471512,76,True,0.0,-1.0,0.0
1000079168,40002.0,Segovia,4252.21,4,1063.0525,0.08739985433357611,0.08378939177121933,75,True,0.0,-1.0,0.0
4133,28003.0,Madrid,4243.13,11,385.7390909090909,0.21045918367346939,0.19099977825952003,182,False,0.0,-1.0,0.0
1000070907,28045.0,Madrid,4241.54,7,605.9342857142857,0.15228426395939085,0.14174628874341416,277,False,0.0,0.3143872113676733,0.0
40575,8720.0,Barcelona,4234.889999999999,6,705.8149999999999,0.11560693641618497,0.1093985944071066,237,False,0.0,-1.0,0.0
1000100643,8710.0,Barcelona,4232.34,3,1410.78,0.2616279069767442,0.23240287672700652,348,False,0.0,-1.0,0.0
41349,24005.0,León,4231.98,3,1410.6599999999999,0.06671608598962193,0.06458485067961192,160,True,0.0,-1.0,0.0
1000065432,18004.0,Granada,4229.62,5,845.924,0.0884433962264151,0.0847485987109491,117,True,0.0,-1.0,0.0
1000079739,49003.0,Zamora,4224.969999999999,3,1408.323333333333,0.12820512820512822,0.12062798778861475,951,False,0.0,-1.0,0.0
1817,36211.0,Pontevedra,4219.93,7,602.8471428571429,0.170316301703163,0.15727405560952656,28,True,0.0,0.3050455274607334,0.0
1000101818,3570.0,Alicante,4217.87,2,2108.935,0.9677419354838709,0.676886659688165,229,False,0.0,-1.0,0.0
1000067844,36950.0,Pontevedra,4217.67,6,702.945,0.13129102844638948,0.12335948361422443,280,False,0.0,0.6722827067098229,0.0
1000101141,45529.0,Toledo,4215.12,7,602.16,0.4233870967741935,0.3530393107683146,56,True,0.0,-1.0,0.0
1000101998,28030.0,Madrid,4212.05,5,842.4100000000001,0.8620689655172414,0.6216882165778004,27,True,0.0,-1.0,0.0
37516,0.0,,4210.08,6,701.68,0.5590062111801243,0.4440485741473209,1476,False,0.0,-1.0,0.0
12324,16003.0,Cuenca,4208.08,14,300.57714285714286,0.2519496100779844,0.22470202432640674,118,True,0.0,-1.0,0.0
1000076102,46600.0,Valencia,4207.16,3,1402.3866666666665,0.07137192704203014,0.0689400019952793,18,True,0.0,-1.0,0.0
1000081636,17002.0,Girona,4206.71,10,420.671,0.19379844961240308,0.17714019805195702,89,True,0.0,-1.0,0.0
1000068344,23410.0,Jaén,4203.83,4,1050.9575,0.09266409266409267,0.08861883594369989,236,False,0.0,-1.0,0.0
1000072772,33201.0,Asturias,4197.799999999999,6,699.6333333333332,0.18672199170124482,0.1711948773291976,118,True,0.0,-1.0,0.0
3683,33012.0,Asturias,4193.53,4,1048.3825,0.07787151200519143,0.07498827429317913,209,False,0.0,-1.0,0.0
1000101097,30204.0,Murcia,4189.5,5,837.9,0.5791505791505792,0.456887094343264,14,True,0.0,-1.0,0.0
3110,28033.0,Madrid,4186.18,3,1395.3933333333334,0.12016021361815755,0.11347172294998671,686,False,0.0,-1.0,0.0
28469,28915.0,Madrid,4185.8,6,697.6333333333333,0.11214953271028037,0.10629465864962322,55,True,0.0,-1.0,0.0
40047,34001.0,Palencia,4182.93,6,697.1550000000001,0.28346456692913385,0.24956311434817105,1112,False,0.0,-1.0,0.0
1000100128,11004.0,Cádiz,4180.38,4,1045.095,0.1595744680851064,0.14805309995913982,263,False,0.0,-1.0,0.0
1000082478,31003.0,Navarra,4178.320000000001,6,696.3866666666668,0.1794616151545364,0.16505807601645126,361,False,0.0,-1.0,0.0
1000078685,26002.0,La Rioja,4173.65,7,596.2357142857143,0.12492563950029745,0.11771693524984189,27,True,0.0,-1.0,0.0
15208,33404.0,Asturias,4173.639999999999,4,1043.4099999999999,0.3488372093023256,0.29924289485285693,96,True,0.0,-1.0,0.0
1000080212,4005.0,Almería,4173.04,5,834.608,0.11235955056179775,0.10648348040245009,468,False,0.0,-1.0,0.0
40434,8009.0,Barcelona,4168.97,7,595.5671428571429,1.0344827586206897,0.7102416139192455,14,True,0.0,-1.0,0.4373520736964936
22650,18200.0,Granada,4167.1,4,1041.775,0.10152284263959391,0.09669362480247104,97,True,0.0,-1.0,0.0
1000081660,41011.0,Sevilla,4166.77,11,378.79727272727274,0.1930953774136922,0.17655108745886428,74,True,0.0,-1.0,0.0
1000058038,3004.0,Alicante,4162.48,16,260.155,0.29684601113172543,0.2599351713248131,55,True,0.0,-1.0,0.3311081362650595
17612,37002.0,Salamanca,4158.37,8,519.79625,0.1895734597156398,0.1735948056557174,250,False,0.0,1.2761599745060548,0.0
1000078795,24402.0,León,4158.24,8,519.78,0.15904572564612326,0.14759701625075317,220,False,0.0,-1.0,0.0
27842,2400.0,Albacete,4154.6900000000005,8,519.3362500000001,0.1889763779527559,0.17309275035633306,278,False,0.0,-1.0,0.0
1000078968,37405.0,Salamanca,4154.37,5,830.874,0.1446480231436837,0.1350971863801407,767,False,0.0,-1.0,0.0
1000100288,41830.0,Sevilla,4153.37,5,830.674,0.16685205784204674,0.15430957392467692,38,True,0.0,-1.0,0.0
1000082491,8303.0,Barcelona,4151.5599999999995,8,518.9449999999999,0.20851433536055602,0.18939178320156025,194,False,0.0,-1.0,0.0
1000080373,30191.0,Murcia,4149.34,3,1383.1133333333335,2.0,1.0986122886681098,1756,False,0.3333333333333333,-1.0,0.29161972946002673
1000077576,3503.0,Alicante,4146.48,4,1036.62,0.2037351443123939,0.1854293428805408,39,True,0.0,-1.0,0.0
1000100384,6010.0,Badajoz,4146.41,3,1382.1366666666665,0.11703511053315994,0.1106779524786114,82,True,0.0,-1.0,0.0
1000100078,43001.0,Tarragona,4146.21,7,592.3157142857143,0.22629310344827586,0.20399588190007564,157,True,0.0,-0.26989847431007397,0.0
30126,35019.0,Las Palmas,4145.98,9,460.66444444444437,0.18292682926829268,0.1679917312391297,160,True,0.0,-1.0,0.0
1000065150,28036.0,Madrid,4140.89,8,517.61125,0.23645320197044334,0.21224696008999655,175,True,0.0,-0.5242741232481728,0.0
42852,31192.0,Navarra,4139.12,3,1379.7066666666667,0.39823008849557523,0.33520721431462625,305,False,0.0,-1.0,0.0
42244,46016.0,Valencia,4137.78,5,827.5559999999999,0.24958402662229615,0.22281071722892715,763,False,0.0,-1.0,0.0
3068,28009.0,Madrid,4135.05,9,459.45000000000005,0.1625526791089705,0.15061817281521958,116,True,0.0,-1.0,0.0
1000079028,14710.0,Córdoba,4133.82,7,590.5457142857142,0.1912568306010929,0.17500890994766807,104,True,0.0,-0.49699402475570714,0.0
1000065209,46950.0,Valencia,4131.65,5,826.3299999999999,0.37593984962406013,0.31913702461966714,1378,False,0.0,0.715382487204316,0.0
41970,20110.0,Gipúzkoa,4129.62,8,516.2025,0.2481902792140641,0.22169472564423717,818,False,0.0,-1.0,0.0
42720,23650.0,Jaén,4128.59,9,458.7322222222222,0.42319749216300945,0.35290609525650346,27,True,0.0,0.31273155849795026,0.0
42454,46025.0,Valencia,4128.52,8,516.065,0.21897810218978103,0.1980128865886302,31,True,0.0,-0.08916984265817078,0.0
1000042306,23700.0,Jaén,4128.48,10,412.84799999999996,0.18808777429467086,0.1723451022975818,70,True,0.0,-1.0,0.0
12372,15403.0,A Coruña,4128.25,8,516.03125,0.13761467889908258,0.12893368337589317,19,True,0.0,-1.0,0.0
1000101569,28905.0,Madrid,4127.38,3,1375.7933333333333,0.39823008849557523,0.33520721431462625,180,False,0.0,-1.0,0.0
1116,46006.0,Valencia,4125.02,8,515.6275,0.17883755588673622,0.16452883079597208,27,True,0.0,-1.0,0.0
31220,31008.0,Navarra,4124.73,8,515.59125,0.1436265709156194,0.13420441564487934,101,True,0.0,-1.0,0.0
31901,36203.0,Pontevedra,4120.47,5,824.094,0.2664298401420959,0.23620179227460555,985,False,0.0,-1.0,0.0
1000059595,28017.0,Madrid,4113.64,7,587.6628571428572,0.26054590570719605,0.23154488563179892,173,True,0.0,-1.0,0.0
19562,41005.0,Sevilla,4111.57,6,685.2616666666667,0.11124845488257108,0.10548411741312859,34,True,0.0,-1.0,0.0
1000100397,28200.0,Madrid,4108.59,10,410.85900000000004,0.36674816625916873,0.3124343171122974,27,True,0.0,-0.08725618452234149,0.0
1000078158,21810.0,Huelva,4106.5,4,1026.625,0.1088929219600726,0.10336215001868083,108,True,0.0,-1.0,0.0
8619,49350.0,Zamora,4105.14,6,684.19,0.11734028683181226,0.1109511172305236,222,False,0.0,-1.0,0.0
8230,8029.0,Barcelona,4100.16,4,1025.04,0.08695652173913043,0.08338160893905106,46,True,0.0,-1.0,0.0
30087,28044.0,Madrid,4095.6800000000003,7,585.0971428571429,0.20114942528735633,0.18327895275028197,668,False,0.0,-1.0,0.0
1000078820,29680.0,Málaga,4094.19,14,292.44214285714287,0.24361948955916474,0.2180260709670542,89,True,0.0,-0.05064276447694308,0.0
1000070089,18200.0,Granada,4094.06,7,584.8657142857143,0.1509705248023005,0.14060552107327176,426,False,0.0,-1.0,0.0
28472,30009.0,Murcia,4093.5099999999998,8,511.68874999999997,0.1539448364336113,0.14318636489275657,24,True,0.0,0.1401559592630996,0.0
1000100504,28020.0,Madrid,4088.9100000000003,2,2044.4550000000002,0.1054481546572935,0.10025082257410961,215,False,0.0,-1.0,0.0
41988,20302.0,Gipúzkoa,4087.86,8,510.9825,0.23785926660059464,0.21338348977196872,755,False,0.0,-1.0,0.5298672257781688
2442,28005.0,Madrid,4087.32,3,1362.44,0.061224489795918366,0.05942342047080074,32,True,0.0,-1.0,0.0
1000082237,46120.0,Valencia,4086.84,4,1021.71,0.07884362680683311,0.07588975159074239,24,True,0.0,-1.0,0.0
1000082656,8560.0,Barcelona,4085.78,6,680.9633333333334,0.15971606033717833,0.14817519958444564,68,True,0.0,-1.0,0.0
43024,11149.0,Cádiz,4083.6100000000006,3,1361.2033333333336,0.48128342245989303,0.39290888933275187,91,True,0.0,-1.0,0.0
6330,28938.0,Madrid,4080.62,9,453.40222222222224,0.1592920353982301,0.14780950448881097,94,True,0.0,1.7181303906729657,0.0
1000078495,46022.0,Valencia,4080.4300000000003,2,2040.2150000000001,0.9836065573770493,0.6849166814234299,28,True,0.0,-1.0,0.0
1000065868,33011.0,Asturias,4080.33,11,370.9390909090909,0.1896551724137931,0.17366349405084003,60,True,0.0,-1.0,0.0
1000080024,38005.0,Sta.Cruz Tenerife,4079.92,10,407.992,0.2291825821237586,0.2063493810824833,419,False,0.0,-1.0,0.0
1000074551,8770.0,Barcelona,4075.8599999999997,5,815.1719999999999,0.10972933430870518,0.10411614262458269,117,True,0.0,-0.388555281818619,0.0
1000100500,28011.0,Madrid,4075.13,4,1018.7825,0.15706806282722513,0.14588927347112293,24,True,0.0,-1.0,0.0
13464,8016.0,Barcelona,4073.77,8,509.22125,0.13961605584642234,0.1306914125616915,28,True,0.0,0.2110465802650789,0.0
1000082577,18015.0,Granada,4070.21,6,678.3683333333333,0.17029328287606432,0.15725438652225027,238,False,0.0,-0.18017644451434875,0.0
1000100114,3370.0,Alicante,4069.89,5,813.978,0.18137847642079807,0.16668195701909144,238,False,0.5,1.0833152722245059,1.4927719422802632
171,41740.0,Sevilla,4069.0,4,1017.25,0.07868852459016393,0.07574597415796026,230,False,0.0,-1.0,0.0
1000081518,29640.0,Málaga,4065.66,10,406.566,0.182370820668693,0.16752159285307439,56,True,0.0,-1.0,0.0
1000078194,28220.0,Madrid,4064.5,5,812.9,0.16722408026755853,0.15462834881174073,25,True,0.0,2.117278816267565,1.1709944961161656
1000100166,30510.0,Murcia,4060.64,7,580.0914285714285,0.25957972805933255,0.23077811616423316,199,False,0.0,-1.0,0.0
1000078839,8394.0,Barcelona,4060.15,14,290.0107142857143,0.2813127930341594,0.2478851719010625,220,False,0.5,-1.0,0.0
23464,7300.0,Baleares,4059.96,9,451.1066666666667,0.16906700062617408,0.15620599532671017,66,True,0.0,-1.0,0.0
11388,28911.0,Madrid,4058.9900000000002,11,368.9990909090909,0.19075144508670522,0.17458457429180216,12,True,0.0,0.2260764226922737,0.0
1000046050,33206.0,Asturias,4053.77,4,1013.4425,0.11916583912611717,0.112583621321214,117,True,0.0,-1.0,0.0
1000042336,18007.0,Granada,4053.4,7,579.0571428571428,0.12006861063464838,0.1133899429259387,14,True,0.0,-0.13775891695752657,0.0
1000076129,3007.0,Alicante,4048.6,3,1349.5333333333333,0.11627906976744186,0.1100008952143285,7,True,0.0,-1.0,0.0
6822,8240.0,Barcelona,4048.5299999999997,8,506.06624999999997,0.16701461377870563,0.15444887574418392,102,True,0.0,-1.0,0.0
1000102194,28010.0,Madrid,4047.66,3,1349.22,2.0,1.0986122886681098,59,True,0.3333333333333333,-1.0,0.1348087934525219
1000077231,23700.0,Jaén,4046.79,7,578.1128571428571,0.1815038893690579,0.16678810953027298,395,False,0.0,0.2953410638385672,0.0
7644,47014.0,Valladolid,4044.7599999999998,4,1011.1899999999999,0.07984031936127745,0.07681317776161672,224,False,0.0,-1.0,0.0
20681,29631.0,Málaga,4044.5,5,808.9,0.15690376569037656,0.1457472690308788,74,True,0.0,-1.0,0.0
1000101100,48011.0,Vizcaya,4044.44,3,1348.1466666666668,0.18181818181818182,0.1670540846631662,87,True,0.0,-1.0,0.0
1000056206,7003.0,Baleares,4043.26,2,2021.63,0.2803738317757009,0.2471520913662187,1552,False,0.0,-1.0,0.0
1000077490,28034.0,Madrid,4042.5,7,577.5,0.24764150943396226,0.2212549766263416,186,False,0.0,-1.0,0.0
28071,18009.0,Granada,4041.15,11,367.3772727272727,0.36585365853658536,0.3117796240308414,756,False,0.0,-0.14078035148062554,0.0
13358,8010.0,Barcelona,4038.0499999999997,9,448.6722222222222,0.1641337386018237,0.1519772384152741,102,True,0.0,-0.09495127699750534,0.0
4539,28002.0,Madrid,4035.87,8,504.48375,0.14002333722287047,0.13104873344500295,27,True,0.0,-1.0,0.0
1000078889,8021.0,Barcelona,4033.96,4,1008.49,0.3278688524590164,0.28357529049912755,1404,False,0.0,-1.0,0.4714209020858432
1000077738,46760.0,Valencia,4033.02,5,806.604,0.11363636363636363,0.10763066419236544,101,True,0.0,-1.0,0.0
40089,4740.0,Almería,4029.13,7,575.59,0.17073170731707318,0.15762894420358314,210,False,0.0,-1.0,0.0
1000080858,46023.0,Valencia,4027.99,4,1006.9975,0.48192771084337344,0.3933437475758195,1516,False,0.0,-1.0,0.0
932,46700.0,Valencia,4025.1699999999996,4,1006.2924999999999,0.07453416149068323,0.07188722951331596,27,True,0.0,-1.0,0.0
37612,28850.0,Madrid,4024.92,4,1006.23,0.11605415860735009,0.10979939199967043,391,False,0.0,-1.0,0.0
1000080018,41927.0,Sevilla,4024.5299999999997,6,670.755,0.11826544021024966,0.11177877071168829,46,True,0.0,-1.0,0.0
1000079751,31500.0,Navarra,4024.4100000000003,4,1006.1025000000001,0.3468208092485549,0.2977468590679216,487,False,0.0,-1.0,0.0
42781,52006.0,Melilla,4022.2699999999995,3,1340.7566666666664,0.2608695652173913,0.23180161405732433,320,False,0.0,0.07987457742623388,0.0
27990,28001.0,Madrid,4020.97,5,804.194,0.1557632398753894,0.14476093947741928,59,True,0.0,-1.0,0.8048217817738865
1000081694,28016.0,Madrid,4018.8599999999997,3,1339.62,0.08302583025830258,0.07975881838845024,230,False,0.0,-1.0,0.0
1000061575,8540.0,Barcelona,4013.52,5,802.704,0.09351620947630922,0.08939838450566853,193,False,0.0,-0.0511467324290999,0.0
28763,29590.0,Málaga,4013.25,7,573.3214285714286,0.166270783847981,0.15381129411213915,381,False,0.0,-0.059022593235289036,0.0
1000102098,8760.0,Barcelona,4011.67,5,802.3340000000001,1.7045454545454546,0.9949338591932683,24,True,0.0,-1.0,0.0
1000078274,48001.0,Vizcaya,4011.35,3,1337.1166666666666,0.3345724907063197,0.28861100888643976,1376,False,0.0,0.5846845442261719,0.19214381790786245
41908,48009.0,Vizcaya,4010.3199999999997,5,802.064,0.3546099290780142,0.3035135376684616,1333,False,0.0,-1.0,0.0
33040,8210.0,Barcelona,4007.07,10,400.707,0.2895752895752896,0.2543129312771627,762,False,0.5,-1.0,0.0
1000100104,46025.0,Valencia,4006.24,1,4006.24,1.0,0.6931471805599453,1068,False,0.0,-1.0,0.0
1000081384,21004.0,Huelva,4003.4700000000003,10,400.34700000000004,0.2949852507374631,0.25849930569472107,31,True,0.0,0.11602675918649,0.0
1000041272,33202.0,Asturias,4002.15,7,571.7357142857143,0.14413177762525736,0.13464607655558916,238,False,0.0,-1.0,0.0
1000079009,38670.0,Sta.Cruz Tenerife,4001.6400000000003,7,571.6628571428572,0.1336728198599618,0.12546264503404048,234,False,0.0,-0.7121008165681093,0.0
42732,14600.0,Córdoba,4000.17,8,500.02125,0.4363636363636364,0.3621146672345506,87,True,0.0,-1.0,0.0
1000100298,41001.0,Sevilla,3999.77,4,999.9425,0.1764705882352941,0.1625189294977749,66,True,0.0,-0.5380247718571392,0.0
1000101894,41410.0,Sevilla,3999.3799999999997,2,1999.6899999999998,0.31578947368421056,0.2744368457017603,70,True,0.0,-1.0,0.0
1000082579,34002.0,Palencia,3998.13,7,571.1614285714286,0.17661900756938603,0.16264507797469935,12,True,0.0,-1.0,0.0
1000074688,36518.0,Pontevedra,3993.19,6,665.5316666666666,0.11278195488721804,0.10686314554236129,209,False,0.0,-0.007530373607376148,0.0
41125,6200.0,Badajoz,3991.0699999999997,3,1330.3566666666666,0.7563025210084033,0.5632107588532816,172,True,0.0,-1.0,0.0
7280,3204.0,Alicante,3983.0699999999997,3,1327.6899999999998,0.07826086956521738,0.07534943724178679,355,False,0.0,-1.0,0.0
7919,28230.0,Madrid,3980.5,6,663.4166666666666,0.13646702047005307,0.1279243453852831,171,True,0.0,-1.0,0.0
1000100929,38687.0,Sta.Cruz Tenerife,3976.4900000000002,8,497.06125000000003,0.42857142857142855,0.35667494393873234,109,True,0.0,-1.0,0.0
23839,28007.0,Madrid,3974.02,9,441.5577777777778,0.2007434944237918,0.18294094362081742,419,False,0.0,-1.0,0.0
2170,36201.0,Pontevedra,3973.18,6,662.1966666666666,0.11450381679389313,0.10840929850718489,199,False,0.0,-0.34045741504660754,0.0
21659,33600.0,Asturias,3972.6899999999996,5,794.5379999999999,0.34324942791762014,0.2950916247325063,1333,False,0.0,-1.0,0.0
1000101107,21400.0,Huelva,3969.0299999999997,3,1323.01,0.26011560693641617,0.23120346829131005,46,True,0.0,-1.0,0.0
34871,38400.0,Sta.Cruz Tenerife,3968.99,10,396.899,0.17554125219426564,0.1617286816993435,62,True,0.0,-1.0,0.0
28540,32001.0,Orense,3967.02,4,991.755,0.0851063829787234,0.08167803101426718,306,False,0.0,-1.0,0.0
25192,28924.0,Madrid,3963.81,1,3963.81,1.0,0.6931471805599453,836,False,0.0,0.0,0.0
1000101785,39600.0,Cantabria,3963.0200000000004,3,1321.006666666667,0.4265402843601896,0.35525213127280925,95,True,0.0,-1.0,0.0
1000081763,41310.0,Sevilla,3962.36,3,1320.7866666666666,0.41860465116279066,0.3496737484797488,1543,False,0.0,-1.0,0.0
1000101480,3720.0,Alicante,3958.95,2,1979.475,0.13856812933025403,0.12977144604020024,7,True,0.0,-1.0,0.0
26206,20005.0,Gipúzkoa,3957.4700000000003,3,1319.1566666666668,0.35294117647058826,0.3022808718729336,53,True,0.0,-1.0,0.0
1000101877,46011.0,Valencia,3952.77,3,1317.59,0.4,0.33647223662121295,42,True,0.0,-1.0,0.0
1000101715,28045.0,Madrid,3947.6499999999996,3,1315.8833333333332,0.37656903765690375,0.3195941988338612,89,True,0.0,-1.0,0.0
1000081882,28850.0,Madrid,3945.74,4,986.435,0.10781671159029649,0.10239115188879946,686,False,0.0,-1.0,0.0
1000082756,38687.0,Sta.Cruz Tenerife,3940.7400000000002,6,656.7900000000001,0.20179372197309417,0.18381520905073792,101,True,0.0,-1.0,0.0
11728,14008.0,Córdoba,3935.47,6,655.9116666666666,0.14551333872271624,0.13585286729819254,321,False,0.5,-1.0,1.4927719422802632
1000081478,46220.0,Valencia,3935.2,3,1311.7333333333333,0.0910931174089069,0.08718005372107467,382,False,0.0,0.11068249727285662,0.0
1000100037,3570.0,Alicante,3933.8499999999995,3,1311.283333333333,0.072992700729927,0.07045166095061138,140,True,0.0,-1.0,0.0
5154,23600.0,Jaén,3932.84,6,655.4733333333334,0.2538787023977433,0.22624170898177706,1068,False,0.0,-1.0,0.0
26905,8830.0,Barcelona,3931.78,22,178.71727272727273,1.8131868131868132,1.0343179379627125,26,True,0.0,-1.0,0.0
21547,28660.0,Madrid,3931.7000000000003,6,655.2833333333334,0.11523687580025607,0.10906682701281682,238,False,0.0,-1.0,0.0
11761,13270.0,Ciudad Real,3929.06,11,357.1872727272727,0.21596858638743457,0.19554094964731805,41,True,0.0,-1.0,0.0
30791,8330.0,Barcelona,3924.31,7,560.6157142857143,0.11712214166201897,0.11075586206068538,20,True,0.0,-1.0,0.0
26,41018.0,Sevilla,3916.69,6,652.7816666666666,0.10619469026548672,0.10092591858996056,27,True,0.0,-1.0,0.0
1000101599,11693.0,Cádiz,3916.65,1,3916.65,1.0,0.6931471805599453,392,False,0.0,-1.0,0.0
2959,28921.0,Madrid,3913.5299999999997,5,782.7059999999999,0.10541110330288124,0.10021730496842546,199,False,0.0,-1.0,0.0
1000060357,28016.0,Madrid,3913.3,13,301.0230769230769,0.3529411764705882,0.30228087187293357,609,False,0.0,-1.0,0.0
1000068912,48015.0,Vizcaya,3913.2599999999998,5,782.6519999999999,0.10252904989747096,0.09760667710508455,117,True,0.0,0.1767834110526838,0.0
9546,28943.0,Madrid,3909.07,5,781.8140000000001,0.10309278350515463,0.09811785595852335,125,True,0.0,-1.0,0.0
36863,11500.0,Cádiz,3908.51,3,1302.8366666666668,0.0627177700348432,0.060829560847790516,203,False,0.0,-1.0,0.0
1000037428,3803.0,Alicante,3905.19,5,781.038,0.11737089201877934,0.11097850796204958,231,False,0.0,-0.18753084129120892,0.0
1000065749,44002.0,Teruel,3900.9300000000003,7,557.2757142857143,0.8860759493670886,0.6344984534784376,1553,False,0.0,-1.0,0.8702852691526739
1000042748,3300.0,Alicante,3900.1600000000003,5,780.032,0.14836795252225518,0.13834176267742007,621,False,0.0,-1.0,0.0
20172,28020.0,Madrid,3897.1400000000003,5,779.4280000000001,0.19206145966709345,0.1756841274373811,900,False,0.0,-1.0,0.0
42513,15830.0,A Coruña,3896.21,3,1298.7366666666667,0.09036144578313252,0.0865092429092825,26,True,0.0,-1.0,0.0
4063,26005.0,La Rioja,3894.81,6,649.135,0.16289592760180993,0.15091338337746696,426,False,0.0,0.07777750035891044,0.0
1000078284,17230.0,Girona,3892.63,3,1297.5433333333333,0.07419620774938171,0.071572668180795,409,False,0.0,-1.0,0.0
36208,28805.0,Madrid,3892.61,7,556.0871428571429,0.14978601997146931,0.13957585547203818,12,True,0.0,-1.0,0.0
40196,8214.0,Barcelona,3892.5,3,1297.5,0.07223113964686999,0.06974165474919258,482,False,0.0,-1.0,0.0
1000101556,3369.0,Alicante,3892.29,6,648.715,0.48913043478260865,0.39819234877908455,28,True,0.0,-0.7688211639984087,0.0
7342,1008.0,Álava,3885.47,4,971.3675,0.20725388601036268,0.188348264660815,108,True,0.0,0.6913651224648123,0.0
1000082781,8042.0,Barcelona,3885.25,3,1295.0833333333333,0.10192525481313704,0.09705888158204505,196,False,0.0,-1.0,0.0
1000081040,46470.0,Valencia,3884.16,4,971.04,0.16129032258064516,0.14953173397096375,20,True,0.0,-1.0,0.0
42740,18800.0,Granada,3884.0600000000004,8,485.50750000000005,0.43875685557586835,0.363779445995422,118,True,0.0,-0.16108338450981585,0.0
20330,3181.0,Alicante,3883.41,9,431.49,0.17578125,0.16193282026931324,130,True,0.0,-1.0,0.0
33786,30530.0,Murcia,3882.2200000000003,10,388.22200000000004,0.17371163867979153,0.16017106830532143,87,True,0.3333333333333333,-1.0,1.4927719422802632
1000082355,6001.0,Badajoz,3882.0499999999997,6,647.0083333333333,0.1465798045602606,0.13678342801089993,243,False,0.0,-0.7775580488067371,0.0
1000101657,8350.0,Barcelona,3877.27,3,1292.4233333333334,0.3461538461538462,0.29725152346793166,77,True,0.0,-1.0,0.0
1000037345,50600.0,Zaragoza,3876.0299999999997,5,775.2059999999999,1.2820512820512822,0.8250747236024935,1704,False,0.0,-1.0,0.0
12509,18006.0,Granada,3874.21,6,645.7016666666667,0.10746268656716418,0.1020715307823687,101,True,0.0,-1.0,0.0
1000077795,48930.0,Vizcaya,3872.34,2,1936.17,0.16666666666666666,0.1541506798272583,843,False,0.0,-1.0,0.0
3937,27004.0,Lugo,3867.79,3,1289.2633333333333,0.08579599618684461,0.08231335505088495,691,False,0.0,-1.0,0.0
1000101199,1400.0,Álava,3866.41,3,1288.8033333333333,0.44999999999999996,0.371563556432483,319,False,0.0,-1.0,0.5396566619128242
1000038189,28025.0,Madrid,3865.3700000000003,5,773.0740000000001,0.08998200359928014,0.08616118564537718,115,True,0.0,-1.0,0.0
1000077036,28937.0,Madrid,3863.06,8,482.8825,0.14805675508945096,0.13807073490657465,168,True,0.0,-1.0,0.0
1000082732,29009.0,Málaga,3860.29,3,1286.7633333333333,0.09174311926605504,0.08777561088238568,159,True,0.0,-1.0,0.0
27090,36400.0,Pontevedra,3858.96,8,482.37,0.14625228519195613,0.1364977382109395,87,True,0.0,-1.0,0.0
27108,46008.0,Valencia,3858.91,3,1286.3033333333333,0.07887817703768625,0.07592177632237788,60,True,0.0,-1.0,0.0
1000078657,8224.0,Barcelona,3855.9,7,550.8428571428572,0.1240401653868872,0.11692948516301419,103,True,0.0,-1.0,0.0
25129,28043.0,Madrid,3854.75,7,550.6785714285714,0.13324873096446702,0.12508849101861994,178,True,0.0,-1.0,0.0
1000057270,31300.0,Navarra,3854.1899999999996,2,1927.0949999999998,0.158311345646438,0.146963207992745,692,False,0.0,-1.0,0.0
34311,15005.0,A Coruña,3854.1,10,385.40999999999997,0.1962066710268149,0.1791554424618034,206,False,0.0,-1.0,0.0
21678,37008.0,Salamanca,3852.73,9,428.0811111111111,0.15807962529274006,0.14676313783414227,76,True,0.0,0.1446169548047911,0.0
66,41005.0,Sevilla,3851.8399999999997,9,427.98222222222216,0.1618705035971223,0.15003120953201945,59,True,0.0,-1.0,0.0
1000058376,12520.0,Castellón,3849.3,1,3849.3,1.0,0.6931471805599453,656,False,0.0,0.0,0.0
10744,50005.0,Zaragoza,3848.38,1,3848.38,1.0,0.6931471805599453,1378,False,0.0,0.0,0.0
1000080231,8914.0,Barcelona,3846.1899999999996,3,1282.0633333333333,0.0683371298405467,0.06610335537110802,55,True,0.0,-1.0,0.0
1000081284,15679.0,A Coruña,3842.8399999999997,4,960.7099999999999,0.25052192066805845,0.2235610007045341,178,True,0.0,0.2114391966187263,0.0
2384,38500.0,Sta.Cruz Tenerife,3842.5,4,960.625,0.2631578947368421,0.23361485118150516,857,False,0.0,-1.0,0.0
1000100236,3779.0,Alicante,3833.8100000000004,3,1277.9366666666667,0.12658227848101267,0.11918851726511835,262,False,0.0,-1.0,0.0
26488,33208.0,Asturias,3833.54,4,958.385,0.097323600973236,0.09287412500644374,84,True,0.0,-1.0,0.0
1000064588,8391.0,Barcelona,3832.37,4,958.0925,0.09280742459396751,0.08875000391266996,448,False,0.0,-1.0,0.0
11866,12600.0,Castellón,3831.64,5,766.328,0.08761682242990654,0.08398890113532496,28,True,0.0,-1.0,0.0
4473,28041.0,Madrid,3830.93,12,319.2441666666667,0.2762854950115119,0.24395390206808257,417,False,0.0,0.0783021680061451,0.0
30313,29013.0,Málaga,3829.01,3,1276.3366666666668,0.081374321880651,0.07823275242829694,343,False,0.0,-1.0,0.0
1000063281,23009.0,Jaén,3825.63,4,956.4075,0.07648183556405354,0.07369816407476748,202,False,0.0,-1.0,0.0
11416,50006.0,Zaragoza,3822.2,3,1274.0666666666666,0.2710843373493976,0.23987034511952324,648,False,0.0,-1.0,0.0
37553,48015.0,Vizcaya,3821.9399999999996,5,764.3879999999999,0.10252904989747096,0.09760667710508455,117,True,0.0,-0.015028841419473957,0.0
1000081754,41740.0,Sevilla,3820.8599999999997,4,955.2149999999999,0.2158273381294964,0.1954247817923817,1258,False,0.0,-1.0,0.0
1000070607,7012.0,Baleares,3816.9900000000002,5,763.398,0.45454545454545453,0.3746934494414107,26,True,0.0,-1.0,0.0
22815,32003.0,Orense,3815.54,3,1271.8466666666666,0.06433166547533953,0.06234705801852781,28,True,0.0,0.15599927211368253,0.0
25957,28028.0,Madrid,3813.1800000000003,7,544.74,0.14462809917355374,0.13507978003065213,248,False,0.0,-0.27052234964689403,0.0
1000076224,15004.0,A Coruña,3810.86,13,293.14307692307693,0.26,0.23111172096338664,251,False,0.0,0.8490695174209959,0.0
25923,8760.0,Barcelona,3810.26,6,635.0433333333334,0.103866128101558,0.09881867972464681,28,True,0.0,-1.0,0.0
801,46002.0,Valencia,3809.11,5,761.822,0.11278195488721804,0.10686314554236129,35,True,0.0,-0.479445064204505,0.0
9222,35400.0,Las Palmas,3808.42,9,423.15777777777777,0.18181818181818182,0.1670540846631662,115,True,0.0,0.4308673311459171,0.0
33246,8025.0,Barcelona,3807.47,3,1269.1566666666665,0.08294930875576037,0.07968816060369942,389,False,0.0,-1.0,0.0
31649,33203.0,Asturias,3802.0200000000004,4,950.5050000000001,0.3305785123966942,0.2856138193877219,1413,False,0.0,-1.0,0.0
1000101087,8005.0,Barcelona,3801.1,2,1900.55,0.5607476635514018,0.4451649779548489,481,False,0.0,-1.0,0.0
22729,8204.0,Barcelona,3799.08,6,633.18,0.121049092131809,0.11426493629063893,206,False,0.0,-0.12156453764192891,0.0
1000082774,17170.0,Girona,3798.65,5,759.73,0.18773466833541927,0.1720478528436532,287,False,0.0,-1.0,0.0
30677,28223.0,Madrid,3796.82,6,632.8033333333334,0.10123734533183353,0.09643440701660581,28,True,0.0,2.2858959659990767,1.2634329061837575
1000074923,37001.0,Salamanca,3788.98,2,1894.49,1.0714285714285714,0.7282385003712154,769,False,0.0,-1.0,0.0
1000100633,9005.0,Burgos,3787.51,2,1893.755,0.9375,0.661398482245365,634,False,0.0,-1.0,0.0
1000076619,33005.0,Asturias,3785.41,9,420.6011111111111,0.30612244897959184,0.26706278524904525,818,False,0.0,-1.0,0.0
6347,46970.0,Valencia,3785.08,7,540.7257142857143,0.3215926493108729,0.27883756180699687,927,False,0.0,-1.0,0.0
1000078731,28007.0,Madrid,3783.29,1,3783.29,1.0,0.6931471805599453,1375,False,0.0,0.0,0.0
1000101198,3001.0,Alicante,3779.2599999999998,7,539.8942857142857,0.44776119402985076,0.37001835911241676,54,True,0.0,-1.0,0.0
3153,29680.0,Málaga,3775.12,6,629.1866666666666,0.12613875262789068,0.11879474826067617,278,False,0.0,-0.11615815264148813,0.0
1897,35500.0,Las Palmas,3770.33,6,628.3883333333333,0.1070154577883472,0.10166761730411901,33,True,0.0,-1.0,0.0
1000100654,17100.0,Girona,3767.75,3,1255.9166666666667,0.17964071856287425,0.1652099163212334,186,False,0.0,-1.0,0.0
1000100391,30310.0,Murcia,3766.47,9,418.49666666666667,0.3413400758533502,0.29366917084632926,48,True,0.0,-0.10674820551567808,0.0
1000057832,28816.0,Madrid,3765.04,8,470.63,0.1923076923076923,0.1758906664636642,31,True,0.0,-0.1736827101249585,0.0
1000100292,46008.0,Valencia,3763.7699999999995,7,537.6814285714285,0.24447031431897556,0.21870998904078987,76,True,0.0,-1.0,0.0
1000076769,47003.0,Valladolid,3763.26,6,627.21,0.12526096033402923,0.11801497349808192,276,False,0.0,-1.0,0.0
1000101575,15670.0,A Coruña,3761.25,4,940.3125,0.7228915662650602,0.5440040224633094,238,False,0.0,-1.0,0.0
34618,48160.0,Vizcaya,3758.51,6,626.4183333333334,0.12286689419795221,0.11588514174830458,179,True,0.0,-1.0,0.0
42627,49800.0,Castellón,3755.25,3,1251.75,0.13157894736842105,0.12361395596717664,118,True,0.0,-1.0,0.0
36349,11370.0,Cádiz,3749.0,3,1249.6666666666667,0.3515625,0.3012613305781618,1502,False,0.0,-1.0,0.0
1000082390,46530.0,Valencia,3740.27,5,748.054,0.15075376884422112,0.14041717882974727,440,False,0.0,-1.0,0.0
1000100542,47004.0,Valladolid,3739.8,6,623.3000000000001,0.24064171122994651,0.21562875481172333,13,True,0.0,-1.0,0.0
24130,28009.0,Madrid,3738.4900000000002,4,934.6225000000001,0.10938924339106654,0.10380963271229691,468,False,0.0,0.22053090285094984,0.0
42310,29003.0,Málaga,3732.06,18,207.33666666666667,0.5934065934065934,0.46587423590372434,419,False,0.0,0.0362971659896009,0.0
1000075368,15705.0,A Coruña,3730.48,6,621.7466666666667,0.13533834586466165,0.12693070859317054,371,False,0.0,-1.0,0.0
1000063805,4628.0,Almería,3728.5599999999995,4,932.1399999999999,0.079734219269103,0.07671491758086177,110,True,0.0,2.2858959659990767,0.0
30545,11130.0,Cádiz,3728.3499999999995,3,1242.783333333333,0.10089686098654709,0.0961251757744565,690,False,0.0,-1.0,0.0
1000101734,33500.0,Asturias,3722.4300000000003,4,930.6075000000001,0.3973509933774835,0.3345782966611422,25,True,0.0,-1.0,0.0
7325,16004.0,Cuenca,3722.25,6,620.375,0.14106583072100315,0.1319627648518961,278,False,0.0,-1.0,0.0
1299,31300.0,Navarra,3720.72,2,1860.36,0.09983361064891846,0.0951589053164787,699,False,0.0,-1.0,0.0
1000075961,3630.0,Alicante,3719.5,4,929.875,0.0881057268722467,0.08443831914657453,392,False,0.0,-1.0,0.0
14682,4007.0,Almería,3719.25,8,464.90625,0.13445378151260504,0.12615128532690006,26,True,0.0,-1.0,0.0
1000081936,29601.0,Málaga,3718.8,3,1239.6000000000001,0.47120418848167545,0.3860812412871159,1613,False,0.0,-1.0,0.0
1000073109,29740.0,Málaga,3716.62,7,530.9457142857143,0.1881720430107527,0.17241602780455156,200,False,0.0,-1.0,0.0
1000080709,23100.0,Jaén,3716.22,13,285.8630769230769,0.5138339920948617,0.41464550045312576,969,False,0.3333333333333333,1.3363005969890147,0.433399869444918
4832,20008.0,Gipúzkoa,3708.8599999999997,9,412.0955555555555,0.17121116043119847,0.15803839323620156,152,True,0.0,-1.0,0.0
1000068858,28521.0,Madrid,3708.15,5,741.63,0.10053619302949061,0.09579750924866737,293,False,0.0,-1.0,0.0
11736,13100.0,Ciudad Real,3707.34,4,926.835,0.10771992818671454,0.10230378397810379,537,False,0.0,-1.0,0.0
30774,18014.0,Granada,3706.49,6,617.7483333333333,0.12738853503184713,0.11990392722552108,392,False,0.0,-1.0,0.31929953254422666
37830,8015.0,Barcelona,3705.24,3,1235.08,0.11249999999999999,0.10660973505825821,929,False,0.0,-1.0,0.0
1433,30009.0,Murcia,3705.08,7,529.2971428571428,0.13019218846869188,0.12238769655345418,75,True,0.5,-1.0,0.0
1000078382,43550.0,Tarragona,3704.13,6,617.355,0.15943312666076173,0.1479312017602379,531,False,0.0,-1.0,0.0
1000101068,8110.0,Barcelona,3703.47,3,1234.49,0.1836734693877551,0.16862271243579274,110,True,0.0,-1.0,0.0
42902,41720.0,Sevilla,3698.36,4,924.59,0.3037974683544304,0.2652811357626143,45,True,0.0,-1.0,0.0
1000082136,47400.0,Valladolid,3695.74,7,527.9628571428572,0.14266304347826086,0.13336154124407182,200,False,0.0,-1.0,0.0
778,46810.0,Valencia,3692.64,5,738.528,0.09683666881859264,0.09243028125506339,269,False,0.0,-1.0,0.0
1000082050,15005.0,A Coruña,3692.24,5,738.448,0.09287925696594426,0.08881573371064022,108,True,0.0,-1.0,0.0
1000076356,28017.0,Madrid,3692.04,6,615.34,0.21951219512195122,0.19845093872383826,738,False,0.0,-1.0,0.3627129400034475
21682,15003.0,A Coruña,3688.7799999999997,3,1229.5933333333332,0.17892644135188868,0.16460422889798626,1253,False,0.0,-1.0,0.0
21248,19003.0,Guadalajara,3687.17,5,737.434,0.15182186234817815,0.14134491693840842,276,False,0.0,0.11315116174257923,0.0
1000073231,45005.0,Toledo,3685.67,7,526.5242857142857,0.13166144200626959,0.12368685554803634,181,False,0.0,-0.688506951084118,0.0
11005,15110.0,A Coruña,3685.64,6,614.2733333333333,0.1461038961038961,0.13636827395972229,28,True,0.0,-1.0,0.0
1000046792,38004.0,Sta.Cruz Tenerife,3683.9700000000003,10,368.39700000000005,0.19071837253655435,0.1745567993858107,77,True,0.0,-0.2405358388597971,0.0
28295,36002.0,Pontevedra,3681.84,8,460.23,0.23369036027263876,0.21000997039258082,794,False,0.0,-1.0,0.12673357734270696
1000042570,19005.0,Guadalajara,3681.75,6,613.625,0.13167520117044623,0.12369901384911657,332,False,0.0,-1.0,0.0
38575,11140.0,Cádiz,3679.25,12,306.6041666666667,0.37383177570093457,0.31760375231683013,49,True,0.0,0.29131930841161247,0.0
1000063488,41400.0,Sevilla,3677.44,5,735.488,0.11045655375552282,0.10477124044925994,54,True,0.0,-1.0,0.0
1000101183,30310.0,Murcia,3675.5699999999997,3,1225.1899999999998,0.21428571428571427,0.19415601444095745,116,True,0.0,-1.0,0.0
23943,26002.0,La Rioja,3674.59,6,612.4316666666667,0.12354152367879204,0.11648577117593006,145,True,0.0,-1.0,0.0
1000081616,28350.0,Madrid,3674.2200000000003,3,1224.74,0.0694980694980695,0.06718944448780075,412,False,0.0,-1.0,0.0
1000101633,46760.0,Valencia,3670.2599999999998,4,917.5649999999999,0.37151702786377705,0.3159174468224791,26,True,0.0,-1.0,0.0
1000082783,28694.0,Madrid,3668.33,5,733.6659999999999,0.1770956316410862,0.16305007530978394,230,False,0.0,-1.0,0.0
1000078331,8006.0,Barcelona,3666.24,6,611.04,0.11472275334608031,0.10860572228556949,181,False,0.0,-1.0,0.0
2000283,0.0,Andorra,3662.24,2,1831.12,0.21352313167259784,0.193527807949771,1159,False,0.0,-1.0,0.0
9279,47001.0,Valladolid,3661.33,6,610.2216666666667,0.16822429906542058,0.15548490284039496,82,True,0.0,-1.0,0.0
1000080941,17310.0,Girona,3660.6699999999996,5,732.1339999999999,0.12295081967213116,0.11595988109486836,438,False,0.0,-1.0,0.0
1000076653,8034.0,Barcelona,3658.8499999999995,4,914.7124999999999,0.10743061772605192,0.10204257332328719,375,False,0.0,-1.0,0.0
8963,38360.0,Sta.Cruz Tenerife,3652.34,6,608.7233333333334,0.1655933762649494,0.15323029319992962,699,False,0.0,-1.0,0.0
1000100852,20305.0,Gipúzkoa,3649.8199999999997,2,1824.9099999999999,2.0,1.0986122886681098,382,False,0.0,-1.0,0.14293173331511883
1000078562,38670.0,Sta.Cruz Tenerife,3649.0,6,608.1666666666666,0.15397775876817793,0.14321489473568746,341,False,0.0,-1.0,0.0
1000081456,15706.0,A Coruña,3648.58,4,912.145,0.33519553072625696,0.28907774609075565,1406,False,0.0,-1.0,0.0
42015,29580.0,Málaga,3644.7599999999998,12,303.72999999999996,0.7531380753138075,0.5614073679906271,1249,False,0.0,-0.08944422658728746,0.9293451470186654
1000077675,6005.0,Badajoz,3644.44,4,911.11,0.17391304347826086,0.16034265007517937,213,False,0.0,-1.0,0.0
1000100352,8304.0,Barcelona,3640.74,3,1213.58,0.10332950631458093,0.09833243211778969,33,True,0.0,-1.0,0.0
1000082108,41620.0,Sevilla,3637.4700000000003,2,1818.7350000000001,0.24291497975708504,0.21745941095921997,1426,False,0.0,-1.0,0.0
1000101735,37700.0,Salamanca,3636.0199999999995,3,1212.0066666666664,0.5027932960893855,0.40732557376108414,147,True,0.0,-1.0,0.0
24883,31500.0,Navarra,3629.54,3,1209.8466666666666,0.16014234875444838,0.14854271203296188,1145,False,0.0,-1.0,0.0
1000082661,28002.0,Madrid,3627.9299999999994,2,1813.9649999999997,0.1056338028169014,0.10041874774704733,626,False,0.0,-1.0,0.0
41811,7620.0,Baleares,3623.4700000000003,5,724.6940000000001,0.1597444089456869,0.14819964372469754,143,True,0.0,-1.0,0.0
14608,4004.0,Almería,3622.5600000000004,7,517.5085714285715,0.347682119205298,0.29838616806772533,1110,False,0.0,-1.0,0.0
1000082747,46004.0,Valencia,3620.52,4,905.13,0.10771992818671454,0.10230378397810379,14,True,0.0,-1.0,0.0
1000082659,11202.0,Cádiz,3620.33,8,452.54125,0.22835394862036157,0.20567501996969137,143,True,0.0,-1.0,0.0
42303,28529.0,Madrid,3619.58,8,452.4475,0.18532818532818535,0.17001968588765942,27,True,0.0,0.4058429709842014,0.0
31203,26360.0,La Rioja,3619.51,3,1206.5033333333333,0.18108651911468812,0.16643479373146772,117,True,0.0,-1.0,0.0
1000101045,10910.0,Cáceres,3616.8500000000004,5,723.3700000000001,0.31315240083507306,0.2724306592895253,66,True,0.0,-1.0,0.0
1000082283,8301.0,Barcelona,3616.3999999999996,2,1808.1999999999998,0.08571428571428572,0.08223809823697209,839,False,0.0,0.21110812198879894,0.0
9054,13002.0,Ciudad Real,3614.48,6,602.4133333333333,0.1266713581984518,0.11926758489961405,238,False,0.0,-0.27747397598710466,0.0
1000074067,18002.0,Granada,3611.78,3,1203.9266666666667,0.07985803016858917,0.07682957894775086,452,False,0.0,-1.0,0.0
1000080499,8191.0,Barcelona,3610.87,4,902.7175,0.07215874924834637,0.06967413867021273,28,True,0.0,0.20275848690591652,0.0
1000100953,20001.0,Gipúzkoa,3607.79,9,400.86555555555555,0.4591836734693877,0.3778771515893353,76,True,0.0,-0.17864707338616748,0.0
1000082526,3650.0,Alicante,3604.95,4,901.2375,0.13259668508287292,0.12451294787258242,32,True,0.0,-1.0,0.0
11695,14014.0,Córdoba,3604.02,3,1201.34,0.29508196721311475,0.25857398829371026,1418,False,0.0,-1.0,0.0
31367,8600.0,Barcelona,3603.69,4,900.9225,0.08391608391608392,0.08058048665933934,207,False,0.0,-1.0,0.0
1000078469,49013.0,Zamora,3601.27,3,1200.4233333333334,0.07537688442211056,0.07267119029735909,570,False,0.0,0.8287351555938293,0.0
1000041136,28220.0,Madrid,3597.3,5,719.46,0.1070663811563169,0.10171361683953181,264,False,0.0,-1.0,0.0
41699,33011.0,Asturias,3596.87,4,899.2175,0.4938271604938272,0.4013413909243023,1571,False,0.0,-1.0,0.0
1000078411,21002.0,Huelva,3593.7400000000002,30,119.79133333333334,0.5181347150259068,0.4174824201121818,54,True,0.0,0.32118470244243047,0.0
9120,15404.0,A Coruña,3590.78,7,512.9685714285714,0.13141426783479349,0.12346841462590183,74,True,0.0,-1.0,0.0
25250,33870.0,Asturias,3590.31,2,1795.155,0.16666666666666666,0.1541506798272583,1130,False,0.0,2.2858959659990767,0.0
42580,28523.0,Madrid,3589.46,4,897.365,0.1444043321299639,0.1348842676899421,77,True,0.0,-1.0,0.7458280413773195
42725,18260.0,Granada,3589.0499999999997,6,598.175,0.29900332225913623,0.26159729523649006,119,True,0.0,-0.03233369248573353,0.0
10936,48990.0,Vizcaya,3587.6200000000003,4,896.9050000000001,0.17518248175182483,0.16142343915633808,1090,False,0.0,-1.0,0.0
1000100963,46007.0,Valencia,3586.2799999999997,7,512.3257142857143,0.3511705685618729,0.3009713045704636,59,True,0.0,0.05773072116661918,0.0
1000101548,28925.0,Madrid,3586.13,2,1793.065,0.39473684210526316,0.3327057538257361,276,False,0.0,-1.0,0.0
19364,27002.0,Lugo,3583.0,9,398.1111111111111,0.1670792079207921,0.15450422411236212,28,True,0.0,-0.09592445328031801,0.0
27776,4600.0,Almería,3582.5099999999998,4,895.6274999999999,0.27906976744186046,0.24613306953890848,1278,False,0.0,-1.0,0.0
34194,4009.0,Almería,3581.88,5,716.376,0.11709601873536299,0.11073247765971665,433,False,0.0,-1.0,0.0
42849,35149.0,Las Palmas,3581.8199999999997,4,895.4549999999999,0.4743083003952569,0.3881889309162953,214,False,0.0,-1.0,0.0
18873,39300.0,Cantabria,3580.14,3,1193.3799999999999,0.05803157172271791,0.056410173938623916,91,True,0.0,-1.0,0.0
1000075173,28982.0,Madrid,3579.0,8,447.375,0.18264840182648404,0.16775633188303696,412,False,0.0,-1.0,0.0
1000100522,28049.0,Madrid,3578.44,4,894.61,0.15604681404421328,0.1450062660082606,6,True,0.0,-1.0,0.0
18070,28055.0,Madrid,3576.09,6,596.015,0.11327879169288861,0.10730952762306929,83,True,0.0,-1.0,0.0
6585,7003.0,Baleares,3572.7200000000003,7,510.3885714285715,0.11925042589437819,0.11265919865651405,59,True,0.0,-1.0,0.0
1000082583,31192.0,Navarra,3572.1,5,714.42,0.20408163265306123,0.18571714579509285,405,False,0.0,-1.0,0.0
1000078980,33510.0,Asturias,3570.16,5,714.0319999999999,0.09765625,0.0931772248541833,108,True,0.0,-1.0,0.0
1000077287,41720.0,Sevilla,3569.55,10,356.95500000000004,0.1985440105890139,0.1811074956106738,208,False,0.0,-1.0,0.0
21871,28019.0,Madrid,3568.41,8,446.05125,0.14732965009208104,0.1374371988535177,80,True,0.0,-0.08291759903139716,0.0
1000074566,43881.0,Tarragona,3567.7299999999996,3,1189.243333333333,0.06782215523737754,0.06562120535847293,445,False,0.0,-1.0,0.0
42297,8006.0,Barcelona,3566.79,3,1188.93,0.2848101265822785,0.25061094601482053,1014,False,0.0,-1.0,0.0
1000100055,44003.0,Teruel,3565.99,8,445.74875,0.21680216802168023,0.19622624370172712,34,True,0.0,-1.0,0.0
1000082749,45005.0,Toledo,3564.69,6,594.115,0.16885553470919326,0.15602509462160863,61,True,0.0,-1.0,0.0
1000063808,30205.0,Murcia,3564.05,6,594.0083333333333,0.16901408450704225,0.1561607307552825,312,False,0.5,0.1994906887182681,1.4927719422802632
2771,28030.0,Madrid,3563.2400000000002,5,712.648,0.1728110599078341,0.15940348245011787,200,False,0.0,-1.0,0.0
1000077452,30150.0,Murcia,3563.01,7,509.0014285714286,0.11817670230725942,0.1116994143971655,13,True,0.0,-1.0,0.0
9593,24750.0,León,3561.82,3,1187.2733333333333,0.6766917293233082,0.516822643238365,991,False,0.0,-1.0,0.0
1000082115,46340.0,Valencia,3560.04,8,445.005,0.33012379642365886,0.28527201791977497,965,False,0.0,-1.0,0.0
1000101240,2640.0,Albacete,3558.91,4,889.7275,0.4979253112033195,0.4040810248422259,227,False,0.0,-1.0,0.0
1000101642,11130.0,Cádiz,3554.3,6,592.3833333333333,0.6,0.4700036292457355,48,True,0.0,-1.0,0.0
1000071876,39570.0,Cantabria,3549.7599999999998,2,1774.8799999999999,0.23715415019762845,0.21281370181263298,1523,False,0.0,-1.0,0.0
10783,50630.0,Zaragoza,3547.0499999999997,6,591.175,0.12286689419795221,0.11588514174830458,342,False,0.0,-0.0939985081187645,0.0
9976,36940.0,Pontevedra,3545.0,5,709.0,0.16429353778751368,0.15211449774697947,676,False,0.0,-1.0,0.0
42747,41710.0,Sevilla,3544.1600000000003,6,590.6933333333334,0.39647577092511016,0.333951756395878,208,False,0.0,-0.017669359494157974,1.896582381956459e-16
42394,1008.0,Álava,3543.37,1,3543.37,1.0,0.6931471805599453,1208,False,0.0,-1.0,0.0
1000078379,50021.0,Zaragoza,3542.6400000000003,3,1180.88,0.7086614173228346,0.5357102670818683,1378,False,0.0,-0.3254818472131,0.0
1000101394,43500.0,Tarragona,3542.25,3,1180.75,0.2654867256637168,0.23545681154756667,74,True,0.0,-1.0,0.0
1000101830,18005.0,Granada,3541.11,4,885.2775,0.7058823529411764,0.5340824859302579,67,True,0.0,-1.0,0.4140752500709738
1000082132,8016.0,Barcelona,3539.25,3,1179.75,0.08670520231213873,0.08315036833217025,643,False,0.0,-1.0,0.0
1000101918,28020.0,Madrid,3539.11,5,707.822,0.8379888268156425,0.6086719449246168,73,True,0.0,-1.0,0.2861672327567913
35432,18140.0,Granada,3529.0,6,588.1666666666666,0.17821782178217824,0.16400297627026994,340,False,0.0,-1.0,0.630449363116288
41717,48011.0,Vizcaya,3527.5299999999997,2,1763.7649999999999,0.297029702970297,0.2600768063598921,1378,False,0.0,0.17590273751218255,0.0
22746,3001.0,Alicante,3526.2200000000003,2,1763.1100000000001,0.096,0.0916671885258238,290,False,0.0,-1.0,0.0
15255,19300.0,Guadalajara,3525.9900000000002,6,587.6650000000001,0.13595166163141995,0.1274707680128316,333,False,0.0,-1.0,0.0
23807,18003.0,Granada,3525.9700000000003,5,705.1940000000001,0.09392611145898559,0.08977316191904412,47,True,0.0,0.43127476615359744,0.0
31480,36350.0,Pontevedra,3525.56,2,1762.78,0.05803157172271791,0.056410173938623916,166,True,0.0,1.7995042569242372,0.0
4903,20500.0,Gipúzkoa,3525.54,8,440.6925,0.23233301064859635,0.208909129437768,739,False,0.0,-1.0,0.0
9678,28802.0,Madrid,3523.3500000000004,6,587.225,0.14342629482071712,0.1340292766278372,440,False,0.0,-1.0,0.0
1000080544,36202.0,Pontevedra,3522.2299999999996,3,1174.0766666666666,0.24725274725274726,0.22094333040460734,956,False,0.0,-1.0,0.0
1000037659,8225.0,Barcelona,3520.36,8,440.045,0.16724738675958187,0.15464831606544532,223,False,0.0,-0.07281711118474173,0.0
21189,8013.0,Barcelona,3515.77,4,878.9425,0.08236101578586136,0.07914478076783354,347,False,0.0,-1.0,0.0
1000101120,28028.0,Madrid,3514.54,3,1171.5133333333333,1.6363636363636365,0.9694005571881035,517,False,0.0,-1.0,0.0
18181,37004.0,Salamanca,3514.32,4,878.58,0.08633093525179855,0.08280590368423256,91,True,0.0,-1.0,0.0
2587,28002.0,Madrid,3513.7799999999997,7,501.9685714285714,0.1977401129943503,0.18043654209818333,759,False,0.0,-1.0,0.0
1000101629,41020.0,Sevilla,3513.7400000000002,5,702.748,0.47318611987381703,0.3874274837916167,39,True,0.0,-1.0,0.0
1000082672,31770.0,Navarra,3511.66,4,877.915,0.13856812933025403,0.12977144604020024,315,False,0.0,-1.0,0.0
30761,33202.0,Asturias,3511.02,2,1755.51,0.19047619047619047,0.17435338714477774,1187,False,0.0,-1.0,0.0
1000066177,28011.0,Madrid,3508.16,8,438.52,0.1525746980292435,0.14199830769657326,209,False,0.0,-1.0,0.0
1000078711,38789.0,Sta.Cruz Tenerife,3506.9700000000003,6,584.495,0.1266713581984518,0.11926758489961405,81,True,0.0,-1.0,0.0
1000066646,28025.0,Madrid,3506.4300000000003,8,438.30375000000004,0.136986301369863,0.12838116664820678,40,True,0.0,-1.0,0.0
1000079100,43002.0,Tarragona,3504.44,6,584.0733333333334,0.1945945945945946,0.177806876439428,650,False,0.0,-1.0,0.0
22866,28320.0,Madrid,3501.96,4,875.49,0.27906976744186046,0.24613306953890848,992,False,0.0,-1.0,0.0
42647,7013.0,Baleares,3499.1,3,1166.3666666666666,0.162748643761302,0.1507867227152846,222,False,0.0,-1.0,0.0
42535,28003.0,Madrid,3497.36,6,582.8933333333333,0.19543973941368079,0.17851410046737312,59,True,0.0,-0.7062794590880057,0.0
29172,31008.0,Navarra,3496.38,8,437.0475,0.17843866171003717,0.1641903942754415,243,False,0.0,-1.0,0.0
1000078744,8420.0,Barcelona,3492.58,6,582.0966666666667,0.1402961808261886,0.13128803640448788,290,False,0.0,-1.0,0.0
1000081388,46980.0,Valencia,3492.1499999999996,5,698.43,0.09191176470588236,0.0879300725067023,182,False,0.0,0.8210989102577462,0.0
15294,48008.0,Vizcaya,3491.99,3,1163.9966666666667,0.28938906752411575,0.25416851512733507,1418,False,0.0,-1.0,0.0
1000080653,8901.0,Barcelona,3488.51,4,872.1275,0.9375,0.661398482245365,1678,False,0.0,-1.0,0.3702739041184975
42760,20400.0,Gipúzkoa,3486.49,5,697.298,0.2757352941176471,0.2435227136508619,83,True,0.0,-1.0,0.0
1000065578,28002.0,Madrid,3485.15,7,497.87857142857143,0.544041450777202,0.4344032976005189,1173,False,0.0,-1.0,0.0
12146,14006.0,Córdoba,3482.1,8,435.2625,0.14510278113663846,0.13549439816238695,61,True,0.0,-0.7593305528820447,0.13019598478825864
41683,7014.0,Baleares,3479.69,4,869.9225,0.4316546762589928,0.3588308915938006,1445,False,0.0,-1.0,0.0
1000081855,31200.0,Navarra,3478.26,9,386.47333333333336,0.26418786692759294,0.2344299135788974,746,False,0.0,-1.0,0.0
43142,35500.0,Las Palmas,3476.91,3,1158.97,0.5960264900662252,0.4675170966757307,10,True,0.0,-1.0,0.0
30674,40001.0,Segovia,3474.8500000000004,2,1737.4250000000002,0.06749156355455568,0.06531156309602329,34,True,0.0,-1.0,0.0
1000100440,28850.0,Madrid,3474.81,3,1158.27,2.0,1.0986122886681098,816,False,0.0,-1.0,0.2749999080628148
37463,46160.0,Valencia,3474.0,3,1158.0,0.08442776735459663,0.08105244450653294,453,False,0.0,-1.0,0.0
1000041657,46018.0,Valencia,3473.8100000000004,3,1157.9366666666667,0.06661732050333087,0.06449225803932324,27,True,0.0,-0.3753942979324622,0.0
1000101801,41410.0,Sevilla,3473.16,1,3473.16,1.0,0.6931471805599453,28,True,0.0,-1.0,0.0
37520,47008.0,Valladolid,3472.98,6,578.83,0.13129102844638948,0.12335948361422443,404,False,0.0,2.2858959659990767,0.0
1000061991,43850.0,Tarragona,3472.87,3,1157.6233333333332,0.11780104712041886,0.11136340462204938,322,False,0.0,-1.0,0.0
1000056724,8034.0,Barcelona,3472.1800000000003,4,868.0450000000001,0.2797202797202797,0.24664152258151364,214,False,0.0,-1.0,0.0
1000077157,8303.0,Barcelona,3471.3599999999997,3,1157.12,0.3515625,0.3012613305781618,1544,False,0.0,-1.0,0.0
23846,15704.0,A Coruña,3469.83,2,1734.915,1.3043478260869565,0.8347976976229722,794,False,0.0,0.24999513665985795,0.0
1000081532,29770.0,Málaga,3462.79,6,577.1316666666667,0.12354152367879204,0.11648577117593006,187,False,0.0,-1.0,0.0
1000082740,28221.0,Madrid,3457.05,5,691.4100000000001,0.1768867924528302,0.1628726405195609,287,False,0.0,-1.0,0.47315703244675406
1000100017,50008.0,Zaragoza,3454.8,4,863.7,0.13468013468013468,0.1263507915496621,509,False,0.0,-1.0,0.0
13322,8950.0,Barcelona,3454.35,4,863.5875,0.08480565371024736,0.08140084994395953,279,False,0.0,-1.0,0.0
1000080338,28701.0,Madrid,3454.26,6,575.71,0.13138686131386862,0.12344419109112172,311,False,0.0,-1.0,0.0
5251,22400.0,Huesca,3453.87,6,575.645,0.1264933239634575,0.1191095545197006,108,True,0.0,-1.0,0.0
20356,20600.0,Gipúzkoa,3452.46,6,575.41,0.23076923076923078,0.20763936477824452,900,False,0.0,-1.0,0.0
43015,38350.0,Sta.Cruz Tenerife,3449.71,3,1149.9033333333334,0.4072398190045249,0.3416302106614813,81,True,0.0,-1.0,0.0
8910,8560.0,Barcelona,3447.3199999999997,6,574.5533333333333,0.2362204724409449,0.2120587188897168,1000,False,0.0,-1.0,0.0
1000078083,4700.0,Almería,3440.42,9,382.2688888888889,0.47451669595782076,0.38833027234087525,24,True,0.0,-1.0,0.0
1000081952,38356.0,Sta.Cruz Tenerife,3440.24,9,382.24888888888887,0.1674937965260546,0.15485939707875135,165,True,0.0,-1.0,0.0
42843,17003.0,Girona,3440.0,3,1146.6666666666667,0.1615798922800718,0.14978105457361654,31,True,0.0,0.08073955660635042,0.0
1000077743,23740.0,Jaén,3439.4,6,573.2333333333333,0.18987341772151897,0.1738469298029824,94,True,0.0,-0.29926772590606077,0.0
42350,28902.0,Madrid,3438.4500000000003,5,687.69,0.1519756838905775,0.14147845431705444,308,False,0.0,-1.0,0.0
1000077932,19170.0,Guadalajara,3436.93,8,429.61625,0.22813688212927755,0.20549829104489198,552,False,0.0,-1.0,0.0
9350,50004.0,Zaragoza,3435.41,4,858.8525,0.14492753623188406,0.13534134786976212,851,False,0.0,-1.0,0.0
1000082643,8302.0,Barcelona,3434.8900000000003,6,572.4816666666667,0.14975041597337768,0.1395448892324623,6,True,0.0,-1.0,0.0
1000101988,6800.0,Badajoz,3430.6600000000003,3,1143.5533333333335,0.4568527918781726,0.37627848702163263,7,True,0.0,-1.0,0.0
1000077327,37005.0,Salamanca,3429.3199999999997,3,1143.1066666666666,0.09584664536741214,0.0915272566257867,584,False,0.0,-1.0,0.0
1000081925,32003.0,Orense,3428.79,10,342.879,0.1675977653631285,0.15494844612405603,17,True,0.0,-1.0,0.0
40599,20600.0,Gipúzkoa,3426.36,2,1713.18,0.8695652173913044,0.6257058997644128,545,False,0.0,-1.0,0.0
36503,8770.0,Barcelona,3426.2799999999997,3,1142.0933333333332,0.06588579795021962,0.0638061886258959,172,True,0.0,-1.0,0.0
1000101635,8242.0,Barcelona,3423.87,3,1141.29,0.30508474576271183,0.26626797794796436,62,True,0.0,-1.0,0.0
1000058015,28027.0,Madrid,3423.6099999999997,5,684.722,0.1382488479262673,0.12949098308751766,356,False,0.0,-1.0,0.0
1000100524,28032.0,Madrid,3423.31,5,684.662,0.20804438280166435,0.1890028395675537,54,True,0.0,-1.0,0.0
1000079954,8500.0,Barcelona,3423.13,5,684.626,0.10548523206751055,0.10028436262596567,354,False,0.0,0.04048208915115342,0.0
1000081680,35200.0,Las Palmas,3422.45,7,488.9214285714285,0.1271186440677966,0.119664503756089,103,True,0.0,-1.0,0.0
1000079762,33186.0,Asturias,3420.75,7,488.67857142857144,0.15195369030390737,0.1414593620767131,290,False,0.0,-1.0,0.0
7469,48950.0,Vizcaya,3419.8700000000003,5,683.974,0.11636927851047323,0.11008170394818043,185,False,0.0,-1.0,0.0
1000041454,50017.0,Zaragoza,3419.66,10,341.966,0.6578947368421053,0.5055485666651469,1340,False,0.0,-1.0,0.4653591116057197
1000065966,4009.0,Almería,3419.15,6,569.8583333333333,0.12829650748396293,0.1207089797785512,39,True,0.0,-1.0,0.0
18341,46009.0,Valencia,3418.4500000000003,8,427.30625000000003,0.14051522248243561,0.13148010985396524,56,True,0.0,-1.0,0.0
6253,34004.0,Palencia,3418.25,7,488.32142857142856,0.1588502269288956,0.147428329888905,271,False,0.0,-1.0,0.0
27826,18800.0,Granada,3418.23,6,569.705,0.14754098360655737,0.13762137787604775,313,False,0.0,-1.0,0.0
9447,35320.0,Las Palmas,3414.38,7,487.7685714285714,0.19301470588235295,0.17648346984814736,108,True,0.0,-1.0,0.0
7213,36320.0,Pontevedra,3412.91,5,682.582,0.16741071428571427,0.15478823164993774,620,False,0.0,-1.0,0.0
1000040689,46006.0,Valencia,3412.65,3,1137.55,0.06939090208172706,0.0670892359983877,466,False,0.0,-1.0,0.0
2203,39008.0,Cantabria,3410.23,5,682.046,0.1525940996948118,0.14201514088083977,787,False,0.0,-1.0,0.0
1000077587,8504.0,Barcelona,3409.37,7,487.05285714285714,0.12915129151291513,0.12146628107267987,88,True,0.0,0.42022330075957065,0.0
1000100961,3006.0,Alicante,3407.9700000000003,8,425.99625000000003,0.3815580286168522,0.32321186856495154,27,True,0.0,0.41589848338924923,0.0
1000100189,44002.0,Teruel,3407.15,1,3407.15,1.0,0.6931471805599453,969,False,0.0,-1.0,0.0
1000081819,8021.0,Barcelona,3402.9,5,680.58,0.5,0.4054651081081644,1510,False,0.0,-1.0,0.10219962669389428
1000080505,29210.0,Málaga,3402.2599999999998,4,850.5649999999999,0.07255139056831923,0.07004028728588818,82,True,0.0,0.6254849001196389,0.0
42526,8036.0,Barcelona,3400.9,4,850.225,0.14580801944106925,0.13611008195638769,168,True,0.0,-1.0,0.0
28704,8014.0,Barcelona,3400.6800000000003,5,680.1360000000001,0.08907363420427554,0.08532745801413813,94,True,0.0,-0.03430753393153096,0.0
20911,12500.0,Castellón,3398.99,4,849.7475,0.09324009324009325,0.0891458495182624,12,True,0.0,-0.1188406348723024,0.0
39723,20001.0,Gipúzkoa,3398.91,9,377.65666666666664,0.19271948608137043,0.1762359822583867,164,True,0.0,-0.27526244388885746,0.0
5540,24006.0,León,3398.4,4,849.6,0.10647737355811888,0.10118143164026014,251,False,0.0,-0.4717485871698061,0.0
10533,48002.0,Vizcaya,3397.12,6,566.1866666666666,0.19607843137254902,0.17904823144898546,629,False,0.0,0.22105671821091877,0.0
11516,38008.0,Sta.Cruz Tenerife,3396.88,7,485.2685714285714,0.1278149726110773,0.1202821082480917,45,True,0.0,-1.0,0.0
1000065883,48008.0,Vizcaya,3394.94,7,484.99142857142857,0.2397260273972603,0.2148904095574893,916,False,0.0,-0.4818403486653057,0.0
40588,42004.0,Soria,3393.23,7,484.7471428571429,0.2716688227684347,0.2403300715597446,389,False,0.0,0.7661908649114644,0.0
1000101634,8030.0,Barcelona,3392.64,7,484.66285714285715,0.6325301204819277,0.49013103252315765,19,True,0.0,-1.0,0.0
16762,28028.0,Madrid,3390.68,6,565.1133333333333,0.11242973141786383,0.10654657029294697,55,True,0.0,-1.0,0.0
1000102198,8037.0,Barcelona,3389.34,1,3389.34,1.0,0.6931471805599453,68,True,0.0,-1.0,0.0
1000072067,3540.0,Alicante,3388.79,3,1129.5966666666666,0.19522776572668113,0.17833676615626598,159,True,0.0,0.2293412745681953,0.0
1000058195,50004.0,Zaragoza,3388.08,10,338.808,0.32017075773745995,0.2777610901540657,852,False,0.0,-1.0,0.0
33991,3690.0,Alicante,3386.29,6,564.3816666666667,0.11695906432748539,0.11060987154397003,19,True,0.0,-1.0,0.0
41924,28042.0,Madrid,3386.07,8,423.25875,0.23414634146341465,0.21037950958911206,761,False,0.0,-1.0,0.07055429778610174
23750,28019.0,Madrid,3385.02,6,564.17,0.11787819253438114,0.11143241757580818,119,True,0.0,-1.0,0.0
1000080418,28007.0,Madrid,3384.4,3,1128.1333333333334,0.1171875,0.11081436634029011,601,False,0.0,-1.0,0.46341123412795404
1000100604,41009.0,Sevilla,3380.75,1,3380.75,1.0,0.6931471805599453,629,False,0.0,-1.0,0.0
10996,4610.0,Almería,3380.2599999999998,10,338.02599999999995,0.18951358180669614,0.17354446877614027,196,False,0.0,0.013112811651444118,0.0
41256,8100.0,Barcelona,3379.09,8,422.38625,0.14484007242003621,0.1352649525084513,105,True,0.0,-1.0,0.0
1000067686,6800.0,Badajoz,3378.08,2,1689.04,0.07125890736342043,0.06883450582029693,830,False,0.0,-1.0,0.0
1000100156,8403.0,Barcelona,3376.54,3,1125.5133333333333,0.19911504424778761,0.181583821607415,591,False,0.0,-1.0,0.0
8809,18005.0,Granada,3376.15,5,675.23,0.19430051813471502,0.17756067353181765,902,False,0.0,-1.0,0.0
1000070203,38430.0,Sta.Cruz Tenerife,3374.15,7,482.0214285714286,0.12433392539964476,0.1171907940044858,102,True,0.0,-1.0,0.0
4773,28003.0,Madrid,3373.74,8,421.7175,0.1688951442646024,0.15605898151619424,223,False,0.0,0.3490702114120059,0.0
11120,50006.0,Zaragoza,3368.9700000000003,3,1122.99,0.3461538461538462,0.29725152346793166,720,False,0.0,-1.0,0.0
1000082232,29601.0,Málaga,3367.8999999999996,3,1122.6333333333332,0.12345679012345678,0.11641035184441127,854,False,0.0,-1.0,0.0
1000082154,37001.0,Salamanca,3367.86,6,561.3100000000001,0.30927835051546393,0.26947610795520843,1082,False,0.0,-1.0,0.0
4359,28015.0,Madrid,3362.5,9,373.6111111111111,0.18292682926829268,0.1679917312391297,69,True,0.3333333333333333,-1.0,1.4927719422802632
2245,39300.0,Cantabria,3361.4300000000003,4,840.3575000000001,0.17543859649122806,0.1616413515564159,168,True,0.0,-1.0,0.0
42738,23620.0,Jaén,3360.44,6,560.0733333333334,0.2960526315789474,0.25932320789171215,84,True,0.0,-1.0,0.0
30554,29670.0,Málaga,3360.1400000000003,7,480.02000000000004,0.28263795423956933,0.24891885893644297,901,False,0.0,-0.10408094158209603,0.0
1000066528,4004.0,Almería,3355.2,2,1677.6,0.11049723756906077,0.10480787679325,1274,False,0.0,-1.0,0.0
8182,29010.0,Málaga,3354.33,4,838.5825,0.11049723756906077,0.10480787679325,671,False,0.0,-1.0,0.0
1000101885,50002.0,Zaragoza,3349.3599999999997,4,837.3399999999999,0.851063829787234,0.6157605169445252,66,True,0.0,-1.0,0.0
1000082429,37001.0,Salamanca,3348.7200000000003,2,1674.3600000000001,2.0,1.0986122886681098,1362,False,0.0,0.09786687548942836,0.0659739968447422
4484,28006.0,Madrid,3346.05,9,371.78333333333336,0.17396907216494845,0.16039037707673956,119,True,0.0,-1.0,0.0
8441,32800.0,Orense,3345.62,7,477.94571428571425,0.2348993288590604,0.21098945166352648,833,False,0.0,-1.0,0.0
1000081702,29400.0,Málaga,3344.63,11,304.05727272727273,0.19572953736654802,0.17875649062945845,62,True,0.0,0.23692894845108134,0.0
1000100129,28921.0,Madrid,3340.47,3,1113.49,0.0896414342629482,0.08584868273025201,53,True,0.0,-1.0,0.0
25156,41004.0,Sevilla,3336.8,7,476.6857142857143,0.13324873096446702,0.12508849101861994,67,True,0.0,-1.0,0.0
1000080574,43580.0,Tarragona,3336.44,4,834.11,0.19704433497536944,0.17985546429876112,896,False,0.0,-1.0,0.0
1000100482,39500.0,Cantabria,3334.26,4,833.565,0.3305785123966942,0.2856138193877219,434,False,0.0,-1.0,0.0
1000100593,28915.0,Madrid,3331.93,5,666.386,0.28142589118198874,0.2479734354049455,54,True,0.0,-1.0,0.0
23444,4007.0,Almería,3330.5299999999997,4,832.6324999999999,0.23715415019762845,0.21281370181263298,193,False,0.0,-1.0,0.0
1000082216,46139.0,Valencia,3329.4100000000003,3,1109.8033333333335,0.08832188420019627,0.08463695412764222,592,False,0.0,-1.0,0.0
1000065325,35400.0,Las Palmas,3326.53,8,415.81625,0.24948024948024947,0.2227276644294464,787,False,0.0,-1.0,0.0
1000079889,43001.0,Tarragona,3326.41,10,332.64099999999996,0.3009027081243731,0.26305841435460553,717,False,0.0,-0.6475698674813968,0.0
1000081356,38005.0,Sta.Cruz Tenerife,3325.9900000000002,7,475.1414285714286,0.12915129151291513,0.12146628107267987,20,True,0.0,-1.0,0.0
33260,30203.0,Murcia,3325.9700000000003,8,415.74625000000003,0.18489984591679506,0.16965825280155397,445,False,0.0,-0.633790205719131,0.0
1000078623,30150.0,Murcia,3324.35,4,831.0875,0.10109519797809603,0.0963053190145539,228,False,0.0,-1.0,0.0
1000100606,28924.0,Madrid,3322.85,6,553.8083333333333,0.29556650246305416,0.2589480531359772,97,True,0.0,-1.0,0.0
39381,50008.0,Zaragoza,3319.67,5,663.934,0.1595744680851064,0.14805309995913982,818,False,0.0,-1.0,0.0
1000101707,8242.0,Barcelona,3319.04,2,1659.52,0.8695652173913044,0.6257058997644128,265,False,0.0,-1.0,0.0
17847,11010.0,Cádiz,3318.14,5,663.6279999999999,0.1342882721575649,0.12600538125193833,28,True,0.0,-1.0,0.0
9556,28220.0,Madrid,3317.1,2,1658.55,0.8333333333333334,0.6061358035703156,1691,False,0.0,-1.0,0.0
26085,30850.0,Murcia,3316.2200000000003,6,552.7033333333334,0.14411529223378702,0.13463166780428973,257,False,0.0,-1.0,0.0
15383,13001.0,Ciudad Real,3315.16,4,828.79,0.07899934167215274,0.07603407614805684,5,True,0.0,-1.0,0.0
1000081681,35200.0,Las Palmas,3314.73,11,301.3390909090909,0.1915264074289031,0.17523518049100395,87,True,0.0,-1.0,0.2628675827125037
18020,15600.0,A Coruña,3308.18,6,551.3633333333333,0.3125,0.27193371548364176,1196,False,0.0,-1.0,0.0
1000080829,41530.0,Sevilla,3303.75,4,825.9375,0.08908685968819599,0.08533960173261773,347,False,0.0,-1.0,0.0
29302,8207.0,Barcelona,3297.41,5,659.482,0.12224938875305624,0.11533505401774341,264,False,0.0,-1.0,0.0
42154,28027.0,Madrid,3295.1400000000003,13,253.4723076923077,0.3107569721115538,0.270604811633588,248,False,0.0,-0.04927224849667902,0.0
1000100160,8006.0,Barcelona,3294.99,3,1098.33,0.10613207547169812,0.1008693132143216,103,True,0.0,-1.0,0.0
1000081634,38003.0,Sta.Cruz Tenerife,3294.56,9,366.0622222222222,0.16843418590143483,0.15566454983453556,82,True,0.0,0.10505024682956156,0.718884155191147
1000081220,15185.0,A Coruña,3293.52,5,658.704,0.11700468018720749,0.11065071003997558,418,False,0.0,-1.0,0.0
1000101238,1015.0,Álava,3292.0,4,823.0,0.6521739130434783,0.5020919437972361,285,False,0.0,-1.0,0.0
1000082397,36205.0,Pontevedra,3290.14,6,548.3566666666667,0.16143497757847536,0.149656290239419,314,False,0.0,-1.0,0.0
1000076691,8201.0,Barcelona,3286.9700000000003,6,547.8283333333334,0.11207970112079702,0.10623186692973738,201,False,0.0,-1.0,0.0
1000063202,28220.0,Madrid,3286.6,12,273.8833333333333,0.20512820512820512,0.18658595558041216,7,True,0.0,1.3525142656645304,1.4142135623730951
1000078785,28760.0,Madrid,3285.91,5,657.182,0.14395393474088292,0.13449062531198283,392,False,0.0,-1.0,0.0
1000081928,46022.0,Valencia,3281.6499999999996,1,3281.6499999999996,1.0,0.6931471805599453,1550,False,0.0,-1.0,0.0
25254,11149.0,Cádiz,3279.88,10,327.988,0.1687289088863892,0.1559167555853228,32,True,0.0,-1.0,0.0
41235,46630.0,Valencia,3279.59,5,655.918,0.11389521640091116,0.10786307639970068,164,True,0.0,-1.0,0.0
10217,3006.0,Alicante,3277.71,15,218.514,0.5597014925373134,0.4444944520138996,98,True,0.0,0.7188049717618742,0.0
1000080268,28006.0,Madrid,3275.8,7,467.9714285714286,0.15777610818933133,0.1465010169250041,46,True,0.0,-0.13263460004440755,0.0
1000081599,36419.0,Pontevedra,3274.83,5,654.966,0.0998003992015968,0.09512870806804968,213,False,0.0,0.23294610185199996,0.0
13822,11403.0,Cádiz,3273.35,3,1091.1166666666666,0.08007117437722419,0.07702694116580718,521,False,0.0,-1.0,0.0
1000082667,3540.0,Alicante,3271.92,2,1635.96,0.42857142857142855,0.35667494393873234,1047,False,0.0,-1.0,0.0
15999,28028.0,Madrid,3268.4700000000003,6,544.745,0.16620498614958448,0.1537548753495005,399,False,0.0,0.01409834617677567,0.0
1000082414,9550.0,Burgos,3267.98,3,1089.3266666666666,0.07692307692307693,0.07410797215372188,251,False,0.0,-1.0,0.0
1000078040,8692.0,Barcelona,3267.67,6,544.6116666666667,0.1250868658790827,0.11786024679026731,116,True,0.0,0.13669996995192302,0.0
1000081797,28031.0,Madrid,3267.27,7,466.7528571428571,0.4150197628458498,0.3471434976731801,38,True,0.0,-1.0,0.0
1000101239,48300.0,Vizcaya,3266.8,2,1633.4,0.46153846153846156,0.37948962170490375,339,False,0.0,-1.0,0.0
1000078545,9400.0,Burgos,3266.4700000000003,3,1088.8233333333335,0.18907563025210083,0.17317622397176294,82,True,0.0,-1.0,0.0
1000100949,3322.0,Alicante,3265.82,5,653.164,0.27322404371584696,0.2415523007242796,116,True,0.0,0.06764735547641755,0.2655027875193305
1000081322,28025.0,Madrid,3265.06,6,544.1766666666666,0.48387096774193544,0.39465419200394874,1417,False,0.0,-1.0,0.0
2275,39002.0,Cantabria,3263.83,3,1087.9433333333334,0.3501945525291829,0.3002486950516394,1239,False,0.0,-0.752175455149639,0.0
1000078280,33210.0,Asturias,3262.57,4,815.6425,0.1,0.09531017980432487,95,True,0.0,-1.0,0.0
1000059531,47100.0,Valladolid,3261.4,2,1630.7,0.2777777777777778,0.24512245803298502,1552,False,0.0,-1.0,0.0
23004,8007.0,Barcelona,3261.19,7,465.88428571428574,0.14150943396226415,0.13235145148467395,322,False,0.0,-1.0,0.0
1000080438,34880.0,Palencia,3259.35,7,465.62142857142857,0.12658227848101267,0.11918851726511835,19,True,0.0,-1.0,0.0
1000100555,46160.0,Valencia,3258.91,7,465.5585714285714,0.28965517241379307,0.2543748744340122,31,True,0.0,0.6027878073713734,0.0
17147,13500.0,Ciudad Real,3258.58,4,814.645,0.5581395348837209,0.4434925036974036,1134,False,0.0,-1.0,0.0
1000082762,29692.0,Málaga,3258.33,3,1086.11,0.13867488443759632,0.1298652042441118,461,False,0.0,-1.0,0.0
1036,47013.0,Valladolid,3257.09,6,542.8483333333334,0.11207970112079702,0.10623186692973738,123,True,0.0,-1.0,0.0
8359,8022.0,Barcelona,3257.06,8,407.1325,0.15113350125944586,0.1407471102070143,55,True,0.0,-1.0,0.0
1000100210,28903.0,Madrid,3252.5299999999997,7,464.6471428571428,0.30567685589519655,0.2667215698364468,313,False,0.0,-1.0,0.0
32547,41007.0,Sevilla,3251.47,9,361.27444444444444,0.18230925050641458,0.16746951801805307,98,True,0.0,-1.0,0.0
23718,28039.0,Madrid,3248.46,7,464.0657142857143,0.16666666666666666,0.1541506798272583,314,False,0.0,0.05650048875855338,0.0
1000082743,28019.0,Madrid,3247.26,3,1082.42,0.08144796380090497,0.07830085041375784,28,True,0.0,-1.0,0.0
17828,17002.0,Girona,3246.71,6,541.1183333333333,0.15463917525773196,0.14378789279171172,650,False,0.0,-1.0,0.0
1000081332,30100.0,Murcia,3246.51,4,811.6275,0.1671309192200557,0.15454853143385885,49,True,0.0,-0.6043058364130814,0.0
1000082758,15670.0,A Coruña,3244.16,4,811.04,0.20905923344947736,0.18984256418723808,376,False,0.0,-1.0,0.0
42619,41011.0,Sevilla,3243.94,5,648.788,0.3640776699029126,0.3104785005441647,33,True,0.0,-1.0,0.0
1000069410,28981.0,Madrid,3242.62,6,540.4366666666666,0.12228260869565216,0.11536465479210181,207,False,0.0,-1.0,0.0
1000061074,4738.0,Almería,3240.55,3,1080.1833333333334,0.18556701030927833,0.17022114985986722,1328,False,0.0,-1.0,0.0
42575,15007.0,A Coruña,3232.46,6,538.7433333333333,0.21765417170495768,0.196926197694871,87,True,0.0,-1.0,0.0
42389,29740.0,Málaga,3225.86,9,358.4288888888889,0.271356783919598,0.24008466400302786,222,False,0.0,0.7472730019640429,0.0
1392,30593.0,Murcia,3225.77,11,293.2518181818182,0.2038295243977764,0.18550774582992569,95,True,0.0,-1.0,0.0
10939,48990.0,Vizcaya,3223.39,5,644.678,0.12234910277324633,0.11542390199713226,472,False,0.0,-0.6010957290132548,0.0
1000082587,28005.0,Madrid,3223.05,6,537.1750000000001,0.19189765458422176,0.1755467047088198,349,False,0.0,-1.0,0.0
1000101990,46023.0,Valencia,3222.33,4,805.5825,1.1111111111111112,0.7472144018302211,19,True,0.0,-1.0,0.6304455441301382
24330,47009.0,Valladolid,3221.57,7,460.2242857142857,0.14403292181069957,0.1345596703500886,181,False,0.0,-1.0,0.0
32190,29010.0,Málaga,3220.0600000000004,5,644.0120000000001,0.3012048192771084,0.26329061932762177,543,False,0.0,-1.0,0.0
118,41004.0,Sevilla,3216.56,4,804.14,0.08241758241758242,0.07919704166119315,210,False,0.0,-1.0,0.0
1000081944,41210.0,Sevilla,3214.8,4,803.7,0.3883495145631068,0.3281156420302715,1481,False,0.0,-1.0,0.0
41052,9004.0,Burgos,3214.7,4,803.675,0.23952095808383234,0.21472498084861397,378,False,0.0,-1.0,0.0
34679,28921.0,Madrid,3214.27,17,189.07470588235293,0.2947976878612717,0.2583544573572609,88,True,0.0,0.13203725665249783,0.0
1000079920,35100.0,Las Palmas,3212.95,6,535.4916666666667,0.13878180416345412,0.12995909821493593,459,False,0.0,-1.0,0.0
42334,21007.0,Huelva,3209.15,7,458.45,0.31963470319634707,0.2773549582959314,656,False,0.0,0.07175360567653033,0.0
369,42003.0,Soria,3206.12,5,641.2239999999999,0.12096774193548386,0.11419236752565488,431,False,0.0,-1.0,0.0
39184,29002.0,Málaga,3204.81,3,1068.27,0.2542372881355932,0.2265276492984503,1428,False,0.0,-1.0,0.0
1000077380,35109.0,Las Palmas,3202.68,3,1067.56,0.05803157172271791,0.056410173938623916,19,True,0.0,-1.0,0.0
1000081031,31310.0,Navarra,3196.69,4,799.1725,0.17569546120058566,0.1618598543759716,1089,False,0.0,-1.0,0.0
1000100993,33012.0,Asturias,3193.24,2,1596.62,0.16759776536312848,0.154948446124056,67,True,0.0,-1.0,0.0
1000082042,38400.0,Sta.Cruz Tenerife,3189.7,6,531.6166666666667,0.10514018691588785,0.09997219291013618,17,True,0.0,-1.0,0.0
1000101063,12001.0,Castellón,3188.38,8,398.5475,0.48780487804878053,0.39730179746900346,52,True,0.0,-1.0,0.0
13739,8032.0,Barcelona,3185.0699999999997,10,318.50699999999995,0.23809523809523808,0.21357410029805904,312,False,0.0,2.2858959659990767,0.0
22447,28043.0,Madrid,3182.19,7,454.59857142857146,0.13583441138421734,0.1273675450476947,98,True,0.0,-1.0,0.0
1000064765,44600.0,Teruel,3178.74,6,529.79,0.13878180416345412,0.12995909821493593,466,False,0.0,-0.37571824846443425,0.0
28605,37007.0,Salamanca,3175.6099999999997,3,1058.5366666666666,0.06373937677053824,0.06179041427089267,224,False,0.0,-1.0,0.0
1000081246,33710.0,Asturias,3175.6099999999997,7,453.6585714285714,0.15228426395939085,0.14174628874341416,392,False,0.0,-1.0,0.0
1000100281,38002.0,Sta.Cruz Tenerife,3171.09,4,792.7725,0.14150943396226415,0.13235145148467395,94,True,0.0,-1.0,0.0
1000100154,15100.0,A Coruña,3170.8,6,528.4666666666667,0.1794616151545364,0.16505807601645126,39,True,0.0,-0.11161865512086745,0.0
1000078381,9400.0,Burgos,3170.29,6,528.3816666666667,0.11501597444089458,0.10886873166227395,67,True,0.0,-1.0,0.45734441127578007
1000076631,36636.0,Pontevedra,3169.26,6,528.21,0.17681728880157171,0.16281358156492662,249,False,0.0,-1.0,0.0
1000065838,29640.0,Málaga,3168.98,3,1056.3266666666666,0.11658031088082901,0.11027072063891692,110,True,0.0,-1.0,0.0
1000076045,41110.0,Sevilla,3165.4700000000003,4,791.3675000000001,0.11320754716981131,0.1072455303535976,194,False,0.0,-1.0,0.0
1000082519,46800.0,Valencia,3164.99,3,1054.9966666666667,0.1139240506329114,0.10788896201118499,545,False,0.0,-1.0,0.0
22929,28340.0,Madrid,3164.7200000000003,5,632.9440000000001,0.26785714285714285,0.23732818630616617,1223,False,0.0,-1.0,0.0
1000058092,33013.0,Asturias,3163.01,6,527.1683333333334,0.23017902813299232,0.2071597101203954,745,False,0.0,-0.7511840083370118,0.0
9269,50001.0,Zaragoza,3161.4500000000003,6,526.9083333333334,0.11726384364820848,0.11088269957874278,173,True,0.0,-1.0,0.0
4944,20210.0,Gipúzkoa,3160.59,5,632.118,0.1706484641638225,0.1575578381488726,844,False,0.0,-1.0,0.0
1000080891,36162.0,Pontevedra,3159.42,2,1579.71,0.6666666666666666,0.5108256237659906,524,False,0.0,-1.0,0.0
7496,36970.0,Pontevedra,3157.08,2,1578.54,0.05803157172271791,0.056410173938623916,84,True,0.0,-1.0,0.0
1000081077,46008.0,Valencia,3156.6400000000003,4,789.1600000000001,0.6349206349206349,0.49159426183810306,1504,False,0.0,-1.0,0.15041420554771542
1000101829,28051.0,Madrid,3155.6,2,1577.8,0.2777777777777778,0.24512245803298502,70,True,0.0,-1.0,0.0
1000038177,43001.0,Tarragona,3154.26,2,1577.13,0.3333333333333333,0.2876820724517809,1396,False,0.0,-1.0,0.0
1000101590,30700.0,Murcia,3153.12,4,788.28,0.3022670025188917,0.26410659382123874,0,True,0.0,-0.6136023541709925,0.0
1000076671,28027.0,Madrid,3152.59,8,394.07375,0.2481902792140641,0.22169472564423717,53,True,0.0,-1.0,0.6840238480774807
1000078490,4007.0,Almería,3151.99,5,630.3979999999999,0.1525940996948118,0.14201514088083977,556,False,0.0,-1.0,0.0
1000069982,48340.0,Vizcaya,3151.6499999999996,1,3151.6499999999996,1.0,0.6931471805599453,1381,False,0.0,0.0,0.0
1000078169,15011.0,A Coruña,3150.67,5,630.134,0.12135922330097086,0.11454154173221245,325,False,0.0,-1.0,0.0
1000101984,28250.0,Madrid,3150.41,2,1575.205,0.29411764705882354,0.2578291093020998,5,True,0.0,-1.0,0.0
1000072593,29190.0,Málaga,3148.8599999999997,3,1049.62,0.140625,0.13157635778871926,892,False,0.0,-1.0,0.0
1000079189,46013.0,Valencia,3147.41,8,393.42625,0.1907790143084261,0.17460772681677897,31,True,0.0,0.5935467163869896,0.0
1000079589,50007.0,Zaragoza,3142.51,5,628.5020000000001,0.11627906976744186,0.1100008952143285,424,False,0.0,-1.0,0.0
31323,29003.0,Málaga,3142.48,5,628.496,0.10830324909747292,0.10283024139985865,196,False,0.0,-1.0,0.0
1000073407,28400.0,Madrid,3142.34,7,448.9057142857143,0.1853486319505737,0.17003693549523125,661,False,0.0,0.3391151351898418,0.0
42742,18014.0,Granada,3141.59,7,448.79857142857145,0.3608247422680413,0.3080909440829881,83,True,0.0,-0.48258407153081756,0.0
1000073638,28803.0,Madrid,3141.5,8,392.6875,0.2346041055718475,0.2107503563988646,698,False,0.0,-1.0,0.9661130843777276
33322,15004.0,A Coruña,3141.0699999999997,8,392.63374999999996,0.1436265709156194,0.13420441564487934,111,True,0.0,-1.0,0.0
1000080819,28901.0,Madrid,3138.7200000000003,3,1046.24,0.15332197614991483,0.14264645308417856,397,False,0.0,0.4592163994048604,0.0
14490,8241.0,Barcelona,3133.82,4,783.455,0.19736842105263158,0.18012616623051897,1190,False,0.0,-1.0,0.0
29308,46014.0,Valencia,3132.84,2,1566.42,2.0,1.0986122886681098,1497,False,0.0,-1.0,0.0
1000080262,22520.0,Huesca,3131.65,2,1565.825,2.0,1.0986122886681098,936,False,0.0,-1.0,0.44814175048047794
5195,23680.0,Jaén,3131.23,5,626.246,0.2097902097902098,0.19044696423787166,1041,False,0.0,-1.0,0.0
1000102001,7180.0,Baleares,3131.01,2,1565.505,0.4137931034482759,0.3462762367178338,55,True,0.0,-1.0,0.0
1000040157,38632.0,Sta.Cruz Tenerife,3128.71,7,446.9585714285714,0.13125,0.12332321603199883,189,False,0.0,-1.0,0.0
42771,8560.0,Barcelona,3125.25,4,781.3125,0.192,0.17563256864315802,81,True,0.0,-1.0,0.0
1000101231,13700.0,Ciudad Real,3122.5200000000004,5,624.5040000000001,0.32608695652173914,0.2822324676842162,13,True,0.0,-0.10031539801346319,0.0
475,41005.0,Sevilla,3120.5,3,1040.1666666666667,0.16666666666666666,0.1541506798272583,1147,False,0.0,-1.0,0.0
14918,8023.0,Barcelona,3118.13,5,623.626,0.11013215859030838,0.10447907003002065,301,False,0.0,-1.0,0.0
1000082006,2400.0,Albacete,3115.38,6,519.23,0.11406844106463879,0.10801857683930276,180,False,0.0,0.0746417081017841,0.0
1000036870,50830.0,Zaragoza,3112.74,7,444.6771428571428,0.1255980861244019,0.118314526500678,27,True,0.0,-1.0,0.0
1000101196,14005.0,Córdoba,3106.33,8,388.29125,0.5106382978723405,0.41253227533125686,55,True,0.0,-1.0,0.0
1000080641,35006.0,Las Palmas,3106.29,9,345.1433333333333,0.1592920353982301,0.14780950448881097,14,True,0.0,-1.0,0.0
1000082673,16600.0,Cuenca,3102.9300000000003,3,1034.3100000000002,0.14195583596214512,0.13274243794849044,389,False,0.0,-1.0,0.0
1000077638,15830.0,A Coruña,3102.04,4,775.51,0.0881704628949302,0.08449781161633271,433,False,0.0,-1.0,0.0
34946,15670.0,A Coruña,3101.6499999999996,4,775.4124999999999,0.15604681404421328,0.1450062660082606,1034,False,0.0,-1.0,0.0
300,43201.0,Tarragona,3101.61,10,310.161,0.3282275711159738,0.2838454001652936,38,True,0.0,-1.0,0.0
39462,8029.0,Barcelona,3097.2200000000003,2,1548.6100000000001,0.7692307692307692,0.5705448584676129,1004,False,0.0,-1.0,0.0
1000074989,8033.0,Barcelona,3095.9700000000003,3,1031.99,0.5325443786982248,0.4269293467764642,1326,False,0.0,2.2858959659990767,0.0
1000068972,38400.0,Sta.Cruz Tenerife,3093.1899999999996,4,773.2974999999999,0.1749271137026239,0.16120611478074306,734,False,0.0,-1.0,0.0
1000102065,33205.0,Asturias,3092.9700000000003,3,1030.99,0.8411214953271028,0.6103748942760823,47,True,0.0,-1.0,0.0
13302,8700.0,Barcelona,3091.1400000000003,5,618.2280000000001,0.1289767841788478,0.12131172178413176,215,False,0.0,0.08879889371789795,0.0
1000077064,29200.0,Málaga,3089.89,6,514.9816666666667,0.17821782178217824,0.16400297627026994,55,True,0.0,-0.2865516540004809,0.0
9576,29002.0,Málaga,3086.15,9,342.90555555555557,0.17532467532467533,0.16154442885219658,277,False,0.0,-1.0,0.0
1000080803,34200.0,Palencia,3085.87,2,1542.935,0.26905829596412556,0.23827512618311886,251,False,0.0,0.14951832322148761,0.0
1000082303,50008.0,Zaragoza,3084.67,5,616.934,0.11037527593818985,0.10469804461670519,166,True,0.0,0.3295380428913892,0.0
36037,41909.0,Sevilla,3083.9900000000002,4,770.9975000000001,0.1147227533460803,0.10860572228556947,325,False,0.0,-1.0,0.0
30469,38470.0,Sta.Cruz Tenerife,3082.77,4,770.6925,0.15,0.13976194237515868,956,False,0.0,-1.0,0.0
1000067731,46007.0,Valencia,3078.23,4,769.5575,0.08836524300441827,0.08467679338950565,42,True,0.0,-1.0,0.0
28523,46920.0,Valencia,3075.13,3,1025.0433333333333,0.08928571428571429,0.08552217343816201,634,False,0.0,-1.0,0.0
1000082715,46023.0,Valencia,3072.15,4,768.0375,0.125,0.11778303565638346,199,False,0.0,-1.0,0.0
27316,16004.0,Cuenca,3070.02,4,767.505,0.10781671159029649,0.10239115188879946,397,False,0.0,-1.0,0.0
1000102147,10300.0,Cáceres,3070.0,4,767.5,1.4457831325301205,0.8943653712451894,12,True,0.0,-1.0,0.26826975913350426
1000082560,8786.0,Barcelona,3067.34,7,438.1914285714286,0.19516728624535315,0.17828616407583497,231,False,0.0,-1.0,0.0
1000101917,13300.0,Ciudad Real,3063.2,3,1021.0666666666666,1.0227272727272727,0.7044467358138786,164,True,0.0,-1.0,0.5529542016687657
31246,48970.0,Vizcaya,3062.19,1,3062.19,1.0,0.6931471805599453,1340,False,0.0,-1.0,0.0
10604,48008.0,Vizcaya,3061.5699999999997,4,765.3924999999999,0.09669621273166801,0.09230221744685886,103,True,0.0,-1.0,0.0
32966,46360.0,Valencia,3060.8199999999997,4,765.2049999999999,0.09411764705882353,0.08994823666293948,102,True,0.0,-0.2691126279863481,0.0
1000079448,17850.0,Girona,3058.67,3,1019.5566666666667,0.16981132075471697,0.1568424714929697,1155,False,0.0,-0.3925271090499897,0.0
1000100955,47193.0,Valladolid,3056.7599999999998,6,509.46,0.4147465437788018,0.3469503940467376,216,False,0.0,-1.0,0.0
1000079223,28024.0,Madrid,3054.05,6,509.0083333333334,0.12219959266802444,0.1152906813583939,178,True,0.0,-1.0,0.0
42113,29015.0,Málaga,3053.29,6,508.88166666666666,0.1588702559576346,0.14744561327478986,307,False,0.0,-0.6120250014999489,0.0
1000081926,35430.0,Las Palmas,3052.2799999999997,4,763.0699999999999,0.48780487804878053,0.39730179746900346,1554,False,0.0,-1.0,0.0
29075,18003.0,Granada,3051.24,3,1017.0799999999999,0.3125,0.27193371548364176,1427,False,0.0,-1.0,0.0
18690,28931.0,Madrid,3050.71,9,338.96777777777777,0.22784810126582278,0.20526312603636132,572,False,0.0,0.2482189953618092,0.0
1000075321,8520.0,Barcelona,3050.0099999999998,5,610.002,0.0946969696969697,0.09047758496611599,67,True,0.0,-1.0,0.0
10832,50009.0,Zaragoza,3045.64,7,435.09142857142854,0.16067329762815608,0.1490002657243103,28,True,0.0,-1.0,0.4714512934927435
41933,8901.0,Barcelona,3045.2,2,1522.6,0.375,0.3184537311185346,1029,False,0.0,-1.0,0.0
13146,8910.0,Barcelona,3044.85,3,1014.9499999999999,0.0925925925925926,0.08855339734144507,594,False,0.0,-1.0,0.0
42567,17310.0,Girona,3042.15,5,608.4300000000001,0.2152080344332855,0.1949152838915305,102,True,0.0,-1.0,0.0
24539,18640.0,Granada,3040.86,11,276.4418181818182,0.20446096654275095,0.1860321361904903,179,True,0.0,-1.0,0.0
1000079713,9004.0,Burgos,3040.1000000000004,7,434.30000000000007,0.3602058319039451,0.3076360352843556,5,True,0.0,-1.0,0.0
29404,15300.0,A Coruña,3039.28,4,759.82,0.084328882642305,0.08096125427330847,318,False,0.3333333333333333,-1.0,0.3951777529692479
1000072653,17003.0,Girona,3039.1400000000003,2,1519.5700000000002,0.05803157172271791,0.056410173938623916,648,False,0.0,-1.0,0.0
1000080492,28015.0,Madrid,3039.05,5,607.8100000000001,0.2183406113537118,0.197489778267126,348,False,0.0,-1.0,0.0
28145,48991.0,Vizcaya,3038.52,2,1519.26,0.08264462809917356,0.07940677760441046,472,False,0.0,0.6127467840682396,0.0
1000058131,15701.0,A Coruña,3037.86,6,506.31,0.18126888217522658,0.16658918460830285,804,False,0.0,0.24834939714430285,0.0
1000075521,23008.0,Jaén,3037.6,7,433.9428571428571,0.15813253012048192,0.1468088200292101,339,False,0.0,-0.16903527471467059,0.0
1000081430,0.0,,3036.73,8,379.59125,0.6896551724137931,0.5245244681241527,1400,False,0.0,-1.0,0.0
10991,15621.0,A Coruña,3035.7799999999997,3,1011.9266666666666,0.07685738684884715,0.07404697236720222,279,False,0.0,-1.0,0.0
1000100917,46900.0,Valencia,3034.8500000000004,3,1011.6166666666668,0.2710843373493976,0.23987034511952324,200,False,0.0,-1.0,0.0
1000078566,43859.0,Tarragona,3034.65,4,758.6625,0.10425716768027801,0.0991728624675714,621,False,0.0,-1.0,0.0
1000078584,28109.0,Madrid,3034.24,2,1517.12,0.136986301369863,0.12838116664820678,1103,False,0.0,-1.0,0.0
7475,13001.0,Ciudad Real,3031.99,4,757.9975,0.11080332409972299,0.10508346897368827,234,False,0.0,-1.0,0.0
1000082322,3570.0,Alicante,3029.07,4,757.2675,0.08982035928143713,0.08601287466004025,174,True,0.0,-1.0,0.0
37311,15403.0,A Coruña,3028.09,4,757.0225,0.07434944237918216,0.07171530851059306,200,False,0.0,-1.0,0.0
1000082333,6290.0,Badajoz,3027.52,4,756.88,0.20942408376963348,0.19014428247516366,909,False,0.0,-1.0,0.0
1000102176,46019.0,Valencia,3027.12,2,1513.56,0.9090909090909091,0.6466271649250525,18,True,0.0,-1.0,0.0
14813,8031.0,Barcelona,3027.09,4,756.7725,0.19736842105263158,0.18012616623051897,1155,False,0.0,-1.0,0.0
23542,31587.0,Navarra,3024.9900000000002,7,432.1414285714286,0.16786570743405274,0.15517790128378833,111,True,0.0,-1.0,0.0
1000101439,22808.0,Huesca,3023.75,1,3023.75,1.0,0.6931471805599453,461,False,0.0,-1.0,0.0
1000102237,8904.0,Barcelona,3023.4700000000003,2,1511.7350000000001,2.0,1.0986122886681098,39,True,0.0,-1.0,0.12864396076675885
1000081549,38260.0,Sta.Cruz Tenerife,3023.09,11,274.8263636363636,0.2542372881355932,0.2265276492984503,75,True,0.0,-1.0,0.0
1000080179,35200.0,Las Palmas,3021.91,4,755.4775,0.09209516500383731,0.08809802096500727,447,False,0.0,-1.0,0.0
15569,47003.0,Valladolid,3021.84,3,1007.2800000000001,0.08234217749313816,0.07912737580184823,711,False,0.0,-1.0,0.0
1000080216,46950.0,Valencia,3020.12,1,3020.12,1.0,0.6931471805599453,88,True,0.0,-1.0,0.0
40501,28007.0,Madrid,3018.54,4,754.635,0.07071302298173246,0.06832480316194486,53,True,0.0,-1.0,0.0
9265,28033.0,Madrid,3015.81,10,301.581,0.18691588785046728,0.17135825199668508,102,True,0.0,-1.0,0.0
32986,3804.0,Alicante,3015.1499999999996,5,603.03,0.1326259946949602,0.12453882578061377,662,False,0.0,2.2858959659990767,0.0
13048,8221.0,Barcelona,3014.97,6,502.49499999999995,0.12802275960170698,0.12046632982418308,238,False,0.0,-1.0,0.0
40349,7010.0,Baleares,3014.69,5,602.938,0.09823182711198429,0.09370145660457642,262,False,0.0,-1.0,0.0
1000042392,34001.0,Palencia,3014.2999999999997,4,753.5749999999999,0.08219178082191782,0.07898841131863038,53,True,0.0,-1.0,0.0
1844,36004.0,Pontevedra,3009.37,2,1504.685,0.05803157172271791,0.056410173938623916,39,True,0.0,-1.0,0.0
1000082270,28006.0,Madrid,3008.46,2,1504.23,0.5042016806722689,0.4082623127292256,1433,False,0.0,-1.0,0.0
34055,18014.0,Granada,3002.66,5,600.5319999999999,0.12605042016806722,0.11871630683938197,236,False,0.0,-1.0,0.37572032931404675
13152,8291.0,Barcelona,3002.51,7,428.93,0.15521064301552107,0.14428270225068857,333,False,0.0,-1.0,0.0
43010,28830.0,Madrid,3002.29,4,750.5725,0.45112781954887216,0.3723410606831318,40,True,0.0,-1.0,0.0
1000100468,30201.0,Murcia,3002.2200000000003,5,600.4440000000001,0.30303030303030304,0.2646925542270822,199,False,0.0,-1.0,0.0
1000102070,50014.0,Zaragoza,3001.81,3,1000.6033333333334,1.139240506329114,0.760450862456052,73,True,0.0,-1.0,0.5432050233330724
1000080909,28025.0,Madrid,2999.17,4,749.7925,0.06956521739130435,0.06725222700916743,96,True,0.0,-1.0,0.7550260278153463
1000080355,18001.0,Granada,2995.12,6,499.18666666666667,0.20408163265306123,0.18571714579509285,907,False,0.0,-1.0,0.0
35675,18128.0,Granada,2994.32,8,374.29,0.39087947882736157,0.3299362656414274,1180,False,0.0,-0.16313650418571965,0.0
25873,45004.0,Toledo,2990.73,3,996.91,0.06498194945848376,0.06295785015248133,55,True,0.0,-1.0,0.0
1000080863,6800.0,Badajoz,2990.13,3,996.71,0.11538461538461539,0.10919929196499199,969,False,0.0,-1.0,0.0
1000082708,12600.0,Castellón,2989.82,3,996.6066666666667,0.10321100917431193,0.09822502675672687,290,False,0.0,-1.0,0.0
39777,8011.0,Barcelona,2989.7,5,597.9399999999999,0.09973404255319149,0.0950683710738515,75,True,0.0,-1.0,0.0
1000081038,28028.0,Madrid,2987.1800000000003,4,746.7950000000001,0.15306122448979592,0.14242034004176865,686,False,0.0,0.2245708978970343,0.0
34937,17257.0,Girona,2987.09,7,426.7271428571429,0.12742718446601942,0.11993820890436682,88,True,0.0,0.0006913765424142304,0.0
1000073172,23006.0,Jaén,2987.01,5,597.402,0.4120879120879121,0.3450693978184245,32,True,0.0,0.14544843802485735,0.0
29736,48950.0,Vizcaya,2986.0699999999997,3,995.3566666666666,0.06870229007633588,0.06644509940815276,418,False,0.0,-1.0,0.0
1000081434,0.0,,2985.41,9,331.7122222222222,0.35714285714285715,0.30538164955118186,1013,False,1.0,0.04645710151624753,-0.0
14319,3181.0,Alicante,2984.29,3,994.7633333333333,0.1048951048951049,0.09975040276705953,515,False,0.0,-1.0,0.0
11370,8380.0,Barcelona,2982.03,9,331.3366666666667,0.19438444924406048,0.17763094743610072,395,False,0.0,0.18773902092407935,0.0
10745,50600.0,Zaragoza,2980.92,3,993.64,0.3409090909090909,0.29334780998745824,66,True,0.0,-1.0,0.0
1000079934,38760.0,Sta.Cruz Tenerife,2979.61,3,993.2033333333334,0.08919722497522299,0.08544093405001241,662,False,0.0,-0.26953159006455923,0.0
1000100638,38350.0,Sta.Cruz Tenerife,2978.95,3,992.9833333333332,0.22556390977443608,0.20340107258500856,291,False,0.0,-1.0,0.0
20450,7740.0,Baleares,2977.07,4,744.2675,0.1540436456996149,0.143271988600872,670,False,0.0,-1.0,0.0
1000082772,15179.0,A Coruña,2976.15,3,992.0500000000001,0.1549053356282272,0.14401838011977056,440,False,0.0,-1.0,0.0
1000100640,30400.0,Murcia,2974.05,4,743.5125,0.18604651162790697,0.17062551703076334,48,True,0.0,-1.0,0.0
1000078003,24195.0,León,2972.29,5,594.458,0.10252904989747096,0.09760667710508455,173,True,0.0,-1.0,0.0
1000079652,8950.0,Barcelona,2968.78,12,247.39833333333334,0.3355079217148183,0.2893116851974734,642,False,0.5,-1.0,0.0
29190,20304.0,Gipúzkoa,2967.04,4,741.76,0.0776196636481242,0.07475459357942074,147,True,0.0,-1.0,0.0
1000074924,47013.0,Valladolid,2966.17,5,593.234,0.12690355329949238,0.11947365313429092,47,True,0.0,-1.0,0.0
5728,28700.0,Madrid,2966.01,5,593.202,0.09791122715404699,0.09340949023235674,231,False,0.0,-1.0,0.0
30210,18210.0,Granada,2965.16,5,593.0319999999999,0.16111707841031148,0.1493825403621412,112,True,0.0,-1.0,0.0
1000082048,50300.0,Zaragoza,2964.63,2,1482.315,0.9836065573770493,0.6849166814234299,1665,False,0.0,-1.0,0.0
1000102090,41400.0,Almería,2963.6899999999996,2,1481.8449999999998,0.7142857142857143,0.538996500732687,32,True,0.0,-1.0,0.0
11137,50001.0,Zaragoza,2963.67,3,987.89,0.14423076923076922,0.13473259397015672,27,True,0.0,-1.0,0.0
1000082647,29001.0,Málaga,2960.4300000000003,4,740.1075000000001,0.128068303094984,0.12050670363181544,266,False,0.0,-1.0,0.0
1000069849,41001.0,Sevilla,2960.03,4,740.0075,0.09209516500383731,0.08809802096500727,481,False,0.0,-1.0,0.0
7295,3700.0,Alicante,2956.91,4,739.2275,0.09724473257698542,0.09280224900688719,299,False,0.0,-1.0,0.0
30409,28045.0,Madrid,2955.21,4,738.8025,0.079734219269103,0.07671491758086177,173,True,0.0,-1.0,0.0
11127,50008.0,Zaragoza,2955.19,3,985.0633333333334,0.07323026851098453,0.07067304315127977,224,False,0.0,-1.0,0.0
1000101653,29011.0,Málaga,2954.62,7,422.0885714285714,0.6603773584905661,0.5070449009260847,32,True,0.0,-1.0,0.0
1000082779,28934.0,Madrid,2952.5,5,590.5,0.2170767004341534,0.19645183620527815,391,False,0.0,0.02452700949171852,0.0
1000081815,46023.0,Valencia,2949.91,4,737.4775,0.0989282769991756,0.09433541123465854,593,False,0.0,-1.0,0.0
35896,7760.0,Baleares,2949.26,12,245.77166666666668,0.2180496668685645,0.19725094585252403,125,True,0.0,-1.0,0.0
1000076935,38683.0,Sta.Cruz Tenerife,2947.72,7,421.1028571428571,0.1503221188260558,0.14004200648055076,207,False,0.0,-1.0,0.0
26148,28935.0,Madrid,2947.7,2,1473.85,0.2510460251046025,0.22398002145917575,1175,False,0.0,-1.0,0.0
42921,8021.0,Barcelona,2946.39,5,589.278,0.33407572383073497,0.28823871037319504,27,True,0.0,-1.0,0.0
6809,11500.0,Cádiz,2945.77,8,368.22125,0.17923823749066467,0.16486866856446958,473,False,0.0,-0.03529202733133237,0.0
30910,30310.0,Murcia,2944.12,5,588.824,0.1,0.09531017980432487,152,True,0.0,-1.0,0.0
28560,18650.0,Granada,2943.4700000000003,2,1471.7350000000001,0.05803157172271791,0.056410173938623916,668,False,0.0,-1.0,0.0
42993,50540.0,Zaragoza,2943.18,4,735.795,0.6486486486486486,0.4999559515290868,26,True,0.0,-1.0,0.2833023010303808
27540,12110.0,Castellón,2942.27,1,2942.27,1.0,0.6931471805599453,1375,False,0.0,0.0,0.0
1000069333,23440.0,Jaén,2941.9300000000003,2,1470.9650000000001,0.16172506738544473,0.14990602749631263,1399,False,0.0,-1.0,0.0
1000101861,3779.0,Alicante,2941.49,2,1470.745,2.0,1.0986122886681098,221,False,0.0,-1.0,0.013976314132696678
28947,41400.0,Sevilla,2938.4,8,367.3,0.17883755588673622,0.16452883079597208,167,True,0.0,-1.0,0.0
42027,13600.0,Ciudad Real,2938.04,3,979.3466666666667,0.5263157894736842,0.42285685082003355,1381,False,0.0,2.2858959659990767,0.0
1000079278,35002.0,Las Palmas,2937.58,17,172.79882352941175,0.2806824435883324,0.24739309490612052,3,True,0.0,0.9542903855483359,0.0
1000081275,28100.0,Madrid,2937.27,7,419.61,0.12704174228675136,0.11959627278056427,13,True,0.0,-0.1307462640026816,0.0
23353,28003.0,Madrid,2934.39,2,1467.195,0.0967741935483871,0.09237332013101514,753,False,0.0,-1.0,0.0
21826,21001.0,Huelva,2934.21,3,978.07,0.35714285714285715,0.30538164955118186,201,False,0.0,-1.0,0.0
1000070236,28020.0,Madrid,2932.95,5,586.5899999999999,0.1978891820580475,0.18056099295892164,82,True,0.0,0.5141925361579097,0.0
1000100123,33002.0,Asturias,2930.23,4,732.5575,0.15604681404421328,0.1450062660082606,293,False,0.0,-1.0,0.0
31639,46017.0,Valencia,2929.1200000000003,3,976.3733333333334,0.05803157172271791,0.056410173938623916,26,True,0.0,-1.0,0.4733905557768195
1000076636,27001.0,Lugo,2928.2099999999996,5,585.6419999999999,0.17964071856287425,0.1652099163212334,845,False,0.0,-1.0,0.0
1000071859,3160.0,Alicante,2927.09,4,731.7725,0.10075566750629722,0.09599691440839973,567,False,0.0,-1.0,0.0
1000100090,8184.0,Barcelona,2926.51,7,418.0728571428572,0.20689655172413793,0.18805223150293965,28,True,0.0,-1.0,0.0
1000082569,46004.0,Valencia,2925.63,2,1462.815,0.11194029850746269,0.10610650599454778,759,False,0.0,-1.0,0.0
1000079076,39007.0,Cantabria,2925.3500000000004,1,2925.3500000000004,1.0,0.6931471805599453,1669,False,0.0,-1.0,0.0
2372,38300.0,Sta.Cruz Tenerife,2924.27,7,417.7528571428571,0.13565891472868216,0.12721302409544988,115,True,0.0,-0.2053240184954266,0.0
1000064902,31500.0,Navarra,2923.7799999999997,5,584.756,0.11485451761102604,0.10872391892025492,249,False,0.0,-1.0,0.0
9652,8042.0,Barcelona,2922.5299999999997,3,974.1766666666666,0.14925373134328357,0.1391128024627178,1201,False,0.0,-1.0,0.0
1000081303,11130.0,Cádiz,2914.08,3,971.36,1.0975609756097562,0.7407752295491999,1652,False,0.0,-1.0,0.0
1000101013,15009.0,A Coruña,2913.67,1,2913.67,1.0,0.6931471805599453,622,False,0.0,-1.0,0.0
6682,8120.0,Barcelona,2913.5199999999995,4,728.3799999999999,0.10247651579846286,0.09755902724892516,152,True,0.3333333333333333,-1.0,0.24240679564980055
1000102008,29603.0,Málaga,2911.88,2,1455.94,0.7792207792207791,0.5761755039744411,111,True,0.0,-1.0,0.0
1000101475,8202.0,Barcelona,2911.2799999999997,4,727.8199999999999,0.8275862068965518,0.6029960835656478,300,False,0.0,-1.0,0.0
1000100417,3420.0,Alicante,2907.55,2,1453.775,0.29126213592233013,0.255620139992118,628,False,0.0,-1.0,0.0
1000100299,4131.0,Almería,2906.2299999999996,3,968.7433333333332,0.10688836104513064,0.10155280044326445,88,True,0.0,-1.0,0.0
1000080793,16660.0,Cuenca,2905.4300000000003,4,726.3575000000001,0.11661807580174928,0.11030454201470609,524,False,0.0,-1.0,0.0
1000100138,30001.0,Murcia,2904.62,5,580.924,0.1928020565552699,0.17630520860780896,276,False,0.0,-1.0,0.0
1803,36600.0,Pontevedra,2903.1900000000005,3,967.7300000000001,0.2719033232628399,0.24051445830531853,1377,False,0.0,0.49121541181139305,0.0
5860,27003.0,Lugo,2901.37,7,414.4814285714286,0.12418687167356593,0.11705999358984885,18,True,0.0,-1.0,0.0
31355,4760.0,Almería,2901.1400000000003,3,967.0466666666667,0.0665680473372781,0.06444606124198497,69,True,0.0,-1.0,0.0
6987,28020.0,Madrid,2900.7,5,580.14,0.11037527593818985,0.10469804461670519,193,False,0.0,-1.0,0.0
1000077668,23500.0,Jaén,2898.2,4,724.55,0.14184397163120568,0.13264447460629472,467,False,0.0,-1.0,0.0
7543,46035.0,Valencia,2895.9300000000003,4,723.9825000000001,0.18072289156626506,0.166126870873974,167,True,0.0,-0.027013401099612557,0.0
41809,35006.0,Las Palmas,2893.16,4,723.29,0.6936416184971098,0.5268810145192884,1592,False,0.0,-1.0,0.3340604438576697
1000043232,18690.0,Granada,2891.09,4,722.7725,0.07281553398058253,0.07028653272817174,131,True,0.0,-1.0,0.0
654,45600.0,Toledo,2890.34,3,963.4466666666667,0.08130081300813008,0.07816477284933626,405,False,0.0,-1.0,0.0
1000074976,46008.0,Valencia,2889.89,4,722.4725,0.07495315427857589,0.07227708321482473,108,True,0.0,-1.0,0.0
1000100591,47002.0,Valladolid,2889.56,3,963.1866666666666,0.20408163265306123,0.18571714579509285,215,False,0.0,0.13177118331779858,0.0
39691,6700.0,Badajoz,2888.9300000000003,3,962.9766666666668,0.25936599423631124,0.23060841514873096,1291,False,0.0,-1.0,0.0
17751,29010.0,Málaga,2887.82,4,721.955,0.17830609212481427,0.16407789199012018,31,True,0.0,-0.38795355587808417,0.0
14522,6004.0,Badajoz,2887.75,5,577.55,0.13077593722755013,0.12290406718707318,406,False,0.0,-1.0,0.0
1000101581,28009.0,Madrid,2883.84,2,1441.92,0.49586776859504134,0.4027064856690847,279,False,0.0,-1.0,0.0
41923,28915.0,Madrid,2880.82,6,480.1366666666667,0.1274787535410765,0.11998394835114094,206,False,0.0,-1.0,0.0
28085,25004.0,Lleida,2879.0,2,1439.5,0.20761245674740486,0.188645234089995,6,True,0.0,-1.0,0.0
42724,18300.0,Granada,2876.93,5,575.386,0.30991735537190085,0.26996404772059424,238,False,0.0,-1.0,0.0
1000073849,3501.0,Alicante,2876.65,7,410.95,0.3191489361702128,0.27698678333503296,105,True,0.0,-1.0,0.0
11687,14001.0,Córdoba,2876.37,6,479.395,0.11042944785276074,0.10474683045906341,111,True,0.0,-1.0,0.0
1000081940,48970.0,Vizcaya,2873.08,4,718.27,0.07448789571694599,0.07184417199923486,192,False,0.0,-1.0,0.0
1000077215,46007.0,Valencia,2872.91,4,718.2275,0.11009174311926605,0.10444266336759737,314,False,0.0,-1.0,0.0
10952,49014.0,Zamora,2871.86,9,319.09555555555556,0.19162526614620298,0.1753181451788606,173,True,0.0,-1.0,0.0
9754,28047.0,Madrid,2869.9,4,717.475,0.10309278350515465,0.09811785595852336,293,False,0.0,-1.0,0.0
42595,35500.0,Las Palmas,2867.32,8,358.415,0.31496062992125984,0.27380672595816385,84,True,0.0,-1.0,0.0
1000101679,35240.0,Las Palmas,2866.41,2,1433.205,0.22813688212927755,0.20549829104489198,80,True,0.0,-1.0,0.0
13444,8420.0,Barcelona,2866.3199999999997,7,409.47428571428566,0.17918088737201363,0.16482003419065727,605,False,0.0,-1.0,0.0
1000066914,49600.0,Zamora,2865.88,2,1432.94,0.2898550724637681,0.25452986513488046,1306,False,0.0,-1.0,0.0
1000100146,38417.0,Sta.Cruz Tenerife,2865.02,9,318.3355555555556,0.28154327424400416,0.24806503468259658,88,True,0.0,-1.0,0.0
5047,20160.0,Gipúzkoa,2858.29,6,476.38166666666666,0.3837953091684435,0.32482994825781064,1322,False,0.0,-1.0,0.0
1000101618,13200.0,Ciudad Real,2857.75,3,952.5833333333334,1.1842105263157896,0.7812544480702122,195,False,0.0,-1.0,0.0
24762,10300.0,Cáceres,2856.05,3,952.0166666666668,0.15075376884422112,0.14041717882974727,234,False,0.0,-1.0,0.0
42839,41840.0,Sevilla,2854.41,2,1427.205,0.14423076923076922,0.13473259397015672,208,False,0.0,-1.0,0.0
1000078462,8202.0,Barcelona,2853.31,3,951.1033333333334,0.24324324324324323,0.21772348384487056,1434,False,0.0,-1.0,0.0
20647,35010.0,Las Palmas,2852.5,3,950.8333333333334,0.4945054945054945,0.401795379219202,509,False,0.0,-1.0,0.0
31115,28004.0,Madrid,2852.19,3,950.73,0.07069913589945012,0.0683118331391261,391,False,0.0,-1.0,0.0
43045,30591.0,Murcia,2851.7799999999997,2,1425.8899999999999,0.7142857142857143,0.538996500732687,189,False,0.0,-1.0,0.0
1000081212,8003.0,Barcelona,2850.58,4,712.645,0.21660649819494587,0.19606542416502323,768,False,0.0,-1.0,0.0
1000082396,3202.0,Alicante,2849.7,4,712.425,0.22684310018903592,0.2044442848457906,900,False,0.0,-1.0,0.0
43114,6200.0,Badajoz,2847.86,4,711.965,0.7843137254901962,0.5790338737925244,26,True,0.0,-1.0,1.069271488956941
1000077233,28019.0,Madrid,2846.41,7,406.63,0.16291698991466252,0.1509314951634103,425,False,0.0,-1.0,0.0
1000081523,28804.0,Madrid,2844.81,5,568.962,0.11811023622047244,0.11163997114266945,103,True,0.0,-1.0,0.0
26300,48901.0,Vizcaya,2844.31,4,711.0775,0.2660753880266075,0.23592187015333185,26,True,0.0,-1.0,0.0
1000082272,18002.0,Granada,2843.21,5,568.642,0.13748854262144822,0.1288227993715364,461,False,0.0,-1.0,0.0
7586,47006.0,Valladolid,2842.61,3,947.5366666666667,0.11523687580025607,0.10906682701281682,224,False,0.0,-1.0,0.0
42512,28036.0,Madrid,2841.3,6,473.55,0.4580152671755725,0.3770761048454783,0,True,0.0,-1.0,0.0
42324,29006.0,Málaga,2841.23,4,710.3075,0.09828009828009827,0.09374540917097383,103,True,0.0,-1.0,0.0
42517,28691.0,Madrid,2839.84,4,709.96,0.3846153846153846,0.32542240043462795,703,False,0.0,-1.0,0.0
1000101930,28019.0,Madrid,2836.62,3,945.54,0.7377049180327869,0.5525652299387559,18,True,0.0,-1.0,0.0
1000100648,13001.0,Ciudad Real,2835.96,2,1417.98,2.0,1.0986122886681098,690,False,0.0,-1.0,0.6299223444582058
1000101900,41800.0,Sevilla,2834.9300000000003,3,944.9766666666668,0.47120418848167545,0.3860812412871159,39,True,0.0,-1.0,0.0
1000080323,37188.0,Salamanca,2833.9,5,566.78,0.09823182711198429,0.09370145660457642,161,True,0.0,-1.0,0.0
29074,4003.0,Almería,2833.31,7,404.75857142857143,0.15261627906976744,0.1420343837015043,410,False,0.0,-1.0,0.0
1000082359,39008.0,Cantabria,2831.43,2,1415.715,0.20066889632107024,0.18287881509759246,1169,False,0.0,-1.0,0.0
1000073185,41980.0,Huelva,2831.37,2,1415.685,0.05803157172271791,0.056410173938623916,763,False,0.0,-1.0,0.0
28911,47140.0,Valladolid,2829.71,4,707.4275,0.08130081300813008,0.07816477284933626,132,True,0.0,-0.03621006037344692,0.0
3701,33005.0,Asturias,2829.6099999999997,2,1414.8049999999998,0.1518987341772152,0.14141165404982856,1426,False,0.0,-1.0,0.0
1000081946,8029.0,Barcelona,2829.39,1,2829.39,1.0,0.6931471805599453,1785,False,0.0,-1.0,0.0
37784,13300.0,Ciudad Real,2824.84,2,1412.42,0.07802340702210664,0.07512918562965101,670,False,0.0,-1.0,0.0
13607,8759.0,Barcelona,2823.05,5,564.61,0.0906344410876133,0.08675958295581802,39,True,0.0,-1.0,0.0
1000070037,28019.0,Madrid,2820.8500000000004,3,940.2833333333334,0.21377672209026127,0.19373675652132302,1218,False,0.0,-1.0,0.0
21118,33013.0,Asturias,2820.72,4,705.18,0.18604651162790697,0.17062551703076334,803,False,0.0,-0.12046414179155801,0.0
1000100943,17251.0,Barcelona,2818.56,3,939.52,0.48128342245989303,0.39290888933275187,482,False,0.0,-1.0,0.0
24966,6300.0,Badajoz,2818.17,3,939.39,0.08341056533827618,0.08011399621393375,572,False,0.0,-1.0,0.0
1000101794,46117.0,Valencia,2815.8199999999997,2,1407.9099999999999,0.46875,0.38441169891033206,172,True,0.0,-1.0,0.0
42744,28024.0,Madrid,2815.01,4,703.7525,0.21543985637342908,0.19510603298499096,161,True,0.0,-1.0,0.0
1000081832,34200.0,Palencia,2814.46,3,938.1533333333333,0.06818181818181818,0.06595796779179743,305,False,0.0,-1.0,0.0
1000101211,36201.0,Pontevedra,2811.52,7,401.6457142857143,0.4827586206896552,0.3939042857070884,59,True,0.0,-1.0,0.0
28321,48008.0,Vizcaya,2810.39,1,2810.39,1.0,0.6931471805599453,1496,False,0.0,0.0,0.0
1000077908,38612.0,Sta.Cruz Tenerife,2809.47,5,561.894,0.08912655971479501,0.08537605364889901,19,True,0.0,-1.0,0.0
21373,36600.0,Pontevedra,2806.47,3,935.4899999999999,0.3879310344827586,0.32781417387809836,1559,False,0.0,-1.0,0.0
42896,38911.0,Sta.Cruz Tenerife,2805.95,4,701.4875,0.26143790849673204,0.2322522675124501,80,True,0.0,-1.0,0.0
1000100661,30820.0,Murcia,2804.81,4,701.2025,0.29268292682926833,0.25671984684781407,276,False,0.0,-1.0,0.0
1000100410,36201.0,Pontevedra,2803.54,6,467.25666666666666,0.23166023166023167,0.20836304108530682,61,True,0.0,0.22956283691599377,0.0
1000100159,38203.0,Sta.Cruz Tenerife,2799.56,8,349.945,0.4067796610169491,0.34130316389087845,447,False,0.0,-1.0,0.0
38685,28022.0,Madrid,2798.55,4,699.6375,0.1088929219600726,0.10336215001868083,459,False,0.0,-1.0,0.0
35217,15011.0,A Coruña,2796.7599999999998,11,254.25090909090906,0.20952380952380953,0.1902267363010679,110,True,0.0,-1.0,0.0
14017,2001.0,Albacete,2793.24,4,698.31,0.11059907834101383,0.10489957995019546,657,False,0.0,2.1748620189083843,0.0
1000100227,47010.0,Valladolid,2792.81,2,1396.405,0.16129032258064516,0.14953173397096375,262,False,0.0,-1.0,0.0
1000069167,23200.0,Jaén,2792.65,2,1396.325,0.38216560509554137,0.3236515481921515,612,False,0.0,-1.0,0.0
1000100000,3760.0,Alicante,2791.12,3,930.3733333333333,0.24657534246575344,0.22040006536845894,1299,False,0.0,-1.0,0.0
1000101624,28004.0,Madrid,2790.87,2,1395.435,0.30612244897959184,0.26706278524904525,179,True,0.0,-1.0,0.0
1000082261,31005.0,Navarra,2788.08,2,1394.04,1.3953488372093024,0.8735288725360734,1502,False,0.0,-1.0,0.0
1000059597,48004.0,Vizcaya,2788.01,3,929.3366666666667,0.10262257696693272,0.09769150308111128,657,False,0.0,0.6449101522411281,0.0
1000101739,21002.0,Huelva,2787.8,2,1393.9,0.5084745762711864,0.4110989258264204,208,False,0.0,-1.0,0.0
19903,8840.0,Barcelona,2780.91,7,397.2728571428571,0.11979463776383344,0.11314530935522657,38,True,0.0,-1.0,0.0
1000101224,38530.0,Sta.Cruz Tenerife,2780.5,6,463.4166666666667,0.4545454545454546,0.3746934494414107,77,True,0.0,0.31162946955526905,0.0
41869,45001.0,Toledo,2779.43,3,926.4766666666666,0.3658536585365854,0.3117796240308415,18,True,0.0,-1.0,0.0
23342,8940.0,Barcelona,2777.96,2,1388.98,0.05803157172271791,0.056410173938623916,454,False,0.0,-1.0,0.0
1000069727,28942.0,Madrid,2777.4700000000003,5,555.494,0.12335526315789475,0.11631997760462306,574,False,0.0,-1.0,0.0
1073,47400.0,Valladolid,2776.21,5,555.242,0.0879765395894428,0.08431958532391834,24,True,0.0,-1.0,0.0
2376,38002.0,Sta.Cruz Tenerife,2775.19,7,396.4557142857143,0.14046822742474915,0.13143890389283036,273,False,0.0,-1.0,0.0
13543,10300.0,Cáceres,2773.9700000000003,3,924.6566666666668,0.15625,0.1451820098444979,706,False,0.0,-1.0,0.0
11155,50006.0,Zaragoza,2773.5,2,1386.75,0.10152284263959391,0.09669362480247104,774,False,0.0,-1.0,0.0
1000079944,30891.0,Murcia,2772.69,4,693.1725,0.4979253112033195,0.4040810248422259,60,True,0.0,-1.0,0.0
26067,37004.0,Salamanca,2772.53,5,554.5060000000001,0.2702702702702703,0.23922968906583417,1165,False,0.0,-1.0,0.0
1000100332,28015.0,Madrid,2771.27,3,923.7566666666667,0.19313304721030042,0.17658266012493648,438,False,0.0,-1.0,0.0
8952,45214.0,Toledo,2769.67,7,395.6671428571429,0.32507739938080493,0.28147087235914026,1137,False,0.0,-1.0,0.0
1000082260,8017.0,Barcelona,2768.0,4,692.0,0.16483516483516483,0.1525795875952171,832,False,0.0,-1.0,0.0
1000065263,28911.0,Madrid,2767.72,4,691.93,0.07038123167155425,0.06801487629897471,24,True,0.0,0.04688703247000115,0.0
1000100175,41770.0,Sevilla,2767.6,2,1383.8,0.2061855670103093,0.18746295629437332,739,False,0.0,-1.0,0.0
7523,17200.0,Girona,2766.08,4,691.52,0.136986301369863,0.12838116664820678,802,False,0.0,-1.0,0.0
1000075628,28031.0,Madrid,2763.6400000000003,6,460.60666666666674,0.11435832274459974,0.10827874395477981,201,False,0.0,-1.0,0.0
1000081575,3012.0,Alicante,2762.35,6,460.39166666666665,0.11097410604192355,0.105237203492925,70,True,0.0,-1.0,0.0
1000078816,29007.0,Málaga,2760.81,1,2760.81,1.0,0.6931471805599453,88,True,0.0,-1.0,0.0
1000101466,46008.0,Valencia,2760.78,5,552.1560000000001,0.36855036855036855,0.313752054484689,28,True,0.0,-1.0,0.0
1000064271,23485.0,Jaén,2760.22,1,2760.22,1.0,0.6931471805599453,970,False,0.0,-1.0,0.0
23817,35300.0,Las Palmas,2759.92,8,344.99,0.14971927635683094,0.13951780506027034,172,True,0.0,-1.0,0.0
1000100112,28014.0,Madrid,2759.24,4,689.81,0.1437125748502994,0.13427961562987475,229,False,0.0,-1.0,0.0
30442,9004.0,Burgos,2759.15,3,919.7166666666667,0.07317073170731707,0.07061756721395336,350,False,0.0,-1.0,0.0
1000072836,38108.0,Sta.Cruz Tenerife,2758.55,2,1379.275,0.22556390977443608,0.20340107258500856,860,False,0.0,-1.0,0.0
42974,33205.0,Asturias,2756.78,6,459.46333333333337,0.5825242718446602,0.4590212125771265,84,True,0.0,-1.0,0.0
1000101453,8037.0,Barcelona,2755.87,2,1377.935,0.2955665024630542,0.25894805313597724,250,False,0.0,-1.0,0.0
1000079085,46410.0,Valencia,2755.5,4,688.875,0.07984031936127745,0.07681317776161672,28,True,0.0,-1.0,0.0
1000080583,18004.0,Granada,2753.68,4,688.42,0.08287292817679558,0.07961762796469148,348,False,0.0,-0.4448155065715294,0.0
1000078699,33191.0,Asturias,2752.74,2,1376.37,0.111731843575419,0.1059190188837374,1176,False,0.0,-1.0,0.0
28036,46005.0,Valencia,2750.52,3,916.84,0.06032171581769437,0.05857236756389302,319,False,0.0,-1.0,0.0
1000100541,46950.0,Valencia,2747.9300000000003,5,549.586,0.20380434782608695,0.1854868318762047,27,True,0.0,-1.0,0.0
1000067996,29130.0,Málaga,2747.78,7,392.54,0.5048076923076923,0.4086651108388352,1342,False,0.0,-1.0,0.0
26599,28030.0,Madrid,2747.32,8,343.415,0.18113207547169813,0.16647336455393102,222,False,0.0,-0.6146744598652831,0.0
1000080114,8980.0,Barcelona,2746.7200000000003,3,915.5733333333334,0.05803157172271791,0.056410173938623916,47,True,0.0,-1.0,0.0
1000101053,8393.0,Barcelona,2740.5299999999997,2,1370.2649999999999,0.12474012474012473,0.11755200874072033,122,True,0.0,-1.0,0.0
38691,8190.0,Barcelona,2739.25,4,684.8125,0.17991004497751123,0.16543820250177949,976,False,0.0,-1.0,0.0
1000058933,8908.0,Barcelona,2738.14,3,912.7133333333333,0.1323529411764706,0.12429771667757715,325,False,0.0,-1.0,0.0
1000082794,8922.0,Barcelona,2737.9500000000003,3,912.6500000000001,0.6976744186046512,0.5292593254548287,943,False,0.0,-1.0,0.0
1000101459,28010.0,Madrid,2737.37,7,391.05285714285714,0.498812351543943,0.4046730288588317,12,True,0.3333333333333333,-1.0,1.4927719422802632
1000075531,8028.0,Barcelona,2734.2799999999997,2,1367.1399999999999,0.2298850574712644,0.20692071580732246,1048,False,0.0,-1.0,0.0
33105,26580.0,La Rioja,2732.24,3,910.7466666666666,0.22959183673469388,0.20668227426013777,285,False,0.0,-1.0,0.0
2335,39009.0,Cantabria,2731.92,5,546.384,0.24350649350649348,0.2179352062070715,1180,False,0.0,-1.0,0.15749067505072165
1000100338,49025.0,Zamora,2730.76,4,682.69,0.18181818181818182,0.1670540846631662,227,False,0.0,-1.0,0.0
1000100260,28009.0,Madrid,2730.48,3,910.16,0.10869565217391304,0.10318423623523076,118,True,0.0,-0.07644867017859447,0.0
5194,23300.0,Jaén,2729.52,5,545.904,0.17142857142857143,0.15822400521489413,573,False,0.0,-1.0,0.0
42910,3001.0,Alicante,2724.81,6,454.135,0.474934036939314,0.3886132680726728,26,True,0.0,-1.0,0.0
37307,6005.0,Badajoz,2724.49,2,1362.245,0.05803157172271791,0.056410173938623916,278,False,0.0,-1.0,0.0
37851,29100.0,Málaga,2724.23,3,908.0766666666667,0.24,0.2151113796169455,249,False,0.0,-1.0,0.0
1000078792,28028.0,Madrid,2723.27,8,340.40875,0.17204301075268819,0.15874838907588779,270,False,0.0,-0.43964247426634007,0.0
2545,28830.0,Madrid,2721.29,3,907.0966666666667,0.13761467889908258,0.12893368337589317,334,False,0.0,-1.0,0.0
1000079368,28018.0,Madrid,2718.58,13,209.12153846153845,0.2575957727873184,0.22920178135391656,55,True,0.0,-1.0,0.0
1000081150,3003.0,Alicante,2717.86,2,1358.93,0.1749271137026239,0.16120611478074306,1292,False,0.0,-1.0,0.0
22027,35600.0,Las Palmas,2717.86,2,1358.93,0.9375,0.661398482245365,1295,False,0.0,-1.0,0.0
1000081242,29660.0,Málaga,2715.94,8,339.4925,0.17253774263120059,0.15917041069757096,381,False,0.0,-1.0,0.0
33994,28529.0,Madrid,2715.41,4,678.8525,0.2569593147751606,0.22869556215919914,392,False,0.0,-1.0,0.0
1000102010,28006.0,Madrid,2713.71,3,904.57,0.6923076923076924,0.5260930958967792,60,True,0.0,-1.0,0.0
1000080266,16004.0,Cuenca,2709.37,6,451.56166666666667,0.14354066985645933,0.13412929996669967,390,False,0.0,-1.0,0.0
1000075175,28031.0,Madrid,2708.45,5,541.6899999999999,0.10197144799456152,0.09710080113423858,27,True,0.0,-1.0,0.0
1000082391,28025.0,Madrid,2705.2,4,676.3,0.23255813953488372,0.20909179785855941,899,False,0.0,-1.0,0.0
1000068522,29014.0,Málaga,2702.0,3,900.6666666666666,0.1480263157894737,0.13804422079620549,1141,False,0.0,-1.0,0.0
11994,15005.0,A Coruña,2701.5,2,1350.75,1.0169491525423728,0.7015860492058099,1697,False,0.0,-1.0,0.0
4139,28036.0,Madrid,2701.31,7,385.90142857142854,0.13166144200626959,0.12368685554803634,201,False,0.0,-1.0,0.0
1000082453,28025.0,Madrid,2700.46,1,2700.46,1.0,0.6931471805599453,839,False,0.0,0.0,0.0
1000100866,20110.0,Gipúzkoa,2695.9700000000003,3,898.6566666666668,0.25862068965517243,0.2300164306019718,28,True,0.0,-1.0,0.0
41697,25001.0,Lleida,2685.84,4,671.46,0.5063291139240506,0.40967564064450784,1561,False,0.0,-1.0,0.0
1000102186,38003.0,Sta.Cruz Tenerife,2685.71,2,1342.855,2.0,1.0986122886681098,68,True,0.0,-1.0,0.2828363936379805
23656,46185.0,Valencia,2683.1,5,536.62,0.2,0.18232155679395465,1055,False,0.0,-1.0,0.0
1000082567,8031.0,Barcelona,2682.71,5,536.542,0.23961661341853036,0.21480214908312023,676,False,0.0,-1.0,0.0
1000100388,48280.0,Vizcaya,2681.7799999999997,4,670.4449999999999,0.14510278113663846,0.13549439816238695,26,True,0.0,-1.0,0.0
9892,18500.0,Granada,2679.96,8,334.995,0.16404647983595352,0.15190227964256398,174,True,0.0,0.02400393507132317,0.0
12744,18200.0,Granada,2678.73,5,535.746,0.08665511265164644,0.08310427412482113,73,True,0.0,-1.0,0.0
1000101041,20005.0,Gipúzkoa,2678.23,3,892.7433333333333,0.15254237288135591,0.14197026127038723,20,True,0.0,-1.0,0.0
1000100645,35003.0,Las Palmas,2675.84,2,1337.92,0.2608695652173913,0.23180161405732433,462,False,0.0,-1.0,0.0
1000064490,15680.0,A Coruña,2672.11,2,1336.055,0.425531914893617,0.35454501768090746,1620,False,0.0,-1.0,0.0
41954,11160.0,Cádiz,2671.13,7,381.59000000000003,0.7835820895522387,0.5786237519805992,1546,False,0.0,-1.0,0.0
40638,14003.0,Córdoba,2670.91,5,534.182,0.12264922322158626,0.1156912700807987,307,False,0.0,-1.0,0.0
1000080255,37900.0,Salamanca,2670.5699999999997,3,890.1899999999999,0.09667024704618689,0.09227854088759847,280,False,0.0,-1.0,0.0
42867,28046.0,Madrid,2668.17,4,667.0425,0.22727272727272727,0.20479441264601322,54,True,0.0,-1.0,0.0
1000037777,8031.0,Barcelona,2666.2599999999998,3,888.7533333333332,0.08450704225352113,0.08112554481236843,650,False,0.0,-1.0,0.0
1000081424,12005.0,Castellón,2665.3,4,666.325,0.22099447513812154,0.19966567025192705,1053,False,0.0,-1.0,0.0
1000101694,4120.0,Almería,2662.8,4,665.7,0.6857142857142857,0.5221893824163057,158,True,0.0,-1.0,0.0
1000101555,12004.0,Castellón,2662.5,2,1331.25,0.22304832713754646,0.2013463711635328,150,True,0.0,-1.0,0.0
25451,18004.0,Granada,2660.75,2,1330.375,0.06651884700665188,0.06439993060308283,250,False,0.0,-1.0,0.0
1000065974,48008.0,Vizcaya,2657.1,10,265.71,0.1812688821752266,0.16658918460830288,94,True,0.0,-1.0,0.0
32216,28032.0,Madrid,2655.79,4,663.9475,0.07202881152460984,0.06955293870965636,82,True,0.0,-1.0,0.0
1000082535,25001.0,Lleida,2654.87,3,884.9566666666666,1.7307692307692306,1.0045833390198333,1072,False,1.0,-1.0,0.0
1000081705,10529.0,Cáceres,2654.36,6,442.3933333333334,0.12362637362637363,0.11656128840606109,25,True,0.0,-1.0,0.0
42615,15970.0,A Coruña,2651.4300000000003,8,331.42875000000004,0.34285714285714286,0.2947995402206449,116,True,0.0,1.5246455201859768,0.0
1000079370,28002.0,Madrid,2649.2599999999998,3,883.0866666666666,0.14106583072100315,0.1319627648518961,992,False,0.0,-1.0,0.0
1000056400,8340.0,Barcelona,2649.19,7,378.4557142857143,0.15753938484621158,0.14629653218445218,488,False,0.0,-1.0,0.0
1000075926,41013.0,Sevilla,2648.44,3,882.8133333333334,0.3879310344827586,0.32781417387809836,1488,False,0.0,-1.0,0.0
20114,23460.0,Jaén,2647.59,3,882.5300000000001,0.072992700729927,0.07045166095061138,467,False,0.0,-1.0,0.0
30532,9400.0,Burgos,2647.1800000000003,5,529.436,0.1392757660167131,0.13039276755452286,299,False,0.0,2.2858959659990767,0.0
42233,30201.0,Murcia,2645.2,9,293.9111111111111,0.2170418006430868,0.19642316069826932,133,True,0.0,0.7618311736837977,0.0
1000101571,18240.0,Granada,2643.51,2,1321.755,0.19933554817275748,0.18176769358400519,104,True,0.0,-1.0,0.0
1000081181,33210.0,Asturias,2643.41,8,330.42625,0.15018773466833543,0.1399251765894124,202,False,0.0,1.0803170085386202,0.0
41637,30510.0,Murcia,2638.84,6,439.8066666666667,0.19736842105263158,0.18012616623051897,732,False,0.0,-1.0,0.0
20026,46940.0,Valencia,2638.38,6,439.73,0.24896265560165973,0.22231333125822073,949,False,0.0,-0.21448932621043526,0.0
14299,3700.0,Alicante,2637.51,4,659.3775,0.36697247706422015,0.3125984237163154,1347,False,0.0,-0.4508108616102108,0.47749079553645096
1000077109,18008.0,Granada,2634.01,5,526.802,0.12067578439259856,0.11393188226909459,472,False,0.0,-0.13408025293867554,0.0
1000080509,28903.0,Madrid,2629.95,7,375.70714285714286,0.11857707509881424,0.1120574089157174,46,True,0.0,-1.0,0.0
1000081076,8304.0,Barcelona,2629.79,5,525.958,0.46875,0.38441169891033206,1491,False,0.0,-1.0,0.0
27207,28770.0,Madrid,2622.95,9,291.43888888888887,0.20270270270270271,0.1845712765279701,419,False,0.0,-1.0,0.0
1000101989,11008.0,Cádiz,2621.09,1,2621.09,1.0,0.6931471805599453,206,False,0.0,-1.0,0.0
1000082500,46520.0,Valencia,2619.36,3,873.12,0.6164383561643836,0.48022518331727365,1204,False,0.0,-1.0,0.0
5292,21600.0,Huelva,2618.8599999999997,2,1309.4299999999998,0.16759776536312848,0.154948446124056,48,True,0.0,-1.0,0.0
1000079304,41740.0,Sevilla,2618.8599999999997,2,1309.4299999999998,0.19292604501607716,0.176409150428201,25,True,0.0,-1.0,0.0
1000074650,15840.0,A Coruña,2617.51,4,654.3775,0.1000834028356964,0.09538599768980034,150,True,0.0,-1.0,0.0
1000068433,36210.0,Pontevedra,2615.94,5,523.188,0.11700468018720749,0.11065071003997558,277,False,0.0,-0.06859076470643678,0.0
42731,14007.0,Córdoba,2614.65,4,653.6625,0.28103044496487123,0.2476647891933567,88,True,0.0,-1.0,0.0
1000041094,23700.0,Jaén,2613.24,4,653.31,0.38216560509554137,0.3236515481921515,1127,False,0.0,-1.0,0.013821774458053555
1000100519,28917.0,Madrid,2613.22,15,174.21466666666666,0.6484149855907781,0.49981421143293875,77,True,0.0,-1.0,0.0
14713,8030.0,Barcelona,2612.29,6,435.38166666666666,0.11620400258231117,0.10993364526642187,26,True,0.0,-1.0,0.0
4989,20730.0,Gipúzkoa,2611.41,4,652.8525,0.15424164524421594,0.143443544123808,934,False,0.0,-1.0,0.0
1000100399,18100.0,Granada,2610.5299999999997,2,1305.2649999999999,0.1941747572815534,0.17745536714278173,536,False,0.0,-1.0,0.0
1000078992,2500.0,Albacete,2610.19,2,1305.095,0.05803157172271791,0.056410173938623916,202,False,0.0,-1.0,0.0
19238,47003.0,Valladolid,2610.13,6,435.0216666666667,0.20408163265306123,0.18571714579509285,153,True,0.0,-1.0,0.0
1000100237,17840.0,Girona,2609.06,2,1304.53,2.0,1.0986122886681098,942,False,0.0,-1.0,0.7283059457992477
1000101447,28806.0,Madrid,2607.64,3,869.2133333333333,0.30508474576271183,0.26626797794796436,111,True,0.0,-1.0,0.0
41409,28010.0,Madrid,2607.57,4,651.8925,0.30303030303030304,0.2646925542270822,1376,False,0.0,0.019499637753765012,0.0
19034,18006.0,Granada,2607.1800000000003,4,651.7950000000001,0.13574660633484165,0.12729023761403108,494,False,0.0,0.44539548841412474,0.0
1000078518,8950.0,Barcelona,2606.5600000000004,2,1303.2800000000002,2.0,1.0986122886681098,1531,False,0.0,-1.0,0.03517954982209177
1000100511,10950.0,Cáceres,2606.14,2,1303.07,0.09933774834437087,0.09470795154161891,178,True,0.0,-1.0,0.0
1000079729,28904.0,Madrid,2605.76,5,521.152,0.1112759643916914,0.10550887260491246,430,False,0.0,-1.0,0.0
1000101825,47320.0,Valladolid,2604.1600000000003,2,1302.0800000000002,0.3726708074534162,0.31675833653328983,53,True,0.0,-1.0,0.0
34142,28034.0,Madrid,2602.59,2,1301.295,0.06269592476489029,0.0608090045956057,412,False,0.0,-1.0,0.0
32398,48901.0,Vizcaya,2597.66,1,2597.66,1.0,0.6931471805599453,1378,False,0.0,0.0,0.0
2884,28033.0,Madrid,2596.75,3,865.5833333333334,0.07200000000000001,0.06952606264861025,45,True,0.0,-1.0,0.0
13958,10001.0,Cáceres,2596.59,4,649.1475,0.21897810218978103,0.1980128865886302,1252,False,0.0,-1.0,0.08251108410287435
1000070963,36203.0,Pontevedra,2596.21,7,370.88714285714286,0.21255060728744943,0.19272608092752688,451,False,0.0,-1.0,0.0
1000101485,11203.0,Cádiz,2594.84,1,2594.84,1.0,0.6931471805599453,318,False,0.0,-1.0,0.0
1000102011,9002.0,Burgos,2591.45,3,863.8166666666666,0.5732484076433121,0.45314253127966914,31,True,0.0,-0.1148407926965041,0.0
42722,11540.0,Cádiz,2590.34,4,647.585,0.1724137931034483,0.15906469462968736,26,True,0.0,-1.0,0.0
1000080104,8921.0,Barcelona,2589.93,3,863.31,0.28938906752411575,0.25416851512733507,1501,False,0.0,-1.0,0.0
5300,21410.0,Huelva,2588.71,5,517.742,0.09363295880149813,0.08950514386803222,202,False,0.0,-1.0,0.0
1000078632,23710.0,Jaén,2587.61,2,1293.805,0.0819672131147541,0.0787808778531143,1082,False,0.0,-1.0,0.0
1000080381,3182.0,Alicante,2587.02,2,1293.51,0.05803157172271791,0.056410173938623916,312,False,0.0,-1.0,0.0
31843,18680.0,Granada,2586.67,3,862.2233333333334,0.4433497536945813,0.36696662997527996,1470,False,0.0,-1.0,0.0
1000101683,8027.0,Barcelona,2584.15,2,1292.075,0.26905829596412556,0.23827512618311886,117,True,0.0,-1.0,0.0
1000082481,46220.0,Valencia,2582.63,4,645.6575,0.11100832562442184,0.10526800444077528,290,False,0.0,-1.0,0.0
28985,30168.0,Murcia,2581.84,6,430.3066666666667,0.13544018058690746,0.12702040005460358,237,False,0.0,-0.4883481120098837,0.0
43006,8389.0,Barcelona,2580.99,3,860.3299999999999,0.3071672354948805,0.26786238016357866,19,True,0.0,-1.0,0.0
42390,28921.0,Madrid,2580.14,2,1290.07,0.1948051948051948,0.17798315519535646,321,False,0.0,-1.0,0.0
1000081131,8170.0,Barcelona,2580.12,3,860.04,0.4147465437788018,0.3469503940467376,355,False,0.0,-1.0,0.0
40864,8304.0,Barcelona,2577.9700000000003,4,644.4925000000001,0.20442930153321975,0.1860058460684763,1055,False,0.0,-1.0,0.0
1000077196,15010.0,A Coruña,2574.52,4,643.63,0.10058675607711652,0.09584345220488008,187,False,0.0,-0.12945321152410214,0.0
9582,33600.0,Asturias,2573.49,2,1286.745,0.07001166861143523,0.06766955365868506,787,False,0.0,-1.0,0.0
1000078619,36001.0,Pontevedra,2569.02,2,1284.51,0.066006600660066,0.0639195177132874,448,False,0.0,-1.0,0.0
1000082152,28036.0,Madrid,2567.9700000000003,8,320.99625000000003,0.1444043321299639,0.1348842676899421,5,True,0.0,-1.0,0.0
27948,31570.0,Navarra,2567.6,2,1283.8,0.05803157172271791,0.056410173938623916,6,True,0.0,-1.0,0.0
1000064411,17130.0,Girona,2567.42,3,855.8066666666667,0.13062409288824384,0.1227697748570897,326,False,0.0,-1.0,0.0
42630,8029.0,Barcelona,2564.05,6,427.3416666666667,0.3220035778175313,0.2791484477931026,237,False,0.0,-1.0,0.0
1000079430,28029.0,Madrid,2562.97,10,256.29699999999997,0.17261219792865362,0.15923390795733278,45,True,0.0,-1.0,0.0
1000076926,46117.0,Valencia,2562.62,4,640.655,0.19607843137254904,0.1790482314489855,948,False,0.0,-1.0,0.0
42832,15250.0,A Coruña,2559.73,2,1279.865,0.32967032967032966,0.28493103907989104,452,False,0.0,-1.0,0.0
34012,30012.0,Murcia,2556.3599999999997,3,852.1199999999999,0.15873015873015875,0.14732471475685846,958,False,0.0,-1.0,0.0
1000082031,41640.0,Sevilla,2554.64,2,1277.32,0.07874015748031496,0.07579383936953364,979,False,0.0,-1.0,0.0
19056,28037.0,Madrid,2553.1200000000003,6,425.52000000000004,0.13867488443759632,0.1298652042441118,11,True,0.0,-1.0,0.0
1000100585,46380.0,Valencia,2551.66,3,850.5533333333333,0.18072289156626503,0.16612687087397396,216,False,0.0,-1.0,0.0
1000101791,19004.0,Guadalajara,2547.77,2,1273.885,0.35502958579881655,0.30382328863116614,63,True,0.0,-1.0,0.0
42640,35580.0,Las Palmas,2546.24,3,848.7466666666666,0.12430939226519337,0.11716897361682393,47,True,0.0,-1.0,0.0
26447,29600.0,Málaga,2546.1,2,1273.05,0.19867549668874174,0.18121719445090143,1364,False,0.0,-1.0,0.0
1000081015,27400.0,Lugo,2544.59,2,1272.295,0.0881057268722467,0.08443831914657453,1033,False,0.0,-1.0,0.0
40733,8840.0,Barcelona,2544.51,6,424.08500000000004,0.158311345646438,0.146963207992745,495,False,0.0,0.3200995514224826,0.0
5129,23470.0,Jaén,2544.34,4,636.085,0.1749271137026239,0.16120611478074306,950,False,0.0,-0.24496000472268958,0.0
1000080790,41008.0,Sevilla,2541.49,4,635.3725,0.10989010989010989,0.1042610103244094,627,False,0.0,-1.0,0.0
1000064988,8210.0,Barcelona,2541.46,8,317.6825,0.14625228519195613,0.1364977382109395,117,True,0.0,-1.0,0.0
6700,4005.0,Almería,2538.3199999999997,2,1269.1599999999999,0.12121212121212122,0.11441035117774422,1008,False,0.0,-1.0,0.0
1000077525,34002.0,Palencia,2536.03,6,422.6716666666667,0.1331360946745562,0.1249890936976272,172,True,0.0,-1.0,0.0
3161,29002.0,Málaga,2534.91,4,633.7275,0.07575757575757576,0.07302513501488987,53,True,0.0,-1.0,0.0
1000082671,28804.0,Madrid,2534.4,6,422.40000000000003,0.16791044776119401,0.15521621002929653,110,True,0.0,-0.06480379942484045,0.0
1000080480,36001.0,Pontevedra,2532.68,10,253.26799999999997,0.1762632197414806,0.16234265074184645,32,True,0.0,0.14876224398931442,0.0
41829,48901.0,Vizcaya,2531.97,4,632.9925,0.3037974683544304,0.2652811357626143,1376,False,0.0,0.30985843570030375,0.0
16680,28006.0,Madrid,2530.24,6,421.70666666666665,0.15384615384615385,0.14310084364067333,238,False,0.0,-1.0,0.0
7034,8227.0,Barcelona,2530.12,2,1265.06,0.05803157172271791,0.056410173938623916,375,False,0.0,-1.0,0.0
1000071414,8036.0,Barcelona,2530.12,2,1265.06,0.08583690987124463,0.08235103516181967,462,False,0.0,-1.0,0.0
1000039366,12520.0,Castellón,2530.12,2,1265.06,0.08086253369272237,0.07775936469913404,389,False,0.0,-0.03877308983233467,0.0
7971,28019.0,Madrid,2530.02,4,632.505,0.11009174311926605,0.10444266336759737,287,False,0.0,-0.26838873347459935,0.0
32872,46520.0,Valencia,2529.5299999999997,2,1264.7649999999999,0.5084745762711864,0.4110989258264204,1631,False,0.0,-1.0,0.0
32067,21002.0,Huelva,2529.44,4,632.36,0.08995502248875561,0.08613643161789564,210,False,0.0,0.3892806117432021,0.0
2095,36211.0,Pontevedra,2529.17,6,421.52833333333336,0.11795543905635648,0.11150151620722211,249,False,0.0,-0.6502483268607593,0.0
1000080065,12200.0,Castellón,2528.32,3,842.7733333333334,0.28391167192429023,0.24991141156531438,1378,False,0.0,-0.19187880403394197,0.0
1000101021,46160.0,Valencia,2526.8,5,505.36,0.2884615384615385,0.25344890080953875,101,True,0.0,-1.0,0.0
41740,18193.0,Granada,2522.61,3,840.87,0.16697588126159557,0.15441568579144338,1259,False,0.0,-1.0,0.0
1000101627,26007.0,La Rioja,2522.06,3,840.6866666666666,0.625,0.4855078157817008,234,False,0.0,-1.0,0.0
1000101886,11406.0,Cádiz,2521.11,3,840.37,0.43902439024390244,0.36396537720141164,62,True,0.0,-1.0,0.0
1000079928,8034.0,Barcelona,2519.8900000000003,2,1259.9450000000002,0.09900990099009901,0.09440968447107469,798,False,0.0,-1.0,0.0
1000081854,28221.0,Madrid,2519.42,5,503.884,0.16447368421052633,0.15226921172755276,389,False,0.0,-1.0,0.0
32562,28018.0,Madrid,2517.41,2,1258.705,0.24793388429752067,0.22148929121818325,949,False,0.0,-1.0,0.0
1000081286,43881.0,Tarragona,2517.3999999999996,2,1258.6999999999998,0.19801980198019803,0.18067002875548163,1070,False,0.0,-1.0,0.0
1000078324,2001.0,Albacete,2514.96,4,628.74,0.11267605633802817,0.10676797542570607,462,False,0.0,-1.0,0.0
15855,30320.0,Murcia,2513.76,3,837.9200000000001,0.1744186046511628,0.16077322058775173,686,False,0.0,-1.0,0.0
28129,23003.0,Jaén,2513.27,4,628.3175,0.08902077151335312,0.08527891770220855,472,False,0.0,-0.7463514201627728,0.0
1000101892,46021.0,Valencia,2510.2200000000003,2,1255.1100000000001,0.2531645569620253,0.2256719976675684,28,True,0.0,-1.0,0.0
1195,46001.0,Valencia,2510.19,3,836.73,0.0821167883211679,0.07891911204970993,613,False,0.0,-1.0,0.0
1000082314,6003.0,Badajoz,2509.93,6,418.32166666666666,0.1329394387001477,0.1248155284549812,159,True,0.0,-1.0,0.0
17352,8223.0,Barcelona,2506.24,2,1253.12,0.24096385542168672,0.21588838043303782,1488,False,0.0,-1.0,0.0
1000067289,15403.0,A Coruña,2506.1000000000004,5,501.2200000000001,0.646551724137931,0.49868323694026523,1554,False,0.0,-1.0,0.7191804301370965
1000100396,50008.0,Zaragoza,2502.96,2,1251.48,0.0947867298578199,0.09055957704572704,213,False,0.0,-1.0,0.0
1000080298,50004.0,Zaragoza,2502.77,2,1251.385,2.0,1.0986122886681098,1655,False,0.0,-1.0,0.24013326738042007
1000080289,28914.0,Madrid,2502.54,3,834.18,0.11688311688311688,0.11054187439982388,490,False,0.0,-1.0,0.0
1000079704,15287.0,A Coruña,2502.49,2,1251.245,0.11299435028248588,0.10705399616415937,327,False,0.0,-1.0,0.0
9260,36980.0,Pontevedra,2501.1099999999997,4,625.2774999999999,0.16597510373443983,0.15355773584309076,641,False,0.0,-1.0,0.0
1000053457,8030.0,Barcelona,2501.02,2,1250.51,0.21352313167259784,0.193527807949771,1419,False,0.0,-1.0,0.0
39154,28702.0,Madrid,2500.44,2,1250.22,0.49180327868852464,0.39998564234353884,816,False,0.0,-1.0,0.0
31263,29002.0,Málaga,2500.42,2,1250.21,0.07731958762886598,0.07447609290148288,203,False,0.0,-1.0,0.0
24109,50012.0,Zaragoza,2499.13,3,833.0433333333334,0.6,0.4700036292457355,1671,False,0.0,-1.0,0.0
38631,41440.0,Sevilla,2498.4500000000003,4,624.6125000000001,0.10628875110717449,0.10101094597591566,292,False,0.5,-1.0,1.4927719422802632
33327,18194.0,Granada,2495.07,4,623.7675,0.2608695652173913,0.23180161405732433,1280,False,0.0,-1.0,0.0
1000057485,8011.0,Barcelona,2494.01,2,1247.005,0.30612244897959184,0.26706278524904525,1379,False,0.0,0.8888927499971043,0.0
1000102048,28294.0,Madrid,2490.96,3,830.32,0.9090909090909092,0.6466271649250525,73,True,0.0,-1.0,0.014005628970023148
1000080809,29007.0,Málaga,2486.71,8,310.83875,0.17253774263120059,0.15917041069757096,318,False,0.0,0.3146900913294355,0.0
38542,20005.0,Gipúzkoa,2482.83,4,620.7075,0.11730205278592375,0.11091689784318416,776,False,0.0,-1.0,0.0
18697,36142.0,Pontevedra,2481.42,6,413.57,0.11299435028248588,0.10705399616415937,94,True,0.0,-1.0,0.0
1000061992,43800.0,Tarragona,2480.1,2,1240.05,0.17142857142857143,0.15822400521489413,1327,False,0.0,-1.0,0.0
42544,2003.0,Albacete,2478.4,2,1239.2,0.0823045267489712,0.0790925888372161,235,False,0.0,-1.0,0.0
1000081238,33212.0,Asturias,2478.21,3,826.07,0.25641025641025644,0.22825865198098022,1293,False,0.0,-1.0,0.0
1000102240,35002.0,Las Palmas,2476.74,1,2476.74,1.0,0.6931471805599453,48,True,0.0,-1.0,0.0
43116,8940.0,Barcelona,2474.11,3,824.7033333333334,0.6818181818181818,0.5198754592859086,42,True,0.0,-1.0,0.0
11900,12002.0,Castellón,2473.94,3,824.6466666666666,0.28938906752411575,0.25416851512733507,1165,False,0.0,-1.0,0.0
1000079838,28040.0,Madrid,2473.35,3,824.4499999999999,0.3703703703703704,0.3150810466398954,1179,False,0.0,-1.0,0.3510025877446402
1000101621,33403.0,Asturias,2470.49,2,1235.245,0.20066889632107024,0.18287881509759246,80,True,0.0,-1.0,0.0
42844,14011.0,Córdoba,2468.74,2,1234.37,0.11673151750972763,0.1104061308644013,96,True,0.0,-1.0,0.0
1000101167,3015.0,Alicante,2467.57,3,822.5233333333334,0.16791044776119401,0.15521621002929653,7,True,0.0,-1.0,0.0
1000100206,38400.0,Sta.Cruz Tenerife,2466.38,3,822.1266666666667,0.11764705882352941,0.11122563511022437,159,True,0.0,-1.0,0.0
2387,38201.0,Sta.Cruz Tenerife,2466.16,6,411.02666666666664,0.11726384364820848,0.11088269957874278,53,True,0.0,-0.1569604897788983,0.0
12840,8304.0,Barcelona,2465.93,1,2465.93,1.0,0.6931471805599453,349,False,0.0,-1.0,0.0
1000102072,41920.0,Sevilla,2464.87,2,1232.435,1.25,0.8109302162163288,103,True,0.0,-1.0,0.0
1000079052,36350.0,Pontevedra,2464.5,5,492.9,0.4032258064516129,0.33877373360949214,1183,False,0.0,-1.0,0.0
1000076954,7100.0,Baleares,2463.39,1,2463.39,1.0,0.6931471805599453,1376,False,0.0,0.0,0.0
2345,38002.0,Sta.Cruz Tenerife,2461.07,11,223.73363636363638,0.23605150214592274,0.21192202657024536,84,True,0.0,-1.0,0.0
1000076144,6480.0,Badajoz,2460.6,4,615.15,0.0947867298578199,0.09055957704572704,355,False,0.0,-1.0,0.0
1000079765,30560.0,Murcia,2457.17,4,614.2925,0.15228426395939088,0.1417462887434142,784,False,0.0,-1.0,0.0
1000082745,28003.0,Madrid,2456.8,7,350.9714285714286,0.2,0.18232155679395465,81,True,0.0,0.2574022470139919,0.0
1000038513,10600.0,Cáceres,2454.83,2,1227.415,0.47619047619047616,0.38946476676172326,1652,False,0.0,-1.0,0.0
25656,8028.0,Barcelona,2453.03,7,350.4328571428572,0.42510121457489886,0.35424283897011993,151,True,0.0,-1.0,0.0
1262,31500.0,Navarra,2453.02,5,490.604,0.16611295681063123,0.15367595871699008,817,False,0.5,-1.0,0.0
1000101867,28936.0,Madrid,2452.4300000000003,3,817.4766666666668,0.37190082644628103,0.31619724275980216,31,True,0.0,0.0021728884726737435,0.0
10234,35002.0,Las Palmas,2450.65,4,612.6625,0.08157715839564922,0.07842030773634935,152,True,0.0,-1.0,0.0
2083,36001.0,Pontevedra,2448.73,3,816.2433333333333,0.11688311688311688,0.11054187439982388,1007,False,0.0,-1.0,0.0
1000082049,50100.0,Zaragoza,2448.6400000000003,2,1224.3200000000002,2.0,1.0986122886681098,1719,False,0.0,-1.0,0.1370296612848931
42699,18650.0,Granada,2445.91,4,611.4775,0.28368794326241137,0.24973714088765747,150,True,0.0,-1.0,0.0
42109,11204.0,Cádiz,2443.3,4,610.825,0.09404388714733543,0.0898808194175826,81,True,0.0,-1.0,0.0
1000101189,20120.0,Gipúzkoa,2441.2200000000003,2,1220.6100000000001,0.7792207792207791,0.5761755039744411,453,False,0.0,-1.0,0.0
1000100191,8210.0,Barcelona,2440.54,4,610.135,0.15151515151515152,0.14107859825990554,222,False,0.0,-1.0,0.0
32705,24400.0,León,2438.09,3,812.6966666666667,0.6569343065693432,0.5049690916532779,452,False,0.0,-1.0,0.0
7566,28007.0,Madrid,2435.56,6,405.9266666666667,0.14263074484944532,0.1333332747437359,32,True,0.0,-1.0,0.0
1000065497,33204.0,Asturias,2434.33,10,243.433,0.5217391304347826,0.419853845560264,761,False,0.25,-1.0,1.4927719422802632
1000100925,44002.0,Teruel,2433.7200000000003,6,405.62000000000006,0.3913043478260869,0.3302416868705768,153,True,0.0,-1.0,0.0
15421,3008.0,Alicante,2432.89,5,486.578,0.11355034065102196,0.1075534160791122,398,False,0.0,-1.0,0.0
1000080036,11402.0,Cádiz,2428.16,3,809.3866666666667,0.08302583025830258,0.07975881838845024,315,False,0.0,-1.0,0.0
1000080429,28924.0,Madrid,2426.9700000000003,3,808.9900000000001,0.24793388429752067,0.22148929121818325,1400,False,0.0,-1.0,0.0
9662,2002.0,Albacete,2425.8,5,485.16,0.10231923601637108,0.09741635663444388,236,False,0.0,-1.0,0.0
1000100431,46006.0,Valencia,2424.8599999999997,2,1212.4299999999998,0.15789473684210528,0.14660347419187542,447,False,0.0,-1.0,0.0
1000082219,28017.0,Madrid,2422.47,3,807.4899999999999,0.37815126050420167,0.320742934712669,1372,False,0.0,-1.0,0.0
1000082744,17180.0,Girona,2417.12,4,604.28,0.13071895424836602,0.1228536731053435,214,False,0.0,1.4510437730686248,0.0
32651,15701.0,A Coruña,2417.04,7,345.2914285714286,0.1617873651771957,0.14995965130386607,221,False,0.0,0.1133695977397693,0.0
1000082337,41089.0,Sevilla,2412.68,3,804.2266666666666,0.07431874483897605,0.07168673495941302,280,False,0.0,-1.0,0.0
1000079691,41310.0,Sevilla,2410.31,8,301.28875,0.22367194780987884,0.2018561316720977,25,True,0.0,-1.0,0.0
1000101009,28049.0,Madrid,2410.26,8,301.2825,0.41025641025641024,0.3437715391028245,28,True,0.0,-1.0,0.2881207956133197
1000080549,3001.0,Alicante,2408.13,2,1204.065,2.0,1.0986122886681098,697,False,0.0,-1.0,0.10101567393114001
40422,46008.0,Valencia,2407.8199999999997,2,1203.9099999999999,0.0684931506849315,0.0662493855412006,251,False,0.0,-1.0,0.0
1000082448,48008.0,Vizcaya,2406.06,6,401.01,0.12903225806451613,0.12136085700426744,5,True,0.0,1.089616887364531,0.0
1000075835,35006.0,Las Palmas,2403.55,15,160.23666666666668,0.2786377708978328,0.2457952697383762,133,True,0.0,-0.11213559801965303,0.0
15644,8191.0,Barcelona,2403.39,7,343.34142857142854,0.14295439074200136,0.13361648090366351,89,True,0.0,-0.41506918124115255,0.0
9367,29017.0,Málaga,2399.88,4,599.97,0.10471204188481674,0.0995847054294366,609,False,0.0,-1.0,0.0
1000070578,18008.0,Granada,2399.53,4,599.8825,2.0,1.0986122886681098,1396,False,0.25,-1.0,1.4236719681207852
14078,2400.0,Albacete,2394.91,2,1197.455,0.05803157172271791,0.056410173938623916,384,False,0.0,-1.0,0.0
24217,38005.0,Sta.Cruz Tenerife,2393.91,14,170.9935714285714,0.2517985611510791,0.22458136608383727,104,True,0.0,-1.0,0.0
1000101902,21001.0,Huelva,2391.81,2,1195.905,0.4054054054054054,0.3403258059372029,115,True,0.0,-1.0,0.0
22959,29600.0,Málaga,2391.41,12,199.28416666666666,0.23076923076923078,0.20763936477824452,203,False,0.0,-0.03283230367492503,0.0
1000082751,29602.0,Málaga,2388.91,3,796.3033333333333,1.5517241379310345,0.9367692632176957,1068,False,0.0,-1.0,0.0
4412,28004.0,Madrid,2387.79,6,397.965,0.135236664162284,0.12684114387762793,202,False,0.0,-1.0,0.9043804825416674
23072,20800.0,Gipúzkoa,2386.84,3,795.6133333333333,0.07462686567164178,0.07197349962508924,223,False,0.0,-1.0,0.0
29875,48330.0,Vizcaya,2385.27,2,1192.635,0.1271186440677966,0.119664503756089,907,False,0.0,1.6214529719881574,0.0
1000100286,29011.0,Málaga,2384.85,13,183.45,0.49744897959183676,0.40376298003763395,154,True,0.0,-1.0,0.0
1000078882,33211.0,Asturias,2384.71,2,1192.355,0.1863354037267081,0.1708690630621669,228,False,0.0,-1.0,0.0
15249,28031.0,Madrid,2382.9700000000003,5,476.59400000000005,0.12019230769230768,0.11350037386438258,327,False,0.0,-1.0,0.0
42428,28911.0,Madrid,2381.71,3,793.9033333333333,2.0,1.0986122886681098,1123,False,0.5,-1.0,0.0
1000101768,41500.0,Sevilla,2379.8399999999997,2,1189.9199999999998,0.20905923344947736,0.18984256418723808,28,True,0.0,-1.0,0.0
1000100495,28922.0,Madrid,2379.5,2,1189.75,0.09836065573770493,0.09381875521765483,116,True,0.0,-1.0,0.0
9722,13001.0,Ciudad Real,2379.49,4,594.8725,0.09795918367346938,0.09345316905711212,334,False,0.0,-1.0,0.0
841,46006.0,Valencia,2378.08,3,792.6933333333333,0.12569832402234637,0.11840357554598269,1084,False,0.0,-1.0,0.0
1000080397,38001.0,Sta.Cruz Tenerife,2377.54,4,594.385,0.34383954154727797,0.29553084624385223,1426,False,0.0,-1.0,0.0
35568,8940.0,Barcelona,2375.19,1,2375.19,1.0,0.6931471805599453,45,True,0.0,-1.0,0.0
1000077491,15147.0,A Coruña,2372.5,6,395.4166666666667,0.1501251042535446,0.13987072276578755,453,False,0.0,-1.0,0.0
25953,18001.0,Granada,2372.23,5,474.446,0.09658725048293626,0.09220285751400122,237,False,0.0,-1.0,0.0
1000101129,39008.0,Cantabria,2371.45,4,592.8625,2.0,1.0986122886681098,545,False,0.25,-1.0,1.4013513079935251
31235,27003.0,Lugo,2369.4700000000003,3,789.8233333333334,1.40625,0.8780695190539572,1680,False,0.0,-1.0,0.0
11721,14008.0,Córdoba,2367.53,2,1183.765,0.05803157172271791,0.056410173938623916,588,False,0.0,-1.0,0.0
19125,28027.0,Madrid,2366.1099999999997,3,788.7033333333333,0.17821782178217824,0.16400297627026994,1301,False,0.0,-1.0,0.0
42999,46183.0,Valencia,2365.45,1,2365.45,1.0,0.6931471805599453,326,False,0.0,-1.0,0.0
29973,28991.0,Madrid,2365.44,3,788.48,0.07358953393295176,0.07100773861562383,83,True,0.0,-1.0,0.0
41930,14800.0,Córdoba,2364.14,4,591.035,0.09433962264150944,0.0901510969942975,231,False,0.0,-1.0,0.0
1000079789,43202.0,Tarragona,2363.0699999999997,7,337.58142857142855,0.1253731343283582,0.11811465562294432,76,True,0.0,-0.3016485301283091,0.0
1000101999,24750.0,León,2362.28,2,1181.14,0.5660377358490566,0.4485486942444761,81,True,0.0,-1.0,0.0
23791,18230.0,Granada,2361.16,6,393.52666666666664,0.11673151750972763,0.1104061308644013,97,True,0.0,-0.6716313497167874,0.0
1000081006,28923.0,Madrid,2360.85,2,1180.425,0.2857142857142857,0.25131442828090605,264,False,0.0,-0.22330842345291582,0.0
1000042279,8980.0,Barcelona,2359.21,2,1179.605,0.1388888888888889,0.1300531282481978,1365,False,0.0,-1.0,0.0
1000081074,30004.0,Murcia,2359.12,7,337.01714285714286,0.15544041450777202,0.14448158255523322,350,False,0.0,-1.0,0.5665142227509349
1000101442,38400.0,Sta.Cruz Tenerife,2358.1,6,393.01666666666665,0.43373493975903615,0.36028288531493147,41,True,0.0,-1.0,0.0
1000101817,41008.0,Sevilla,2355.0699999999997,2,1177.5349999999999,0.30927835051546393,0.26947610795520843,97,True,0.0,-1.0,0.0
30222,0.0,,2353.74,2,1176.87,0.06543075245365322,0.0633791797863179,740,False,0.0,-1.0,0.0
1000082165,6100.0,Badajoz,2352.0299999999997,4,588.0074999999999,0.449438202247191,0.37117603462953225,1397,False,0.0,-1.0,0.0
1000102212,14850.0,Córdoba,2351.83,2,1175.915,2.0,1.0986122886681098,38,True,0.0,-1.0,1.0021377448084605
7037,15168.0,A Coruña,2351.11,1,2351.11,1.0,0.6931471805599453,1568,False,0.0,-1.0,0.0
1000060160,28804.0,Madrid,2350.03,9,261.1144444444445,0.15807962529274006,0.14676313783414227,34,True,0.0,0.11831837075191229,0.0
42761,41740.0,Sevilla,2346.5200000000004,1,2346.5200000000004,1.0,0.6931471805599453,711,False,0.0,-1.0,0.0
1000079903,3190.0,Alicante,2344.2,4,586.05,0.1301518438177874,0.12235199875671839,763,False,0.0,-1.0,0.0
1000079214,28019.0,Madrid,2343.5,7,334.7857142857143,0.2727272727272727,0.24116205681688804,972,False,0.3333333333333333,1.8493514503470891,1.4927719422802632
1000074496,48014.0,Vizcaya,2342.0,2,1171.0,0.05803157172271791,0.056410173938623916,53,True,0.0,-1.0,0.0
24284,46015.0,Valencia,2332.1099999999997,2,1166.0549999999998,0.05803157172271791,0.056410173938623916,763,False,0.0,-1.0,0.0
1000078586,8206.0,Barcelona,2330.25,5,466.05,0.49180327868852464,0.39998564234353884,1473,False,0.0,-1.0,0.0
5776,33980.0,Asturias,2325.02,3,775.0066666666667,0.17857142857142858,0.16430305129127631,270,False,0.0,-1.0,0.0
10900,49013.0,Zamora,2324.64,3,774.88,0.05803157172271791,0.056410173938623916,46,True,0.0,-1.0,0.0
1000079279,23680.0,Jaén,2323.26,2,1161.63,0.30303030303030304,0.2646925542270822,1292,False,0.0,-1.0,0.0
1000101936,30500.0,Murcia,2322.5,4,580.625,0.6315789473684211,0.48954822531870584,46,True,0.0,-1.0,0.0
1000101808,11100.0,Cádiz,2321.4700000000003,1,2321.4700000000003,1.0,0.6931471805599453,294,False,0.0,-1.0,0.0
1000100566,12001.0,Castellón,2320.39,4,580.0975,0.17804154302670624,0.1638533503348287,66,True,0.0,-1.0,0.0
42329,8013.0,Barcelona,2318.37,7,331.19571428571425,0.2032913843175218,0.1850606223910726,287,False,0.5,0.08421990782001987,1.4927719422802632
23458,48009.0,Vizcaya,2314.46,2,1157.23,0.16438356164383564,0.15219181534192533,1376,False,0.0,0.009952236213634422,0.0
1000100224,8028.0,Barcelona,2314.08,5,462.816,0.1675977653631285,0.15494844612405603,12,True,0.0,-0.2731915067457845,0.0
1000080779,12003.0,Castellón,2313.37,2,1156.685,0.07109004739336493,0.06867686579621939,375,False,0.0,-1.0,0.0
1000067502,50300.0,Zaragoza,2312.77,5,462.554,0.10668563300142248,0.1013696323677267,405,False,0.0,-1.0,0.0
41868,11630.0,Cádiz,2309.69,2,1154.845,0.28169014084507044,0.24817962947553462,1237,False,0.0,-1.0,0.0
1000077523,27001.0,Lugo,2309.41,3,769.8033333333333,0.25,0.22314355131420976,1375,False,0.0,0.12445544822361107,0.0
1000101121,28823.0,Madrid,2306.77,2,1153.385,0.11194029850746269,0.10610650599454778,31,True,0.0,2.2858959659990767,0.0
1000100554,30007.0,Murcia,2306.1000000000004,4,576.5250000000001,0.18433179723502305,0.16917873135476025,105,True,0.0,-1.0,0.0
27592,46022.0,Valencia,2305.51,4,576.3775,0.08559201141226819,0.08212547082709575,292,False,0.0,-1.0,0.0
42078,14540.0,Córdoba,2305.42,2,1152.71,1.1320754716981132,0.7570959051602187,1579,False,0.0,-1.0,0.0
1000100329,43005.0,Tarragona,2305.02,4,576.255,0.13468013468013468,0.1263507915496621,26,True,0.0,-1.0,0.0
37642,8011.0,Barcelona,2304.7,2,1152.35,0.1729106628242075,0.1594884054957358,700,False,0.0,-1.0,0.0
1000082365,41001.0,Sevilla,2304.3900000000003,3,768.1300000000001,0.08144796380090497,0.07830085041375784,154,True,0.0,-1.0,0.0
1000100247,48920.0,Vizcaya,2301.33,3,767.11,0.12064343163538874,0.11390301288094076,206,False,0.0,-1.0,0.0
42793,28937.0,Madrid,2300.14,4,575.035,0.22429906542056077,0.2023684887392454,123,True,0.0,0.10519364626093153,0.0
1000082492,12001.0,Castellón,2296.44,2,1148.22,0.09615384615384615,0.09180754925312279,727,False,0.0,-1.0,0.0
1000100990,33003.0,Asturias,2294.5299999999997,4,573.6324999999999,0.262582056892779,0.2331588756138949,186,False,0.0,-1.0,0.0
42979,7015.0,Baleares,2292.64,2,1146.32,2.0,1.0986122886681098,382,False,0.0,-1.0,0.0051938717789018615
1000065433,17230.0,Girona,2290.8199999999997,5,458.16399999999993,0.5813953488372093,0.4583075894825443,1105,False,0.0,-1.0,0.0
1000079388,18600.0,Granada,2290.5,4,572.625,0.0844475721323012,0.08107070722301511,348,False,0.0,-1.0,0.0
6131,4860.0,Almería,2288.59,4,572.1475,0.2510460251046025,0.22398002145917575,1315,False,0.0,-1.0,0.15787906589858688
40803,8261.0,Barcelona,2287.5299999999997,3,762.5099999999999,0.2571428571428572,0.2288415724288475,1377,False,0.0,0.15475689727694614,0.0
42188,28036.0,Madrid,2284.13,3,761.3766666666667,0.08937437934458788,0.08560356755666794,413,False,0.0,-1.0,0.0
42065,41015.0,Sevilla,2282.09,2,1141.045,0.05803157172271791,0.056410173938623916,32,True,0.0,-1.0,0.0
26690,39300.0,Cantabria,2282.0,3,760.6666666666666,0.09966777408637874,0.09500811062818718,784,False,0.0,-1.0,0.0
1000100174,28012.0,Madrid,2281.23,6,380.205,0.23653088042049933,0.21230978172369377,272,False,0.0,-1.0,0.0
2141,36780.0,Pontevedra,2280.14,4,570.035,0.09056603773584906,0.08669686212620996,480,False,0.0,-1.0,0.0
42347,29670.0,Málaga,2279.53,21,108.54904761904763,0.510948905109489,0.4127378674372441,55,True,0.0,-0.1147596556889657,0.0
1000080432,28002.0,Madrid,2279.3599999999997,2,1139.6799999999998,0.3846153846153846,0.32542240043462795,1536,False,0.0,-1.0,0.0
12251,17002.0,Girona,2277.32,2,1138.66,0.0970873786407767,0.09265883048270479,234,False,0.0,-1.0,0.0
1000100283,41400.0,Sevilla,2276.99,6,379.4983333333333,0.21003500583430573,0.19064928963174754,87,True,0.0,-1.0,0.6497564075105142
1056,47006.0,Valladolid,2273.5,5,454.7,0.13611615245009073,0.12761556194718404,411,False,0.0,-1.0,0.0
6711,17190.0,Girona,2272.86,2,1136.43,0.8450704225352113,0.6125174461598362,1742,False,0.0,-1.0,0.0
1000082037,28002.0,Madrid,2270.87,8,283.85875,0.1426872770511296,0.13338274899734442,55,True,0.0,-1.0,0.0
41946,7013.0,Baleares,2270.7200000000003,6,378.4533333333334,0.1405152224824356,0.13148010985396522,231,False,0.0,-1.0,0.0
1000060529,4004.0,Almería,2270.01,7,324.2871428571429,0.17312448474855732,0.15967068914580226,237,False,0.0,-1.0,0.0
1000081802,38360.0,Sta.Cruz Tenerife,2268.75,16,141.796875,0.2755453501722158,0.2433738127871272,28,True,0.0,-1.0,0.0
1000081013,28050.0,Madrid,2267.48,2,1133.74,0.625,0.4855078157817008,917,False,0.0,-1.0,0.0
23768,39180.0,Cantabria,2267.46,1,2267.46,1.0,0.6931471805599453,1137,False,0.0,-1.0,0.0
40929,3590.0,Alicante,2263.78,4,565.945,0.0881704628949302,0.08449781161633271,444,False,0.0,-1.0,0.0
1000077968,28911.0,Madrid,2263.7200000000003,2,1131.8600000000001,0.36809815950920244,0.3134215706533564,1648,False,0.0,-1.0,0.0
1000076179,41930.0,Sevilla,2263.71,5,452.742,0.19633507853403143,0.17926278228762954,166,True,0.0,-1.0,0.0
1000102254,13640.0,Ciudad Real,2262.75,2,1131.375,2.0,1.0986122886681098,20,True,0.0,-1.0,0.5913790806996118
1000102081,46701.0,Valencia,2260.48,1,2260.48,1.0,0.6931471805599453,126,True,0.0,-1.0,0.0
12690,18190.0,Granada,2260.13,6,376.68833333333333,0.13462976813762154,0.12630640224658907,425,False,0.0,0.1697568272895034,0.0
1000100230,47010.0,Valladolid,2257.19,3,752.3966666666666,0.1053864168618267,0.10019497235693083,105,True,0.0,-1.0,0.0
1000081302,28916.0,Madrid,2256.75,3,752.25,0.05813953488372093,0.056512210263342307,167,True,0.0,-1.0,0.0
24879,7800.0,Baleares,2255.91,9,250.65666666666664,0.24236983842010773,0.21702071569038556,698,False,0.0,0.34404738482567226,0.0
1000069992,28860.0,Madrid,2255.24,4,563.81,0.16150740242261105,0.14971864636566878,40,True,0.0,-1.0,0.0
1000082082,38201.0,Sta.Cruz Tenerife,2254.54,10,225.454,0.25862068965517243,0.2300164306019718,391,False,0.0,-1.0,0.0
36795,34005.0,Palencia,2249.85,3,749.9499999999999,0.4072398190045249,0.3416302106614813,1498,False,0.0,-1.0,0.0
1000100493,33402.0,Asturias,2249.71,10,224.971,0.4267425320056899,0.35539389615127065,89,True,0.0,0.7209596628154488,0.0
1000082727,29010.0,Málaga,2248.58,3,749.5266666666666,0.18255578093306288,0.16767801230780227,654,False,0.0,0.23879210387964225,0.0
41867,3010.0,Alicante,2247.34,2,1123.67,0.5504587155963303,0.4385508326939298,1530,False,0.0,-1.0,0.0
29611,12600.0,Castellón,2246.86,3,748.9533333333334,0.05803157172271791,0.056410173938623916,101,True,0.0,-1.0,0.0
8447,26003.0,La Rioja,2246.3900000000003,3,748.7966666666667,0.07425742574257425,0.07162965613925479,598,False,0.0,-1.0,0.0
26668,33710.0,Asturias,2244.57,2,1122.285,0.08391608391608392,0.08058048665933934,781,False,0.0,-0.029142666479348177,0.0
1000100563,46020.0,Valencia,2243.88,2,1121.94,2.0,1.0986122886681098,740,False,0.0,-1.0,0.3151142204196747
36642,41011.0,Sevilla,2238.75,2,1119.375,0.17699115044247787,0.1629613095094132,557,False,0.0,-1.0,0.0
1000080898,18012.0,Granada,2237.6800000000003,4,559.4200000000001,0.11406844106463877,0.10801857683930274,760,False,0.0,-1.0,0.0
1000056231,50015.0,Zaragoza,2236.84,3,745.6133333333333,0.06632277081798084,0.06421606679661472,349,False,0.0,-1.0,0.0
28486,28047.0,Madrid,2236.73,6,372.78833333333336,0.2694610778443114,0.23859246225525735,1032,False,0.0,-0.70315622957497,0.0
1000082653,28045.0,Madrid,2235.74,3,745.2466666666666,0.20642201834862386,0.18765896938867554,760,False,0.5,-1.0,1.4927719422802632
5532,24004.0,León,2234.46,2,1117.23,0.07722007722007722,0.07438372012182788,643,False,0.0,-1.0,0.0
32819,4009.0,Almería,2232.45,2,1116.225,0.10309278350515465,0.09811785595852336,1175,False,0.0,-1.0,0.0
191,41001.0,Sevilla,2232.14,3,744.0466666666666,0.08364312267657993,0.08032862618870797,671,False,0.0,-1.0,0.0
28318,8011.0,Barcelona,2231.94,3,743.98,0.05803157172271791,0.056410173938623916,104,True,0.0,-1.0,0.0
10451,28027.0,Madrid,2230.69,3,743.5633333333334,0.10044642857142858,0.09571594162770496,453,False,0.0,-1.0,0.0
1000101911,3130.0,Alicante,2228.71,2,1114.355,0.9230769230769231,0.653926467406664,193,False,0.0,-1.0,0.0
1000101565,41005.0,Sevilla,2227.68,2,1113.84,0.2469135802469136,0.2206713621688207,97,True,0.0,-1.0,0.0
1000101963,48300.0,Vizcaya,2226.14,2,1113.07,1.0714285714285714,0.7282385003712154,47,True,0.0,-1.0,0.0
5447,25001.0,Lleida,2223.09,4,555.7725,0.2597402597402597,0.23090555664969895,936,False,0.0,-1.0,0.0
32297,15011.0,A Coruña,2221.8,6,370.3,0.10948905109489052,0.10389959501815148,97,True,0.0,-1.0,1.414213562373095
42209,29730.0,Málaga,2221.8,2,1110.9,0.10582010582010583,0.10058723690516863,851,False,0.0,-1.0,0.0
1000101745,47001.0,Valladolid,2219.73,3,739.91,0.8333333333333333,0.6061358035703155,117,True,0.0,-1.0,0.0
42987,30009.0,Murcia,2215.42,3,738.4733333333334,0.2556818181818182,0.22767870647960103,27,True,0.0,-1.0,0.0
1000101962,28003.0,Madrid,2214.64,2,1107.32,0.8571428571428571,0.6190392084062234,153,True,0.0,-1.0,0.0
1000100660,28971.0,Madrid,2211.84,3,737.2800000000001,0.1490066225165563,0.13889776257198957,82,True,0.0,-1.0,0.0
1528,32001.0,Orense,2211.38,1,2211.38,1.0,0.6931471805599453,1802,False,0.0,-1.0,0.0
19099,48009.0,Vizcaya,2211.38,2,1105.69,0.16759776536312848,0.154948446124056,1264,False,0.0,-1.0,0.0
1000100466,30008.0,Murcia,2210.61,5,442.122,0.19582245430809397,0.17883419493353894,40,True,0.0,-1.0,0.0
1000081878,28002.0,Madrid,2210.5299999999997,2,1105.2649999999999,0.07633587786259542,0.07356256717701673,45,True,0.0,-1.0,0.0
42930,38003.0,Sta.Cruz Tenerife,2209.98,7,315.7114285714286,0.4883720930232558,0.39768296766610944,31,True,0.0,0.560355100435038,0.0
4216,10600.0,Cáceres,2208.11,3,736.0366666666667,0.10514018691588785,0.09997219291013618,76,True,0.0,-0.7938865326879174,0.0
33816,38008.0,Sta.Cruz Tenerife,2207.7400000000002,3,735.9133333333334,0.20594965675057209,0.18726735344577217,1153,False,0.0,-1.0,0.0
13432,8006.0,Barcelona,2206.55,5,441.31000000000006,0.12987012987012986,0.12210269680089986,558,False,0.0,-1.0,0.0
1000102245,34100.0,Palencia,2205.01,2,1102.505,2.0,1.0986122886681098,48,True,0.0,-1.0,0.2778965149548703
1000042968,4740.0,Almería,2203.06,2,1101.53,0.2643171806167401,0.23453219827821845,1139,False,0.0,-1.0,0.0
4406,28012.0,Madrid,2199.8500000000004,4,549.9625000000001,0.18376722817764166,0.1687019193109909,635,False,0.0,-1.0,0.0
1000057006,12550.0,Castellón,2199.63,1,2199.63,1.0,0.6931471805599453,1788,False,0.0,-1.0,0.0
1000100589,27002.0,Lugo,2199.41,4,549.8525,0.20869565217391303,0.18954180476744167,124,True,0.0,-1.0,0.0
36390,23700.0,Jaén,2196.65,3,732.2166666666667,0.09316770186335403,0.08907963005368878,595,False,0.0,-1.0,0.0
1000100087,28005.0,Madrid,2195.28,2,1097.64,0.08298755186721991,0.07972347383203841,290,False,0.0,-1.0,0.0
32191,43540.0,Tarragona,2194.68,2,1097.34,0.05803157172271791,0.056410173938623916,110,True,0.0,-1.0,0.0
9051,28026.0,Madrid,2193.2,6,365.5333333333333,0.11056511056511056,0.10486899438963619,157,True,0.0,0.20873956811722205,0.0
30626,3690.0,Alicante,2193.03,5,438.60600000000005,0.11511895625479664,0.1089610864454378,231,False,0.3333333333333333,-1.0,1.4927719422802632
42743,18005.0,Granada,2191.5,4,547.875,0.19047619047619047,0.17435338714477774,84,True,0.0,-1.0,0.0
1000080724,3440.0,Alicante,2189.56,4,547.39,0.16129032258064516,0.14953173397096375,983,False,0.0,-0.27824172367696787,0.0
21671,33320.0,Asturias,2179.95,3,726.65,0.12,0.11332868530700317,278,False,0.0,-1.0,0.0
1000081869,14011.0,Córdoba,2178.69,1,2178.69,1.0,0.6931471805599453,1581,False,0.0,-1.0,0.0
1000079347,8980.0,Barcelona,2176.78,3,725.5933333333334,0.38461538461538464,0.32542240043462795,1566,False,1.0,-1.0,-0.0
1000102156,28044.0,Madrid,2176.22,2,1088.11,2.0,1.0986122886681098,75,True,0.0,-1.0,0.0
1000082021,28027.0,Madrid,2175.65,7,310.8071428571429,0.12216404886561955,0.11525900752287982,31,True,0.0,-0.030240880848186363,0.0
1000102175,9003.0,Burgos,2175.1400000000003,3,725.0466666666667,2.0,1.0986122886681098,32,True,0.0,-1.0,0.7898457389640295
15008,8027.0,Barcelona,2170.62,5,434.12399999999997,0.12234910277324633,0.11542390199713226,572,False,0.0,-0.06738930360977612,0.0
1000082502,8222.0,Barcelona,2168.89,3,722.9633333333333,0.2608695652173913,0.23180161405732433,1004,False,0.0,-1.0,0.0
1000037399,16004.0,Cuenca,2168.15,5,433.63,0.16198704103671707,0.15013150607555034,207,False,0.0,-1.0,0.0
1000100900,30008.0,Murcia,2166.63,3,722.21,0.15254237288135591,0.14197026127038723,96,True,0.0,-1.0,0.0
1000102141,39007.0,Cantabria,2165.5,2,1082.75,0.8219178082191781,0.5998896870733627,25,True,0.0,-1.0,0.0
4717,28017.0,Madrid,2160.63,3,720.21,0.13513513513513514,0.12675170563914387,479,False,0.0,-1.0,0.0
14240,3201.0,Alicante,2160.32,5,432.064,0.10645848119233499,0.1011643571590963,293,False,0.0,-0.01811431272844678,0.0
1000081777,19003.0,Guadalajara,2159.87,4,539.9675,0.09324009324009325,0.0891458495182624,83,True,0.0,-1.0,0.0
1000081604,33005.0,Asturias,2158.1,10,215.81,0.277264325323475,0.24472054492118833,508,False,0.0,-1.0,0.0
1000079661,33900.0,Asturias,2156.37,5,431.274,0.205761316872428,0.18711116567651886,67,True,0.0,0.22841919586841478,0.0
26531,14010.0,Córdoba,2156.33,2,1078.165,1.3333333333333333,0.8472978603872036,1760,False,0.0,-1.0,0.0
1000064215,38320.0,Sta.Cruz Tenerife,2154.92,11,195.9018181818182,0.2216252518468771,0.20018214583411326,115,True,0.0,-1.0,0.0
1000038755,39300.0,Cantabria,2153.5,1,2153.5,1.0,0.6931471805599453,822,False,0.0,-1.0,0.0
1000100155,43500.0,Tarragona,2152.75,5,430.55,0.146484375,0.13670019478858866,19,True,0.0,-1.0,0.0
37859,41011.0,Sevilla,2152.5,3,717.5,0.06298110566829951,0.06107732466590545,318,False,0.0,-1.0,0.0
42711,8028.0,Barcelona,2149.96,3,716.6533333333333,0.6617647058823529,0.5078801135362339,605,False,0.0,-1.0,0.0
42750,41600.0,Sevilla,2147.91,2,1073.955,0.11009174311926605,0.10444266336759737,83,True,0.0,-1.0,0.0
1000080245,8028.0,Barcelona,2147.6099999999997,1,2147.6099999999997,1.0,0.6931471805599453,1179,False,0.0,-1.0,0.0
1000101995,13001.0,Ciudad Real,2145.27,1,2145.27,1.0,0.6931471805599453,187,False,0.0,-1.0,0.0
1000102320,48011.0,Vizcaya,2142.83,1,2142.83,1.0,0.6931471805599453,7,True,0.0,-1.0,0.0
28685,36210.0,Pontevedra,2142.52,4,535.63,0.09623095429029671,0.09187789104391311,290,False,0.0,-1.0,0.0
35159,36204.0,Pontevedra,2141.61,3,713.87,0.08028545941123996,0.07722532048093234,286,False,0.0,-1.0,0.0
17196,29017.0,Málaga,2140.9500000000003,7,305.85,0.14334470989761092,0.13395792280799912,279,False,0.0,-1.0,0.0
1000041898,26003.0,La Rioja,2140.13,3,713.3766666666667,0.36,0.3074846997479606,1371,False,0.0,-1.0,0.0
1000082067,8022.0,Barcelona,2139.16,2,1069.58,0.05803157172271791,0.056410173938623916,391,False,0.0,-1.0,0.0
1000079799,8027.0,Barcelona,2137.44,5,427.488,0.28517110266159695,0.2508918633052542,1258,False,0.0,-1.0,0.0
523,46940.0,Valencia,2136.92,5,427.384,0.1179245283018868,0.11147386646311873,490,False,0.0,-1.0,0.0
8854,28020.0,Madrid,2136.87,6,356.145,0.19758507135016465,0.1803070885731125,721,False,0.0,-1.0,0.0
1000040276,43201.0,Tarragona,2134.74,2,1067.37,2.0,1.0986122886681098,1326,False,0.0,-1.0,0.2669512432867058
1000101023,3300.0,Alicante,2134.35,5,426.87,0.5454545454545455,0.4353180712578456,34,True,0.0,-1.0,0.0
1000080133,23680.0,Jaén,2134.28,4,533.57,0.10869565217391305,0.10318423623523078,419,False,0.0,0.16352806533839678,0.0
34934,28035.0,Madrid,2131.4,1,2131.4,1.0,0.6931471805599453,1341,False,0.0,-1.0,0.0
23648,12002.0,Castellón,2129.3599999999997,2,1064.6799999999998,0.4081632653061224,0.3422862064866327,75,True,0.0,-1.0,0.0
1000080711,28007.0,Madrid,2128.2599999999998,6,354.71,0.10350776308223117,0.09849398165341688,31,True,0.0,-0.47414746615569164,0.0
23019,19208.0,Guadalajara,2124.1099999999997,2,1062.0549999999998,0.05803157172271791,0.056410173938623916,111,True,0.0,-1.0,0.0
1000080128,36004.0,Pontevedra,2123.7,4,530.925,0.4411764705882353,0.36545977349446523,1517,False,0.0,-1.0,0.0
26763,14004.0,Córdoba,2123.0699999999997,2,1061.5349999999999,2.0,1.0986122886681098,817,False,0.0,-0.7397261087135895,0.8300820183749159
3239,29016.0,Málaga,2122.57,2,1061.285,2.0,1.0986122886681098,1186,False,0.0,-1.0,0.4526866584768237
1000101749,52003.0,Melilla,2121.4500000000003,2,1060.7250000000001,2.0,1.0986122886681098,298,False,0.0,-1.0,0.18550199533411643
1000101104,20009.0,Gipúzkoa,2116.6800000000003,3,705.5600000000001,0.18907563025210083,0.17317622397176294,104,True,0.0,-1.0,0.0
42721,41640.0,Sevilla,2115.85,3,705.2833333333333,0.14173228346456693,0.13254665596198312,87,True,0.0,-1.0,0.0
15960,35007.0,Las Palmas,2114.76,1,2114.76,1.0,0.6931471805599453,1673,False,0.0,-1.0,0.0
14986,8210.0,Barcelona,2113.63,8,264.20375,0.23121387283236994,0.20800057121164617,535,False,0.0,0.09842086537672083,0.0
1000065450,28806.0,Madrid,2108.11,2,1054.055,0.05803157172271791,0.056410173938623916,250,False,0.0,-1.0,0.0
1000075968,33208.0,Asturias,2106.85,3,702.2833333333333,0.15254237288135591,0.14197026127038723,341,False,0.0,-1.0,0.0
1000101074,35500.0,Las Palmas,2105.78,2,1052.89,0.27906976744186046,0.24613306953890848,238,False,0.0,-1.0,0.0
42625,13600.0,Ciudad Real,2104.55,3,701.5166666666668,0.1468189233278956,0.1369919558744535,189,False,0.0,-1.0,0.0
42663,30840.0,Murcia,2103.4900000000002,4,525.8725000000001,0.1895734597156398,0.1735948056557174,115,True,0.0,-1.0,0.0
1000079235,11510.0,Cádiz,2103.39,3,701.13,0.1607142857142857,0.14903557916048787,1132,False,0.0,-1.0,0.0
23469,28005.0,Madrid,2102.86,5,420.572,0.0946969696969697,0.09047758496611599,214,False,0.0,-1.0,0.0
3754,33820.0,Asturias,2097.4300000000003,3,699.1433333333334,0.07120253164556962,0.06878187876541758,434,False,0.0,-1.0,0.0
1000080427,28035.0,Madrid,2096.42,2,1048.21,0.0635593220338983,0.061621134106173814,587,False,0.0,-1.0,0.0
20445,8221.0,Barcelona,2096.39,4,524.0975,0.10075566750629722,0.09599691440839973,66,True,0.3333333333333333,-1.0,1.4927719422802632
1000082412,18100.0,Granada,2095.6,3,698.5333333333333,0.15228426395939088,0.1417462887434142,830,False,0.0,-1.0,0.0
42885,41740.0,Sevilla,2095.08,2,1047.54,0.20547945205479454,0.18687737332981535,273,False,0.0,-1.0,0.0
1000101093,8820.0,Barcelona,2095.07,2,1047.535,0.11406844106463877,0.10801857683930274,59,True,0.0,-1.0,0.0
1000101645,4007.0,Almería,2094.94,3,698.3133333333334,0.5325443786982248,0.4269293467764642,17,True,0.0,-1.0,0.0
25274,47012.0,Valladolid,2092.3999999999996,5,418.4799999999999,0.13774104683195593,0.12904475869618198,434,False,0.0,-1.0,0.0
1000073530,28001.0,Madrid,2090.94,4,522.735,0.09324009324009325,0.0891458495182624,91,True,0.0,-0.10577352868140048,0.0
21769,33930.0,Asturias,2090.71,4,522.6775,0.07220216606498195,0.06971463261536112,38,True,0.0,-1.0,0.0
1000081346,28891.0,Madrid,2088.54,1,2088.54,1.0,0.6931471805599453,1379,False,0.0,0.0,0.0
1000058080,11010.0,Cádiz,2086.47,6,347.74499999999995,0.160857908847185,0.14915930835867433,594,False,0.0,-1.0,0.0
1000058239,8184.0,Barcelona,2078.33,6,346.3883333333333,0.11221945137157106,0.10635752471349487,161,True,0.0,-1.0,0.0
39357,25003.0,Lleida,2075.8900000000003,2,1037.9450000000002,0.05803157172271791,0.056410173938623916,147,True,0.0,-1.0,0.0
19591,48490.0,Vizcaya,2075.04,2,1037.52,0.13157894736842105,0.12361395596717664,1074,False,0.0,-1.0,0.0
39382,28033.0,Madrid,2074.13,2,1037.065,0.15463917525773196,0.14378789279171172,194,False,0.0,-1.0,0.0
1000081420,33510.0,Asturias,2072.16,3,690.7199999999999,0.18907563025210083,0.17317622397176294,692,False,0.0,-1.0,0.6421933789451758
1000101197,8208.0,Barcelona,2071.38,5,414.276,0.48543689320388345,0.39570893316279965,150,True,0.0,0.1413040780361884,0.0
2759,0.0,,2068.88,3,689.6266666666667,0.06306937631394534,0.06116036187169583,279,False,0.0,-1.0,0.0
1000101212,40400.0,Segovia,2068.63,2,1034.315,0.6896551724137931,0.5245244681241527,403,False,0.0,-1.0,0.0
41900,46183.0,Valencia,2067.82,2,1033.91,0.1639344262295082,0.1518060128680042,1201,False,0.0,-1.0,0.0
1000075023,39002.0,Cantabria,2067.66,2,1033.83,0.10989010989010989,0.1042610103244094,824,False,0.0,-1.0,0.0
9401,38201.0,Sta.Cruz Tenerife,2066.65,5,413.33000000000004,0.1031636863823934,0.09818213033299512,13,True,0.0,0.535830280789398,0.0
1000041983,28021.0,Madrid,2066.19,6,344.365,0.1308139534883721,0.12293768624504794,445,False,0.0,-1.0,0.0
42826,41800.0,Sevilla,2065.97,2,1032.985,1.9354838709677418,1.0768723020317037,612,False,0.0,-1.0,0.0
4897,20870.0,Gipúzkoa,2065.49,5,413.09799999999996,0.18292682926829268,0.1679917312391297,930,False,0.0,-1.0,0.0
1000080565,28027.0,Madrid,2064.58,3,688.1933333333333,0.07377049180327869,0.07117627846789498,298,False,0.0,-1.0,0.0
1000100544,14004.0,Córdoba,2062.79,2,1031.395,0.20761245674740486,0.188645234089995,473,False,0.0,1.0254172655539588,0.0
34451,8017.0,Barcelona,2054.29,7,293.46999999999997,0.1248513674197384,0.11765090907893022,75,True,0.0,-1.0,0.0
24838,18002.0,Granada,2052.06,3,684.02,0.20930232558139533,0.19004360288786493,1298,False,0.0,-1.0,0.0
1000081885,30860.0,Murcia,2051.21,5,410.242,0.09791122715404699,0.09340949023235674,91,True,0.0,-1.0,0.0
22788,8225.0,Barcelona,2049.41,2,1024.705,1.090909090909091,0.7375989431307792,1379,False,0.0,0.800008197505226,0.0
14296,3800.0,Alicante,2048.37,3,682.79,0.20454545454545456,0.1861022796338607,959,False,0.0,-1.0,0.0
1000082238,28970.0,Madrid,2047.53,4,511.8825,0.24096385542168672,0.21588838043303782,929,False,0.0,-1.0,0.0
1000041674,37002.0,Salamanca,2047.0,2,1023.5,0.07741935483870968,0.07456869549750848,154,True,0.0,-1.0,0.0
1000081554,12110.0,Castellón,2045.15,3,681.7166666666667,0.07698887938408897,0.07416907257227875,347,False,0.0,0.46095918229201893,0.0
1000081321,27286.0,Lugo,2042.8,3,680.9333333333333,0.11292346298619825,0.10699030351936446,518,False,0.0,-1.0,0.0
1000064695,18008.0,Granada,2042.0,2,1021.0,0.6185567010309279,0.48153482684492527,1300,False,0.0,-1.0,0.0
1000073488,46100.0,Valencia,2042.0,2,1021.0,1.2,0.7884573603642702,1487,False,0.0,-1.0,0.0
1000101488,48004.0,Vizcaya,2041.76,2,1020.88,0.6,0.4700036292457355,340,False,0.0,-1.0,0.0
1000100316,28903.0,Madrid,2040.9,3,680.3000000000001,0.14586709886547813,0.13616164199118497,307,False,0.0,-1.0,0.0
17964,41908.0,Sevilla,2040.6899999999998,4,510.17249999999996,0.11483253588516745,0.10870420160088955,713,False,0.0,-0.016637278695564438,0.0
6485,46005.0,Valencia,2039.94,7,291.42,0.13427109974424553,0.12599024176426843,94,True,0.0,-0.22893939058662113,0.0
1000100441,28011.0,Madrid,2039.2,4,509.8,0.25917926565874727,0.2304601322642583,181,False,0.0,-1.0,0.0
1000079156,46009.0,Valencia,2038.25,3,679.4166666666666,0.1549053356282272,0.14401838011977056,1208,False,0.0,-0.565745473654039,0.0
1000100580,33594.0,Asturias,2037.49,2,1018.745,0.273972602739726,0.2421400520048648,55,True,0.0,-1.0,0.0
1000101576,3690.0,Alicante,2036.82,6,339.46999999999997,0.48913043478260865,0.39819234877908455,32,True,0.0,-1.0,0.0
1000079975,38700.0,Sta.Cruz Tenerife,2036.04,4,509.01,0.10498687664041995,0.09983345855568045,424,False,0.0,-1.0,0.0
1000065721,35010.0,Las Palmas,2036.0,5,407.2,0.3978779840848806,0.33495536109335156,139,True,0.0,-1.0,0.0
3930,27002.0,Lugo,2035.97,3,678.6566666666666,0.05803157172271791,0.056410173938623916,19,True,0.0,-1.0,0.0
20179,28040.0,Madrid,2034.06,6,339.01,0.11145510835913312,0.10567006526562232,206,False,0.0,-1.0,0.3925118659218052
1000081725,33402.0,Asturias,2033.6599999999999,2,1016.8299999999999,0.6451612903225806,0.4978384282391795,1585,False,0.0,-1.0,0.0
1000062631,35109.0,Las Palmas,2031.0700000000002,4,507.76750000000004,0.07580543272267846,0.07306962078167614,62,True,0.0,-1.0,0.0
23210,16004.0,Cuenca,2030.6399999999999,3,676.88,0.08395522388059701,0.08061659578110923,419,False,0.0,-1.0,0.0
1000075241,28039.0,Madrid,2029.8200000000002,3,676.6066666666667,0.06315789473684211,0.06124362524071862,73,True,0.0,-1.0,0.0
13993,2003.0,Albacete,2029.1100000000001,4,507.27750000000003,0.10714285714285714,0.10178269430994231,593,False,0.0,-1.0,0.0
7170,46900.0,Valencia,2028.16,2,1014.08,1.3043478260869565,0.8347976976229722,1501,False,0.0,-1.0,0.0
36521,23400.0,Jaén,2027.78,3,675.9266666666666,0.05803157172271791,0.056410173938623916,179,True,0.0,-1.0,0.0
1000082771,28006.0,Madrid,2024.8,4,506.2,0.1990049751243781,0.18149202543157922,385,False,0.0,-1.0,0.0
1000075038,26006.0,La Rioja,2024.67,4,506.1675,0.2,0.18232155679395465,70,True,0.0,-1.0,0.0
35714,48710.0,Vizcaya,2024.67,1,2024.67,1.0,0.6931471805599453,780,False,0.0,-1.0,0.0
1000101611,50430.0,Zaragoza,2021.54,2,1010.77,2.0,1.0986122886681098,376,False,0.0,-1.0,0.0
1000080938,0.0,,2021.4,4,505.35,0.3116883116883117,0.2713150949875756,763,False,0.0,-1.0,0.0
35230,41008.0,Sevilla,2019.31,5,403.86199999999997,0.10901162790697674,0.10346919335111335,413,False,0.0,-1.0,0.0
42734,14800.0,Córdoba,2012.7400000000002,3,670.9133333333334,0.19955654101995565,0.18195193934380316,150,True,0.0,-1.0,0.0
1000080828,38450.0,Sta.Cruz Tenerife,2012.56,5,402.512,0.13215859030837004,0.12412606741381713,482,False,0.0,-1.0,0.0
1000102084,50012.0,Zaragoza,2009.94,2,1004.97,0.6315789473684211,0.48954822531870584,31,True,0.0,0.22668557374869816,0.0
31008,15940.0,A Coruña,2008.84,6,334.8066666666667,0.10739856801909307,0.10201363230411753,89,True,0.0,-1.0,0.0
1000081736,28220.0,Madrid,2008.3400000000001,3,669.4466666666667,0.15517241379310345,0.14424960884454674,931,False,0.0,-1.0,0.0
22703,24400.0,León,2004.5700000000002,4,501.14250000000004,0.08602150537634409,0.08252102368800351,342,False,0.0,-1.0,0.0
10923,48980.0,Vizcaya,2002.48,4,500.62,0.1437125748502994,0.13427961562987475,249,False,0.0,-1.0,0.0
9605,31005.0,Navarra,2002.44,4,500.61,0.24242424242424243,0.21706450523782758,1176,False,0.0,-1.0,0.6386336350187353
27272,37500.0,Salamanca,2000.4099999999999,5,400.082,0.11700468018720749,0.11065071003997558,206,False,0.0,-1.0,0.0
8349,2001.0,Albacete,1999.17,4,499.7925,0.11352885525070955,0.10753412139003908,586,False,0.0,-1.0,0.0
17362,38611.0,Sta.Cruz Tenerife,1998.15,3,666.0500000000001,0.1607142857142857,0.14903557916048787,1201,False,0.0,-1.0,0.0
1000100483,46970.0,Valencia,1996.04,3,665.3466666666667,0.25069637883008355,0.22370049925397542,432,False,0.0,-1.0,0.0
13162,8400.0,Barcelona,1995.37,6,332.56166666666667,0.5660377358490566,0.4485486942444761,1476,False,0.0,-1.0,0.0
1000101030,46117.0,Valencia,1995.35,2,997.675,0.2173913043478261,0.19671029424605424,341,False,0.0,-1.0,0.0
1000082701,36004.0,Pontevedra,1995.31,4,498.8275,0.12048192771084336,0.113758885356658,164,True,0.0,-0.32171540583886876,0.0
1000082127,30004.0,Murcia,1994.5900000000001,6,332.4316666666667,0.34285714285714286,0.2947995402206449,287,False,0.0,-1.0,0.0
23808,28041.0,Madrid,1993.46,9,221.49555555555557,0.2204081632653061,0.19918536284595942,33,True,0.0,-0.4767969472339652,0.0
1000081908,30009.0,Murcia,1992.59,3,664.1966666666666,0.08174386920980926,0.07857443263262014,608,False,0.0,-1.0,0.0
42387,48370.0,Vizcaya,1991.6399999999999,3,663.88,0.375,0.3184537311185346,984,False,0.0,-1.0,0.0
42766,17230.0,Girona,1991.37,5,398.274,0.2568493150684932,0.22860804578628854,117,True,0.0,-1.0,0.0
1000080911,41003.0,Sevilla,1990.9500000000003,3,663.6500000000001,0.07131537242472266,0.06888721350175094,293,False,0.0,-1.0,0.0
1000071519,48012.0,Vizcaya,1989.73,4,497.4325,0.35820895522388063,0.306166887125884,1162,False,0.3333333333333333,0.8136688036772706,1.4927719422802632
1000081820,39002.0,Cantabria,1989.0,2,994.5,0.4444444444444444,0.36772478012531734,24,True,0.0,-1.0,0.0
35451,50008.0,Zaragoza,1987.8,8,248.475,0.14092777451556077,0.1318417687147518,26,True,0.0,-1.0,0.0
1000082398,28050.0,Madrid,1986.28,5,397.256,0.13901760889712697,0.13016614430790016,350,False,0.0,-0.1858261227853316,0.0
29942,33300.0,Asturias,1986.05,2,993.025,0.06204756980351603,0.060198714475263905,91,True,0.0,-1.0,0.0
26297,15800.0,A Coruña,1985.7000000000003,2,992.8500000000001,0.05803157172271791,0.056410173938623916,80,True,0.0,-1.0,0.0
43126,41530.0,Sevilla,1985.08,2,992.54,0.8333333333333334,0.6061358035703156,101,True,0.0,-1.0,0.0
1000100100,11380.0,Cádiz,1981.71,2,990.855,2.0,1.0986122886681098,1041,False,0.0,-1.0,0.04593655328476731
14200,8017.0,Barcelona,1981.29,5,396.258,0.10814708002883922,0.10268932322376427,110,True,0.0,2.2858959659990767,0.0
1592,32003.0,Orense,1979.9,4,494.975,0.11594202898550725,0.10969891725642447,595,False,0.0,-1.0,0.0
1000073640,15004.0,A Coruña,1972.01,6,328.66833333333335,0.1329394387001477,0.1248155284549812,347,False,0.0,0.7189437819420783,0.0
42386,14010.0,Córdoba,1971.58,1,1971.58,1.0,0.6931471805599453,1221,False,0.0,-1.0,0.0
20577,15002.0,A Coruña,1969.97,3,656.6566666666666,0.07751937984496124,0.07466152876901964,434,False,0.0,-1.0,0.0
1000081818,28120.0,Madrid,1969.71,7,281.38714285714286,0.14413177762525736,0.13464607655558916,217,False,0.0,0.5462033560646696,0.0
22691,34004.0,Palencia,1968.9699999999998,3,656.3233333333333,0.08256880733944953,0.07933674223652105,433,False,0.0,-1.0,0.0
1000080517,18200.0,Granada,1966.52,1,1966.52,1.0,0.6931471805599453,1718,False,0.0,-1.0,0.0
37877,28003.0,Madrid,1962.61,5,392.522,0.099601593625498,0.0949479265853661,60,True,0.0,-1.0,0.0
29235,30007.0,Murcia,1961.6599999999999,3,653.8866666666667,0.07588532883642496,0.07314388434706443,102,True,0.0,-1.0,0.0
36632,23003.0,Jaén,1961.37,2,980.685,0.10344827586206898,0.09844007281325252,931,False,0.0,-1.0,0.0
1000079001,15701.0,A Coruña,1960.29,6,326.715,0.14162077104642015,0.13244898169473382,508,False,0.0,-1.0,0.0
5885,28005.0,Madrid,1960.11,2,980.055,0.14563106796116507,0.135955636236029,938,False,0.0,-1.0,0.0
23429,25006.0,Lleida,1954.9,3,651.6333333333333,0.0807899461400359,0.07769220538153701,292,False,0.0,-1.0,0.0
42375,8940.0,Barcelona,1953.0500000000002,2,976.5250000000001,0.4195804195804196,0.3503613487818801,1083,False,0.0,-1.0,0.0
1000100403,50012.0,Zaragoza,1952.6399999999999,4,488.15999999999997,0.14796547472256472,0.13799122316165413,33,True,0.0,-1.0,0.0
36860,44780.0,Teruel,1952.14,4,488.035,0.11976047904191617,0.11311480443783152,768,False,0.0,-1.0,1.0809647404954346
1000063304,47007.0,Valladolid,1941.08,3,647.0266666666666,0.08928571428571429,0.08552217343816201,280,False,0.0,-1.0,0.0
37534,28043.0,Madrid,1940.7,4,485.175,0.09630818619582665,0.09194834078333693,95,True,0.0,-1.0,0.0
1000082285,41420.0,Sevilla,1938.98,1,1938.98,1.0,0.6931471805599453,1537,False,0.0,-1.0,0.0
23343,28050.0,Madrid,1937.54,3,645.8466666666667,0.07064364207221349,0.06826000227129875,27,True,0.0,-1.0,0.0
8215,43800.0,Tarragona,1933.06,4,483.265,0.09486166007905139,0.09062801745981827,111,True,0.0,0.07174302264349658,0.0
1000101326,43840.0,Tarragona,1932.6599999999999,4,483.16499999999996,0.4780876494023904,0.3907491234756512,153,True,0.0,-1.0,0.0
1000077506,23009.0,Jaén,1931.29,3,643.7633333333333,0.6081081081081081,0.47505839990735965,1180,False,0.0,-1.0,0.2360311013171196
1000082780,14011.0,Córdoba,1930.4,3,643.4666666666667,0.23255813953488372,0.20909179785855941,179,True,0.0,-1.0,0.0
1000101089,28803.0,Madrid,1929.28,3,643.0933333333334,2.0,1.0986122886681098,556,False,0.5,-1.0,1.4927719422802632
1000081068,17840.0,Girona,1928.07,6,321.34499999999997,0.17224880382775118,0.15892395857991595,761,False,0.0,-1.0,0.0
1000044587,30700.0,Murcia,1927.81,5,385.562,0.10653409090909091,0.10123268971270587,236,False,0.0,-1.0,0.0
1000100909,8940.0,Barcelona,1927.75,1,1927.75,1.0,0.6931471805599453,677,False,0.0,-1.0,0.0
1000081468,8140.0,Barcelona,1926.69,4,481.6725,0.12448132780082988,0.1173218873890459,784,False,0.0,-1.0,0.0
7250,28933.0,Madrid,1925.71,5,385.142,0.17942583732057416,0.16502774151793378,683,False,0.0,-1.0,0.0
1000101460,30565.0,Murcia,1925.67,4,481.4175,0.3380281690140845,0.2911970145592254,98,True,0.0,-1.0,0.0
1000081558,48340.0,Vizcaya,1923.07,3,641.0233333333333,0.09814612868047982,0.09362342046209744,852,False,0.0,-1.0,0.0
1000082495,4800.0,Almería,1922.5600000000002,4,480.64000000000004,0.10380622837370243,0.09876441467241241,194,False,0.0,-1.0,0.0
33565,3540.0,Alicante,1921.8999999999999,3,640.6333333333333,0.1393188854489164,0.1304306149462744,159,True,0.0,-1.0,0.0
1000101859,31010.0,Navarra,1921.42,6,320.2366666666667,0.7287449392712552,0.5473956766006474,31,True,0.0,1.0651350576191914,0.0
1000101603,28300.0,Madrid,1920.54,2,960.27,0.26905829596412556,0.23827512618311886,167,True,0.0,-1.0,0.0
2121,36860.0,Pontevedra,1915.96,3,638.6533333333333,0.06517016654598118,0.0631345671921454,313,False,0.0,-1.0,0.0
1000077814,28012.0,Madrid,1915.77,9,212.86333333333334,0.15297450424929177,0.1423451285092982,34,True,0.0,-1.0,0.0
1000080082,30009.0,Murcia,1915.1399999999999,5,383.02799999999996,0.16987542468856173,0.15689726851567853,647,False,0.0,-1.0,0.0
41567,28033.0,Madrid,1913.03,7,273.29,0.17341040462427745,0.1599143845440084,280,False,0.0,-1.0,0.0
22227,28260.0,Madrid,1912.9099999999999,2,956.4549999999999,0.2247191011235955,0.20271151249700387,482,False,0.0,-1.0,0.0
32565,39700.0,Cantabria,1911.41,3,637.1366666666667,0.0872093023255814,0.08361414004113359,572,False,0.0,-1.0,0.0
30702,38201.0,Sta.Cruz Tenerife,1909.7,6,318.28333333333336,0.22613065326633164,0.20386340056870947,994,False,0.0,-0.15682962799777259,0.0
4725,28034.0,Madrid,1907.28,3,635.76,0.09933774834437087,0.09470795154161891,642,False,0.0,-1.0,0.0
1000080833,3550.0,Alicante,1906.98,2,953.49,0.05803157172271791,0.056410173938623916,243,False,0.0,-1.0,0.0
1000082593,41006.0,Sevilla,1905.26,3,635.0866666666667,0.12096774193548386,0.11419236752565488,538,False,0.0,-1.0,0.0
1000101444,24006.0,León,1902.15,2,951.075,0.17391304347826086,0.16034265007517937,115,True,0.0,-1.0,0.0
15632,48970.0,Vizcaya,1900.1399999999999,2,950.0699999999999,0.16438356164383564,0.15219181534192533,1109,False,0.0,-1.0,0.0
1000100931,3003.0,Alicante,1900.1100000000001,2,950.0550000000001,0.13303769401330376,0.12490225070102608,221,False,0.0,-1.0,0.0
1000100198,41018.0,Sevilla,1899.52,3,633.1733333333333,0.1549053356282272,0.14401838011977056,427,False,0.0,-1.0,0.0
1000068663,8030.0,Barcelona,1896.13,3,632.0433333333334,0.29411764705882354,0.2578291093020998,1490,False,0.0,-1.0,0.0
36845,19180.0,Guadalajara,1896.06,3,632.02,0.18036072144288579,0.16582008790006805,1035,False,0.0,-1.0,0.0
1000080992,38006.0,Sta.Cruz Tenerife,1895.78,11,172.34363636363636,0.20793950850661627,0.18891602251923542,108,True,0.0,0.03564297647668345,0.0
17596,42002.0,Soria,1894.33,4,473.5825,0.08421052631578947,0.08085209662909494,389,False,0.0,-1.0,0.0
1000082147,8440.0,Barcelona,1893.27,3,631.09,0.3703703703703704,0.3150810466398954,1424,False,0.0,-1.0,0.0
1000101214,18005.0,Granada,1893.1399999999999,7,270.4485714285714,0.5276381909547738,0.42372287668172925,89,True,0.0,-1.0,0.0
41319,8490.0,Barcelona,1892.1,2,946.05,0.3314917127071823,0.28629990222482926,392,False,0.0,-1.0,0.0
8818,26003.0,La Rioja,1890.81,2,945.405,0.18181818181818182,0.1670540846631662,1356,False,0.0,-1.0,0.0
22075,41006.0,Sevilla,1889.4399999999998,6,314.90666666666664,0.1485148514851485,0.1384696742651052,539,False,0.0,-1.0,0.0
27897,30330.0,Murcia,1887.96,3,629.32,0.0633356790992259,0.06141083417563893,209,False,0.0,-1.0,0.0
21355,3740.0,Alicante,1885.79,2,942.895,0.15873015873015872,0.14732471475685843,1020,False,0.0,-1.0,0.0
1000101150,24005.0,León,1885.38,3,628.46,0.2931596091205212,0.2570885330999933,90,True,0.0,-0.4144541963795941,0.0
1000082279,30833.0,Murcia,1878.01,8,234.75125,0.21660649819494587,0.19606542416502323,214,False,0.5,-1.0,0.0
1000074901,38111.0,Sta.Cruz Tenerife,1877.5099999999998,4,469.37749999999994,0.09237875288683603,0.08835766048944313,476,False,0.0,-1.0,0.0
7031,28034.0,Madrid,1876.2199999999998,2,938.1099999999999,0.06586169045005488,0.06378357103136659,593,False,0.0,-1.0,0.0
12006,15004.0,A Coruña,1875.75,6,312.625,0.20524515393386544,0.1866829934980546,892,False,0.0,-1.0,0.0
43200,8950.0,Barcelona,1874.52,2,937.26,2.0,1.0986122886681098,28,True,0.0,-1.0,0.23826735765351711
1000082065,2006.0,Albacete,1873.8300000000002,2,936.9150000000001,2.0,1.0986122886681098,59,True,0.0,-1.0,0.0
1000101598,28804.0,Madrid,1872.63,3,624.21,0.375,0.3184537311185346,152,True,0.0,-1.0,0.0
1000101383,43830.0,Tarragona,1872.59,3,624.1966666666666,0.3879310344827586,0.32781417387809836,97,True,0.0,-1.0,0.0
1000038263,28045.0,Madrid,1872.23,4,468.0575,0.07281553398058253,0.07028653272817174,31,True,0.0,-0.8068845935190448,0.0
42727,4711.0,Almería,1871.44,3,623.8133333333334,0.26706231454005935,0.23670108287626285,179,True,0.0,-1.0,0.0
1000079747,27500.0,Lugo,1868.5900000000001,3,622.8633333333333,0.2097902097902098,0.19044696423787166,1188,False,0.0,-1.0,0.0
1000100370,46021.0,Valencia,1868.1399999999999,3,622.7133333333333,0.1070154577883472,0.10166761730411901,6,True,0.0,-1.0,0.0
2788,28018.0,Madrid,1866.48,5,373.296,0.11574074074074073,0.10951852580648998,391,False,0.0,-1.0,0.0
42745,41007.0,Sevilla,1866.48,3,622.16,0.15544041450777202,0.14448158255523322,118,True,0.0,-1.0,0.0
42395,4700.0,Almería,1865.47,4,466.3675,0.10195412064570943,0.09708507705616716,31,True,0.0,0.8006948316534421,0.0
42543,29650.0,Málaga,1861.96,5,372.392,0.1950585175552666,0.1781951528500431,201,False,0.0,-1.0,0.0
1000081712,8192.0,Barcelona,1860.95,4,465.2375,0.13808975834292292,0.1293512063573201,896,False,0.0,-1.0,0.0
41369,28915.0,Madrid,1860.16,2,930.08,0.09884678747940691,0.09426125485612545,402,False,0.0,-1.0,0.0
28051,28044.0,Madrid,1859.35,4,464.8375,0.31088082901554404,0.2706992998226347,1169,False,0.0,-1.0,0.0
1889,35008.0,Las Palmas,1859.1999999999998,4,464.79999999999995,0.16643550624133147,0.15395252268799897,1089,False,0.0,-1.0,0.0
1000075039,28002.0,Madrid,1858.6999999999998,2,929.3499999999999,0.2448979591836735,0.21905356606268467,27,True,0.0,-1.0,0.0
1000100232,28043.0,Madrid,1857.05,3,619.0166666666667,0.11904761904761905,0.11247798342669028,11,True,0.0,2.2858959659990767,0.0
42737,23680.0,Jaén,1856.46,4,464.115,0.19704433497536944,0.17985546429876112,55,True,0.0,0.1022509649096962,0.0
1000078915,50014.0,Zaragoza,1855.8,2,927.9,0.25862068965517243,0.2300164306019718,89,True,0.0,-1.0,0.0
1000100448,38380.0,Sta.Cruz Tenerife,1855.1599999999999,6,309.1933333333333,0.28616852146263916,0.2516676603580512,89,True,0.0,0.0471605244114714,0.0
8049,50008.0,Zaragoza,1854.67,5,370.934,0.6787330316742082,0.5180393610896823,1516,False,0.0,-1.0,0.0
22206,30360.0,Murcia,1854.52,2,927.26,0.17142857142857143,0.15822400521489413,1175,False,0.0,-1.0,0.0
1000101472,8021.0,Barcelona,1854.42,2,927.21,2.0,1.0986122886681098,390,False,0.0,-1.0,0.5899305676757862
1000082775,8012.0,Barcelona,1854.35,2,927.175,0.09375,0.08961215868968714,430,False,0.0,-1.0,0.0
1000100614,9003.0,Burgos,1852.2,3,617.4,0.15280135823429541,0.14219494390710943,67,True,0.0,-0.13877453289976757,0.0
3933,27400.0,Lugo,1852.04,4,463.01,0.10256410256410256,0.09763846956391599,336,False,0.0,-1.0,0.0
34634,46001.0,Valencia,1851.9099999999999,3,617.3033333333333,0.08064516129032258,0.0775582343458745,451,False,0.0,-1.0,0.0
31460,39010.0,Cantabria,1850.25,1,1850.25,1.0,0.6931471805599453,31,True,0.0,0.0,0.0
1000102089,20010.0,Gipúzkoa,1850.12,2,925.06,0.9523809523809523,0.6690496289808848,55,True,0.0,-1.0,0.0
816,46750.0,Valencia,1850.0,5,370.0,0.5905511811023622,0.46408061094261344,1530,False,0.0,-1.0,0.0
1000101204,8500.0,Barcelona,1846.98,3,615.66,0.28662420382165604,0.2520218920528967,175,True,0.0,-1.0,0.0
41538,33004.0,Asturias,1845.41,2,922.705,0.05803157172271791,0.056410173938623916,152,True,0.0,-1.0,0.0
1000101947,28100.0,Madrid,1845.01,2,922.505,0.36809815950920244,0.3134215706533564,69,True,0.0,-1.0,0.0
42886,28034.0,Madrid,1844.82,2,922.41,0.22388059701492538,0.20202662787328707,297,False,0.0,-1.0,0.0
7175,18700.0,Granada,1844.28,2,922.14,0.05803157172271791,0.056410173938623916,432,False,0.0,-1.0,0.0
26384,22005.0,Huesca,1843.99,3,614.6633333333333,0.05803157172271791,0.056410173938623916,236,False,0.0,-1.0,0.0
1000082120,41008.0,Sevilla,1842.84,3,614.28,0.4522613065326633,0.37312186338793973,1488,False,0.0,-1.0,0.0
1000102071,45161.0,Toledo,1841.02,1,1841.02,1.0,0.6931471805599453,150,True,0.0,-1.0,0.0
1000100957,28002.0,Madrid,1840.6299999999999,3,613.5433333333333,0.16513761467889906,0.15283920422944755,105,True,0.0,-1.0,0.0
1000078714,43800.0,Tarragona,1839.4699999999998,4,459.86749999999995,0.0749063670411985,0.07223355735937158,28,True,0.0,-1.0,0.0
1000100234,41900.0,Sevilla,1837.69,4,459.4225,0.13856812933025403,0.12977144604020024,98,True,0.0,-1.0,0.0
43068,30510.0,Murcia,1837.18,2,918.59,0.8,0.5877866649021191,161,True,0.0,-1.0,0.0
1000101010,46025.0,Valencia,1833.7,3,611.2333333333333,0.15,0.13976194237515868,28,True,0.0,-1.0,0.0
1000078659,28016.0,Madrid,1833.47,5,366.694,0.15075376884422112,0.14041717882974727,496,False,0.5,-1.0,1.4927719422802632
29843,28933.0,Madrid,1833.01,2,916.505,0.8450704225352113,0.6125174461598362,1678,False,0.0,-1.0,0.0
34232,41100.0,Sevilla,1829.42,4,457.355,0.1729106628242075,0.1594884054957358,276,False,0.0,-0.1981601296776071,0.0
1000075604,41013.0,Sevilla,1828.45,2,914.225,0.2127659574468085,0.19290366612449156,103,True,0.0,-1.0,0.0
1000101676,28935.0,Madrid,1825.4700000000003,2,912.7350000000001,2.0,1.0986122886681098,332,False,0.0,-1.0,0.7280821092945151
1000078013,46008.0,Valencia,1822.55,4,455.6375,0.23391812865497075,0.21019457697340665,389,False,0.0,-1.0,0.0
5577,51001.0,Ceuta,1822.4499999999998,4,455.61249999999995,0.08895478131949591,0.08521831996612142,378,False,0.0,-1.0,0.0
1000081953,50008.0,Zaragoza,1821.79,4,455.4475,0.06993006993006992,0.06759329113252817,32,True,0.0,-1.0,0.0
1000101564,28701.0,Madrid,1821.67,1,1821.67,1.0,0.6931471805599453,411,False,0.0,-1.0,0.0
1000100330,28903.0,Madrid,1821.58,3,607.1933333333333,0.12931034482758622,0.12160713209478691,31,True,0.0,-0.35744387625575735,0.0
1000082032,28039.0,Madrid,1819.0,4,454.75,0.16150740242261105,0.14971864636566878,1000,False,0.0,-1.0,0.0
43050,7002.0,Baleares,1818.62,3,606.2066666666666,0.5263157894736842,0.42285685082003355,96,True,0.0,-1.0,1.0371306366786204
1000078717,28028.0,Madrid,1817.92,4,454.48,0.08982035928143713,0.08601287466004025,432,False,0.0,-1.0,0.0
1000080666,6800.0,Badajoz,1817.75,3,605.9166666666666,0.07544006705783739,0.07272994251772032,593,False,0.0,-1.0,0.0
1000100474,28944.0,Madrid,1816.4900000000002,2,908.2450000000001,0.3896103896103896,0.3290234126082223,648,False,0.0,-1.0,0.0
1000082025,28224.0,Madrid,1816.17,3,605.39,1.3432835820895521,0.851553185957342,207,False,0.0,-1.0,0.597941527782576
29109,37001.0,Salamanca,1815.73,2,907.865,0.11811023622047244,0.11163997114266945,396,False,0.0,2.2858959659990767,0.0
1000072966,28918.0,Madrid,1812.76,2,906.38,0.3314917127071823,0.28629990222482926,845,False,0.0,-1.0,0.0
1000101812,30008.0,Murcia,1809.14,2,904.57,0.21897810218978103,0.1980128865886302,20,True,0.0,-1.0,0.0
2582,28003.0,Madrid,1808.85,4,452.2125,0.07159904534606205,0.06915196782011657,68,True,0.0,-1.0,0.0
1000100920,8840.0,Barcelona,1807.0,3,602.3333333333334,0.17857142857142858,0.16430305129127631,174,True,0.0,-1.0,0.0
1000079996,18198.0,Granada,1806.87,3,602.29,0.1066350710900474,0.10132394363288551,602,False,0.0,-1.0,0.0
5931,28005.0,Madrid,1805.38,3,601.7933333333334,0.05803157172271791,0.056410173938623916,202,False,0.0,-1.0,0.0
43149,46017.0,Valencia,1801.2,2,900.6,1.0,0.6931471805599453,101,True,0.0,-1.0,0.0
1000064382,21400.0,Huelva,1799.35,1,1799.35,1.0,0.6931471805599453,95,True,0.0,-1.0,0.0
1000100915,45870.0,Toledo,1797.9,6,299.65000000000003,0.28753993610223644,0.2527333714065298,52,True,0.0,-1.0,0.0
1000101115,46800.0,Valencia,1797.27,1,1797.27,1.0,0.6931471805599453,572,False,0.0,-1.0,0.0
29853,8629.0,Barcelona,1797.0,3,599.0,0.24657534246575344,0.22040006536845894,1397,False,0.0,-1.0,0.0
1000100995,30140.0,Murcia,1796.9299999999998,2,898.4649999999999,0.10452961672473868,0.09941955811765951,61,True,0.0,-1.0,0.0
1000074005,0.0,,1795.95,6,299.325,0.14913007456503727,0.13900519921730006,535,False,0.0,2.2858959659990767,0.0
163,41008.0,Sevilla,1795.6399999999999,4,448.90999999999997,0.7017543859649122,0.5316597106688327,1621,False,0.0,-1.0,0.0
14593,6800.0,Badajoz,1795.35,2,897.675,0.10582010582010583,0.10058723690516863,1222,False,0.0,-1.0,0.0
24814,28300.0,Madrid,1795.1299999999999,1,1795.1299999999999,1.0,0.6931471805599453,1375,False,0.0,0.0,0.0
41909,28932.0,Madrid,1794.52,6,299.08666666666664,0.25316455696202533,0.22567199766756846,934,False,0.0,-0.7498566429883793,0.0
1000101157,28850.0,Madrid,1794.1,2,897.05,0.4166666666666667,0.3483066942682158,402,False,0.0,-1.0,0.0
15438,25530.0,Lleida,1792.4099999999999,2,896.2049999999999,0.05803157172271791,0.056410173938623916,46,True,0.0,-1.0,0.0
34811,18150.0,Granada,1791.06,5,358.212,0.1582278481012658,0.14689111981445413,851,False,0.0,-0.3463517868308402,0.0
1000040173,33205.0,Asturias,1791.03,1,1791.03,1.0,0.6931471805599453,361,False,0.0,-1.0,0.0
1000082146,35100.0,Las Palmas,1790.3899999999999,3,596.7966666666666,0.05803157172271791,0.056410173938623916,7,True,0.0,-1.0,0.0
10639,48150.0,Vizcaya,1790.04,2,895.02,0.16853932584269662,0.15575452940923282,1335,False,0.0,-1.0,0.0
39062,7660.0,Baleares,1787.08,3,595.6933333333333,0.10404624277456648,0.09898183354885093,710,False,0.0,-1.0,0.0
29151,50001.0,Zaragoza,1786.09,4,446.5225,0.08778346744696415,0.0841421097362055,75,True,0.0,-1.0,0.0
1000101961,28224.0,Madrid,1780.8200000000002,7,254.40285714285716,1.3125,0.8383291904044432,19,True,0.0,-1.0,0.3625400596769515
1000082377,26002.0,La Rioja,1780.73,1,1780.73,1.0,0.6931471805599453,1439,False,0.0,-1.0,0.0
42917,8029.0,Barcelona,1780.38,2,890.19,1.9354838709677418,1.0768723020317037,458,False,0.0,-1.0,0.0
1000082719,38004.0,Sta.Cruz Tenerife,1780.21,3,593.4033333333333,0.11180124223602485,0.105981440856292,347,False,0.0,-1.0,0.0
28201,28036.0,Madrid,1779.31,2,889.655,0.06644518272425248,0.06433085838114012,104,True,0.0,-1.0,0.0
41259,46009.0,Valencia,1779.06,1,1779.06,1.0,0.6931471805599453,1690,False,0.0,-1.0,0.0
1000082383,28026.0,Madrid,1779.06,1,1779.06,1.0,0.6931471805599453,1428,False,0.0,-1.0,0.0
42709,28850.0,Madrid,1778.42,3,592.8066666666667,0.14400000000000002,0.13453089295760617,117,True,0.0,-1.0,0.0
1000100992,28801.0,Madrid,1777.96,3,592.6533333333333,0.2857142857142857,0.25131442828090605,321,False,0.0,-1.0,0.0
1000101106,6010.0,Badajoz,1777.87,1,1777.87,1.0,0.6931471805599453,579,False,0.0,-1.0,0.0
42213,41940.0,Sevilla,1775.73,7,253.6757142857143,0.157185628742515,0.14599087505077626,75,True,0.0,0.7186635176840492,0.0
1000100485,8402.0,Barcelona,1773.25,2,886.625,0.47619047619047616,0.38946476676172326,671,False,0.0,-1.0,0.0
36597,3003.0,Alicante,1771.71,3,590.57,0.4205607476635514,0.35105168638437023,70,True,0.0,-1.0,0.0
1000101445,38410.0,Sta.Cruz Tenerife,1770.2199999999998,2,885.1099999999999,0.16129032258064516,0.14953173397096375,84,True,0.0,-1.0,0.0
1000101537,3182.0,Alicante,1767.5700000000002,1,1767.5700000000002,1.0,0.6931471805599453,433,False,0.0,-1.0,0.0
1000074144,8024.0,Barcelona,1766.79,4,441.6975,0.1637107776261937,0.1516138456050276,1042,False,0.0,-1.0,0.0
1000081098,40165.0,Segovia,1765.71,3,588.57,0.14195583596214512,0.13274243794849044,392,False,0.0,-1.0,0.0
1000073301,46340.0,Valencia,1764.87,2,882.435,0.07905138339920949,0.0760823064574395,283,False,0.0,-1.0,0.0
1000100517,22583.0,Huesca,1764.28,1,1764.28,1.0,0.6931471805599453,777,False,0.0,-1.0,0.0
1000101378,43005.0,Tarragona,1764.15,2,882.075,0.9230769230769231,0.653926467406664,18,True,0.0,-1.0,0.0
42756,29010.0,Málaga,1763.3600000000001,5,352.672,0.24549918166939444,0.2195363986900905,54,True,0.0,-0.8020485534546278,0.0
42753,41940.0,Sevilla,1763.3300000000002,3,587.7766666666668,0.2097902097902098,0.19044696423787166,264,False,0.0,-1.0,0.0
1000100635,50008.0,Zaragoza,1762.73,3,587.5766666666667,0.30405405405405406,0.2654779151407705,297,False,0.0,-1.0,0.0
1000072936,28028.0,Madrid,1760.88,1,1760.88,1.0,0.6931471805599453,1713,False,0.0,-1.0,0.0
42566,36950.0,Pontevedra,1758.1200000000001,1,1758.1200000000001,1.0,0.6931471805599453,930,False,0.0,-1.0,0.0
1000102122,27550.0,Lugo,1757.85,2,878.925,2.0,1.0986122886681098,96,True,0.0,-1.0,0.8178279129791335
1000100455,18006.0,Granada,1754.04,1,1754.04,1.0,0.6931471805599453,567,False,0.0,-1.0,0.0
27759,28933.0,Madrid,1751.69,2,875.845,0.15,0.13976194237515868,976,False,0.0,1.4236768040028145,0.0
39651,8021.0,Barcelona,1750.74,3,583.58,0.3146853146853147,0.27359733257004193,1370,False,0.0,-1.0,0.0
11038,8210.0,Barcelona,1749.8200000000002,4,437.45500000000004,0.5633802816901409,0.44685032427101873,1572,False,0.0,-1.0,0.0
2498,28803.0,Madrid,1749.77,3,583.2566666666667,0.12032085561497326,0.11361512250760579,187,False,0.0,-1.0,0.0
1000100449,46005.0,Valencia,1749.04,4,437.26,0.1518987341772152,0.14141165404982856,27,True,0.0,-1.0,0.0
1000082562,30640.0,Murcia,1748.01,2,874.005,0.3,0.26236426446749106,1106,False,0.0,-1.0,0.0
42122,7157.0,Baleares,1748.01,1,1748.01,1.0,0.6931471805599453,1545,False,0.0,-1.0,0.0
8341,6230.0,Badajoz,1747.9099999999999,3,582.6366666666667,0.4433497536945813,0.36696662997527996,1488,False,0.0,-1.0,0.0475916577658788
1000100310,28804.0,Madrid,1746.1599999999999,2,873.0799999999999,0.8450704225352113,0.6125174461598362,859,False,0.0,-1.0,0.0
1000041851,31016.0,Navarra,1745.66,1,1745.66,1.0,0.6931471805599453,1767,False,0.0,-1.0,0.0
30452,14001.0,Córdoba,1745.5900000000001,3,581.8633333333333,0.13043478260869565,0.12260232209233235,395,False,0.0,-0.6192340683182805,0.0
34682,41309.0,Sevilla,1743.12,2,871.56,0.05803157172271791,0.056410173938623916,382,False,0.0,-1.0,0.0
37535,28018.0,Madrid,1740.72,3,580.24,0.05844155844155844,0.05679759839313318,217,False,0.0,-1.0,0.0
25959,3600.0,Alicante,1740.5,1,1740.5,1.0,0.6931471805599453,1089,False,0.0,-1.0,0.0
1000070525,41001.0,Sevilla,1738.97,2,869.485,0.05803157172271791,0.056410173938623916,385,False,0.0,-1.0,0.0
21405,11201.0,Cádiz,1737.67,5,347.534,0.10775862068965518,0.10233871322890985,313,False,0.0,-1.0,0.0
14357,3760.0,Alicante,1735.0,6,289.1666666666667,0.694980694980695,0.5276713513756336,20,True,0.3333333333333333,-1.0,1.4927719422802632
43189,35629.0,Las Palmas,1735.0,1,1735.0,1.0,0.6931471805599453,77,True,0.0,-1.0,0.0
8260,48980.0,Vizcaya,1734.15,2,867.075,0.05803157172271791,0.056410173938623916,68,True,0.0,-1.0,0.0
18799,35002.0,Las Palmas,1731.26,4,432.815,0.18126888217522658,0.16658918460830285,1141,False,0.0,-1.0,0.0
22280,18012.0,Granada,1726.62,7,246.66,0.15373352855051245,0.14300323028708906,354,False,0.0,-1.0,0.0
28879,8940.0,Barcelona,1726.62,2,863.31,0.2,0.18232155679395465,1426,False,0.0,-1.0,0.0
1000075544,8820.0,Barcelona,1726.62,2,863.31,0.5555555555555556,0.44183275227903923,1536,False,0.0,-1.0,0.0
1000101218,37004.0,Salamanca,1724.9,2,862.45,0.27906976744186046,0.24613306953890848,55,True,0.0,-1.0,0.0
1000082183,48991.0,Vizcaya,1724.46,4,431.115,0.08614501076812635,0.08263474000855021,251,False,0.0,-1.0,0.0
752,46008.0,Valencia,1721.63,3,573.8766666666667,0.12048192771084339,0.11375888535665803,955,False,0.0,-1.0,0.0
26135,24270.0,León,1721.4099999999999,2,860.7049999999999,0.05994005994005994,0.05821235929876255,530,False,0.0,-1.0,0.0
41982,7720.0,Baleares,1720.35,5,344.07,0.18726591760299627,0.1716531154770311,969,False,0.0,-1.0,0.0
1000066909,12580.0,Castellón,1720.1,1,1720.1,1.0,0.6931471805599453,570,False,0.0,0.0,0.0
1000082330,39120.0,Cantabria,1720.03,2,860.015,0.0970873786407767,0.09265883048270479,881,False,0.0,-1.0,0.0
21521,8530.0,Barcelona,1719.97,2,859.985,0.15789473684210528,0.14660347419187542,1200,False,0.0,-1.0,0.0
1000081804,46940.0,Valencia,1719.96,2,859.98,0.24,0.2151113796169455,1571,False,0.0,-1.0,0.0
1821,35600.0,Las Palmas,1717.1399999999999,3,572.38,0.09814612868047982,0.09362342046209744,103,True,0.0,-1.0,0.0
1000081462,46780.0,Valencia,1716.67,2,858.335,2.0,1.0986122886681098,1719,False,0.0,-1.0,0.1709657305127301
37571,28970.0,Madrid,1715.44,2,857.72,0.1507537688442211,0.14041717882974725,446,False,0.0,-1.0,0.0
1000101922,46018.0,Valencia,1715.07,2,857.535,0.4444444444444444,0.36772478012531734,111,True,0.0,-1.0,0.0
5567,46117.0,Valencia,1714.62,2,857.31,0.07255139056831923,0.07004028728588818,955,False,0.0,-1.0,0.0
16213,23470.0,Jaén,1713.8700000000001,2,856.9350000000001,0.18348623853211007,0.1684645221325284,1371,False,0.0,-1.0,0.0
10999,4117.0,Almería,1713.53,2,856.765,0.1941747572815534,0.17745536714278173,1054,False,0.0,-1.0,0.0
35275,32003.0,Orense,1711.27,2,855.635,0.4225352112676056,0.352440639799944,1413,False,0.0,-1.0,0.0
1000100486,34002.0,Palencia,1710.74,3,570.2466666666667,0.2694610778443114,0.23859246225525735,462,False,0.0,-1.0,0.0
23764,2005.0,Albacete,1709.41,5,341.882,0.1016949152542373,0.09684982598991766,150,True,0.0,-1.0,0.0
1000101878,8720.0,Barcelona,1709.38,2,854.69,0.37735849056603776,0.3201675275962693,111,True,0.0,-1.0,0.0
2946,29011.0,Málaga,1708.98,7,244.14000000000001,0.3874538745387454,0.32747032251019365,1271,False,1.0,2.0755151171847332,-0.0
1000100625,14920.0,Córdoba,1706.75,4,426.6875,0.1801801801801802,0.16566712188881744,33,True,0.0,-1.0,0.0
12755,18195.0,Granada,1704.8899999999999,3,568.2966666666666,0.07725321888412016,0.07441448556608331,206,False,0.0,-1.0,0.0
1000102003,3007.0,Alicante,1704.29,2,852.145,0.8,0.5877866649021191,125,True,0.0,-1.0,0.0
19410,41410.0,Sevilla,1703.1299999999999,1,1703.1299999999999,1.0,0.6931471805599453,741,False,0.0,-1.0,0.0
1000077896,36620.0,Pontevedra,1701.97,2,850.985,0.05803157172271791,0.056410173938623916,367,False,0.0,-1.0,0.0
1000070153,18004.0,Granada,1701.16,3,567.0533333333334,0.22556390977443608,0.20340107258500856,27,True,0.0,-1.0,0.0
24991,43870.0,Tarragona,1700.94,2,850.47,2.0,1.0986122886681098,1706,False,0.0,-1.0,0.8454984043225792
42978,18150.0,Granada,1697.6999999999998,3,565.9,0.2662721893491124,0.23607730009877798,53,True,0.0,-1.0,0.0
1000082527,40005.0,Segovia,1697.67,1,1697.67,1.0,0.6931471805599453,55,True,0.0,-1.0,0.0
1000082731,38410.0,Sta.Cruz Tenerife,1696.54,1,1696.54,1.0,0.6931471805599453,1132,False,0.0,-1.0,0.0
1000077009,41001.0,Sevilla,1691.73,2,845.865,2.0,1.0986122886681098,1481,False,0.0,-1.0,0.12964857358351697
20098,39770.0,Cantabria,1691.11,2,845.555,0.05803157172271791,0.056410173938623916,171,True,0.0,-1.0,0.0
1000079836,33510.0,Asturias,1690.71,2,845.355,0.5,0.4054651081081644,468,False,0.0,-1.0,0.0
1000101623,43203.0,Tarragona,1690.0700000000002,3,563.3566666666667,0.48913043478260865,0.39819234877908455,95,True,0.0,-1.0,0.0
42854,5001.0,Ávila,1687.4099999999999,2,843.7049999999999,0.759493670886076,0.5650260806636703,530,False,0.0,-1.0,0.0
11876,51001.0,Ceuta,1684.61,1,1684.61,1.0,0.6931471805599453,1039,False,0.0,-1.0,0.0
1000063587,7009.0,Baleares,1684.61,1,1684.61,1.0,0.6931471805599453,1020,False,0.0,-1.0,0.0
21230,28008.0,Madrid,1683.1399999999999,2,841.5699999999999,2.0,1.0986122886681098,178,True,0.0,-1.0,0.8187472603103952
6213,28014.0,Madrid,1682.42,3,560.8066666666667,0.1549053356282272,0.14401838011977056,896,False,0.0,-1.0,0.0
26302,49600.0,Zamora,1681.85,2,840.925,0.1875,0.17185025692665923,1057,False,0.0,-0.56624667530519,0.0
1000100605,3540.0,Alicante,1679.96,3,559.9866666666667,0.17110266159695817,0.1579457507958099,178,True,0.0,-0.113321992542571,0.0
41962,47001.0,Valladolid,1679.75,1,1679.75,1.0,0.6931471805599453,1798,False,0.0,-1.0,0.0
7025,48011.0,Vizcaya,1679.55,1,1679.55,1.0,0.6931471805599453,1000,False,0.0,-1.0,0.0
1000101674,38260.0,Sta.Cruz Tenerife,1678.58,1,1678.58,1.0,0.6931471805599453,343,False,0.0,-1.0,0.0
1000042311,41010.0,Sevilla,1678.4299999999998,1,1678.4299999999998,1.0,0.6931471805599453,1536,False,0.0,-1.0,0.0
1000081134,11300.0,Cádiz,1678.4,2,839.2,0.48780487804878053,0.39730179746900346,1536,False,0.0,-1.0,0.0
1000075750,4001.0,Almería,1678.39,3,559.4633333333334,0.081374321880651,0.07823275242829694,336,False,0.5,-1.0,0.0
1000100043,46010.0,Valencia,1677.04,4,419.26,0.2404809619238477,0.21549917693307746,881,False,0.0,-0.2314554729107211,0.0
670,45600.0,Toledo,1675.62,5,335.12399999999997,0.1322751322751323,0.12422899996220912,634,False,0.3333333333333333,-1.0,1.4927719422802632
42335,7007.0,Baleares,1674.53,2,837.265,0.1948051948051948,0.17798315519535646,1005,False,0.0,-1.0,0.0
1000100180,11540.0,Cádiz,1674.22,2,837.11,0.11257035647279551,0.10667297483188092,495,False,0.0,-1.0,0.0
1000082714,28630.0,Madrid,1673.4,2,836.7,0.7692307692307692,0.5705448584676129,1082,False,0.0,-1.0,0.0
11543,28015.0,Madrid,1673.3000000000002,2,836.6500000000001,0.18126888217522658,0.16658918460830285,1042,False,0.0,-1.0,0.0
1000100588,36201.0,Pontevedra,1672.33,1,1672.33,1.0,0.6931471805599453,712,False,0.0,-1.0,0.0
42947,43700.0,Tarragona,1670.04,1,1670.04,1.0,0.6931471805599453,430,False,0.0,-1.0,0.0
1000101640,50014.0,Zaragoza,1669.56,7,238.50857142857143,0.7394366197183099,0.5535612790267165,52,True,0.0,-1.0,0.0
19946,28027.0,Madrid,1667.79,9,185.31,0.18934081346423562,0.17339921537760714,105,True,0.0,-0.08604413444771809,0.0
3534,29007.0,Málaga,1667.03,5,333.406,0.1012829169480081,0.09647578835321509,207,False,0.0,-1.0,0.0
20619,8038.0,Barcelona,1665.83,4,416.4575,0.1431980906921241,0.1338296774887775,955,False,0.0,-1.0,0.0
1000101182,39011.0,Cantabria,1663.01,1,1663.01,1.0,0.6931471805599453,452,False,0.0,-1.0,0.0
10483,48008.0,Vizcaya,1660.81,2,830.405,0.13544018058690743,0.12702040005460355,1357,False,0.0,-1.0,0.0
1000101944,6480.0,Badajoz,1660.65,1,1660.65,1.0,0.6931471805599453,234,False,0.0,-1.0,0.0
1000082203,41927.0,Sevilla,1659.3600000000001,2,829.6800000000001,0.7407407407407407,0.5543107357057295,1547,False,0.0,-1.0,0.0
28097,8906.0,Barcelona,1658.55,1,1658.55,1.0,0.6931471805599453,1573,False,0.0,-1.0,0.0
1000079628,47320.0,Valladolid,1658.42,4,414.605,0.25641025641025644,0.22825865198098022,96,True,0.0,-1.0,0.0
1000067232,50008.0,Zaragoza,1657.51,4,414.3775,0.17964071856287425,0.1652099163212334,381,False,0.0,-1.0,0.0
41885,7450.0,Baleares,1657.27,1,1657.27,1.0,0.6931471805599453,1782,False,0.0,-1.0,0.0
42788,28221.0,Madrid,1654.3100000000002,3,551.4366666666667,0.3557312252964427,0.3043409584384197,206,False,0.0,-1.0,0.0
1000102058,29006.0,Málaga,1654.21,3,551.4033333333333,0.5882352941176471,0.462623521948113,7,True,0.0,-1.0,0.0
20573,39700.0,Cantabria,1653.97,4,413.4925,0.07268322228952151,0.07016319386270554,161,True,0.0,-0.2354159553886422,0.0
1000075371,6700.0,Badajoz,1653.4,1,1653.4,1.0,0.6931471805599453,1161,False,0.0,-1.0,0.0
17953,51001.0,Ceuta,1653.4,1,1653.4,1.0,0.6931471805599453,1258,False,0.0,-1.0,0.0
1000077094,46007.0,Valencia,1653.3899999999999,3,551.13,0.2050113895216401,0.18648901878312804,1378,False,0.0,0.0,0.0
1000081704,33012.0,Asturias,1653.37,2,826.685,0.31578947368421056,0.2744368457017603,1399,False,0.0,-1.0,0.0
1000080060,8840.0,Barcelona,1651.95,3,550.65,0.10089686098654709,0.0961251757744565,395,False,0.0,-0.7080760852976679,0.7396472863962115
1000082713,8024.0,Barcelona,1651.7,1,1651.7,1.0,0.6931471805599453,336,False,0.0,-1.0,0.0
22294,36990.0,Pontevedra,1651.17,2,825.585,0.27272727272727276,0.2411620568168881,1579,False,0.0,-1.0,0.0
1000079179,6005.0,Badajoz,1650.5300000000002,2,825.2650000000001,0.05803157172271791,0.056410173938623916,341,False,0.0,-1.0,0.0
1000101610,27003.0,Lugo,1650.4500000000003,2,825.2250000000001,0.2643171806167401,0.23453219827821845,53,True,0.0,-1.0,0.0
1000100921,22004.0,Huesca,1647.0900000000001,2,823.5450000000001,0.13274336283185842,0.1246424452072766,221,False,0.0,-1.0,0.0
1000082324,33204.0,Asturias,1645.17,4,411.2925,0.20066889632107024,0.18287881509759246,75,True,0.0,-1.0,0.0
41054,7012.0,Baleares,1643.35,4,410.8375,0.136986301369863,0.12838116664820678,768,False,0.0,-1.0,0.0
1000101975,46007.0,Valencia,1642.03,2,821.015,1.5,0.9162907318741551,168,True,0.0,-1.0,0.0
1000082770,30400.0,Murcia,1640.27,5,328.054,0.34965034965034963,0.29984555864497825,669,False,0.0,-1.0,0.0
1000037487,8600.0,Barcelona,1639.52,2,819.76,0.05803157172271791,0.056410173938623916,697,False,0.0,-1.0,0.0
1000082407,4630.0,Almería,1639.45,3,546.4833333333333,0.3061224489795918,0.2670627852490452,1132,False,0.0,-1.0,0.0
764,46702.0,Valencia,1638.77,4,409.6925,0.08577555396711938,0.08229452793029168,96,True,0.0,2.1486924221769206,0.0
1000081387,47007.0,Valladolid,1637.25,1,1637.25,1.0,0.6931471805599453,193,False,0.0,-1.0,0.0
9478,41005.0,Sevilla,1637.0700000000002,3,545.69,0.06502890173410404,0.06300193657166703,279,False,0.0,-1.0,0.0
41948,6100.0,Badajoz,1636.61,11,148.78272727272727,0.5454545454545454,0.4353180712578455,1159,False,0.0,-1.0,0.0
29068,21007.0,Huelva,1635.43,2,817.715,0.05803157172271791,0.056410173938623916,108,True,0.0,-1.0,0.0
27743,18194.0,Granada,1631.14,2,815.57,0.05803157172271791,0.056410173938623916,284,False,0.0,-1.0,0.0
24513,48002.0,Vizcaya,1630.7,1,1630.7,1.0,0.6931471805599453,1550,False,0.0,-1.0,0.0
1000081579,2003.0,Albacete,1629.8799999999999,2,814.9399999999999,0.05803157172271791,0.056410173938623916,74,True,0.0,-1.0,0.0
9867,8019.0,Barcelona,1629.82,2,814.91,0.14492753623188406,0.13534134786976212,59,True,0.0,0.11728178546838663,0.0
1000101438,8150.0,Barcelona,1629.13,1,1629.13,1.0,0.6931471805599453,462,False,0.0,-1.0,0.0
27681,18007.0,Granada,1626.96,1,1626.96,1.0,0.6931471805599453,689,False,0.0,-1.0,0.0
1000100223,45111.0,Toledo,1625.17,1,1625.17,1.0,0.6931471805599453,980,False,0.0,-1.0,0.0
1000077824,29016.0,Málaga,1624.89,2,812.445,0.08902077151335312,0.08527891770220855,1118,False,0.0,-1.0,0.0
1000080127,32003.0,Orense,1621.68,1,1621.68,1.0,0.6931471805599453,1543,False,0.0,-1.0,0.0
1000080307,18006.0,Granada,1621.31,6,270.2183333333333,0.24759284731774414,0.22121597258161724,27,True,0.0,-1.0,0.0
1000101446,8028.0,Barcelona,1620.99,2,810.495,0.24291497975708504,0.21745941095921997,213,False,0.0,-1.0,0.0
42521,3730.0,Alicante,1620.67,4,405.1675,0.8450704225352113,0.6125174461598362,838,False,0.0,-0.23494017888256474,0.4459925913831932
1000101926,18007.0,Granada,1619.93,3,539.9766666666667,0.5084745762711864,0.4110989258264204,25,True,0.0,-1.0,0.0
6652,33002.0,Asturias,1618.6,1,1618.6,1.0,0.6931471805599453,1425,False,0.0,-1.0,0.0
23180,18200.0,Granada,1616.38,3,538.7933333333334,0.25,0.22314355131420976,1278,False,1.0,-1.0,-0.0
29438,14005.0,Córdoba,1616.32,1,1616.32,1.0,0.6931471805599453,1655,False,0.0,-1.0,0.0
1000100531,35002.0,Las Palmas,1613.8700000000001,4,403.46750000000003,0.16172506738544473,0.14990602749631263,27,True,0.0,-1.0,0.0
7690,47002.0,Valladolid,1612.8899999999999,2,806.4449999999999,0.1149425287356322,0.10880285984879912,1008,False,0.0,-1.0,0.0
42980,2005.0,Albacete,1612.04,3,537.3466666666667,0.2710843373493976,0.23987034511952324,54,True,0.0,-1.0,0.0
34559,49011.0,Zamora,1611.48,4,402.87,0.06964596633778294,0.06732772114189367,38,True,0.0,-1.0,0.0
1000102059,3540.0,Alicante,1610.5,2,805.25,0.44776119402985076,0.37001835911241676,25,True,0.0,-1.0,0.0
1000100059,50016.0,Zaragoza,1607.4599999999998,2,803.7299999999999,0.10989010989010989,0.1042610103244094,587,False,0.0,-1.0,0.0
1000081611,28039.0,Madrid,1606.68,2,803.34,1.0526315789473684,0.7191226669632059,1621,False,0.0,-1.0,0.0
1000037891,7760.0,Baleares,1603.85,2,801.925,0.10638297872340426,0.10109611687136877,1141,False,0.0,-1.0,0.0
30344,8400.0,Barcelona,1601.21,1,1601.21,1.0,0.6931471805599453,382,False,0.0,-1.0,0.0
33166,46900.0,Valencia,1600.65,1,1600.65,1.0,0.6931471805599453,794,False,0.0,-1.0,0.0
30542,9002.0,Burgos,1599.23,3,533.0766666666667,0.3461538461538462,0.29725152346793166,66,True,0.0,-1.0,0.0
13090,8017.0,Barcelona,1598.73,3,532.91,0.36144578313253006,0.3085472109157426,1547,False,0.0,-1.0,0.0
1000061515,18006.0,Granada,1598.08,3,532.6933333333333,0.14754098360655737,0.13762137787604775,321,False,0.0,-1.0,0.0
1000071430,28010.0,Madrid,1597.6,2,798.8,2.0,1.0986122886681098,1727,False,0.0,-1.0,0.11420996107747666
1000080194,31011.0,Navarra,1595.19,4,398.7975,0.10318142734307825,0.098198212096972,586,False,0.0,-1.0,0.0
43064,28025.0,Madrid,1594.4900000000002,4,398.62250000000006,0.5529953917050692,0.4401855768119022,27,True,0.0,-1.0,0.0
1000080395,46100.0,Valencia,1594.1399999999999,5,318.828,0.09191176470588236,0.0879300725067023,31,True,0.0,0.22891298145506425,0.0
1000080972,8272.0,Barcelona,1592.68,2,796.34,0.1477832512315271,0.13783247452391326,1285,False,0.0,-1.0,0.0
1000080010,29230.0,Málaga,1592.57,2,796.285,0.20338983050847456,0.18514243313559595,1398,False,0.0,-1.0,0.0
1000101828,1003.0,Álava,1591.8300000000002,2,795.9150000000001,0.22388059701492538,0.20202662787328707,19,True,0.0,-1.0,0.0
28655,8786.0,Barcelona,1590.85,3,530.2833333333333,0.2452316076294278,0.21932154283963443,1424,False,0.0,-1.0,0.0
18431,28820.0,Madrid,1590.79,2,795.395,2.0,1.0986122886681098,1340,False,0.0,-1.0,1.0457938561147844
1000070675,2003.0,Albacete,1588.81,4,397.2025,0.08426966292134831,0.0809066386128004,88,True,0.0,-1.0,0.0
1000082684,31003.0,Navarra,1587.8400000000001,1,1587.8400000000001,1.0,0.6931471805599453,1145,False,0.0,-1.0,0.0
1000082712,28020.0,Madrid,1586.8899999999999,5,317.378,0.3694581280788177,0.31441513464884974,627,False,0.0,-1.0,0.0
1000100125,14900.0,Córdoba,1586.45,3,528.8166666666667,0.14218009478672985,0.1329388000145885,101,True,0.0,-1.0,0.0
1000078317,28500.0,Madrid,1586.17,2,793.085,0.12269938650306748,0.11573595203465861,224,False,0.0,-1.0,0.0
43009,45880.0,Toledo,1585.99,4,396.4975,1.0084033613445378,0.6973400588199813,132,True,0.0,-1.0,0.0
1000100421,50008.0,Zaragoza,1585.51,1,1585.51,1.0,0.6931471805599453,833,False,0.0,-1.0,0.0
1000082207,8030.0,Barcelona,1585.1399999999999,1,1585.1399999999999,1.0,0.6931471805599453,1622,False,0.0,-1.0,0.0
1000081180,28049.0,Madrid,1584.3,5,316.86,0.1905972045743329,0.17445503382101896,922,False,0.0,-1.0,0.0
21555,28004.0,Madrid,1582.6200000000001,4,395.65500000000003,0.07263922518159806,0.07012217708410287,83,True,0.0,-1.0,0.0
2297,38390.0,Sta.Cruz Tenerife,1582.45,9,175.82777777777778,0.1748704663212435,0.1611579000903604,210,False,0.0,0.6618254252940234,0.0
1000082573,24640.0,León,1581.43,8,197.67875,0.21563342318059298,0.1952652768952432,83,True,0.0,-1.0,0.0
2437,38201.0,Sta.Cruz Tenerife,1581.4099999999999,14,112.95785714285714,0.2553191489361702,0.22738984219566086,132,True,0.0,-0.22511306911454323,0.0
42860,18014.0,Granada,1579.86,1,1579.86,1.0,0.6931471805599453,32,True,0.0,-1.0,0.0
42751,41540.0,Sevilla,1579.5700000000002,3,526.5233333333334,0.26239067055393583,0.23300728083654992,350,False,0.0,-1.0,0.0
1000082403,23640.0,Jaén,1579.3899999999999,3,526.4633333333333,0.08982035928143713,0.08601287466004025,426,False,0.0,-1.0,0.0
1000080676,15142.0,A Coruña,1578.17,2,789.085,0.14388489208633093,0.13443026908953976,1396,False,0.0,-1.0,0.0
13422,8021.0,Barcelona,1577.75,8,197.21875,0.6,0.4700036292457355,1370,False,0.0,-1.0,0.0
12008,15003.0,A Coruña,1577.5900000000001,3,525.8633333333333,0.06706408345752608,0.06491102998896382,339,False,0.0,-1.0,0.0
1000100937,15005.0,A Coruña,1576.49,4,394.1225,0.2510460251046025,0.22398002145917575,108,True,0.0,-1.0,0.0
32303,46017.0,Valencia,1576.38,2,788.19,1.090909090909091,0.7375989431307792,1517,False,0.0,-1.0,0.0
1000100642,15702.0,A Coruña,1576.27,3,525.4233333333333,0.24725274725274726,0.22094333040460734,209,False,0.0,-1.0,0.0
6574,30006.0,Murcia,1575.37,3,525.1233333333333,0.3214285714285714,0.2787134024690205,1512,False,0.0,-1.0,0.0
17271,39300.0,Cantabria,1574.49,2,787.245,0.4109589041095891,0.3442695470812447,1657,False,0.0,-1.0,0.0
1000080412,28010.0,Madrid,1572.8300000000002,4,393.20750000000004,0.24096385542168672,0.21588838043303782,759,False,0.0,-1.0,0.7212920204557833
24465,18140.0,Granada,1572.74,5,314.548,0.10135135135135134,0.09653792704264727,311,False,0.0,-1.0,0.0
41956,6004.0,Badajoz,1572.5700000000002,1,1572.5700000000002,1.0,0.6931471805599453,573,False,0.0,-1.0,0.0
22068,16002.0,Cuenca,1572.3,4,393.075,0.2803738317757009,0.2471520913662187,1363,False,0.0,-1.0,0.0
1000101577,10001.0,Cáceres,1572.01,1,1572.01,1.0,0.6931471805599453,402,False,0.0,-1.0,0.0
1000081661,41860.0,Sevilla,1571.42,3,523.8066666666667,1.5789473684210527,0.9473813189441862,18,True,0.0,-1.0,0.7644451474133251
1000041971,23680.0,Jaén,1569.12,3,523.04,0.1530612244897959,0.14242034004176862,1189,False,0.0,-1.0,0.0
1000101860,41013.0,Sevilla,1567.6799999999998,1,1567.6799999999998,1.0,0.6931471805599453,277,False,0.0,-1.0,0.0
43000,7014.0,Baleares,1567.3000000000002,1,1567.3000000000002,1.0,0.6931471805599453,243,False,0.0,-1.0,0.0
1000080767,30110.0,Murcia,1566.74,2,783.37,0.09090909090909091,0.08701137698962977,774,False,0.0,-1.0,0.0
1000076316,12005.0,Castellón,1566.42,1,1566.42,1.0,0.6931471805599453,1271,False,0.0,-1.0,0.0
1000081519,40450.0,Segovia,1564.1599999999999,2,782.0799999999999,0.3921568627450981,0.3308542443169897,1244,False,0.0,-1.0,0.0
6920,8395.0,Barcelona,1563.75,1,1563.75,1.0,0.6931471805599453,775,False,0.0,-1.0,0.0
1000080739,24402.0,León,1559.0700000000002,3,519.69,0.07860262008733625,0.07566633307373755,543,False,0.0,-1.0,0.0
1000080475,15703.0,A Coruña,1557.0,2,778.5,0.13100436681222707,0.1231060581452981,1102,False,0.0,-1.0,0.0
1000081357,38005.0,Sta.Cruz Tenerife,1556.09,2,778.045,0.1729106628242075,0.1594884054957358,1056,False,0.0,-1.0,0.0
1000102292,8401.0,Barcelona,1553.39,1,1553.39,1.0,0.6931471805599453,26,True,0.0,-1.0,0.0
3920,27720.0,Lugo,1552.54,4,388.135,0.12084592145015105,0.11408368723037224,334,False,0.0,0.4352372064677092,0.0
34223,28300.0,Madrid,1552.02,4,388.005,0.23762376237623764,0.2131932204610417,1020,False,0.0,-1.0,0.0
43155,8290.0,Barcelona,1551.97,2,775.985,0.45112781954887216,0.3723410606831318,25,True,0.0,-1.0,0.0
1000101787,30730.0,Murcia,1550.0,3,516.6666666666666,0.2980132450331126,0.2608348224155929,0,True,0.0,-1.0,0.0
1000079190,29007.0,Málaga,1547.99,1,1547.99,1.0,0.6931471805599453,1510,False,0.0,-1.0,0.0
21599,28011.0,Madrid,1545.04,5,309.008,0.33482142857142855,0.2887975215356466,1321,False,0.0,-1.0,0.0
33916,48990.0,Vizcaya,1544.5,1,1544.5,1.0,0.6931471805599453,63,True,0.0,-1.0,0.0
17958,25006.0,Lleida,1542.46,1,1542.46,1.0,0.6931471805599453,924,False,0.0,-1.0,0.0
1000075712,28010.0,Madrid,1540.52,1,1540.52,1.0,0.6931471805599453,1370,False,0.0,-1.0,0.0
1000080879,21004.0,Huelva,1539.35,1,1539.35,1.0,0.6931471805599453,1623,False,0.0,-1.0,0.0
1908,35500.0,Las Palmas,1539.29,3,513.0966666666667,0.13867488443759632,0.1298652042441118,406,False,0.0,-1.0,0.0
21122,20400.0,Gipúzkoa,1539.04,2,769.52,0.47244094488188976,0.38692153039599536,1378,False,0.0,0.0,0.0
1000102179,46440.0,Valencia,1537.4,2,768.7,1.4285714285714286,0.8873031950009028,39,True,0.0,-1.0,0.0
1000101169,46019.0,Valencia,1531.32,2,765.66,2.0,1.0986122886681098,276,False,0.0,-1.0,1.040130192747644
382,42001.0,Soria,1526.73,2,763.365,0.11049723756906077,0.10480787679325,592,False,0.0,-1.0,0.0
1000101428,41100.0,Sevilla,1526.35,3,508.7833333333333,0.21428571428571427,0.19415601444095745,47,True,0.0,-1.0,0.0
1000082666,41740.0,Sevilla,1526.1699999999998,1,1526.1699999999998,1.0,0.6931471805599453,1182,False,0.0,-1.0,0.0
1000082468,48200.0,Vizcaya,1525.23,3,508.41,0.0779896013864818,0.07509782623107987,222,False,0.0,-0.1276812112766237,0.0
1000041269,8011.0,Barcelona,1522.02,2,761.01,0.23255813953488372,0.20909179785855941,1378,False,0.0,-0.5349696794686688,0.0
35481,49332.0,Zamora,1521.2,4,380.3,0.16783216783216784,0.15514918215684784,1084,False,0.0,-1.0,0.0
1000101535,28027.0,Madrid,1520.45,1,1520.45,1.0,0.6931471805599453,437,False,0.0,-1.0,0.0
1000101126,41930.0,Sevilla,1518.94,1,1518.94,1.0,0.6931471805599453,565,False,0.0,-1.0,0.0
1000100565,28100.0,Madrid,1518.5,1,1518.5,1.0,0.6931471805599453,740,False,0.0,-1.0,0.0
1000100439,28038.0,Madrid,1516.4,2,758.2,0.10169491525423728,0.09684982598991765,234,False,0.0,-1.0,0.0
3919,27002.0,Lugo,1515.77,3,505.25666666666666,0.08746355685131196,0.08384797247787563,487,False,0.0,-1.0,0.0
1000079999,38008.0,Sta.Cruz Tenerife,1515.6200000000001,4,378.90500000000003,0.2247191011235955,0.20271151249700387,1187,False,0.0,0.12499659792972685,0.0
42282,28010.0,Madrid,1512.8799999999999,2,756.4399999999999,0.08836524300441827,0.08467679338950565,28,True,0.0,-1.0,0.0
1000082480,47014.0,Valladolid,1512.05,2,756.025,0.37037037037037035,0.31508104663989533,1208,False,0.0,-1.0,0.0
1000076923,8241.0,Barcelona,1511.13,1,1511.13,1.0,0.6931471805599453,1285,False,0.0,-1.0,0.0
1000072798,46410.0,Valencia,1511.0,2,755.5,0.13186813186813187,0.12386948171278574,1105,False,0.0,-1.0,0.0
43082,41701.0,Sevilla,1510.98,3,503.66,0.4545454545454546,0.3746934494414107,17,True,0.0,-1.0,0.0
14598,6800.0,Badajoz,1510.53,1,1510.53,1.0,0.6931471805599453,1802,False,0.0,-1.0,0.0
34244,45007.0,Toledo,1509.14,2,754.57,2.0,1.0986122886681098,1139,False,0.0,-1.0,0.0
1000071467,40357.0,Segovia,1508.21,2,754.105,0.13100436681222707,0.1231060581452981,1250,False,0.0,-1.0,0.0
1000101593,21450.0,Huelva,1508.1799999999998,3,502.72666666666663,0.30508474576271183,0.26626797794796436,102,True,0.0,0.047105292400319215,0.0
1000081301,46026.0,Valencia,1507.67,4,376.9175,0.11707317073170732,0.11071202441583147,753,False,0.0,-1.0,0.0
10008,49019.0,Zamora,1505.38,3,501.79333333333335,0.11583011583011583,0.10959862641289442,28,True,0.0,-1.0,0.0
15067,8912.0,Barcelona,1505.06,1,1505.06,1.0,0.6931471805599453,1636,False,0.0,-1.0,0.0
1416,30203.0,Murcia,1505.03,4,376.2575,0.09223674096848578,0.08822764958459536,447,False,0.0,-1.0,0.0
16816,28340.0,Madrid,1503.13,3,501.04333333333335,0.05803157172271791,0.056410173938623916,125,True,0.0,-1.0,0.0
1000078909,40194.0,Segovia,1502.8,2,751.4,0.29268292682926833,0.25671984684781407,1300,False,0.0,-1.0,0.0
1000100570,6002.0,Badajoz,1502.48,1,1502.48,1.0,0.6931471805599453,726,False,0.0,-1.0,0.0
1000075817,18004.0,Granada,1500.29,3,500.09666666666664,0.06198347107438017,0.060138358738533404,81,True,0.0,-1.0,0.0
17902,25008.0,Lleida,1499.4099999999999,2,749.7049999999999,0.09022556390977443,0.08638461419882064,1138,False,0.0,-1.0,0.0
1000100463,29740.0,Málaga,1498.72,7,214.10285714285715,0.2699228791773779,0.2389561735694762,28,True,0.0,-1.0,0.0
42996,11130.0,Cádiz,1497.8400000000001,2,748.9200000000001,0.6896551724137931,0.5245244681241527,193,False,0.0,-1.0,0.0
1000076746,30202.0,Murcia,1497.84,3,499.28,0.4072398190045249,0.3416302106614813,28,True,0.0,-1.0,0.07446236462331637
12559,18005.0,Granada,1495.8400000000001,2,747.9200000000001,0.06622516556291391,0.06412452816953867,529,False,0.0,-1.0,0.0
40500,20400.0,Gipúzkoa,1494.49,15,99.63266666666667,0.46201232032854206,0.37981378832938595,733,False,0.0,-1.0,0.3309025755809277
40527,18100.0,Granada,1493.25,2,746.625,1.090909090909091,0.7375989431307792,1266,False,0.0,-1.0,0.0
36976,28223.0,Madrid,1491.3700000000001,4,372.84250000000003,0.09302325581395349,0.08894748601649616,31,True,0.0,0.8783814726374667,0.0
8104,30833.0,Murcia,1490.99,7,212.99857142857144,0.14685314685314685,0.13702179756429114,390,False,0.0,-1.0,0.0
1000100447,33770.0,Asturias,1490.24,1,1490.24,1.0,0.6931471805599453,774,False,0.0,-1.0,0.0
1000081438,38400.0,Sta.Cruz Tenerife,1488.02,3,496.00666666666666,0.08946322067594434,0.08568511684827633,745,False,0.0,-1.0,0.0
5462,24400.0,León,1487.98,2,743.99,0.08862629246676514,0.08491661927706161,45,True,0.0,-1.0,0.0
1000074183,43204.0,Tarragona,1483.8400000000001,1,1483.8400000000001,1.0,0.6931471805599453,201,False,0.0,-1.0,0.0
1000101742,33008.0,Asturias,1483.0700000000002,2,741.5350000000001,0.22556390977443608,0.20340107258500856,60,True,0.0,-1.0,0.0
1000082540,39300.0,Cantabria,1482.71,1,1482.71,1.0,0.6931471805599453,1042,False,0.0,-1.0,0.0
12072,15960.0,A Coruña,1480.04,2,740.02,0.07623888182973317,0.07347244623465117,705,False,0.0,-1.0,0.0
1000070795,35660.0,Las Palmas,1478.69,2,739.345,0.3870967741935484,0.32721291120841617,1529,False,0.0,-1.0,0.0
15369,3660.0,Alicante,1477.6599999999999,3,492.5533333333333,0.07200000000000001,0.06952606264861025,206,False,0.0,-1.0,0.0
1000102067,29002.0,Málaga,1475.93,1,1475.93,1.0,0.6931471805599453,152,True,0.0,-1.0,0.0
1000079961,28915.0,Madrid,1471.94,3,490.6466666666667,0.10676156583629892,0.10143824284548836,829,False,0.0,-1.0,0.0
35093,4740.0,Almería,1470.4,2,735.2,2.0,1.0986122886681098,552,False,0.0,-1.0,0.0
19777,29700.0,Málaga,1468.33,1,1468.33,1.0,0.6931471805599453,1771,False,0.0,-1.0,0.0
11414,9005.0,Burgos,1466.35,3,488.7833333333333,0.13138686131386862,0.12344419109112172,96,True,0.0,-1.0,0.0
15026,8922.0,Barcelona,1463.9499999999998,5,292.78999999999996,0.1400560224089636,0.13107740366295592,712,False,0.0,-1.0,0.0
18847,7150.0,Baleares,1462.5500000000002,4,365.63750000000005,0.21390374331550802,0.19384140062681604,1083,False,0.0,-1.0,0.0
25650,9400.0,Burgos,1462.5500000000002,2,731.2750000000001,0.2857142857142857,0.25131442828090605,725,False,0.0,-1.0,0.0
1000101570,3700.0,Alicante,1461.69,3,487.23,0.4,0.33647223662121295,75,True,0.0,-1.0,0.0
1000102270,29670.0,Málaga,1460.23,1,1460.23,1.0,0.6931471805599453,38,True,0.0,-1.0,0.0
1000066469,28934.0,Madrid,1459.5900000000001,2,729.7950000000001,0.10733452593917711,0.10195579952949695,819,False,0.0,-0.1586875070960906,0.0
1000082484,28020.0,Madrid,1459.0700000000002,3,486.35666666666674,0.07627118644067796,0.07350246199292651,189,False,0.0,-1.0,0.0
1000081563,28041.0,Madrid,1456.21,1,1456.21,1.0,0.6931471805599453,272,False,0.0,-1.0,0.0
1000101795,28029.0,Madrid,1456.21,1,1456.21,1.0,0.6931471805599453,299,False,0.0,-1.0,0.0
42807,29200.0,Málaga,1454.96,7,207.85142857142858,0.33018867924528306,0.2853207962661012,28,True,0.0,0.04928172869612958,0.0
1000078612,27004.0,Lugo,1454.0,3,484.6666666666667,0.9782608695652173,0.682218110027755,1616,False,0.0,-1.0,0.0
2230,39300.0,Cantabria,1453.69,1,1453.69,1.0,0.6931471805599453,1370,False,0.0,-1.0,0.0
1000102268,31015.0,Navarra,1452.0,1,1452.0,1.0,0.6931471805599453,39,True,0.0,-1.0,0.0
1000082420,28053.0,Madrid,1447.6,3,482.5333333333333,0.9473684210526316,0.666478933477784,1319,False,0.0,-1.0,0.3246411023244049
1000076868,28607.0,Madrid,1447.0700000000002,1,1447.0700000000002,1.0,0.6931471805599453,220,False,0.0,-1.0,0.0
2218,39003.0,Cantabria,1446.72,1,1446.72,1.0,0.6931471805599453,1797,False,0.0,-1.0,0.0
1000081761,36201.0,Pontevedra,1445.37,3,481.78999999999996,0.14308426073131958,0.13373010102060617,1042,False,0.0,-1.0,0.0
1000101016,11170.0,Cádiz,1444.8400000000001,2,722.4200000000001,0.5607476635514018,0.4451649779548489,517,False,0.0,-1.0,0.0
1000082726,15703.0,A Coruña,1444.81,2,722.405,0.17804154302670624,0.1638533503348287,791,False,0.0,-1.0,0.0
27366,8015.0,Barcelona,1443.65,2,721.825,2.0,1.0986122886681098,27,True,0.0,-1.0,0.7429066181532117
1000101743,31011.0,Navarra,1442.83,2,721.415,0.3448275862068966,0.29626581614317243,75,True,0.0,-1.0,0.0
1000101232,50010.0,Zaragoza,1442.74,2,721.37,1.7142857142857142,0.9985288301111271,19,True,0.0,-1.0,0.0
1000078170,23710.0,Jaén,1442.2,2,721.1,0.06396588486140725,0.0620033273052393,622,False,0.0,-1.0,0.0
631,46700.0,Valencia,1441.31,4,360.3275,0.25917926565874727,0.2304601322642583,909,False,0.0,-1.0,0.0
1000082278,46113.0,Valencia,1441.01,1,1441.01,1.0,0.6931471805599453,1543,False,0.0,-1.0,0.0
1169,46740.0,Valencia,1439.78,5,287.956,0.11764705882352941,0.11122563511022437,392,False,0.0,-1.0,0.0
1000102078,36400.0,Pontevedra,1439.5,1,1439.5,1.0,0.6931471805599453,146,True,0.0,-1.0,0.0
42033,45520.0,Toledo,1438.84,1,1438.84,1.0,0.6931471805599453,1617,False,0.0,-1.0,0.0
1000100254,29018.0,Málaga,1437.1100000000001,2,718.5550000000001,2.0,1.0986122886681098,934,False,0.0,-1.0,0.2968833907163258
1000101840,28813.0,Madrid,1435.6100000000001,2,717.8050000000001,2.0,1.0986122886681098,280,False,0.0,-1.0,0.0
1000101810,31003.0,Navarra,1434.6,2,717.3,0.7058823529411764,0.5340824859302579,209,False,0.0,-1.0,0.0
1000081349,8022.0,Barcelona,1432.93,2,716.465,0.4195804195804196,0.3503613487818801,836,False,0.0,-0.3438547421465061,0.0
1000100465,38207.0,Sta.Cruz Tenerife,1430.92,3,476.97333333333336,0.14354066985645933,0.13412929996669967,172,True,0.0,-1.0,0.0
1000100983,20730.0,Gipúzkoa,1427.63,1,1427.63,1.0,0.6931471805599453,647,False,0.0,-1.0,0.0
1000072485,38201.0,Sta.Cruz Tenerife,1425.68,2,712.84,0.12578616352201258,0.11848160362052347,95,True,0.0,-1.0,0.0
21294,28008.0,Madrid,1421.68,3,473.8933333333334,0.06880733944954129,0.06654339077661156,404,False,0.0,-1.0,0.0
1000082644,36207.0,Pontevedra,1420.72,2,710.36,1.0,0.6931471805599453,1148,False,0.0,-1.0,0.0
22291,15007.0,A Coruña,1420.55,4,355.1375,0.10572687224669602,0.1005029216503812,551,False,0.0,-0.12549094479598527,0.0
1000081842,8006.0,Barcelona,1418.75,1,1418.75,1.0,0.6931471805599453,1567,False,0.0,-1.0,0.0
1000100032,22300.0,Huesca,1418.75,1,1418.75,1.0,0.6931471805599453,1445,False,0.0,-1.0,0.0
1000070961,38911.0,Sta.Cruz Tenerife,1417.4299999999998,3,472.47666666666663,0.06987577639751553,0.06754254490930496,152,True,0.0,-1.0,0.0
1000102083,47004.0,Valladolid,1417.36,1,1417.36,1.0,0.6931471805599453,62,True,0.0,-1.0,0.0
1000102037,33530.0,Asturias,1417.36,1,1417.36,1.0,0.6931471805599453,173,True,0.0,-1.0,0.0
1000102200,48280.0,Vizcaya,1417.36,1,1417.36,1.0,0.6931471805599453,68,True,0.0,-1.0,0.0
1000066279,23100.0,Jaén,1417.27,2,708.635,0.05803157172271791,0.056410173938623916,272,False,0.0,0.39983405862133187,0.0
26043,28007.0,Madrid,1416.51,3,472.17,0.15358361774744025,0.14287328646595146,902,False,0.0,-1.0,0.0
1000100919,48003.0,Vizcaya,1415.54,3,471.84666666666664,0.14469453376205788,0.1351378186727963,28,True,0.0,-1.0,0.0
1000081771,30880.0,Murcia,1414.44,3,471.48,0.0827966881324747,0.07954722013906727,312,False,0.0,-1.0,0.0
13213,8630.0,Barcelona,1413.25,2,706.625,0.45454545454545453,0.3746934494414107,1636,False,0.0,-1.0,0.0
42420,30500.0,Murcia,1412.6200000000001,3,470.8733333333334,0.5263157894736842,0.42285685082003355,971,False,0.0,-1.0,0.0
20534,28039.0,Madrid,1412.29,4,353.0725,0.1234567901234568,0.11641035184441129,790,False,0.0,-1.0,0.0
1000069451,35500.0,Las Palmas,1411.2600000000002,2,705.6300000000001,0.07009345794392523,0.06774598853238815,710,False,0.0,-1.0,0.0
1000080477,50008.0,Zaragoza,1411.21,2,705.605,0.18126888217522658,0.16658918460830285,243,False,0.0,-1.0,0.0
1000102168,46900.0,Valencia,1409.99,1,1409.99,1.0,0.6931471805599453,87,True,0.0,-1.0,0.0
1000101762,46007.0,Valencia,1409.99,1,1409.99,1.0,0.6931471805599453,89,True,0.0,-1.0,0.0
1000101661,8021.0,Barcelona,1409.71,1,1409.71,1.0,0.6931471805599453,348,False,0.0,-1.0,0.0
41179,35007.0,Las Palmas,1408.59,7,201.22714285714284,0.12665862484921592,0.11925628309354765,20,True,0.0,-1.0,0.0
1000081440,26007.0,La Rioja,1405.35,2,702.675,0.07371007371007371,0.07112000965299516,601,False,0.0,-1.0,0.0
42882,41005.0,Sevilla,1404.27,2,702.135,0.1759530791788856,0.1620789500230524,224,False,0.0,-1.0,0.0
1000101015,18005.0,Granada,1402.73,2,701.365,0.16759776536312848,0.154948446124056,265,False,0.0,-1.0,0.0
1000081174,14940.0,Córdoba,1402.71,3,467.57,0.16453382084095064,0.15232085315018215,942,False,0.0,-1.0,0.0
1000081840,39300.0,Cantabria,1402.51,1,1402.51,1.0,0.6931471805599453,1635,False,0.0,-1.0,0.0
1000082256,3201.0,Alicante,1402.51,1,1402.51,1.0,0.6931471805599453,1564,False,0.0,-1.0,0.0
1000101437,15004.0,A Coruña,1402.0299999999997,3,467.34333333333325,0.20689655172413793,0.18805223150293965,28,True,0.0,-1.0,0.0
1000041381,14900.0,Córdoba,1399.62,1,1399.62,1.0,0.6931471805599453,965,False,0.0,-1.0,0.0
1000101687,49013.0,Zamora,1399.5900000000001,2,699.7950000000001,0.39473684210526316,0.3327057538257361,150,True,0.0,-1.0,0.0
42703,16800.0,Cuenca,1398.49,3,466.16333333333336,0.17208413001912046,0.1587834718712885,80,True,0.0,-1.0,0.0
1000077456,43303.0,Tarragona,1398.15,1,1398.15,1.0,0.6931471805599453,544,False,0.0,-1.0,0.0
42937,31006.0,Navarra,1396.45,2,698.225,0.6741573033707865,0.5153099362133193,69,True,0.0,-1.0,0.0
1000101227,35014.0,Las Palmas,1396.08,2,698.04,2.0,1.0986122886681098,459,False,0.0,0.0,1.414213562373095
1000100107,37005.0,Salamanca,1394.28,2,697.14,0.31578947368421056,0.2744368457017603,833,False,0.0,-1.0,0.0
1000066497,11004.0,Cádiz,1393.4,1,1393.4,1.0,0.6931471805599453,1190,False,0.0,-1.0,0.0
1000100139,17001.0,Girona,1392.9,3,464.3,0.09394572025052192,0.08979108691012692,96,True,0.0,-1.0,0.0
8931,41008.0,Sevilla,1390.99,2,695.495,0.297029702970297,0.2600768063598921,1350,False,0.0,-1.0,0.0
1000076911,39300.0,Cantabria,1390.67,1,1390.67,1.0,0.6931471805599453,1127,False,0.0,-1.0,0.0
42307,46020.0,Valencia,1390.67,1,1390.67,1.0,0.6931471805599453,1328,False,0.0,-1.0,0.0
1000077397,18007.0,Granada,1388.1399999999999,4,347.03499999999997,0.11267605633802817,0.10676797542570607,432,False,0.0,-0.5688590766655102,0.0
21444,30150.0,Murcia,1385.3400000000001,1,1385.3400000000001,1.0,0.6931471805599453,1781,False,0.0,-1.0,0.0
13042,8720.0,Barcelona,1385.1299999999999,3,461.71,0.14218009478672985,0.1329388000145885,1172,False,0.0,-1.0,0.0
1000081148,46009.0,Valencia,1384.71,1,1384.71,1.0,0.6931471805599453,1195,False,0.0,-1.0,0.0
1000102007,41010.0,Sevilla,1383.8200000000002,2,691.9100000000001,0.3278688524590164,0.28357529049912755,12,True,0.0,-1.0,0.0
1000075946,33700.0,Asturias,1383.8000000000002,2,691.9000000000001,0.12269938650306748,0.11573595203465861,68,True,0.0,-1.0,0.0
1000102164,13700.0,Ciudad Real,1383.77,1,1383.77,1.0,0.6931471805599453,89,True,0.0,-1.0,0.0
1000060562,30001.0,Murcia,1383.5500000000002,5,276.71000000000004,0.13134851138353765,0.12341029412659163,419,False,0.0,-1.0,0.0
1000082014,28043.0,Madrid,1383.55,4,345.8875,0.08836524300441827,0.08467679338950565,75,True,0.0,-1.0,0.0
1000069730,46200.0,Valencia,1383.0700000000002,2,691.5350000000001,0.11928429423459246,0.11268945803995119,923,False,0.0,-1.0,0.0
1000100008,3001.0,Alicante,1382.13,1,1382.13,1.0,0.6931471805599453,1320,False,0.0,-1.0,0.0
1000101839,28821.0,Madrid,1381.2199999999998,2,690.6099999999999,2.0,1.0986122886681098,280,False,0.0,-1.0,0.9639284228149944
2439,38400.0,Sta.Cruz Tenerife,1380.73,4,345.1825,0.08869179600886917,0.08497678829184223,458,False,0.0,-1.0,0.0
1000101201,28003.0,Madrid,1378.8000000000002,1,1378.8000000000002,1.0,0.6931471805599453,517,False,0.0,-1.0,0.0
1000078487,8206.0,Barcelona,1378.34,4,344.585,0.1895734597156398,0.1735948056557174,1075,False,0.0,-1.0,0.0
1000101054,39002.0,Cantabria,1378.08,1,1378.08,1.0,0.6931471805599453,602,False,0.0,-1.0,0.0
1000046126,15701.0,A Coruña,1376.4199999999998,1,1376.4199999999998,1.0,0.6931471805599453,1767,False,0.0,-1.0,0.0
1000079192,4001.0,Almería,1376.24,2,688.12,0.1639344262295082,0.1518060128680042,66,True,0.0,-1.0,0.0
1000081335,30201.0,Murcia,1374.5,2,687.25,2.0,1.0986122886681098,1377,False,0.0,0.0,0.1471317129278666
37943,8022.0,Barcelona,1371.75,2,685.875,0.16438356164383564,0.15219181534192533,206,False,0.0,2.038240748918131,0.0
7046,28029.0,Madrid,1370.6399999999999,3,456.87999999999994,0.08272058823529412,0.07947693679564408,472,False,0.0,-0.3514061609626923,0.0
1000100181,48930.0,Vizcaya,1370.04,3,456.68,1.139240506329114,0.760450862456052,949,False,0.0,-1.0,0.0
1000079142,8224.0,Barcelona,1369.01,2,684.505,0.07957559681697612,0.07656799799458422,413,False,0.0,-1.0,0.0
17686,8302.0,Barcelona,1368.04,2,684.02,0.19867549668874174,0.18121719445090143,1508,False,0.0,-1.0,0.0
1000077454,41140.0,Sevilla,1368.04,2,684.02,0.10380622837370243,0.09876441467241241,1124,False,0.0,-1.0,0.0
1000080943,22520.0,Huesca,1367.87,3,455.95666666666665,0.08234217749313816,0.07912737580184823,672,False,0.0,-1.0,0.0
1211,46021.0,Valencia,1367.69,1,1367.69,1.0,0.6931471805599453,277,False,0.0,-1.0,0.0
33485,23740.0,Jaén,1367.1599999999999,1,1367.1599999999999,1.0,0.6931471805599453,1666,False,0.0,-1.0,0.0
1000100031,46010.0,Valencia,1366.05,1,1366.05,1.0,0.6931471805599453,1175,False,0.0,-1.0,0.0
1000101912,19002.0,Guadalajara,1365.6399999999999,4,341.40999999999997,0.6779661016949152,0.5175824062288704,82,True,0.5,-1.0,1.4927719422802632
1000101726,11640.0,Cádiz,1361.85,1,1361.85,1.0,0.6931471805599453,327,False,0.0,-1.0,0.0
1000080800,46010.0,Valencia,1361.35,1,1361.35,1.0,0.6931471805599453,1442,False,0.0,-1.0,0.0
1000102180,48902.0,Vizcaya,1360.59,2,680.295,0.9375,0.661398482245365,18,True,0.0,-1.0,0.0
8532,3003.0,Alicante,1359.04,3,453.0133333333333,0.18108651911468812,0.16643479373146772,270,False,0.0,-0.30242159587137757,0.0
1000082195,8016.0,Barcelona,1358.93,1,1358.93,1.0,0.6931471805599453,1630,False,0.0,-1.0,0.0
1000082630,28043.0,Madrid,1358.93,1,1358.93,1.0,0.6931471805599453,1215,False,0.0,-1.0,0.0
1000063178,19005.0,Guadalajara,1358.93,1,1358.93,1.0,0.6931471805599453,1316,False,0.0,-1.0,0.0
1000067445,28033.0,Madrid,1358.65,3,452.8833333333334,0.16666666666666666,0.1541506798272583,1160,False,0.0,-1.0,0.3365329461462192
1000078239,46130.0,Valencia,1358.65,2,679.325,0.2097902097902098,0.19044696423787166,1531,False,0.0,-1.0,0.0
43203,6220.0,Badajoz,1358.43,2,679.215,2.0,1.0986122886681098,28,True,0.0,-0.4665409884180345,0.4302616426265442
39152,46003.0,Valencia,1357.77,1,1357.77,1.0,0.6931471805599453,1680,False,0.0,-1.0,0.0
1000100612,8025.0,Barcelona,1357.12,4,339.28,0.3069053708439898,0.2676620302183387,313,False,0.0,-1.0,0.0
42811,8013.0,Barcelona,1357.1,2,678.55,0.13574660633484165,0.12729023761403108,19,True,0.0,-1.0,0.0
1000102267,25700.0,Lleida,1353.44,1,1353.44,1.0,0.6931471805599453,38,True,0.0,-1.0,0.0
1000101035,41702.0,Sevilla,1353.44,1,1353.44,1.0,0.6931471805599453,256,False,0.0,-1.0,0.0
43175,8019.0,Barcelona,1353.44,1,1353.44,1.0,0.6931471805599453,104,True,0.0,-1.0,0.0
1000042343,43205.0,Tarragona,1353.24,2,676.62,0.13856812933025403,0.12977144604020024,1112,False,0.0,-1.0,0.0
1000100061,50010.0,Zaragoza,1352.33,3,450.77666666666664,0.1016949152542373,0.09684982598991766,264,False,0.0,-1.0,0.0
43019,28016.0,Madrid,1351.18,5,270.236,0.819672131147541,0.5986563371390229,115,True,0.0,-1.0,0.0
11762,14008.0,Córdoba,1350.76,1,1350.76,1.0,0.6931471805599453,1511,False,0.0,-1.0,0.0
1000074178,38650.0,Sta.Cruz Tenerife,1350.6100000000001,2,675.3050000000001,0.15665796344647517,0.14553478086448962,1423,False,0.0,-1.0,0.0
1000065221,46500.0,Valencia,1350.6100000000001,2,675.3050000000001,0.10186757215619695,0.09700653305250329,1187,False,0.0,-1.0,0.0
21417,33900.0,Asturias,1350.45,2,675.225,0.06960556844547564,0.06728995289290073,201,False,0.0,-1.0,0.0
42786,28700.0,Madrid,1350.23,3,450.07666666666665,0.1490066225165563,0.13889776257198957,83,True,0.0,-1.0,0.0
1000042084,39300.0,Cantabria,1348.9699999999998,4,337.24249999999995,0.20905923344947736,0.18984256418723808,27,True,0.0,-1.0,0.0
1000069334,3727.0,Alicante,1347.66,4,336.915,0.1556420233463035,0.14465605390747982,950,False,0.0,-1.0,0.0
1000100021,50008.0,Zaragoza,1346.93,1,1346.93,1.0,0.6931471805599453,1490,False,0.0,-1.0,0.0
1000072864,28660.0,Madrid,1344.8,2,672.4,0.05803157172271791,0.056410173938623916,27,True,0.0,-1.0,0.0
1000075821,46100.0,Valencia,1343.92,2,671.96,0.1092896174863388,0.10371982620036639,248,False,0.0,-1.0,0.0
42956,28007.0,Madrid,1343.67,3,447.89000000000004,1.0975609756097562,0.7407752295491999,314,False,0.5,0.0,0.0
1000077122,45005.0,Toledo,1343.6399999999999,1,1343.6399999999999,1.0,0.6931471805599453,1609,False,0.0,-1.0,0.0
1000080137,26005.0,La Rioja,1343.39,1,1343.39,1.0,0.6931471805599453,1426,False,0.0,-1.0,0.0
34641,0.0,,1343.04,4,335.76,0.3592814371257485,0.30695620506464755,1344,False,1.0,0.3919858728117027,-0.0
42016,11202.0,Cádiz,1342.95,1,1342.95,1.0,0.6931471805599453,1726,False,0.0,-1.0,0.0
42755,29002.0,Málaga,1342.8400000000001,2,671.4200000000001,0.1301518438177874,0.12235199875671839,202,False,0.0,-0.5516787644121359,0.0
1000081923,46003.0,Valencia,1342.73,1,1342.73,1.0,0.6931471805599453,1810,False,0.0,-1.0,0.0
1000080913,41020.0,Sevilla,1340.62,1,1340.62,1.0,0.6931471805599453,822,False,0.0,-1.0,0.0
1000100034,46001.0,Valencia,1340.1799999999998,3,446.72666666666663,0.067618332081142,0.065430309701989,105,True,0.0,-1.0,0.0
12073,15270.0,A Coruña,1339.71,1,1339.71,1.0,0.6931471805599453,1320,False,0.0,-1.0,0.0
42757,38300.0,Sta.Cruz Tenerife,1336.45,2,668.225,0.22556390977443608,0.20340107258500856,314,False,0.0,-1.0,0.0
42981,46005.0,Valencia,1335.87,2,667.935,2.0,1.0986122886681098,383,False,0.0,-1.0,0.43706204138556326
19842,46021.0,Valencia,1333.4,1,1333.4,1.0,0.6931471805599453,1363,False,0.0,-1.0,0.0
1000081032,8860.0,Barcelona,1333.4,1,1333.4,1.0,0.6931471805599453,1804,False,0.0,-1.0,0.0
27144,50010.0,Zaragoza,1333.4,1,1333.4,1.0,0.6931471805599453,1403,False,0.0,-1.0,0.0
1000102177,15900.0,A Coruña,1332.1100000000001,2,666.0550000000001,0.8571428571428571,0.6190392084062234,14,True,0.0,-1.0,0.0
1000101849,4006.0,Almería,1330.26,1,1330.26,1.0,0.6931471805599453,278,False,0.0,-1.0,0.0
42754,41620.0,Sevilla,1330.2,2,665.1,0.19108280254777069,0.17486281150627855,350,False,0.0,-0.40000962255526956,0.0
1000059764,28045.0,Madrid,1328.7900000000002,1,1328.7900000000002,1.0,0.6931471805599453,40,True,0.0,-1.0,0.0
1000101846,46022.0,Valencia,1328.79,1,1328.79,1.0,0.6931471805599453,280,False,0.0,-1.0,0.0
1000101899,46460.0,Valencia,1328.79,1,1328.79,1.0,0.6931471805599453,257,False,0.0,-1.0,0.0
1000102184,30562.0,Murcia,1328.79,1,1328.79,1.0,0.6931471805599453,77,True,0.0,-1.0,0.0
42986,35001.0,Las Palmas,1328.79,1,1328.79,1.0,0.6931471805599453,143,True,0.0,-1.0,0.0
1000101553,18003.0,Granada,1328.79,1,1328.79,1.0,0.6931471805599453,213,False,0.0,-1.0,0.0
1000077082,29601.0,Málaga,1328.79,1,1328.79,1.0,0.6931471805599453,279,False,0.0,-1.0,0.0
14660,4001.0,Almería,1328.79,1,1328.79,1.0,0.6931471805599453,110,True,0.0,-1.0,0.0
4660,28045.0,Madrid,1328.79,1,1328.79,1.0,0.6931471805599453,46,True,0.0,-1.0,0.0
1000082413,35012.0,Las Palmas,1327.53,2,663.765,0.07518796992481203,0.07249550203815351,616,False,0.0,-1.0,0.0
42577,28007.0,Madrid,1326.8700000000001,2,663.4350000000001,0.19801980198019803,0.18067002875548163,606,False,0.0,-1.0,0.0
1000079605,15300.0,A Coruña,1324.61,1,1324.61,1.0,0.6931471805599453,1529,False,0.0,-1.0,0.0
653,45600.0,Toledo,1324.17,1,1324.17,1.0,0.6931471805599453,1508,False,0.0,-1.0,0.0
40204,15552.0,A Coruña,1323.8600000000001,1,1323.8600000000001,1.0,0.6931471805599453,1793,False,0.0,-1.0,0.0
1000102136,8840.0,Barcelona,1322.94,1,1322.94,1.0,0.6931471805599453,97,True,0.0,-1.0,0.0
5629,8860.0,Barcelona,1322.7,2,661.35,0.2027027027027027,0.18457127652797006,1363,False,0.0,-1.0,0.0
1000067171,39610.0,Cantabria,1321.94,2,660.97,0.47244094488188976,0.38692153039599536,1636,False,0.0,-1.0,0.0
1000081436,28110.0,Madrid,1321.81,1,1321.81,1.0,0.6931471805599453,179,True,0.0,-1.0,0.0
1000073357,15258.0,A Coruña,1321.0300000000002,2,660.5150000000001,0.05803157172271791,0.056410173938623916,49,True,0.0,-1.0,0.0
1000073690,3580.0,Alicante,1320.75,3,440.25,0.09771986970684039,0.09323518276516457,269,False,0.0,-1.0,0.0
42817,17250.0,Girona,1320.46,1,1320.46,1.0,0.6931471805599453,654,False,0.0,0.0,0.0
1000100239,19300.0,Guadalajara,1319.93,1,1319.93,1.0,0.6931471805599453,950,False,0.0,-1.0,0.0
1000081580,2002.0,Albacete,1319.3000000000002,2,659.6500000000001,0.34285714285714286,0.2947995402206449,1222,False,0.0,-1.0,0.0
667,45600.0,Toledo,1319.04,3,439.68,0.19148936170212766,0.17520408902509066,1301,False,0.0,-1.0,0.0
42364,41012.0,Sevilla,1318.83,2,659.415,0.08633093525179855,0.08280590368423256,584,False,0.0,-1.0,0.0
40526,28036.0,Madrid,1318.8,3,439.59999999999997,0.21897810218978103,0.1980128865886302,1301,False,0.0,-1.0,0.0
1000101775,46020.0,Valencia,1316.54,2,658.27,1.090909090909091,0.7375989431307792,257,False,0.0,-1.0,0.0
18684,27800.0,Lugo,1316.54,2,658.27,0.9090909090909091,0.6466271649250525,418,False,0.0,-1.0,0.0
33171,6400.0,Badajoz,1315.5900000000001,2,657.7950000000001,0.05803157172271791,0.056410173938623916,272,False,0.0,-1.0,0.0
1000076925,15006.0,A Coruña,1314.31,4,328.5775,0.10676156583629892,0.10143824284548836,431,False,0.0,-1.0,0.0
1000100982,18008.0,Granada,1314.0,1,1314.0,1.0,0.6931471805599453,644,False,0.0,-1.0,0.0
1000101731,29160.0,Málaga,1313.99,1,1313.99,1.0,0.6931471805599453,314,False,0.0,-1.0,0.0
1000101822,33402.0,Asturias,1312.9,2,656.45,0.4166666666666667,0.3483066942682158,80,True,0.0,-1.0,0.0
20328,33420.0,Asturias,1311.3200000000002,2,655.6600000000001,0.06802721088435375,0.06581321856957176,651,False,0.0,-1.0,0.0
3327,29190.0,Málaga,1311.21,4,327.8025,0.08168822328114363,0.07852299036283866,161,True,0.0,-1.0,0.0
37210,15179.0,A Coruña,1310.95,1,1310.95,1.0,0.6931471805599453,1621,False,0.0,-1.0,0.0
1000101118,37004.0,Salamanca,1309.73,2,654.865,0.21897810218978103,0.1980128865886302,298,False,0.0,-1.0,0.0
28463,29002.0,Málaga,1309.0,1,1309.0,1.0,0.6931471805599453,1754,False,0.0,-1.0,0.0
15432,28024.0,Madrid,1308.4099999999999,2,654.2049999999999,0.06928406466512702,0.06698932608374422,685,False,0.0,-1.0,0.0
1000067312,36930.0,Pontevedra,1308.35,4,327.0875,0.23210831721470018,0.2087267810637342,1202,False,0.0,-1.0,0.0
1000079014,40002.0,Segovia,1306.29,3,435.43,0.11056511056511056,0.10486899438963619,564,False,0.0,-0.21009183371185935,0.0
42183,48004.0,Vizcaya,1306.14,3,435.38000000000005,0.8108108108108107,0.5937747067467416,1329,False,0.0,-1.0,0.0
1000040550,43204.0,Tarragona,1305.7,2,652.85,0.13729977116704806,0.12865683100103859,936,False,0.0,-1.0,0.0
1000076519,0.0,,1304.98,2,652.49,1.0,0.6931471805599453,1494,False,0.0,1.29582017931557,0.0
42540,28016.0,Madrid,1304.92,1,1304.92,1.0,0.6931471805599453,270,False,0.0,-1.0,0.0
42906,46900.0,Valencia,1304.42,2,652.21,0.1360544217687075,0.1275612256380188,90,True,0.0,-1.0,0.0
21688,28016.0,Madrid,1303.76,1,1303.76,1.0,0.6931471805599453,1368,False,0.0,-1.0,0.0
1000082760,41702.0,Sevilla,1303.76,1,1303.76,1.0,0.6931471805599453,1111,False,0.0,-1.0,0.0
1000101481,18002.0,Granada,1303.63,2,651.815,0.3846153846153846,0.32542240043462795,285,False,0.0,-1.0,0.0
26449,46007.0,Valencia,1303.55,2,651.775,0.15706806282722513,0.14588927347112293,1327,False,0.0,-1.0,0.0
1000081324,12400.0,Castellón,1302.73,1,1302.73,1.0,0.6931471805599453,934,False,0.0,-1.0,0.0
1000076608,15888.0,A Coruña,1301.25,3,433.75,0.19736842105263158,0.18012616623051897,1011,False,0.0,-1.0,0.0
4919,20011.0,Gipúzkoa,1300.94,3,433.6466666666667,0.20089285714285715,0.18306532774679926,1251,False,0.0,-1.0,0.0
1000081355,35110.0,Las Palmas,1300.8400000000001,1,1300.8400000000001,1.0,0.6931471805599453,1196,False,0.0,-1.0,0.0
39302,28035.0,Madrid,1300.55,6,216.75833333333333,0.29654036243822074,0.25969945735790495,206,False,0.0,-1.0,0.0
1000102092,13240.0,Ciudad Real,1299.27,2,649.635,0.8450704225352113,0.6125174461598362,45,True,0.0,-1.0,0.0
1000100188,25600.0,Lleida,1298.9,1,1298.9,1.0,0.6931471805599453,1015,False,0.0,-1.0,0.0
35208,28049.0,Madrid,1298.8899999999999,1,1298.8899999999999,1.0,0.6931471805599453,832,False,0.0,-1.0,0.0
1000080322,28223.0,Madrid,1298.76,2,649.38,0.8955223880597015,0.6394944670676252,1445,False,0.0,-1.0,0.0
1000081391,18002.0,Granada,1298.15,3,432.7166666666667,0.1730769230769231,0.1596301455918839,1026,False,0.0,-0.3463818479149632,0.0
1000065734,13700.0,Ciudad Real,1298.1399999999999,2,649.0699999999999,0.12820512820512822,0.12062798778861475,929,False,0.0,-1.0,0.0
1000101992,18003.0,Granada,1296.54,1,1296.54,1.0,0.6931471805599453,196,False,0.0,-1.0,0.0
1000081343,41930.0,Sevilla,1295.19,1,1295.19,1.0,0.6931471805599453,82,True,0.0,-1.0,0.0
1000081970,28006.0,Madrid,1292.21,2,646.105,0.1195219123505976,0.11290173020196187,1277,False,0.0,-1.0,0.0
1000101221,29620.0,Málaga,1291.29,3,430.43,0.2980132450331126,0.2608348224155929,32,True,0.0,-1.0,0.0
1000100324,47001.0,Valladolid,1290.8899999999999,2,645.4449999999999,0.26905829596412556,0.23827512618311886,476,False,0.0,-1.0,0.0
1000101484,28014.0,Madrid,1290.42,2,645.21,0.1744186046511628,0.16077322058775173,96,True,0.0,-1.0,0.0
1000100999,28944.0,Madrid,1290.07,1,1290.07,1.0,0.6931471805599453,431,False,0.0,-1.0,0.0
1000101688,46117.0,Valencia,1290.07,1,1290.07,1.0,0.6931471805599453,339,False,0.0,-1.0,0.0
1000101076,24002.0,León,1290.07,1,1290.07,1.0,0.6931471805599453,544,False,0.0,-1.0,0.0
1000063573,30380.0,Murcia,1290.07,1,1290.07,1.0,0.6931471805599453,700,False,0.0,-1.0,0.0
22399,33138.0,Asturias,1290.07,1,1290.07,1.0,0.6931471805599453,580,False,0.0,-1.0,0.0
1000082566,35110.0,Las Palmas,1290.07,1,1290.07,1.0,0.6931471805599453,453,False,0.0,-1.0,0.0
1000080668,3570.0,Alicante,1290.07,1,1290.07,1.0,0.6931471805599453,490,False,0.0,-1.0,0.0
1000101729,3804.0,Alicante,1290.07,1,1290.07,1.0,0.6931471805599453,326,False,0.0,-1.0,0.0
1000101585,28982.0,Madrid,1290.06,1,1290.06,1.0,0.6931471805599453,340,False,0.0,-1.0,0.0
1000100115,47003.0,Valladolid,1289.44,1,1289.44,1.0,0.6931471805599453,619,False,0.0,-1.0,0.0
1000100432,28945.0,Madrid,1288.65,3,429.55,0.18072289156626503,0.16612687087397396,332,False,0.0,-1.0,0.0
1000082034,28933.0,Madrid,1288.1000000000001,6,214.68333333333337,0.12405237767057202,0.11694034973682603,290,False,0.0,1.2507739938080495,0.0
43083,47014.0,Valladolid,1287.62,1,1287.62,1.0,0.6931471805599453,181,False,0.0,-1.0,0.0
1000100062,3004.0,Alicante,1286.87,1,1286.87,1.0,0.6931471805599453,1152,False,0.0,-1.0,0.0
20827,47001.0,Valladolid,1286.04,5,257.20799999999997,0.11773940345368916,0.11130825583981241,306,False,0.0,-0.05440561457482108,0.0
2784,28820.0,Madrid,1284.6399999999999,3,428.2133333333333,0.07431874483897605,0.07168673495941302,216,False,0.0,-1.0,0.0
14565,6300.0,Badajoz,1284.16,4,321.04,0.5825242718446603,0.45902121257712664,599,False,0.3333333333333333,-1.0,1.4927719422802632
1000082138,19003.0,Guadalajara,1281.85,2,640.925,1.6216216216216215,0.9637930658591584,1636,False,0.0,-1.0,0.0
12873,8350.0,Barcelona,1281.18,2,640.59,0.07117437722419928,0.06875559541512996,571,False,0.0,-1.0,0.0
1000102041,50005.0,Zaragoza,1279.1399999999999,2,639.5699999999999,0.5660377358490566,0.4485486942444761,66,True,0.0,-1.0,0.0
1686,31610.0,Navarra,1278.98,2,639.49,0.594059405940594,0.4662838481432035,1580,False,0.0,-1.0,0.0
1000069401,33402.0,Asturias,1278.96,2,639.48,0.15625,0.1451820098444979,1372,False,0.0,-1.0,0.0
1000101202,3724.0,Alicante,1278.57,3,426.19,0.29508196721311475,0.25857398829371026,108,True,0.0,-1.0,0.0
27046,5230.0,Ávila,1277.7199999999998,3,425.9066666666666,0.15652173913043477,0.14541699985850368,934,False,0.0,-1.0,0.0
42464,36930.0,Pontevedra,1277.54,2,638.77,0.18808777429467086,0.1723451022975818,794,False,0.0,-1.0,0.0
6361,18800.0,Granada,1277.35,1,1277.35,1.0,0.6931471805599453,978,False,0.0,-1.0,0.0
1000081039,46017.0,Valencia,1277.35,1,1277.35,1.0,0.6931471805599453,810,False,0.0,-1.0,0.0
1000079397,39004.0,Cantabria,1277.35,1,1277.35,1.0,0.6931471805599453,1019,False,0.0,-1.0,0.0
1000101991,29631.0,Málaga,1276.48,1,1276.48,1.0,0.6931471805599453,202,False,0.0,-1.0,0.0
7751,46910.0,Valencia,1272.55,2,636.275,0.05803157172271791,0.056410173938623916,230,False,0.0,-1.0,0.0
1000100637,8820.0,Barcelona,1272.1599999999999,5,254.43199999999996,0.3012048192771084,0.26329061932762177,194,False,0.0,-1.0,0.0
1000071155,36201.0,Pontevedra,1269.12,3,423.03999999999996,0.08866995073891625,0.08495672247596547,571,False,0.0,-1.0,0.0
1000077995,28032.0,Madrid,1268.31,2,634.155,0.27522935779816515,0.24312605090154807,1445,False,0.0,-1.0,0.0
1000100438,47010.0,Valladolid,1266.01,1,1266.01,1.0,0.6931471805599453,823,False,0.0,-1.0,0.0
1000100561,46007.0,Valencia,1264.38,1,1264.38,1.0,0.6931471805599453,746,False,0.0,-1.0,0.0
1000101567,28850.0,Madrid,1261.5900000000001,2,630.7950000000001,0.35714285714285715,0.30538164955118186,67,True,0.0,-1.0,0.0
1000078614,15005.0,A Coruña,1259.9899999999998,2,629.9949999999999,2.0,1.0986122886681098,1571,False,0.0,-1.0,0.0
1000082366,32950.0,Orense,1259.6399999999999,2,629.8199999999999,0.06825938566552901,0.06603058152308591,577,False,0.0,-1.0,0.0
19883,11403.0,Cádiz,1259.33,4,314.8325,0.07848266841072596,0.0755551166305366,31,True,0.0,-0.36536019395058883,0.0
1000101216,15402.0,A Coruña,1257.4499999999998,1,1257.4499999999998,1.0,0.6931471805599453,472,False,0.0,0.0,0.0
36027,28939.0,Madrid,1256.3400000000001,2,628.1700000000001,0.21428571428571427,0.19415601444095745,125,True,0.0,-1.0,0.0
1000058065,28033.0,Madrid,1255.63,1,1255.63,1.0,0.6931471805599453,1480,False,0.0,-1.0,0.0
7790,46023.0,Valencia,1253.8600000000001,2,626.9300000000001,0.07633587786259542,0.07356256717701673,748,False,0.0,-1.0,0.0
22335,28032.0,Madrid,1253.78,3,417.9266666666667,0.8333333333333333,0.6061358035703155,1446,False,0.0,-1.0,0.0
1000071980,41007.0,Sevilla,1248.6,1,1248.6,1.0,0.6931471805599453,1432,False,0.0,-1.0,0.0
4156,28912.0,Madrid,1247.71,3,415.90333333333336,0.2452316076294278,0.21932154283963443,992,False,0.0,-1.0,0.0
1000076086,46980.0,Valencia,1246.67,1,1246.67,1.0,0.6931471805599453,1552,False,0.0,-1.0,0.0
1000100944,26001.0,La Rioja,1245.39,1,1245.39,1.0,0.6931471805599453,314,False,0.0,-1.0,0.0
814,46717.0,Valencia,1244.1,1,1244.1,1.0,0.6931471805599453,27,True,0.0,-1.0,0.0
8279,20400.0,Gipúzkoa,1243.57,3,414.5233333333333,0.15845070422535212,0.14708351260416586,949,False,0.0,-1.0,0.0
15327,24002.0,León,1240.83,2,620.415,0.05803157172271791,0.056410173938623916,385,False,0.0,-1.0,0.0
1000082047,28850.0,Madrid,1240.1200000000001,1,1240.1200000000001,1.0,0.6931471805599453,1726,False,0.0,-1.0,0.0
1000075723,8021.0,Barcelona,1240.0500000000002,1,1240.0500000000002,1.0,0.6931471805599453,1748,False,0.0,-1.0,0.0
15443,46004.0,Valencia,1240.0500000000002,1,1240.0500000000002,1.0,0.6931471805599453,1372,False,0.0,-1.0,0.0
29344,30800.0,Murcia,1240.0500000000002,1,1240.0500000000002,1.0,0.6931471805599453,1515,False,0.0,-1.0,0.0
1000082296,8028.0,Barcelona,1240.0500000000002,1,1240.0500000000002,1.0,0.6931471805599453,1503,False,0.0,-1.0,0.0
1000078099,30003.0,Murcia,1240.05,1,1240.05,1.0,0.6931471805599453,1414,False,0.0,-1.0,0.0
42044,41704.0,Sevilla,1240.05,1,1240.05,1.0,0.6931471805599453,1673,False,0.0,-1.0,0.0
1000079083,28019.0,Madrid,1240.05,1,1240.05,1.0,0.6931471805599453,1270,False,0.0,-1.0,0.0
1000082372,41640.0,Sevilla,1240.05,1,1240.05,1.0,0.6931471805599453,1379,False,0.0,0.0,0.0
28093,41560.0,Sevilla,1240.05,1,1240.05,1.0,0.6931471805599453,1698,False,0.0,-1.0,0.0
1000056711,7003.0,Baleares,1240.05,1,1240.05,1.0,0.6931471805599453,1616,False,0.0,-1.0,0.0
19174,12540.0,Castellón,1240.05,1,1240.05,1.0,0.6931471805599453,1511,False,0.0,-1.0,0.0
7408,33550.0,Asturias,1240.05,1,1240.05,1.0,0.6931471805599453,1489,False,0.0,-1.0,0.0
1000082786,13001.0,Ciudad Real,1240.05,1,1240.05,1.0,0.6931471805599453,1005,False,0.0,-1.0,0.0
1000079701,31200.0,Navarra,1238.79,2,619.395,0.10714285714285714,0.10178269430994231,902,False,0.0,-1.0,0.0
1000102132,28911.0,Madrid,1238.04,1,1238.04,1.0,0.6931471805599453,98,True,0.0,-1.0,0.0
16842,48014.0,Vizcaya,1236.9199999999998,1,1236.9199999999998,1.0,0.6931471805599453,1495,False,0.0,0.0,0.0
1000102215,28901.0,Madrid,1234.66,1,1234.66,1.0,0.6931471805599453,56,True,0.0,-1.0,0.0
25648,18015.0,Granada,1234.1799999999998,2,617.0899999999999,0.07884362680683311,0.07588975159074239,1014,False,0.0,-1.0,0.0
11890,12550.0,Castellón,1233.8,4,308.45,0.28708133971291866,0.2523771276370281,727,False,0.0,-1.0,0.4913342544180491
22846,15005.0,A Coruña,1232.8,3,410.93333333333334,0.07352941176470588,0.07095173597228444,418,False,0.0,-1.0,0.0
1000076664,8015.0,Barcelona,1232.26,2,616.13,0.05803157172271791,0.056410173938623916,488,False,0.0,-1.0,0.0
1000082405,6400.0,Badajoz,1229.6,1,1229.6,1.0,0.6931471805599453,1426,False,0.0,-1.0,0.0
12382,15900.0,A Coruña,1229.16,3,409.72,0.06944444444444443,0.06713930283762853,194,False,0.0,-1.0,0.0
1000078796,8023.0,Barcelona,1228.56,1,1228.56,1.0,0.6931471805599453,1774,False,0.0,-1.0,0.0
26442,8190.0,Barcelona,1228.56,1,1228.56,1.0,0.6931471805599453,1305,False,0.0,-1.0,0.0
1000082642,3181.0,Alicante,1228.56,2,614.28,0.5357142857142857,0.42899560551835847,1098,False,0.0,-1.0,0.0
1000080316,2400.0,Albacete,1227.93,1,1227.93,1.0,0.6931471805599453,283,False,0.0,-1.0,0.0
39389,8700.0,Barcelona,1227.1999999999998,3,409.0666666666666,0.16042780748663102,0.14878873668587292,1083,False,0.0,-1.0,0.0
1000080669,44200.0,Teruel,1227.0500000000002,1,1227.0500000000002,1.0,0.6931471805599453,930,False,0.0,-1.0,0.0
1000101006,8041.0,Barcelona,1226.8600000000001,1,1226.8600000000001,1.0,0.6931471805599453,628,False,0.0,-1.0,0.0
1000072267,24193.0,León,1225.13,2,612.565,0.2390438247011952,0.21433997304745023,1126,False,0.0,-0.22254301714882627,0.0
42103,28981.0,Madrid,1225.13,2,612.565,1.2244897959183674,0.7995275841185171,1526,False,0.0,-1.0,0.0
42778,28905.0,Madrid,1224.82,3,408.2733333333333,2.0,1.0986122886681098,532,False,0.3333333333333333,-1.0,1.4927719422802632
1000101807,28027.0,Madrid,1224.12,2,612.06,0.22058823529411764,0.19933290262049122,26,True,0.0,-1.0,0.0
23727,43800.0,Tarragona,1224.0,1,1224.0,1.0,0.6931471805599453,563,False,0.0,-1.0,0.0
42445,37001.0,Salamanca,1223.98,5,244.796,0.15527950310559005,0.14434230872873824,49,True,0.0,-1.0,0.0
1000079225,2001.0,Albacete,1222.31,1,1222.31,1.0,0.6931471805599453,1046,False,0.0,-1.0,0.0
1000079320,33201.0,Asturias,1220.08,2,610.04,0.2247191011235955,0.20271151249700387,221,False,0.0,-1.0,0.0
1000102285,46014.0,Valencia,1219.14,1,1219.14,1.0,0.6931471805599453,27,True,0.0,-1.0,0.0
34793,11201.0,Cádiz,1218.17,2,609.085,0.07802340702210664,0.07512918562965101,677,False,0.0,-1.0,0.0
40454,13003.0,Ciudad Real,1217.67,1,1217.67,1.0,0.6931471805599453,203,False,0.0,-1.0,0.0
1000101551,8041.0,Barcelona,1215.78,2,607.89,0.2857142857142857,0.25131442828090605,216,False,0.0,-1.0,0.0
1000100560,18002.0,Granada,1214.24,1,1214.24,1.0,0.6931471805599453,745,False,0.0,-1.0,0.0
1000101838,41980.0,Sevilla,1213.98,2,606.99,0.2803738317757009,0.2471520913662187,70,True,0.0,-1.0,0.0
42021,7180.0,Baleares,1213.05,1,1213.05,1.0,0.6931471805599453,1719,False,0.0,-1.0,0.0
1000065611,8786.0,Barcelona,1212.51,5,242.502,0.12755102040816327,0.12004804228723559,622,False,0.0,-1.0,0.0
33962,3140.0,Alicante,1212.48,2,606.24,0.273972602739726,0.2421400520048648,1531,False,0.0,-1.0,0.0
1000082040,46210.0,Valencia,1211.6,1,1211.6,1.0,0.6931471805599453,1733,False,0.0,-1.0,0.0
1000082294,50015.0,Zaragoza,1210.09,1,1210.09,1.0,0.6931471805599453,1369,False,0.0,-1.0,0.0
1000101800,33001.0,Asturias,1210.04,1,1210.04,1.0,0.6931471805599453,196,False,0.0,-1.0,0.0
10468,48300.0,Vizcaya,1209.37,1,1209.37,1.0,0.6931471805599453,1075,False,0.0,-1.0,0.0
42401,8917.0,Barcelona,1208.71,1,1208.71,1.0,0.6931471805599453,1202,False,0.0,-1.0,0.0
1000082354,15888.0,A Coruña,1208.69,1,1208.69,1.0,0.6931471805599453,1475,False,0.0,-1.0,0.0
1000082754,12001.0,Castellón,1207.18,4,301.795,0.43321299638989175,0.35991877449985193,847,False,0.0,-1.0,0.0
8702,31001.0,Navarra,1205.57,2,602.785,0.18518518518518517,0.16989903679539747,1480,False,0.0,-1.0,0.0
542,46009.0,Valencia,1203.39,4,300.8475,0.7228915662650602,0.5440040224633094,1532,False,0.0,-1.0,0.0
42809,29006.0,Málaga,1199.92,13,92.30153846153847,1.0129870129870129,0.6996196950655628,279,False,0.0,2.2858959659990767,0.3312398536048081
42456,20100.0,Gipúzkoa,1199.45,2,599.725,2.0,1.0986122886681098,1112,False,0.0,-1.0,0.14531812210803613
1000082059,28500.0,Madrid,1199.04,1,1199.04,1.0,0.6931471805599453,1552,False,0.0,-1.0,0.0
43148,29640.0,Málaga,1198.8600000000001,2,599.4300000000001,0.7894736842105263,0.581921545449721,89,True,0.0,-1.0,0.0
1000102140,41908.0,Sevilla,1197.79,2,598.895,2.0,1.0986122886681098,96,True,0.0,-1.0,0.6490111397664587
43079,15007.0,A Coruña,1196.75,1,1196.75,1.0,0.6931471805599453,216,False,0.0,-1.0,0.0
1000078967,8640.0,Barcelona,1196.15,1,1196.15,1.0,0.6931471805599453,1461,False,0.0,-1.0,0.0
1000082571,18014.0,Granada,1195.0300000000002,2,597.5150000000001,0.08645533141210375,0.08292040750115158,608,False,0.0,-1.0,0.0
1000077777,41927.0,Sevilla,1194.4299999999998,2,597.2149999999999,0.2298850574712644,0.20692071580732246,780,False,0.0,-1.0,0.0
1000101637,2005.0,Albacete,1194.3600000000001,1,1194.3600000000001,1.0,0.6931471805599453,75,True,0.0,-1.0,0.0
42881,28944.0,Madrid,1193.48,1,1193.48,1.0,0.6931471805599453,559,False,0.0,-1.0,0.0
12810,8290.0,Barcelona,1193.23,3,397.74333333333334,0.14084507042253522,0.13176927763112334,1146,False,0.0,-1.0,0.0
14913,8020.0,Barcelona,1192.6299999999999,3,397.5433333333333,0.32028469750889677,0.27784739327368935,1510,False,0.0,-1.0,0.0
37245,25001.0,Lleida,1187.8899999999999,2,593.9449999999999,0.8695652173913044,0.6257058997644128,1491,False,0.0,-1.0,0.0
1000080567,39740.0,Cantabria,1185.97,2,592.985,0.05803157172271791,0.056410173938623916,54,True,0.0,-1.0,0.0
1000100842,20280.0,Gipúzkoa,1184.88,1,1184.88,1.0,0.6931471805599453,382,False,0.0,-1.0,0.0
924,46010.0,Valencia,1184.44,4,296.11,0.28103044496487123,0.2476647891933567,935,False,0.0,-1.0,0.0
1000058339,28041.0,Madrid,1183.06,2,591.53,2.0,1.0986122886681098,1757,False,0.0,-1.0,0.6497641066078809
1000101223,20140.0,Gipúzkoa,1182.43,1,1182.43,1.0,0.6931471805599453,476,False,0.0,-1.0,0.0
31066,38438.0,Sta.Cruz Tenerife,1182.3,6,197.04999999999998,0.12203389830508475,0.11514301903724308,209,False,0.0,-1.0,0.0
42053,11405.0,Cádiz,1181.46,2,590.73,2.0,1.0986122886681098,1665,False,0.0,-1.0,0.5554582139755988
1000082381,35500.0,Las Palmas,1181.1799999999998,4,295.29499999999996,0.11080332409972299,0.10508346897368827,350,False,0.0,-1.0,0.0
1000101772,30600.0,Murcia,1181.14,2,590.57,0.4316546762589928,0.3588308915938006,105,True,0.0,-1.0,0.0
1000101186,3010.0,Alicante,1181.1399999999999,2,590.5699999999999,0.35502958579881655,0.30382328863116614,54,True,0.0,-1.0,0.0
25736,11100.0,Cádiz,1180.6999999999998,3,393.5666666666666,0.1195219123505976,0.11290173020196187,81,True,0.0,-1.0,0.0
43008,45860.0,Toledo,1177.0,6,196.16666666666666,0.8695652173913043,0.6257058997644127,88,True,0.0,-1.0,0.0
23582,38004.0,Sta.Cruz Tenerife,1175.69,4,293.9225,0.15,0.13976194237515868,892,False,0.0,-1.0,0.0
42437,28010.0,Madrid,1175.65,2,587.825,0.12605042016806722,0.11871630683938197,669,False,0.0,-1.0,0.0
1000068577,7014.0,Baleares,1174.3,2,587.15,0.08695652173913043,0.08338160893905106,763,False,0.0,-1.0,0.0
1000100186,45003.0,Toledo,1172.38,2,586.19,0.8219178082191781,0.5998896870733627,851,False,0.0,-1.0,0.0
41130,28220.0,Madrid,1170.72,2,585.36,0.06024096385542168,0.05849620668160854,383,False,0.0,1.4030579617464103,0.0
13685,8830.0,Barcelona,1170.53,4,292.6325,0.12875536480686695,0.12111557861206398,749,False,0.3333333333333333,1.8307845579078454,1.4927719422802632
1000100334,47003.0,Valladolid,1169.8000000000002,2,584.9000000000001,0.2830188679245283,0.24921579162398486,699,False,0.0,-1.0,0.0
1000101937,46004.0,Valencia,1168.93,1,1168.93,1.0,0.6931471805599453,236,False,0.0,-1.0,0.0
12419,15010.0,A Coruña,1168.71,3,389.57,0.15817223198594027,0.14684310037617632,1221,False,0.0,-1.0,0.0
23772,18002.0,Granada,1168.52,2,584.26,0.08695652173913043,0.08338160893905106,1032,False,0.0,-1.0,0.0
34904,13004.0,Ciudad Real,1168.52,3,389.50666666666666,0.12968299711815562,0.12193705984360334,986,False,0.0,-1.0,0.0
1000100951,29006.0,Málaga,1168.4,3,389.4666666666667,0.6293706293706294,0.4881938233057933,522,False,0.0,0.8252385863248702,0.0
1000102214,8184.0,Barcelona,1166.91,1,1166.91,1.0,0.6931471805599453,60,True,0.0,-1.0,0.0
43041,38620.0,Sta.Cruz Tenerife,1166.6999999999998,5,233.33999999999997,1.293103448275862,0.8299061176753344,161,True,0.0,-1.0,0.0
24781,28300.0,Madrid,1164.06,2,582.03,0.5084745762711864,0.4110989258264204,1693,False,0.0,-1.0,0.0
1000101776,30002.0,Murcia,1163.94,2,581.97,0.20689655172413796,0.18805223150293968,19,True,0.0,-1.0,0.0
1000101209,11406.0,Cádiz,1163.93,2,581.965,0.17094017094017094,0.1578069910303688,160,True,0.0,-1.0,0.0
33032,25005.0,Lleida,1161.64,1,1161.64,1.0,0.6931471805599453,560,False,0.0,-1.0,0.0
1000073543,29200.0,Málaga,1158.94,2,579.47,0.8695652173913044,0.6257058997644128,1195,False,0.0,-1.0,0.0
1000100444,23007.0,Jaén,1158.92,1,1158.92,1.0,0.6931471805599453,816,False,0.0,-1.0,0.0
1000079773,48011.0,Vizcaya,1158.44,2,579.22,0.21352313167259784,0.193527807949771,1420,False,0.0,-1.0,0.0
30403,8810.0,Barcelona,1157.4,1,1157.4,1.0,0.6931471805599453,1743,False,0.0,-1.0,0.0
19649,8034.0,Barcelona,1157.37,1,1157.37,1.0,0.6931471805599453,1784,False,0.0,-1.0,0.0
12011,15010.0,A Coruña,1154.51,3,384.83666666666664,0.10778443113772455,0.10236201266156972,60,True,0.0,-1.0,0.0
1000102160,45600.0,Toledo,1151.6,2,575.8,2.0,1.0986122886681098,83,True,0.0,-1.0,0.1087799907563466
1643,31008.0,Navarra,1151.4,2,575.7,0.1652892561983471,0.1529693447814272,1421,False,0.0,-1.0,0.0
1000080705,8036.0,Barcelona,1151.09,2,575.545,0.46511627906976744,0.38193461069797024,1370,False,0.0,-1.0,0.0
1000082692,37002.0,Salamanca,1151.09,1,1151.09,1.0,0.6931471805599453,1168,False,0.0,-1.0,0.0
15612,28760.0,Madrid,1148.7099999999998,2,574.3549999999999,0.13729977116704806,0.12865683100103859,936,False,0.0,-1.0,0.0
42443,14940.0,Córdoba,1147.58,2,573.79,0.06430868167202572,0.062325463197828765,193,False,0.0,-1.0,0.0
42191,15220.0,A Coruña,1147.48,2,573.74,0.13274336283185842,0.1246424452072766,969,False,0.0,-1.0,0.0
11094,48011.0,Vizcaya,1146.42,3,382.14000000000004,0.12552301255230125,0.11824782767032843,773,False,0.0,-1.0,0.0
1000100383,6006.0,Badajoz,1145.72,2,572.86,0.16304347826086957,0.15104025741286586,483,False,0.0,-1.0,0.0
14039,1012.0,Álava,1145.38,1,1145.38,1.0,0.6931471805599453,217,False,0.0,-1.0,0.0
1000102190,28036.0,Madrid,1141.64,1,1141.64,1.0,0.6931471805599453,59,True,0.0,-1.0,0.0
1000081494,3003.0,Alicante,1141.0700000000002,2,570.5350000000001,0.22641509433962262,0.20409535634351525,705,False,0.0,-1.0,0.0
1000040262,43560.0,Tarragona,1138.88,1,1138.88,1.0,0.6931471805599453,930,False,0.0,-1.0,0.0
1000050394,36317.0,Pontevedra,1136.28,1,1136.28,1.0,0.6931471805599453,411,False,0.0,-1.0,0.0
6849,24001.0,León,1135.68,1,1135.68,1.0,0.6931471805599453,614,False,0.0,-1.0,0.0
1000081362,28001.0,Madrid,1134.49,2,567.245,0.05803157172271791,0.056410173938623916,174,True,0.0,-1.0,0.0
1000081848,8023.0,Barcelona,1133.73,1,1133.73,1.0,0.6931471805599453,1663,False,0.0,-1.0,0.0
24748,8600.0,Barcelona,1133.73,1,1133.73,1.0,0.6931471805599453,1158,False,0.0,-1.0,0.0
11177,50004.0,Zaragoza,1133.73,1,1133.73,1.0,0.6931471805599453,1820,False,0.0,-1.0,0.0
1000081924,8020.0,Barcelona,1129.65,2,564.825,0.5882352941176471,0.462623521948113,1704,False,0.0,-1.0,0.0
33980,8700.0,Barcelona,1128.58,5,225.71599999999998,0.6607929515418502,0.5072951699666081,1578,False,1.0,-1.0,-0.0
14375,3350.0,Alicante,1128.3899999999999,1,1128.3899999999999,1.0,0.6931471805599453,1426,False,0.0,-1.0,0.0
1000082531,8903.0,Barcelona,1128.3899999999999,1,1128.3899999999999,1.0,0.6931471805599453,1322,False,0.0,-1.0,0.0
1000081429,28522.0,Madrid,1125.07,1,1125.07,1.0,0.6931471805599453,1672,False,0.0,-1.0,0.0
1000080580,30204.0,Murcia,1124.49,2,562.245,0.08902077151335312,0.08527891770220855,445,False,0.0,-1.0,0.0
1000101837,28923.0,Madrid,1124.41,2,562.205,0.8333333333333334,0.6061358035703156,213,False,0.0,-1.0,0.0
1000101783,6480.0,Badajoz,1123.69,2,561.845,0.594059405940594,0.4662838481432035,206,False,0.0,-1.0,0.0
1000082187,28009.0,Madrid,1122.05,1,1122.05,1.0,0.6931471805599453,1638,False,0.0,-1.0,0.0
1000059213,18670.0,Granada,1118.8400000000001,2,559.4200000000001,0.08086253369272237,0.07775936469913404,804,False,0.0,-1.0,0.0
30467,8224.0,Barcelona,1118.8400000000001,2,559.4200000000001,0.10135135135135134,0.09653792704264727,1039,False,0.0,-1.0,0.0
25602,3700.0,Valencia,1118.29,3,372.7633333333333,0.10309278350515463,0.09811785595852335,937,False,0.0,0.20790005880581164,0.0
42343,28043.0,Madrid,1117.92,2,558.96,0.2448979591836735,0.21905356606268467,1062,False,0.0,-1.0,0.0
12537,18007.0,Granada,1117.71,4,279.4275,0.16506189821182943,0.15277421711853503,1090,False,0.0,-1.0,0.0
1000056600,23400.0,Jaén,1115.71,4,278.9275,0.09844134536505332,0.09389221620990099,592,False,0.5,-1.0,1.4927719422802632
1000100282,18004.0,Granada,1113.57,1,1113.57,1.0,0.6931471805599453,944,False,0.0,-1.0,0.0
6654,28400.0,Madrid,1113.44,2,556.72,0.06465517241379311,0.06265096496166725,105,True,0.0,-1.0,0.0
43013,4770.0,Almería,1113.19,2,556.595,0.6593406593406593,0.5064203302980743,210,False,0.0,-1.0,0.0
1000080788,33424.0,Asturias,1111.81,2,555.905,0.8333333333333334,0.6061358035703156,563,False,0.0,-1.0,0.0
1000061889,28003.0,Madrid,1111.27,2,555.635,0.16348773841961853,0.15142216517405427,395,False,0.0,-0.36877798165137615,0.0
4047,26002.0,La Rioja,1107.79,4,276.9475,0.22514071294559101,0.20305570511058654,1082,False,0.0,-1.0,0.0
1000101684,8600.0,Barcelona,1107.32,1,1107.32,1.0,0.6931471805599453,173,True,0.0,-1.0,0.0
1000102105,29010.0,Málaga,1107.1,2,553.55,0.7692307692307692,0.5705448584676129,31,True,0.0,0.5105446959045761,0.0
38502,11405.0,Cádiz,1107.04,2,553.52,2.0,1.0986122886681098,880,False,0.5,-1.0,1.4927719422802632
42197,28921.0,Madrid,1106.31,2,553.155,0.05803157172271791,0.056410173938623916,180,False,0.0,-1.0,0.0
11907,12400.0,Castellón,1106.28,2,553.14,0.06060606060606061,0.058840500022933444,634,False,0.0,-1.0,0.0
43213,8291.0,Barcelona,1105.91,1,1105.91,1.0,0.6931471805599453,31,True,0.0,0.0,0.0
1000081663,8031.0,Barcelona,1105.69,1,1105.69,1.0,0.6931471805599453,1698,False,0.0,-1.0,0.0
1000082190,8902.0,Barcelona,1105.69,1,1105.69,1.0,0.6931471805599453,1635,False,0.0,-1.0,0.0
41947,38679.0,Sta.Cruz Tenerife,1105.69,2,552.845,1.7142857142857142,0.9985288301111271,1216,False,1.0,-1.0,-0.0
1000080881,9001.0,Burgos,1103.98,2,551.99,0.16483516483516483,0.1525795875952171,1320,False,0.0,-1.0,0.0
1000079276,28232.0,Madrid,1103.8899999999999,3,367.9633333333333,0.09211873080859774,0.08811959925897062,392,False,0.0,-1.0,0.0
43056,4600.0,Almería,1103.5300000000002,1,1103.5300000000002,1.0,0.6931471805599453,251,False,0.0,-1.0,0.0
25970,28006.0,Madrid,1103.3,1,1103.3,1.0,0.6931471805599453,1166,False,0.0,-1.0,0.0
4876,20560.0,Gipúzkoa,1102.27,3,367.42333333333335,0.2647058823529412,0.23483959107740104,1337,False,0.0,-1.0,0.0
6680,4007.0,Almería,1102.27,1,1102.27,1.0,0.6931471805599453,1684,False,0.0,-1.0,0.0
4251,28010.0,Madrid,1102.26,2,551.13,0.15544041450777202,0.14448158255523322,1139,False,0.0,-1.0,0.0
1000069300,28280.0,Madrid,1102.26,2,551.13,0.6521739130434783,0.5020919437972361,1672,False,0.0,-1.0,0.0
28967,3003.0,Alicante,1102.26,2,551.13,0.5357142857142857,0.42899560551835847,1694,False,0.0,-1.0,0.0
4358,28025.0,Madrid,1102.26,2,551.13,0.1171875,0.11081436634029011,1175,False,0.0,-1.0,0.0
41429,23200.0,Jaén,1102.26,2,551.13,2.0,1.0986122886681098,1676,False,0.0,-1.0,0.0
1000101113,33009.0,Asturias,1101.99,2,550.995,0.2061855670103093,0.18746295629437332,283,False,0.0,-1.0,0.0
1000101780,28770.0,Madrid,1098.4699999999998,3,366.1566666666666,0.3061224489795918,0.2670627852490452,13,True,0.0,-1.0,0.0
42889,11130.0,Cádiz,1098.25,4,274.5625,0.262582056892779,0.2331588756138949,103,True,0.5,-1.0,0.0
1000101884,28026.0,Madrid,1096.0800000000002,1,1096.0800000000002,1.0,0.6931471805599453,269,False,0.0,-1.0,0.0
1000082682,18100.0,Granada,1095.11,4,273.7775,0.2040816326530612,0.18571714579509283,588,False,0.0,-1.0,0.0
27724,35004.0,Las Palmas,1095.1,8,136.8875,0.14814814814814814,0.13815033848081718,173,True,0.0,-1.0,0.0
42172,28002.0,Madrid,1092.43,2,546.215,1.090909090909091,0.7375989431307792,1406,False,0.0,-1.0,0.0
33841,15172.0,A Coruña,1091.27,2,545.635,0.19867549668874174,0.18121719445090143,1494,False,0.0,0.02034657681341876,0.0
7201,28820.0,Madrid,1091.03,1,1091.03,1.0,0.6931471805599453,721,False,0.0,-1.0,0.0
1000102182,28938.0,Madrid,1090.96,1,1090.96,1.0,0.6931471805599453,54,True,0.0,-1.0,0.0
1000100252,28400.0,Madrid,1089.08,2,544.54,0.6060606060606061,0.4737843520856416,461,False,0.0,-1.0,0.0
1000101142,3700.0,Alicante,1088.82,3,362.94,0.1727447216890595,0.1593469174182284,11,True,0.0,-1.0,0.0
1000101005,28041.0,Madrid,1088.82,3,362.94,0.18867924528301885,0.17284281283941083,152,True,0.0,-1.0,0.0
33132,17491.0,Girona,1088.11,1,1088.11,1.0,0.6931471805599453,124,True,0.0,-1.0,0.0
1000080227,39770.0,Cantabria,1087.13,1,1087.13,1.0,0.6931471805599453,1673,False,0.0,-1.0,0.0
1000082180,30510.0,Murcia,1087.13,1,1087.13,1.0,0.6931471805599453,1474,False,0.0,-1.0,0.0
1000101070,33630.0,Asturias,1085.59,1,1085.59,1.0,0.6931471805599453,599,False,0.0,-1.0,0.0
1000082472,28860.0,Madrid,1085.53,3,361.8433333333333,0.07718696397941681,0.0743529801177063,206,False,0.0,-1.0,0.0
1000102207,17190.0,Girona,1084.53,1,1084.53,1.0,0.6931471805599453,63,True,0.0,-1.0,0.0
1000102208,41500.0,Sevilla,1084.53,1,1084.53,1.0,0.6931471805599453,62,True,0.0,-1.0,0.0
1000100287,46003.0,Valencia,1084.43,1,1084.43,1.0,0.6931471805599453,935,False,0.0,-1.0,0.0
1000082053,41007.0,Sevilla,1083.21,1,1083.21,1.0,0.6931471805599453,1722,False,0.0,-1.0,0.0
35472,6011.0,Badajoz,1082.58,3,360.85999999999996,0.05806451612903226,0.0564413109049518,45,True,0.0,-1.0,0.0
1000082373,11405.0,Cádiz,1081.13,1,1081.13,1.0,0.6931471805599453,1445,False,0.0,-1.0,0.0
1000082175,41012.0,Sevilla,1081.13,1,1081.13,1.0,0.6931471805599453,1657,False,0.0,-1.0,0.0
1000082217,28011.0,Madrid,1081.1,1,1081.1,1.0,0.6931471805599453,1610,False,0.0,-1.0,0.0
1000080142,33007.0,Asturias,1080.76,1,1080.76,1.0,0.6931471805599453,1802,False,0.0,-1.0,0.0
1000071379,23700.0,Jaén,1079.54,2,539.77,0.36809815950920244,0.3134215706533564,1643,False,0.0,-1.0,0.0
1000078422,8980.0,Barcelona,1077.87,4,269.4675,0.6217616580310881,0.48351300163526767,84,True,0.0,-1.0,0.0
1000080857,29620.0,Málaga,1076.65,7,153.80714285714288,0.26282853566958697,0.2333540745873343,822,False,0.0,-1.0,0.0
1000080387,36600.0,Pontevedra,1075.04,1,1075.04,1.0,0.6931471805599453,441,False,0.0,-1.0,0.0
1000101192,47008.0,Valladolid,1075.04,1,1075.04,1.0,0.6931471805599453,453,False,0.0,-1.0,0.0
21540,28230.0,Madrid,1072.96,2,536.48,0.16853932584269662,0.15575452940923282,776,False,0.0,1.1546512995413385,0.0
1000100201,33202.0,Asturias,1072.72,1,1072.72,1.0,0.6931471805599453,970,False,0.0,-1.0,0.0
1000069695,8029.0,Barcelona,1070.27,2,535.135,0.1312910284463895,0.12335948361422444,585,False,0.0,-1.0,0.0
1000101083,8020.0,Barcelona,1067.6399999999999,3,355.87999999999994,1.2,0.7884573603642702,518,False,0.5,-1.0,0.0
26742,46006.0,Valencia,1065.62,1,1065.62,1.0,0.6931471805599453,1757,False,0.0,-1.0,0.0
1000076773,18008.0,Granada,1065.37,3,355.1233333333333,0.05803157172271791,0.056410173938623916,28,True,0.0,-0.5492960986382038,0.0
1000080853,3008.0,Alicante,1064.77,3,354.92333333333335,0.13975155279503107,0.13081030251016199,853,False,0.0,-0.21592365015034654,0.0
1000100659,28850.0,Madrid,1064.19,2,532.095,0.15706806282722513,0.14588927347112293,304,False,0.0,-1.0,0.0
1000100091,41006.0,Sevilla,1063.45,3,354.48333333333335,0.4945054945054945,0.401795379219202,893,False,0.5,-1.0,0.0
8768,15701.0,A Coruña,1063.02,1,1063.02,1.0,0.6931471805599453,5,True,0.0,-1.0,0.0
5492,25007.0,Lleida,1062.29,2,531.145,0.1729106628242075,0.1594884054957358,843,False,0.0,-1.0,0.0
8686,37001.0,Salamanca,1061.57,1,1061.57,1.0,0.6931471805599453,1175,False,0.0,-1.0,0.0
27827,37188.0,Salamanca,1059.53,1,1059.53,1.0,0.6931471805599453,1790,False,0.0,-1.0,0.0
37126,38002.0,Sta.Cruz Tenerife,1059.37,3,353.1233333333333,0.22670025188916879,0.2043278423953994,1340,False,0.0,-1.0,0.0
1000081910,29016.0,Málaga,1058.43,4,264.6075,0.0947119179163378,0.09049123999369253,96,True,0.0,-1.0,0.0
13675,8310.0,Barcelona,1055.3600000000001,2,527.6800000000001,0.16483516483516483,0.1525795875952171,1370,False,0.0,-1.0,0.0
1000102117,13001.0,Ciudad Real,1054.9099999999999,1,1054.9099999999999,1.0,0.6931471805599453,104,True,0.0,-1.0,0.0
1000081758,45003.0,Toledo,1054.85,1,1054.85,1.0,0.6931471805599453,361,False,0.0,-1.0,0.0
1000081793,50620.0,Zaragoza,1054.7,4,263.675,0.097323600973236,0.09287412500644374,244,False,0.0,-1.0,0.0
42554,28025.0,Madrid,1054.04,5,210.808,0.1820388349514563,0.1672407737330634,0,True,0.0,-1.0,0.0
1000101714,28945.0,Madrid,1053.0500000000002,4,263.26250000000005,0.4316546762589928,0.3588308915938006,52,True,0.0,-1.0,0.0
1000068692,46920.0,Valencia,1051.5900000000001,2,525.7950000000001,0.07117437722419928,0.06875559541512996,676,False,0.0,-1.0,0.0
36196,3202.0,Alicante,1051.02,1,1051.02,1.0,0.6931471805599453,153,True,0.0,-1.0,0.0
10899,49600.0,Zamora,1050.1399999999999,3,350.0466666666666,0.08620689655172414,0.08269171584511335,467,False,0.0,-1.0,0.0
1000078028,38003.0,Sta.Cruz Tenerife,1049.3899999999999,4,262.34749999999997,0.12618296529968454,0.11883400790235846,250,False,0.0,-1.0,0.0
1000100373,4004.0,Almería,1047.82,2,523.91,0.18927444794952683,0.17334341357073016,285,False,0.0,-1.0,0.0
10401,38002.0,Sta.Cruz Tenerife,1045.86,9,116.20666666666665,0.189873417721519,0.17384692980298241,216,False,0.0,-1.0,0.0
1000082319,33204.0,Asturias,1045.56,3,348.52,0.5555555555555555,0.4418327522790392,825,False,0.0,-1.0,0.0
1000077606,41210.0,Sevilla,1045.21,2,522.605,0.9090909090909091,0.6466271649250525,1629,False,0.0,-1.0,0.0
1000082061,48920.0,Vizcaya,1044.27,1,1044.27,1.0,0.6931471805599453,1608,False,0.0,-1.0,0.0
1000082351,8022.0,Barcelona,1043.83,2,521.915,0.16042780748663102,0.14878873668587292,1103,False,0.0,-1.0,0.0
1000101639,8600.0,Barcelona,1042.54,3,347.5133333333333,2.0,1.0986122886681098,276,False,0.3333333333333333,-1.0,1.4927719422802632
1000077721,33008.0,Asturias,1042.48,1,1042.48,1.0,0.6931471805599453,1301,False,0.0,-1.0,0.0
1000101685,45280.0,Toledo,1039.28,1,1039.28,1.0,0.6931471805599453,192,False,0.0,-1.0,0.0
1000060408,28830.0,Madrid,1038.9,2,519.45,2.0,1.0986122886681098,1742,False,0.0,-1.0,0.0
23698,8013.0,Barcelona,1038.9,1,1038.9,1.0,0.6931471805599453,1144,False,0.0,-1.0,0.0
1000081525,35010.0,Las Palmas,1038.9,2,519.45,0.7317073170731707,0.5491078103370076,1672,False,0.0,-1.0,0.0
1000081538,3010.0,Alicante,1037.83,2,518.915,2.0,1.0986122886681098,1033,False,0.0,-1.0,0.1700468385463308
1000079446,50540.0,Zaragoza,1036.8899999999999,3,345.62999999999994,0.11811023622047245,0.11163997114266946,54,True,0.0,-1.0,0.0
21160,31008.0,Navarra,1035.07,3,345.0233333333333,0.10204081632653061,0.09716374845364778,697,False,0.0,-1.0,0.0
1000102192,36946.0,Pontevedra,1034.03,1,1034.03,1.0,0.6931471805599453,75,True,0.0,-1.0,0.0
1000076790,33201.0,Asturias,1033.69,3,344.56333333333333,0.09463722397476342,0.09042300606957858,462,False,0.0,-1.0,0.0
27195,43001.0,Tarragona,1033.43,1,1033.43,1.0,0.6931471805599453,963,False,0.0,-1.0,0.0
38803,36003.0,Pontevedra,1033.3799999999999,1,1033.3799999999999,1.0,0.6931471805599453,1105,False,0.0,-1.0,0.0
1000074573,15706.0,A Coruña,1033.37,1,1033.37,1.0,0.6931471805599453,1638,False,0.0,-1.0,0.0
1000068759,15005.0,A Coruña,1033.37,1,1033.37,1.0,0.6931471805599453,1645,False,0.0,-1.0,0.0
1000081594,8700.0,Barcelona,1033.37,1,1033.37,1.0,0.6931471805599453,1627,False,0.0,-1.0,0.0
1000066278,23003.0,Jaén,1033.37,1,1033.37,1.0,0.6931471805599453,1623,False,0.0,-1.0,0.0
1000100994,8860.0,Barcelona,1032.59,1,1032.59,1.0,0.6931471805599453,538,False,0.0,-1.0,0.0
37451,46400.0,Valencia,1031.99,1,1031.99,1.0,0.6931471805599453,1434,False,0.0,-1.0,0.0
35187,15175.0,A Coruña,1031.27,2,515.635,0.3389830508474576,0.291910408561302,1602,False,0.0,-1.0,0.0
42779,30100.0,Murcia,1030.99,1,1030.99,1.0,0.6931471805599453,210,False,0.0,-1.0,0.0
1000101875,33424.0,Asturias,1030.99,1,1030.99,1.0,0.6931471805599453,270,False,0.0,-1.0,0.0
42822,18006.0,Granada,1030.99,1,1030.99,1.0,0.6931471805599453,175,True,0.0,-1.0,0.0
42219,51001.0,Ceuta,1029.77,5,205.954,2.0,1.0986122886681098,1340,False,0.6666666666666666,0.0,0.0
34181,36001.0,Pontevedra,1029.26,2,514.63,0.07528230865746549,0.07258323980756475,713,False,0.0,-1.0,0.0
1000076726,46010.0,Valencia,1028.16,1,1028.16,1.0,0.6931471805599453,1524,False,0.0,-1.0,0.0
1000101943,28026.0,Madrid,1026.28,1,1026.28,1.0,0.6931471805599453,234,False,0.0,-1.0,0.0
1000079075,36202.0,Pontevedra,1026.1799999999998,2,513.0899999999999,2.0,1.0986122886681098,1165,False,0.0,-1.0,0.0
32817,17257.0,Girona,1026.15,1,1026.15,1.0,0.6931471805599453,1166,False,0.0,-1.0,0.0
2353,38280.0,Sta.Cruz Tenerife,1026.03,2,513.015,0.11583011583011583,0.10959862641289442,1152,False,0.0,-1.0,0.0
1000080581,34800.0,Palencia,1024.7,2,512.35,0.6451612903225806,0.4978384282391795,1256,False,0.0,-1.0,0.0
1000081497,46010.0,Valencia,1023.64,4,255.91,0.08185538881309685,0.07867751974819649,340,False,0.0,-1.0,0.0
42639,18220.0,Granada,1023.6,2,511.8,0.1477832512315271,0.13783247452391326,32,True,0.0,-1.0,0.0
5601,27600.0,Lugo,1021.9999999999999,2,510.99999999999994,0.10600706713780919,0.1007562928969156,90,True,0.0,0.3008690170651538,0.0
1000100203,43005.0,Tarragona,1021.69,1,1021.69,1.0,0.6931471805599453,1006,False,0.0,-1.0,0.0
1000082581,46008.0,Valencia,1020.37,1,1020.37,1.0,0.6931471805599453,1292,False,0.0,-1.0,0.0
1000082085,28029.0,Madrid,1020.37,1,1020.37,1.0,0.6931471805599453,1706,False,0.0,-1.0,0.0
19371,15011.0,A Coruña,1020.37,2,510.185,0.25210084033613445,0.22482281283392974,1561,False,0.0,-1.0,0.0
41208,1400.0,Álava,1020.31,3,340.1033333333333,2.0,1.0986122886681098,635,False,0.3333333333333333,-1.0,1.414213562373095
1000082202,28924.0,Madrid,1019.87,1,1019.87,1.0,0.6931471805599453,1627,False,0.0,-1.0,0.0
1000078445,35013.0,Las Palmas,1019.87,1,1019.87,1.0,0.6931471805599453,1242,False,0.0,-1.0,0.0
43053,11401.0,Cádiz,1019.5,2,509.75,0.36363636363636365,0.3101549283038395,94,True,0.0,-1.0,0.0
1000081117,41001.0,Sevilla,1019.21,2,509.605,2.0,1.0986122886681098,1727,False,0.0,-1.0,0.2209409498892946
1000080584,13300.0,Ciudad Real,1018.52,6,169.75333333333333,0.29508196721311475,0.25857398829371026,1182,False,0.0,-1.0,0.0
1000078444,17450.0,Girona,1013.38,3,337.79333333333335,0.07125890736342043,0.06883450582029693,472,False,0.0,-0.46620160272037403,0.0
36494,33205.0,Asturias,1012.01,7,144.57285714285715,0.12492563950029745,0.11771693524984189,33,True,0.0,-1.0,0.0
37703,48200.0,Vizcaya,1010.77,1,1010.77,1.0,0.6931471805599453,416,False,0.0,-1.0,0.0
1000101582,18005.0,Granada,1010.73,1,1010.73,1.0,0.6931471805599453,399,False,0.0,-1.0,0.0
4807,28938.0,Madrid,1008.35,1,1008.35,1.0,0.6931471805599453,84,True,0.0,-1.0,0.0
1000100419,28690.0,Madrid,1006.08,4,251.52,0.18126888217522658,0.16658918460830285,172,True,0.0,-1.0,0.0
25643,15705.0,A Coruña,1004.3299999999999,2,502.16499999999996,0.3614457831325301,0.30854721091574266,294,False,0.0,-1.0,0.0
4544,28015.0,Madrid,1003.24,2,501.62,0.7792207792207791,0.5761755039744411,1707,False,0.0,-1.0,0.0
1000081067,8015.0,Barcelona,1001.4,3,333.8,0.8490566037735849,0.6146755651184501,1656,False,0.0,-1.0,0.0
20676,29580.0,Málaga,1001.28,3,333.76,0.17045454545454544,0.15739217375142928,355,False,0.0,-1.0,0.0
1000101765,28400.0,Madrid,1000.76,2,500.38,0.2714932126696833,0.24019196781599297,94,True,0.0,-1.0,0.0
4075,33750.0,Asturias,996.48,2,498.24,0.07751937984496124,0.07466152876901964,444,False,0.0,-1.0,0.0
1000102275,18110.0,Granada,995.82,1,995.82,1.0,0.6931471805599453,35,True,0.0,-1.0,0.0
1000102152,26500.0,La Rioja,995.3499999999999,1,995.3499999999999,1.0,0.6931471805599453,94,True,0.0,-1.0,0.0
1000065731,18012.0,Granada,995.08,3,331.6933333333333,0.1196808510638298,0.11304369029248691,886,False,0.0,-1.0,0.0
1000070457,38002.0,Sta.Cruz Tenerife,992.6800000000001,1,992.6800000000001,1.0,0.6931471805599453,266,False,0.0,-1.0,0.0
1000060716,18004.0,Granada,992.1700000000001,3,330.72333333333336,0.11688311688311688,0.11054187439982388,343,False,0.0,1.6749752626867078,0.0
1000037454,8017.0,Barcelona,992.06,4,248.015,0.3069053708439898,0.2676620302183387,1371,False,0.0,-1.0,0.0
19672,30004.0,Murcia,992.05,1,992.05,1.0,0.6931471805599453,1463,False,0.0,-1.0,0.0
42134,20304.0,Gipúzkoa,992.05,1,992.05,1.0,0.6931471805599453,1536,False,0.0,-1.0,0.0
1000082501,29700.0,Málaga,992.02,1,992.02,1.0,0.6931471805599453,1349,False,0.0,-1.0,0.0
10473,48970.0,Vizcaya,991.59,3,330.53000000000003,0.07171314741035856,0.06925844047005521,446,False,0.0,-1.0,0.0
34895,8197.0,Barcelona,990.95,1,990.95,1.0,0.6931471805599453,767,False,0.0,-1.0,0.0
1000078625,33180.0,Asturias,990.95,1,990.95,1.0,0.6931471805599453,949,False,0.0,-1.0,0.0
1000067205,41980.0,Sevilla,990.95,1,990.95,1.0,0.6931471805599453,740,False,0.0,-1.0,0.0
12300,15701.0,A Coruña,990.95,1,990.95,1.0,0.6931471805599453,902,False,0.0,-1.0,0.0
1000100381,21400.0,Huelva,989.73,1,989.73,1.0,0.6931471805599453,816,False,0.0,-1.0,0.0
1000101756,15702.0,A Coruña,989.19,1,989.19,1.0,0.6931471805599453,318,False,0.0,-1.0,0.0
1000102266,41930.0,Sevilla,989.19,1,989.19,1.0,0.6931471805599453,40,True,0.0,-1.0,0.0
1000101660,13700.0,Ciudad Real,989.19,1,989.19,1.0,0.6931471805599453,349,False,0.0,-1.0,0.0
1000100478,18600.0,Granada,989.1700000000001,1,989.1700000000001,1.0,0.6931471805599453,798,False,0.0,-1.0,0.0
1000082471,28031.0,Madrid,989.1,1,989.1,1.0,0.6931471805599453,1371,False,0.0,-1.0,0.0
1000079086,35012.0,Las Palmas,987.32,2,493.66,0.36809815950920244,0.3134215706533564,271,False,0.0,-1.0,0.0
14495,8917.0,Barcelona,986.15,2,493.075,0.2390438247011952,0.21433997304745023,1476,False,0.0,-1.0,0.0
19206,28020.0,Madrid,986.05,1,986.05,1.0,0.6931471805599453,699,False,0.0,-1.0,0.0
1000101215,28025.0,Madrid,985.5799999999999,2,492.78999999999996,0.6666666666666666,0.5108256237659906,181,False,0.0,-1.0,0.0
1000081161,47005.0,Valladolid,983.66,1,983.66,1.0,0.6931471805599453,958,False,0.0,-1.0,0.0
28238,47006.0,Valladolid,983.38,1,983.38,1.0,0.6931471805599453,1525,False,0.0,-1.0,0.0
21627,6010.0,Badajoz,981.78,1,981.78,1.0,0.6931471805599453,1715,False,0.0,-1.0,0.0
1000081961,38611.0,Sta.Cruz Tenerife,980.3,5,196.06,0.23659305993690852,0.21236006591318193,1145,False,0.0,-1.0,0.0
3776,33401.0,Asturias,979.8,2,489.9,0.2510460251046025,0.22398002145917575,1034,False,0.0,-1.0,0.0
1000102063,36203.0,Pontevedra,979.43,1,979.43,1.0,0.6931471805599453,157,True,0.0,-1.0,0.0
1000079338,8025.0,Barcelona,979.4200000000001,2,489.71000000000004,0.13793103448275862,0.1292117314800062,341,False,0.0,-1.0,0.0
9431,35220.0,Las Palmas,978.74,1,978.74,1.0,0.6931471805599453,1704,False,0.0,-1.0,0.0
1000082490,50008.0,Zaragoza,978.65,3,326.21666666666664,2.0,1.0986122886681098,1287,False,0.3333333333333333,-1.0,1.4927719422802632
21810,38203.0,Sta.Cruz Tenerife,976.76,2,488.38,0.12474012474012473,0.11755200874072033,1305,False,0.0,-1.0,0.0
3343,29002.0,Málaga,976.65,4,244.1625,0.0879765395894428,0.08431958532391834,390,False,0.0,-1.0,0.0
8816,20002.0,Gipúzkoa,975.94,3,325.31333333333333,0.31802120141342755,0.2761315220005779,894,False,0.0,-1.0,0.0
42853,45600.0,Toledo,972.79,2,486.395,0.1488833746898263,0.13879049213955108,206,False,0.0,-1.0,0.0
1000082621,28232.0,Madrid,971.9,2,485.95,0.3529411764705882,0.30228087187293357,1084,False,0.0,-1.0,0.0
1000081419,18150.0,Granada,971.39,2,485.695,0.2,0.18232155679395465,1498,False,0.0,-1.0,0.0
1000100365,49029.0,Zamora,970.2399999999999,1,970.2399999999999,1.0,0.6931471805599453,896,False,0.0,-1.0,0.0
1000101982,11510.0,Cádiz,970.17,1,970.17,1.0,0.6931471805599453,185,False,0.0,-1.0,0.0
39976,26002.0,La Rioja,970.0699999999999,2,485.03499999999997,0.08333333333333333,0.08004270767353643,656,False,0.0,0.0,0.0
1000075252,3550.0,Alicante,969.82,1,969.82,1.0,0.6931471805599453,619,False,0.0,-1.0,0.0
1000100274,41020.0,Sevilla,967.91,2,483.955,0.1111111111111111,0.1053605156578263,406,False,0.0,-1.0,0.0
1865,35011.0,Las Palmas,967.19,3,322.3966666666667,0.06237006237006237,0.06050232009794325,284,False,0.0,-1.0,0.0
1000082133,41960.0,Sevilla,966.24,2,483.12,0.10380622837370243,0.09876441467241241,1103,False,0.0,-1.0,0.0
18237,33004.0,Asturias,966.12,1,966.12,1.0,0.6931471805599453,221,False,0.0,-1.0,0.0
1000101042,46920.0,Valencia,962.66,5,192.53199999999998,0.4746835443037975,0.38844342053873376,294,False,0.0,-1.0,0.0
1000082033,24005.0,León,962.1,1,962.1,1.0,0.6931471805599453,1742,False,0.0,-1.0,0.0
42352,7011.0,Baleares,962.1,1,962.1,1.0,0.6931471805599453,1292,False,0.0,-1.0,0.0
25836,8100.0,Barcelona,962.1,1,962.1,1.0,0.6931471805599453,1315,False,0.0,-1.0,0.0
1000066345,28007.0,Madrid,962.1,1,962.1,1.0,0.6931471805599453,1340,False,0.0,-1.0,0.0
1000078012,8206.0,Barcelona,962.1,1,962.1,1.0,0.6931471805599453,1335,False,0.0,-1.0,0.0
1000038694,7300.0,Baleares,962.1,1,962.1,1.0,0.6931471805599453,1820,False,0.0,-1.0,0.0
1000081290,46191.0,Valencia,962.1,1,962.1,1.0,0.6931471805599453,1469,False,0.0,-1.0,0.0
1000074828,28002.0,Madrid,959.25,3,319.75,0.3474903474903475,0.2982438605028894,1532,False,0.0,-1.0,0.0
13390,8021.0,Barcelona,959.25,3,319.75,0.24793388429752067,0.22148929121818325,1336,False,0.0,-1.0,0.0
1000082045,36680.0,Pontevedra,959.24,2,479.62,0.4,0.33647223662121295,1579,False,0.0,-1.0,0.0
16084,28033.0,Madrid,959.24,2,479.62,0.594059405940594,0.4662838481432035,1648,False,0.0,-1.0,0.0
35139,48940.0,Vizcaya,959.05,2,479.525,0.07237635705669482,0.06987708037860961,479,False,0.0,-1.0,0.0
1000101207,8230.0,Barcelona,958.96,2,479.48,0.23166023166023167,0.20836304108530682,194,False,0.0,-1.0,0.0
23155,35212.0,Las Palmas,958.45,1,958.45,1.0,0.6931471805599453,797,False,0.0,-1.0,0.0
1000082393,28806.0,Madrid,957.83,1,957.83,1.0,0.6931471805599453,1433,False,0.0,-1.0,0.0
9967,28026.0,Madrid,957.07,3,319.02333333333337,0.07738607050730868,0.07453780237740387,193,False,0.0,-1.0,0.0
22623,28002.0,Madrid,956.92,2,478.46,0.05803157172271791,0.056410173938623916,326,False,0.0,-1.0,0.0
22244,38005.0,Sta.Cruz Tenerife,952.49,5,190.498,0.2608695652173913,0.23180161405732433,966,False,0.0,-1.0,0.0
17848,14546.0,Córdoba,952.46,2,476.23,0.0814111261872456,0.07826678660087844,1005,False,0.0,-1.0,0.0
1000057942,28015.0,Madrid,951.39,4,237.8475,0.1377726750861079,0.1290725574774852,696,False,0.5,-1.0,0.0
1000081293,28939.0,Madrid,951.14,1,951.14,1.0,0.6931471805599453,377,False,0.0,-1.0,0.0
1000081609,23007.0,Jaén,950.7,2,475.35,0.29411764705882354,0.2578291093020998,1547,False,0.0,-1.0,0.0
1000100650,3501.0,Alicante,949.0600000000001,3,316.35333333333335,0.25280898876404495,0.22538822116803361,300,False,0.0,0.4528851051444372,0.0
9759,2005.0,Albacete,948.38,3,316.12666666666667,0.09414225941422594,0.08997073157346692,444,False,0.0,-1.0,0.0
20140,38108.0,Sta.Cruz Tenerife,947.91,4,236.9775,0.11310084825636192,0.10714967758337916,342,False,0.0,-1.0,0.0
1000066191,33209.0,Asturias,946.52,1,946.52,1.0,0.6931471805599453,1796,False,0.0,-1.0,0.0
1000070630,28320.0,Madrid,945.64,1,945.64,1.0,0.6931471805599453,279,False,0.0,-1.0,0.0
1000101931,4001.0,Almería,944.36,1,944.36,1.0,0.6931471805599453,70,True,0.0,-1.0,0.0
20881,37004.0,Salamanca,943.91,4,235.9775,0.08791208791208792,0.08426034361773989,124,True,0.0,-1.0,0.0
34704,29002.0,Málaga,943.22,1,943.22,1.0,0.6931471805599453,1700,False,0.0,-1.0,0.0
1000101969,48940.0,Vizcaya,941.31,2,470.655,0.28169014084507044,0.24817962947553462,5,True,0.0,-1.0,0.0
1000061577,18197.0,Granada,941.01,3,313.67,0.0812274368231047,0.07809691136816554,473,False,0.0,0.26603498542274046,0.0
1000082316,12200.0,Castellón,940.52,2,470.26,0.08733624454148473,0.08373089291046798,486,False,0.0,-1.0,0.0
1000101938,8750.0,Barcelona,939.99,1,939.99,1.0,0.6931471805599453,236,False,0.0,-1.0,0.0
23726,28007.0,Madrid,937.83,3,312.61,0.11249999999999999,0.10660973505825821,774,False,0.0,-1.0,0.0
23867,46023.0,Valencia,936.9200000000001,2,468.46000000000004,0.2027027027027027,0.18457127652797006,1272,False,0.0,-1.0,0.0
1000082670,18002.0,Granada,936.9200000000001,4,234.23000000000002,0.2385685884691849,0.21395634868771396,678,False,0.0,-1.0,0.0
40248,31007.0,Navarra,936.19,2,468.095,0.7407407407407407,0.5543107357057295,1708,False,0.0,-1.0,0.0
14754,8301.0,Barcelona,936.1,2,468.05,0.4411764705882353,0.36545977349446523,1621,False,0.0,-1.0,0.0
1000041079,28005.0,Madrid,936.03,2,468.015,0.7692307692307692,0.5705448584676129,1715,False,0.0,-1.0,0.0
27815,8304.0,Barcelona,935.8399999999999,2,467.91999999999996,0.11928429423459246,0.11268945803995119,915,False,0.0,-1.0,0.0
1000070580,33980.0,Asturias,934.03,2,467.015,0.1639344262295082,0.1518060128680042,1413,False,0.0,-1.0,0.0
30864,29600.0,Málaga,934.03,1,934.03,1.0,0.6931471805599453,1186,False,0.0,-1.0,0.0
1000042565,15701.0,A Coruña,934.03,2,467.015,0.4081632653061224,0.3422862064866327,1538,False,0.0,-1.0,0.0
42073,21810.0,Huelva,934.03,1,934.03,1.0,0.6931471805599453,1655,False,0.0,-1.0,0.0
7382,33207.0,Asturias,933.1800000000001,1,933.1800000000001,1.0,0.6931471805599453,56,True,0.0,-1.0,0.0
1000077101,28015.0,Madrid,930.98,2,465.49,0.22556390977443608,0.20340107258500856,1258,False,0.0,-1.0,0.0
5017,20002.0,Gipúzkoa,930.26,3,310.08666666666664,0.20689655172413793,0.18805223150293965,927,False,0.0,-1.0,0.0
26117,42110.0,Soria,929.22,1,929.22,1.0,0.6931471805599453,1377,False,0.0,0.0,0.0
43231,24750.0,León,927.9,1,927.9,1.0,0.6931471805599453,12,True,0.0,-1.0,0.0
1000102183,50006.0,Zaragoza,927.9,1,927.9,1.0,0.6931471805599453,75,True,0.0,-1.0,0.0
1000101750,28100.0,Madrid,927.9,1,927.9,1.0,0.6931471805599453,319,False,0.0,-1.0,0.0
1000080152,5003.0,Ávila,927.24,2,463.62,0.34090909090909094,0.2933478099874583,1028,False,0.0,-1.0,0.0
1000082462,46015.0,Valencia,927.1500000000001,1,927.1500000000001,1.0,0.6931471805599453,1372,False,0.0,-1.0,0.0
1000082041,41770.0,Sevilla,926.36,1,926.36,1.0,0.6931471805599453,1733,False,0.0,-1.0,0.0
16150,7013.0,Baleares,926.36,1,926.36,1.0,0.6931471805599453,1410,False,0.0,-1.0,0.0
1000102273,45600.0,Toledo,925.42,1,925.42,1.0,0.6931471805599453,38,True,0.0,-1.0,0.0
1000102210,29016.0,Málaga,925.42,1,925.42,1.0,0.6931471805599453,62,True,0.0,-1.0,0.0
1000101824,33204.0,Asturias,925.11,1,925.11,1.0,0.6931471805599453,18,True,0.0,-1.0,0.0
43212,38005.0,Sta.Cruz Tenerife,925.11,1,925.11,1.0,0.6931471805599453,42,True,0.0,-1.0,0.0
43043,7680.0,Baleares,925.11,1,925.11,1.0,0.6931471805599453,277,False,0.0,-1.0,0.0
8278,8630.0,Barcelona,924.1400000000001,1,924.1400000000001,1.0,0.6931471805599453,1524,False,0.0,-1.0,0.0
1000072518,8700.0,Barcelona,923.42,2,461.71,0.34090909090909094,0.2933478099874583,1550,False,0.0,-1.0,0.0
1000102057,28008.0,Madrid,923.35,2,461.675,2.0,1.0986122886681098,157,True,0.0,-1.0,1.0673648015185857
1000101883,11560.0,Cádiz,922.63,2,461.315,0.6451612903225806,0.4978384282391795,117,True,0.0,-1.0,0.0
1000082167,28290.0,Madrid,922.3,3,307.43333333333334,0.2786377708978328,0.2457952697383762,1340,False,0.0,-1.0,0.0
1000080696,8500.0,Barcelona,921.4,1,921.4,1.0,0.6931471805599453,1670,False,0.0,-1.0,0.0
28570,8105.0,Barcelona,921.06,2,460.53,0.14354066985645933,0.13412929996669967,1147,False,0.0,-1.0,0.0
1000072346,28020.0,Madrid,920.98,2,460.49,0.21978021978021978,0.1986706947954841,1397,False,0.0,-1.0,0.0
15032,8380.0,Barcelona,920.96,2,460.48,0.20905923344947736,0.18984256418723808,118,True,0.0,-1.0,0.0
21083,36204.0,Pontevedra,918.26,3,306.08666666666664,0.05803157172271791,0.056410173938623916,129,True,0.0,-1.0,0.0
1000072531,35004.0,Las Palmas,914.24,1,914.24,1.0,0.6931471805599453,1498,False,0.0,-1.0,0.0
1000076416,35004.0,Las Palmas,914.24,1,914.24,1.0,0.6931471805599453,1813,False,0.0,-1.0,0.0
1000101185,28935.0,Madrid,909.69,1,909.69,1.0,0.6931471805599453,535,False,0.0,-1.0,0.0
42777,21006.0,Huelva,908.62,3,302.87333333333333,0.13493253373313344,0.12657320752182505,26,True,0.0,-1.0,0.0
1000064986,28021.0,Madrid,907.34,2,453.67,0.17142857142857143,0.15822400521489413,340,False,0.0,-1.0,0.0
1000100609,48910.0,Vizcaya,907.02,1,907.02,1.0,0.6931471805599453,454,False,0.0,-1.0,0.0
12527,17500.0,Girona,906.99,1,906.99,1.0,0.6931471805599453,563,False,0.0,-1.0,0.0
42783,46910.0,Valencia,906.99,1,906.99,1.0,0.6931471805599453,686,False,0.0,-1.0,0.0
1000100168,28210.0,Madrid,905.6500000000001,2,452.82500000000005,0.2097902097902098,0.19044696423787166,747,False,0.0,-1.0,0.0
1000081872,28017.0,Madrid,905.39,2,452.695,0.05803157172271791,0.056410173938623916,182,False,0.0,-1.0,0.0
8751,28801.0,Madrid,904.76,4,226.19,0.23622047244094488,0.21205871888971678,1305,False,0.0,-1.0,0.0
9961,38300.0,Sta.Cruz Tenerife,904.73,2,452.365,0.07712082262210797,0.07429157630369143,593,False,0.0,-1.0,0.0
1000102203,28938.0,Madrid,904.57,1,904.57,1.0,0.6931471805599453,68,True,0.0,-1.0,0.0
43039,13250.0,Ciudad Real,904.57,1,904.57,1.0,0.6931471805599453,284,False,0.0,-1.0,0.0
1000101882,28003.0,Madrid,904.57,1,904.57,1.0,0.6931471805599453,269,False,0.0,-1.0,0.0
1000102199,15930.0,A Coruña,904.57,1,904.57,1.0,0.6931471805599453,69,True,0.0,-1.0,0.0
7598,21720.0,Huelva,904.57,1,904.57,1.0,0.6931471805599453,208,False,0.0,-1.0,0.0
12136,14400.0,Córdoba,904.57,1,904.57,1.0,0.6931471805599453,47,True,0.0,-1.0,0.0
1000101820,28009.0,Madrid,904.57,1,904.57,1.0,0.6931471805599453,287,False,0.0,-1.0,0.0
1000102159,28029.0,Madrid,904.57,1,904.57,1.0,0.6931471805599453,88,True,0.0,-1.0,0.0
11494,8017.0,Barcelona,901.27,1,901.27,1.0,0.6931471805599453,1505,False,0.0,-1.0,0.0
43073,39012.0,Cantabria,900.71,1,900.71,1.0,0.6931471805599453,223,False,0.0,-1.0,0.0
1000057018,50650.0,Zaragoza,900.71,1,900.71,1.0,0.6931471805599453,315,False,0.0,-1.0,0.0
1000102171,31008.0,Navarra,898.38,1,898.38,1.0,0.6931471805599453,83,True,0.0,-1.0,0.0
1000101831,8320.0,Barcelona,898.01,1,898.01,1.0,0.6931471805599453,283,False,0.0,-1.0,0.0
1000082139,28029.0,Madrid,897.72,1,897.72,1.0,0.6931471805599453,1671,False,0.0,-1.0,0.0
41959,7141.0,Baleares,894.99,1,894.99,1.0,0.6931471805599453,1720,False,0.0,-1.0,0.0
42360,41940.0,Sevilla,894.57,2,447.285,0.09693053311793215,0.09251585487410002,221,False,0.0,-0.03869680559514147,0.0
1000063247,1005.0,Álava,893.14,2,446.57,0.2181818181818182,0.19735943415849516,1405,False,0.0,-1.0,0.0
4845,20016.0,Gipúzkoa,893.14,2,446.57,0.2803738317757009,0.2471520913662187,1334,False,0.0,-1.0,0.0
1000079294,8042.0,Barcelona,892.7,2,446.35,0.05803157172271791,0.056410173938623916,172,True,0.0,-1.0,0.0
19961,8480.0,Barcelona,892.51,1,892.51,1.0,0.6931471805599453,115,True,0.0,-1.0,0.0
11769,14008.0,Córdoba,891.85,1,891.85,1.0,0.6931471805599453,1083,False,0.0,-1.0,0.0
1000100652,48006.0,Vizcaya,891.66,3,297.21999999999997,0.20785219399538105,0.18884373606243304,174,True,0.0,-1.0,0.0
12481,18009.0,Granada,891.37,5,178.274,0.16059957173447537,0.1489367437707489,26,True,0.0,-1.0,0.0
8929,46017.0,Valencia,891.1300000000001,2,445.56500000000005,0.07528230865746549,0.07258323980756475,14,True,0.0,-1.0,0.0
5534,24001.0,León,890.31,4,222.5775,0.4270462633451957,0.3556067579728234,1446,False,0.3333333333333333,-1.0,0.8044225606549177
11704,14001.0,Córdoba,889.47,1,889.47,1.0,0.6931471805599453,721,False,0.0,-1.0,0.0
1000101474,30001.0,Murcia,886.83,1,886.83,1.0,0.6931471805599453,445,False,0.0,-1.0,0.0
1000100901,20006.0,Gipúzkoa,886.83,1,886.83,1.0,0.6931471805599453,684,False,0.0,-1.0,0.0
1000101234,35660.0,Las Palmas,886.3,1,886.3,1.0,0.6931471805599453,466,False,0.0,-1.0,0.0
42170,29730.0,Málaga,884.29,8,110.53625,0.21201413427561838,0.1922835495227023,329,False,0.0,-0.5118189296428917,0.0
1000075863,47001.0,Valladolid,883.76,3,294.58666666666664,0.06574141709276844,0.06367072323433676,56,True,0.0,-1.0,0.0
1000101753,37002.0,Salamanca,883.47,3,294.49,2.0,1.0986122886681098,312,False,0.3333333333333333,-1.0,1.4927719422802632
1000043280,30002.0,Murcia,883.06,1,883.06,1.0,0.6931471805599453,1340,False,0.0,-1.0,0.0
30425,41805.0,Sevilla,882.88,1,882.88,1.0,0.6931471805599453,0,True,0.0,-1.0,0.0
1000102138,46210.0,Valencia,881.84,3,293.94666666666666,2.0,1.0986122886681098,27,True,0.0,-1.0,0.2485334732139665
1000100590,3550.0,Alicante,880.68,1,880.68,1.0,0.6931471805599453,711,False,0.0,-1.0,0.0
42706,28924.0,Madrid,880.0799999999999,1,880.0799999999999,1.0,0.6931471805599453,748,False,0.0,-1.0,0.0
1000100540,8021.0,Barcelona,877.63,2,438.815,1.5384615384615383,0.9315582040049435,724,False,0.0,-1.0,0.0
1000081654,47004.0,Valladolid,876.53,1,876.53,1.0,0.6931471805599453,1376,False,0.0,0.0,0.0
40246,8570.0,Barcelona,876.53,1,876.53,1.0,0.6931471805599453,1748,False,0.0,-1.0,0.0
4451,28005.0,Madrid,876.3499999999999,1,876.3499999999999,1.0,0.6931471805599453,578,False,0.0,-1.0,0.0
25567,28935.0,Madrid,875.43,2,437.715,0.2510460251046025,0.22398002145917575,227,False,0.0,-1.0,0.0
1000101928,40216.0,Segovia,874.55,1,874.55,1.0,0.6931471805599453,200,False,0.0,-1.0,0.0
1000102131,46020.0,Valencia,873.74,1,873.74,1.0,0.6931471805599453,98,True,0.0,-1.0,0.0
1000102269,21001.0,Huelva,873.74,1,873.74,1.0,0.6931471805599453,38,True,0.0,-1.0,0.0
1000042644,46900.0,Valencia,872.6700000000001,2,436.33500000000004,0.32608695652173914,0.2822324676842162,1312,False,0.0,0.7988133418858242,0.0
1000081106,21003.0,Huelva,872.67,1,872.67,1.0,0.6931471805599453,1711,False,0.0,-1.0,0.0
1000100340,28054.0,Madrid,872.04,1,872.04,1.0,0.6931471805599453,907,False,0.0,-1.0,0.0
1000100941,3503.0,Alicante,871.16,3,290.38666666666666,0.19693654266958427,0.17976541152777653,192,False,0.0,-1.0,0.0
1000082315,11300.0,Cádiz,869.78,2,434.89,2.0,1.0986122886681098,1120,False,0.0,-1.0,1.4142135623730951
35647,18140.0,Granada,869.53,2,434.765,0.14742014742014742,0.13751607222630233,1305,False,0.0,-1.0,0.0
6963,8012.0,Barcelona,868.53,5,173.706,0.15368852459016394,0.1429642222865432,836,False,0.0,0.02999942086060119,0.0
12109,15004.0,A Coruña,867.27,3,289.09,0.05803157172271791,0.056410173938623916,47,True,0.0,-1.0,0.0
1000077786,15701.0,A Coruña,866.6400000000001,2,433.32000000000005,0.09316770186335405,0.0890796300536888,847,False,0.0,-1.0,0.0
32897,28300.0,Madrid,866.53,2,433.265,0.10084033613445378,0.09607383008962216,413,False,0.0,-1.0,0.0
1000100534,8009.0,Barcelona,865.82,1,865.82,1.0,0.6931471805599453,767,False,0.0,-1.0,0.0
1000081600,18600.0,Granada,865.23,2,432.615,0.3015075376884422,0.2635232369750453,1432,False,0.0,-1.0,0.0
22312,33010.0,Asturias,864.4100000000001,2,432.20500000000004,0.11516314779270632,0.1090007150985443,663,False,0.0,-0.5037820435151368,0.0
1000078696,28002.0,Madrid,864.29,2,432.145,0.22813688212927755,0.20549829104489198,1540,False,0.0,-1.0,0.0
23206,18270.0,Granada,864.06,3,288.02,0.07659574468085106,0.07380397458336127,315,False,0.0,-1.0,0.0
36348,8011.0,Barcelona,863.63,1,863.63,1.0,0.6931471805599453,1767,False,0.0,-1.0,0.0
1000077183,8036.0,Barcelona,863.31,1,863.31,1.0,0.6931471805599453,1615,False,0.0,-1.0,0.0
1000081629,3206.0,Alicante,863.31,1,863.31,1.0,0.6931471805599453,1364,False,0.0,-1.0,0.0
1000082572,3440.0,Alicante,863.31,1,863.31,1.0,0.6931471805599453,1300,False,0.0,-1.0,0.0
26232,8029.0,Barcelona,863.31,1,863.31,1.0,0.6931471805599453,1747,False,0.0,-1.0,0.0
35294,3178.0,Alicante,863.31,1,863.31,1.0,0.6931471805599453,1509,False,0.0,-1.0,0.0
14025,3501.0,Alicante,862.8699999999999,2,431.43499999999995,0.1431980906921241,0.1338296774887775,236,False,0.0,-0.19116198142674465,0.0
1000075540,35260.0,Las Palmas,860.05,1,860.05,1.0,0.6931471805599453,622,False,0.0,-1.0,0.0
1000100073,3530.0,Alicante,859.1600000000001,1,859.1600000000001,1.0,0.6931471805599453,1067,False,0.0,-1.0,0.0
13553,9004.0,Burgos,859.1600000000001,1,859.1600000000001,1.0,0.6931471805599453,1004,False,0.0,-1.0,0.0
1000075762,15403.0,A Coruña,859.1600000000001,1,859.1600000000001,1.0,0.6931471805599453,937,False,0.0,-1.0,0.0
1000080703,17002.0,Girona,859.1600000000001,1,859.1600000000001,1.0,0.6931471805599453,796,False,0.0,-1.0,0.0
39913,9004.0,Burgos,858.51,1,858.51,1.0,0.6931471805599453,28,True,0.0,-1.0,0.0
40629,8301.0,Barcelona,855.53,2,427.765,0.23346303501945526,0.20982568898206083,1560,False,0.0,-1.0,0.0
17316,7008.0,Baleares,854.77,3,284.92333333333335,0.09922822491730982,0.09460831984670173,616,False,0.0,-1.0,0.0
1000100581,8011.0,Barcelona,853.96,2,426.98,0.15625,0.1451820098444979,334,False,0.0,-1.0,0.0
11312,33424.0,Asturias,853.96,2,426.98,0.2127659574468085,0.19290366612449156,318,False,0.0,-1.0,0.0
1000101140,28300.0,Madrid,852.86,2,426.43,0.13215859030837004,0.12412606741381713,97,True,0.0,-1.0,0.0
43052,36001.0,Pontevedra,852.39,2,426.195,2.0,1.0986122886681098,245,False,0.0,-1.0,0.2772548110702471
1000082019,28945.0,Madrid,851.95,2,425.975,0.2112676056338028,0.1916674192121923,1470,False,0.0,-1.0,0.0
34365,33004.0,Asturias,851.91,1,851.91,1.0,0.6931471805599453,1817,False,0.0,-1.0,0.0
43074,28022.0,Madrid,851.66,2,425.83,2.0,1.0986122886681098,222,False,0.0,-1.0,0.0
1000080531,29004.0,Málaga,849.59,3,283.19666666666666,0.08866995073891625,0.08495672247596547,398,False,0.0,-1.0,0.0
31847,29660.0,Málaga,848.94,2,424.47,0.05803157172271791,0.056410173938623916,550,False,0.0,-1.0,0.0
1000069310,28300.0,Madrid,848.27,4,212.0675,0.08403361344537814,0.08068891125014273,285,False,0.0,-1.0,0.0
42945,28850.0,Madrid,847.46,3,282.4866666666667,0.6,0.4700036292457355,283,False,0.0,-1.0,0.0
1000082664,41120.0,Sevilla,846.64,1,846.64,1.0,0.6931471805599453,1189,False,0.0,-1.0,0.0
1000081930,28016.0,Madrid,846.64,1,846.64,1.0,0.6931471805599453,1804,False,0.0,-1.0,0.0
1000078880,28020.0,Madrid,846.64,1,846.64,1.0,0.6931471805599453,1475,False,0.0,-1.0,0.0
1000081182,28020.0,Madrid,846.64,1,846.64,1.0,0.6931471805599453,1368,False,0.0,-1.0,0.0
1000081513,28982.0,Madrid,846.64,1,846.64,1.0,0.6931471805599453,1630,False,0.0,-1.0,0.0
22711,28400.0,Madrid,845.6,2,422.8,1.6216216216216215,0.9637930658591584,1777,False,0.0,-1.0,0.0
14613,29639.0,Málaga,845.35,1,845.35,1.0,0.6931471805599453,69,True,0.0,-1.0,0.0
1000061081,33202.0,Asturias,844.85,1,844.85,1.0,0.6931471805599453,108,True,0.0,-1.0,0.0
6725,7013.0,Baleares,844.13,1,844.13,1.0,0.6931471805599453,1418,False,0.0,-1.0,0.0
5762,28046.0,Madrid,844.13,1,844.13,1.0,0.6931471805599453,1736,False,0.0,-1.0,0.0
1000079380,28003.0,Madrid,844.13,1,844.13,1.0,0.6931471805599453,1664,False,0.0,-1.0,0.0
1000080456,29631.0,Málaga,844.13,1,844.13,1.0,0.6931471805599453,1750,False,0.0,-1.0,0.0
35596,41510.0,Sevilla,844.13,1,844.13,1.0,0.6931471805599453,1777,False,0.0,-1.0,0.0
10263,28915.0,Madrid,844.13,1,844.13,1.0,0.6931471805599453,1217,False,0.0,-1.0,0.0
28965,30001.0,Murcia,844.13,1,844.13,1.0,0.6931471805599453,1537,False,0.0,-1.0,0.0
1000075811,29130.0,Málaga,844.13,1,844.13,1.0,0.6931471805599453,1446,False,0.0,-1.0,0.0
1000065515,28006.0,Madrid,844.13,1,844.13,1.0,0.6931471805599453,1691,False,0.0,-1.0,0.0
13472,8022.0,Barcelona,844.13,1,844.13,1.0,0.6931471805599453,1697,False,0.0,-1.0,0.0
1000082764,28911.0,Madrid,844.13,1,844.13,1.0,0.6931471805599453,1104,False,0.0,-1.0,0.0
1000081190,35011.0,Las Palmas,844.13,1,844.13,1.0,0.6931471805599453,1734,False,0.0,-1.0,0.0
6556,26002.0,La Rioja,844.13,1,844.13,1.0,0.6931471805599453,1323,False,0.0,-1.0,0.0
27645,28034.0,Madrid,844.13,1,844.13,1.0,0.6931471805599453,1209,False,0.0,-1.0,0.0
1000101983,41005.0,Sevilla,843.5899999999999,1,843.5899999999999,1.0,0.6931471805599453,207,False,0.0,-1.0,0.0
23581,28609.0,Madrid,843.46,2,421.73,2.0,1.0986122886681098,405,False,0.0,-1.0,0.5084703541664866
43125,12006.0,Castellón,841.55,1,841.55,1.0,0.6931471805599453,172,True,0.0,-1.0,0.0
1083,46017.0,Valencia,839.76,1,839.76,1.0,0.6931471805599453,768,False,0.0,-1.0,0.0
38581,13600.0,Ciudad Real,839.4200000000001,1,839.4200000000001,1.0,0.6931471805599453,647,False,0.0,-1.0,0.0
1000075149,28230.0,Madrid,839.2,1,839.2,1.0,0.6931471805599453,1139,False,0.0,-1.0,0.0
1000082199,41210.0,Sevilla,839.2,1,839.2,1.0,0.6931471805599453,1628,False,0.0,-1.0,0.0
1000065692,43002.0,Tarragona,839.2,2,419.6,1.1764705882352942,0.7777045685880084,1698,False,0.0,-1.0,0.0
1000067858,18007.0,Granada,839.2,1,839.2,1.0,0.6931471805599453,1545,False,0.0,-1.0,0.0
1000079013,30500.0,Murcia,839.2,1,839.2,1.0,0.6931471805599453,1677,False,0.0,-1.0,0.0
1000065514,33002.0,Asturias,837.38,2,418.69,0.05803157172271791,0.056410173938623916,447,False,0.0,-1.0,0.0
12546,18012.0,Granada,835.05,3,278.34999999999997,0.10600706713780919,0.1007562928969156,839,False,0.0,-0.046109764941014056,0.0
1000078260,46017.0,Valencia,833.64,1,833.64,1.0,0.6931471805599453,1558,False,0.0,-1.0,0.0
9319,13500.0,Ciudad Real,833.64,1,833.64,1.0,0.6931471805599453,1183,False,0.0,-1.0,0.0
6307,13250.0,Ciudad Real,833.64,1,833.64,1.0,0.6931471805599453,1764,False,0.0,-1.0,0.0
1000101628,38108.0,Sta.Cruz Tenerife,832.8600000000001,3,277.62000000000006,0.2912621359223301,0.25562013999211797,66,True,0.0,-1.0,0.0
15396,36204.0,Pontevedra,832.79,4,208.1975,0.08791208791208792,0.08426034361773989,96,True,0.0,-1.0,0.0
12673,18600.0,Granada,831.47,3,277.1566666666667,0.4017857142857143,0.33774693405321354,825,False,0.0,-1.0,0.0
38027,35600.0,Las Palmas,831.38,2,415.69,0.2112676056338028,0.1916674192121923,413,False,0.0,-1.0,0.0
42960,28044.0,Madrid,831.37,2,415.685,0.6818181818181819,0.5198754592859086,325,False,0.0,-1.0,0.0
1000080861,31592.0,Navarra,830.12,2,415.06,0.07822685788787484,0.07531789365643513,651,False,0.0,-1.0,0.0
30873,46004.0,Valencia,827.3,1,827.3,1.0,0.6931471805599453,60,True,0.0,-1.0,0.0
42285,24402.0,León,827.23,1,827.23,1.0,0.6931471805599453,1361,False,0.0,-1.0,0.0
1000067960,28025.0,Madrid,826.7,2,413.35,0.20477815699658702,0.18629544791622946,1456,False,0.0,-1.0,0.0
1000082193,6240.0,Badajoz,826.7,1,826.7,1.0,0.6931471805599453,1474,False,0.0,-1.0,0.0
1000080269,36206.0,Pontevedra,825.75,3,275.25,0.09018036072144289,0.08634315110442396,81,True,0.0,-1.0,0.0
1000102154,33203.0,Asturias,824.63,1,824.63,1.0,0.6931471805599453,94,True,0.0,-1.0,0.0
43084,41004.0,Sevilla,824.63,1,824.63,1.0,0.6931471805599453,207,False,0.0,-1.0,0.0
43160,7760.0,Baleares,824.63,1,824.63,1.0,0.6931471805599453,122,True,0.0,-1.0,0.0
1000082497,0.0,,823.77,1,823.77,1.0,0.6931471805599453,1347,False,0.0,-1.0,0.0
1000080259,28935.0,Madrid,823.71,2,411.855,0.05803157172271791,0.056410173938623916,427,False,0.0,-1.0,0.0
1000102028,48530.0,Vizcaya,823.68,1,823.68,1.0,0.6931471805599453,179,True,0.0,-1.0,0.0
1000082166,4004.0,Almería,822.24,2,411.12,0.2714932126696833,0.24019196781599297,1312,False,0.0,-1.0,0.0
1000100526,8225.0,Barcelona,822.1099999999999,1,822.1099999999999,1.0,0.6931471805599453,773,False,0.0,-1.0,0.0
1000100371,49332.0,Zamora,822.1099999999999,1,822.1099999999999,1.0,0.6931471805599453,887,False,0.0,-1.0,0.0
30225,39500.0,Cantabria,820.83,1,820.83,1.0,0.6931471805599453,1260,False,0.0,-1.0,0.0
10420,15930.0,A Coruña,820.83,1,820.83,1.0,0.6931471805599453,1516,False,0.0,-1.0,0.0
23927,8029.0,Barcelona,820.8,2,410.4,0.26905829596412556,0.23827512618311886,1517,False,0.0,-1.0,0.0
330,43205.0,Tarragona,820.8,2,410.4,0.21352313167259784,0.193527807949771,1301,False,0.0,-1.0,0.0
16589,33401.0,Asturias,820.45,1,820.45,1.0,0.6931471805599453,1692,False,0.0,-1.0,0.0
1000082704,36690.0,Pontevedra,817.0,4,204.25,0.10582010582010583,0.10058723690516863,20,True,0.0,-0.19994108435789706,0.0
1000100304,35510.0,Las Palmas,816.5,2,408.25,0.24793388429752067,0.22148929121818325,451,False,0.0,-1.0,0.0
42101,15670.0,A Coruña,815.7,1,815.7,1.0,0.6931471805599453,1573,False,0.0,-1.0,0.0
1000082276,28806.0,Madrid,815.36,1,815.36,1.0,0.6931471805599453,1545,False,0.0,-1.0,0.0
17642,2660.0,Albacete,815.12,1,815.12,1.0,0.6931471805599453,1082,False,0.0,-1.0,0.0
1000102094,29006.0,Málaga,814.83,1,814.83,1.0,0.6931471805599453,115,True,0.0,-1.0,0.0
1000058311,28046.0,Madrid,812.57,1,812.57,1.0,0.6931471805599453,908,False,0.0,-1.0,0.0
1000081452,17600.0,Girona,812.16,2,406.08,0.48,0.3920420877760237,1512,False,0.0,-1.0,0.0
1000082112,38300.0,Sta.Cruz Tenerife,811.6,7,115.94285714285715,0.13224181360201512,0.12419957322448455,104,True,0.0,-1.0,0.0
1000078858,4700.0,Almería,805.76,1,805.76,1.0,0.6931471805599453,1522,False,0.0,-1.0,0.0
42938,28029.0,Madrid,804.5699999999999,1,804.5699999999999,1.0,0.6931471805599453,454,False,0.0,-1.0,0.0
42904,9005.0,Burgos,802.5799999999999,1,802.5799999999999,1.0,0.6931471805599453,53,True,0.0,-1.0,0.0
5125,23700.0,Jaén,802.24,1,802.24,1.0,0.6931471805599453,1802,False,0.0,-1.0,0.0
1000077111,30001.0,Murcia,800.98,1,800.98,1.0,0.6931471805599453,1379,False,0.0,0.0,0.0
30228,8005.0,Barcelona,800.61,1,800.61,1.0,0.6931471805599453,416,False,0.0,-1.0,0.0
1000101219,28850.0,Madrid,800.61,1,800.61,1.0,0.6931471805599453,481,False,0.0,-1.0,0.0
1000101592,8006.0,Barcelona,800.61,1,800.61,1.0,0.6931471805599453,397,False,0.0,-1.0,0.0
1000101703,41012.0,Sevilla,800.61,1,800.61,1.0,0.6931471805599453,335,False,0.0,-1.0,0.0
1000079875,12005.0,Castellón,798.68,4,199.67,0.10695187165775401,0.10161017641078245,552,False,0.0,-1.0,0.0
29603,9006.0,Burgos,798.09,1,798.09,1.0,0.6931471805599453,1790,False,0.0,-1.0,0.0
1000078810,28410.0,Madrid,797.38,3,265.79333333333335,0.06134969325153374,0.05954139369101661,31,True,0.0,-0.26343606287322396,0.0
1000102293,39750.0,Cantabria,797.24,1,797.24,1.0,0.6931471805599453,24,True,0.0,-1.0,0.0
1246,31004.0,Navarra,795.89,2,397.945,0.21352313167259784,0.193527807949771,1523,False,0.0,-1.0,0.0
1000101802,29680.0,Málaga,795.05,1,795.05,1.0,0.6931471805599453,82,True,0.0,-1.0,0.0
2000655,0.0,Andorra,794.99,1,794.99,1.0,0.6931471805599453,571,False,0.0,-1.0,0.0
1000077080,15999.0,A Coruña,793.96,3,264.65333333333336,0.07456503728251863,0.07191596321891237,164,True,0.0,-1.0,0.0
13107,8021.0,Barcelona,793.48,2,396.74,0.182370820668693,0.16752159285307439,272,False,0.0,-1.0,0.0
30737,28820.0,Madrid,793.1,2,396.55,2.0,1.0986122886681098,178,True,0.0,-1.0,0.6919322036858604
1000101997,29620.0,Málaga,792.3799999999999,2,396.18999999999994,0.6741573033707865,0.5153099362133193,28,True,0.0,-1.0,0.0
1000101927,9400.0,Burgos,792.28,1,792.28,1.0,0.6931471805599453,248,False,0.0,-1.0,0.0
1000082706,3170.0,Alicante,792.1700000000001,2,396.08500000000004,1.6666666666666667,0.9808292530117263,1126,False,0.0,-1.0,0.0
22330,48930.0,Vizcaya,789.61,2,394.805,0.3278688524590164,0.28357529049912755,1319,False,0.0,-1.0,0.0
1000077557,3005.0,Alicante,787.6,2,393.8,0.10050251256281408,0.09576690509200843,185,False,0.0,-1.0,0.0
1000082564,23280.0,Jaén,786.38,1,786.38,1.0,0.6931471805599453,399,False,0.0,-1.0,0.0
1000074567,11630.0,Cádiz,786.38,1,786.38,1.0,0.6931471805599453,440,False,0.0,-1.0,0.0
1000079945,2003.0,Albacete,786.38,2,393.19,2.0,1.0986122886681098,690,False,0.0,-1.0,0.0
231,41009.0,Sevilla,785.44,2,392.72,0.20905923344947736,0.18984256418723808,1398,False,0.0,-1.0,0.0
1000100428,3502.0,Alicante,782.99,2,391.495,0.10067114093959731,0.09592012187873927,234,False,0.0,-1.0,0.0
1000079093,28036.0,Madrid,776.64,2,388.32,0.4166666666666667,0.3483066942682158,1026,False,0.0,-1.0,0.0
1000102153,33002.0,Asturias,774.38,1,774.38,1.0,0.6931471805599453,91,True,0.0,-1.0,0.0
36766,28036.0,Madrid,774.07,2,387.035,0.3896103896103896,0.3290234126082223,286,False,0.0,-1.0,0.0
42659,15010.0,A Coruña,773.89,2,386.945,0.1388888888888889,0.1300531282481978,318,False,0.0,-1.0,0.0
6187,8820.0,Barcelona,773.79,2,386.895,0.22140221402214022,0.199999554497362,1403,False,0.0,-1.0,0.0
4234,28035.0,Madrid,773.48,2,386.74,0.10380622837370243,0.09876441467241241,28,True,0.0,-1.0,0.0
7094,31007.0,Navarra,772.45,5,154.49,0.11980830670926518,0.11315751593449157,265,False,0.0,-1.0,0.0
1000080226,29601.0,Málaga,771.28,7,110.18285714285715,0.13797634691195795,0.1292515507007493,207,False,0.0,-1.0,0.0
1000102013,28052.0,Madrid,771.21,1,771.21,1.0,0.6931471805599453,101,True,0.0,-1.0,0.0
35195,8191.0,Barcelona,771.19,1,771.19,1.0,0.6931471805599453,206,False,0.0,-1.0,0.0
1000081863,11408.0,Cádiz,769.68,1,769.68,1.0,0.6931471805599453,1375,False,0.0,0.0,0.0
1000058363,48902.0,Vizcaya,769.52,1,769.52,1.0,0.6931471805599453,1201,False,0.0,-1.0,0.0
20618,8036.0,Barcelona,769.52,1,769.52,1.0,0.6931471805599453,1337,False,0.0,-1.0,0.0
25398,31016.0,Navarra,769.52,1,769.52,1.0,0.6931471805599453,1503,False,0.0,-1.0,0.0
22102,50008.0,Zaragoza,769.52,1,769.52,1.0,0.6931471805599453,1470,False,0.0,-1.0,0.0
1000081862,29312.0,Málaga,769.52,1,769.52,1.0,0.6931471805599453,1496,False,0.0,0.0,0.0
21523,15007.0,A Coruña,768.1700000000001,1,768.1700000000001,1.0,0.6931471805599453,1469,False,0.0,-1.0,0.0
14749,8221.0,Barcelona,767.67,2,383.835,0.11385199240986718,0.10782427128673414,1116,False,0.0,-1.0,0.0
1000082058,46010.0,Valencia,767.48,1,767.48,1.0,0.6931471805599453,1720,False,0.0,-1.0,0.0
1000102262,8221.0,Barcelona,767.29,1,767.29,1.0,0.6931471805599453,41,True,0.0,-1.0,0.0
28558,38390.0,Sta.Cruz Tenerife,766.65,2,383.325,0.11320754716981131,0.1072455303535976,605,False,0.0,-1.0,0.0
1000042827,35007.0,Las Palmas,766.22,2,383.11,0.075,0.07232066157962612,605,False,0.0,-1.0,0.0
42653,17005.0,Girona,764.6400000000001,1,764.6400000000001,1.0,0.6931471805599453,767,False,0.0,-1.0,0.0
9327,8003.0,Barcelona,762.71,2,381.355,0.15,0.13976194237515868,1046,False,0.0,-1.0,0.0
34631,46900.0,Valencia,760.98,1,760.98,1.0,0.6931471805599453,336,False,0.0,-1.0,0.0
38510,20012.0,Gipúzkoa,759.06,1,759.06,1.0,0.6931471805599453,1634,False,0.0,-1.0,0.0
14268,3600.0,Alicante,759.06,1,759.06,1.0,0.6931471805599453,1711,False,0.0,-1.0,0.0
1000081779,22300.0,Huesca,759.03,2,379.515,0.25531914893617025,0.22738984219566089,1267,False,0.0,-1.0,0.0
1000076701,36204.0,Pontevedra,757.74,2,378.87,0.05803157172271791,0.056410173938623916,283,False,0.0,-1.0,0.0
1000082109,48960.0,Vizcaya,757.43,2,378.715,0.15463917525773196,0.14378789279171172,1193,False,0.0,-1.0,0.0
1000080287,41003.0,Sevilla,757.12,1,757.12,1.0,0.6931471805599453,608,False,0.0,-1.0,0.0
1000070295,35019.0,Las Palmas,755.4200000000001,2,377.71000000000004,0.05803157172271791,0.056410173938623916,249,False,0.0,-1.0,0.0
1000066926,46260.0,Valencia,755.29,1,755.29,1.0,0.6931471805599453,1112,False,0.0,-1.0,0.0
1000101979,29400.0,Málaga,753.79,2,376.895,0.9677419354838709,0.676886659688165,145,True,0.0,-1.0,0.0
43080,45600.0,Toledo,752.94,1,752.94,1.0,0.6931471805599453,215,False,0.0,-1.0,0.0
1000102279,28004.0,Madrid,752.94,1,752.94,1.0,0.6931471805599453,34,True,0.0,-1.0,0.0
1000077411,46702.0,Valencia,752.44,1,752.44,1.0,0.6931471805599453,1726,False,0.0,-1.0,0.0
1000059245,8291.0,Barcelona,752.44,1,752.44,1.0,0.6931471805599453,1341,False,0.0,-1.0,0.0
30662,18008.0,Granada,752.41,2,376.205,0.12820512820512822,0.12062798778861475,1350,False,0.0,-1.0,0.0
1000100185,28011.0,Madrid,752.38,2,376.19,0.14251781472684086,0.13323443642337976,599,False,0.0,-1.0,0.0
1000100103,8530.0,Barcelona,751.93,3,250.64333333333332,0.15025041736227046,0.13997967289820923,123,True,0.0,-1.0,0.0
27693,26004.0,La Rioja,750.9300000000001,2,375.46500000000003,0.15384615384615385,0.14310084364067333,549,False,0.0,-1.0,0.0
1000101632,41009.0,Sevilla,750.52,2,375.26,0.3896103896103896,0.3290234126082223,207,False,0.0,-1.0,0.0
35052,8008.0,Barcelona,750.49,1,750.49,1.0,0.6931471805599453,52,True,0.0,-1.0,0.0
42071,29006.0,Málaga,749.6800000000001,2,374.84000000000003,0.34090909090909094,0.2933478099874583,1487,False,0.0,-1.0,0.0
30521,28400.0,Madrid,749.64,2,374.82,0.0819672131147541,0.0787808778531143,396,False,0.0,0.0605827377680043,0.0
1000068083,38300.0,Sta.Cruz Tenerife,747.19,1,747.19,1.0,0.6931471805599453,27,True,0.0,-1.0,0.0
23584,22005.0,Huesca,746.57,1,746.57,1.0,0.6931471805599453,986,False,0.0,-1.0,0.0
1000100644,43500.0,Tarragona,746.38,2,373.19,0.6593406593406593,0.5064203302980743,480,False,0.0,0.0,0.0
1000101932,8037.0,Barcelona,745.78,1,745.78,1.0,0.6931471805599453,237,False,0.0,-1.0,0.0
43096,35600.0,Las Palmas,745.31,2,372.655,0.5128205128205129,0.4139757977760731,73,True,0.0,-1.0,0.0
1000100610,36202.0,Pontevedra,744.59,4,186.1475,0.3243243243243243,0.2809023854664021,334,False,0.0,-1.0,0.0
1000101823,33202.0,Asturias,741.5400000000001,1,741.5400000000001,1.0,0.6931471805599453,286,False,0.0,-1.0,0.0
6582,7004.0,Baleares,741.14,1,741.14,1.0,0.6931471805599453,1326,False,0.0,-1.0,0.0
1000079322,28046.0,Madrid,738.5,1,738.5,1.0,0.6931471805599453,1777,False,0.0,-1.0,0.0
1000078522,24010.0,León,738.3299999999999,2,369.16499999999996,0.8108108108108107,0.5937747067467416,1208,False,0.0,-1.0,0.0
12381,15701.0,A Coruña,737.77,2,368.885,0.08287292817679558,0.07961762796469148,1068,False,0.0,-1.0,0.0
1000079971,16239.0,Cuenca,737.71,2,368.855,0.05803157172271791,0.056410173938623916,27,True,0.0,-1.0,0.0
1000100562,28921.0,Madrid,737.46,2,368.73,0.08356545961002786,0.08025695513016742,28,True,0.0,-1.0,0.0
1000100176,48008.0,Vizcaya,734.75,1,734.75,1.0,0.6931471805599453,684,False,0.0,-1.0,0.0
1000100443,30008.0,Murcia,733.94,2,366.97,0.5555555555555556,0.44183275227903923,711,False,0.0,-1.0,0.0
1000101482,46025.0,Valencia,732.5899999999999,2,366.29499999999996,0.27272727272727276,0.2411620568168881,215,False,0.0,-1.0,0.0
6250,41011.0,Sevilla,731.12,2,365.56,0.05803157172271791,0.056410173938623916,173,True,0.0,-1.0,0.0
8856,31200.0,Navarra,731.02,1,731.02,1.0,0.6931471805599453,619,False,0.0,-1.0,0.0
1000073805,28026.0,Madrid,730.05,3,243.35,0.08571428571428572,0.08223809823697209,294,False,0.0,-1.0,0.0
32582,48930.0,Vizcaya,728.39,1,728.39,1.0,0.6931471805599453,1657,False,0.0,-1.0,0.0
1000076028,33202.0,Asturias,727.72,2,363.86,0.2843601895734597,0.2502606874036344,838,False,0.0,0.0,0.0
38576,15920.0,A Coruña,727.51,2,363.755,0.24291497975708504,0.21745941095921997,410,False,0.0,0.044601202855376325,0.0
1000082485,8904.0,Barcelona,726.85,1,726.85,1.0,0.6931471805599453,1365,False,0.0,-1.0,0.0
400,41400.0,Sevilla,726.85,1,726.85,1.0,0.6931471805599453,1398,False,0.0,-1.0,0.0
1000101915,38670.0,Sta.Cruz Tenerife,725.21,1,725.21,1.0,0.6931471805599453,251,False,0.0,-1.0,0.0
1000077228,3015.0,Alicante,725.0,2,362.5,0.09508716323296354,0.09083396122645673,1159,False,0.0,-1.0,0.0
13947,10300.0,Cáceres,720.44,1,720.44,1.0,0.6931471805599453,1704,False,0.0,-1.0,0.0
41777,15670.0,A Coruña,720.44,2,360.22,0.25862068965517243,0.2300164306019718,1543,False,0.0,-1.0,0.0
24766,35018.0,Las Palmas,720.06,1,720.06,1.0,0.6931471805599453,1725,False,0.0,-1.0,0.0
8747,48004.0,Vizcaya,720.06,1,720.06,1.0,0.6931471805599453,1473,False,0.0,-1.0,0.0
1000101630,33012.0,Asturias,719.94,1,719.94,1.0,0.6931471805599453,371,False,0.0,-1.0,0.0
1000076739,23700.0,Jaén,719.69,1,719.69,1.0,0.6931471805599453,1719,False,0.0,-1.0,0.0
1000102143,3202.0,Alicante,719.53,1,719.53,1.0,0.6931471805599453,95,True,0.0,-1.0,0.0
1000082350,8500.0,Barcelona,717.1800000000001,1,717.1800000000001,1.0,0.6931471805599453,1476,False,0.0,-1.0,0.0
9435,24540.0,León,717.1800000000001,1,717.1800000000001,1.0,0.6931471805599453,1651,False,0.0,-1.0,0.0
32580,14005.0,Córdoba,716.64,2,358.32,0.22900763358778628,0.20620704178331148,1300,False,0.0,-1.0,0.0
42958,21122.0,Huelva,713.72,1,713.72,1.0,0.6931471805599453,418,False,0.0,-1.0,0.0
1000079679,50003.0,Zaragoza,711.87,2,355.935,0.05803157172271791,0.056410173938623916,402,False,0.0,-1.0,0.0
1000080487,28924.0,Madrid,710.65,2,355.325,0.2857142857142857,0.25131442828090605,1434,False,0.0,-1.0,0.0
11498,29002.0,Málaga,708.13,2,354.065,0.09630818619582665,0.09194834078333693,405,False,0.0,-1.0,0.0
1000061810,33207.0,Asturias,707.97,1,707.97,1.0,0.6931471805599453,563,False,0.0,-1.0,0.0
19984,39300.0,Cantabria,706.91,1,706.91,1.0,0.6931471805599453,1790,False,0.0,-1.0,0.0
43090,3300.0,Alicante,706.19,1,706.19,1.0,0.6931471805599453,195,False,0.0,-1.0,0.0
41793,8530.0,Barcelona,705.72,6,117.62,0.1254355400696864,0.11817010746303543,53,True,0.3333333333333333,-1.0,1.4927719422802632
1000077246,38390.0,Sta.Cruz Tenerife,704.49,3,234.83,0.5769230769230769,0.4554755286828257,115,True,0.0,-1.0,0.8234504182850315
23752,28045.0,Madrid,701.04,2,350.52,0.11928429423459246,0.11268945803995119,943,False,0.0,-1.0,0.0
10440,3803.0,Alicante,700.25,2,350.125,2.0,1.0986122886681098,1495,False,0.0,1.1763131633856483,0.5237386692327237
1000082239,23001.0,Jaén,698.96,1,698.96,1.0,0.6931471805599453,266,False,0.0,-1.0,0.0
1000082752,28109.0,Madrid,698.3299999999999,4,174.58249999999998,0.11605415860735009,0.10979939199967043,91,True,0.0,-1.0,0.0
36960,11404.0,Cádiz,694.3199999999999,2,347.15999999999997,0.09852216748768472,0.09396579241833142,1048,False,0.0,-1.0,0.0
1000079073,38204.0,Sta.Cruz Tenerife,693.78,2,346.89,2.0,1.0986122886681098,158,True,0.0,-1.0,0.1146406220240752
23278,10100.0,Cáceres,690.9,1,690.9,1.0,0.6931471805599453,1788,False,0.0,-1.0,0.0
1000070634,8022.0,Barcelona,690.67,1,690.67,1.0,0.6931471805599453,1768,False,0.0,-1.0,0.0
1000082250,6360.0,Badajoz,690.51,1,690.51,1.0,0.6931471805599453,1566,False,0.0,-1.0,0.0
1000079925,8620.0,Barcelona,689.26,1,689.26,1.0,0.6931471805599453,1166,False,0.0,-1.0,0.0
1000100595,28850.0,Madrid,688.04,1,688.04,1.0,0.6931471805599453,466,False,0.0,-1.0,0.0
17025,13260.0,Ciudad Real,688.04,1,688.04,1.0,0.6931471805599453,383,False,0.0,-1.0,0.0
1000081520,46900.0,Valencia,688.04,1,688.04,1.0,0.6931471805599453,318,False,0.0,-1.0,0.0
1000040021,46870.0,Valencia,688.04,1,688.04,1.0,0.6931471805599453,433,False,0.0,-1.0,0.0
21963,46130.0,Valencia,688.03,1,688.03,1.0,0.6931471805599453,676,False,0.0,-1.0,0.0
1000080389,18327.0,Granada,685.59,1,685.59,1.0,0.6931471805599453,790,False,0.0,-1.0,0.0
1000102193,46160.0,Valencia,685.28,2,342.64,1.1764705882352942,0.7777045685880084,24,True,0.0,-1.0,0.0
28687,35400.0,Las Palmas,685.28,2,342.64,2.0,1.0986122886681098,308,False,0.0,-1.0,0.0
43016,20011.0,Gipúzkoa,685.28,2,342.64,0.26200873362445415,0.23270468455819251,76,True,0.0,-1.0,0.0
1000102080,33210.0,Asturias,685.27,1,685.27,1.0,0.6931471805599453,132,True,0.0,-1.0,0.0
3682,33009.0,Asturias,685.27,1,685.27,1.0,0.6931471805599453,298,False,0.0,-1.0,0.0
1000081203,8304.0,Barcelona,684.02,1,684.02,1.0,0.6931471805599453,1670,False,0.0,-1.0,0.0
40851,15011.0,A Coruña,684.02,2,342.01,0.19292604501607716,0.176409150428201,1207,False,0.0,-1.0,0.0
1000081144,8720.0,Barcelona,684.0,4,171.0,0.33707865168539325,0.29048712337938953,1455,False,0.0,-1.0,0.0
1000102297,50410.0,Zaragoza,681.38,1,681.38,1.0,0.6931471805599453,24,True,0.0,-1.0,0.0
1000076159,33430.0,Asturias,681.25,1,681.25,1.0,0.6931471805599453,951,False,0.0,-1.0,0.0
14970,8014.0,Barcelona,681.25,1,681.25,1.0,0.6931471805599453,928,False,0.0,-1.0,0.0
40496,25300.0,Lleida,681.25,1,681.25,1.0,0.6931471805599453,969,False,0.0,-1.0,0.0
6073,31580.0,Navarra,679.38,2,339.69,0.3921568627450981,0.3308542443169897,19,True,0.0,-1.0,0.0
42899,18009.0,Granada,671.84,2,335.92,2.0,1.0986122886681098,518,False,0.0,-1.0,0.0
42943,7800.0,Baleares,671.83,1,671.83,1.0,0.6931471805599453,433,False,0.0,-1.0,0.0
1000078372,28036.0,Madrid,671.77,2,335.885,0.14814814814814814,0.13815033848081718,650,False,0.0,-1.0,0.0
43046,30001.0,Murcia,671.43,1,671.43,1.0,0.6931471805599453,24,True,0.0,-1.0,0.0
1000082563,23140.0,Jaén,671.33,1,671.33,1.0,0.6931471805599453,1301,False,0.0,-1.0,0.0
20962,3203.0,Alicante,667.73,2,333.865,0.0681044267877412,0.06588551364920013,432,False,0.0,-1.0,0.0
34814,45880.0,Toledo,667.16,1,667.16,1.0,0.6931471805599453,529,False,0.0,-1.0,0.0
39312,14001.0,Córdoba,666.4,2,333.2,0.6976744186046512,0.5292593254548287,1529,False,0.0,-1.0,0.0
1000076570,8242.0,Barcelona,665.24,2,332.62,0.3896103896103896,0.3290234126082223,630,False,0.0,-1.0,0.0
1000081799,8013.0,Barcelona,663.86,1,663.86,1.0,0.6931471805599453,74,True,0.0,-1.0,0.0
1000102060,28924.0,Madrid,663.86,1,663.86,1.0,0.6931471805599453,158,True,0.0,-1.0,0.0
1000082793,18003.0,Granada,662.1700000000001,2,331.08500000000004,0.46153846153846156,0.37948962170490375,942,False,0.0,-1.0,0.0
19503,28036.0,Madrid,661.94,2,330.97,2.0,1.0986122886681098,59,True,0.5,-1.0,1.4927719422802632
32747,12530.0,Castellón,661.38,1,661.38,1.0,0.6931471805599453,1379,False,0.0,0.0,0.0
29448,36820.0,Pontevedra,661.38,1,661.38,1.0,0.6931471805599453,1173,False,0.0,-1.0,0.0
1000081906,46780.0,Valencia,661.38,1,661.38,1.0,0.6931471805599453,1634,False,0.0,-1.0,0.0
1000081864,35008.0,Las Palmas,661.35,1,661.35,1.0,0.6931471805599453,1474,False,0.0,-1.0,0.0
33156,24002.0,León,661.35,1,661.35,1.0,0.6931471805599453,1278,False,0.0,-1.0,0.0
7239,20120.0,Gipúzkoa,661.35,1,661.35,1.0,0.6931471805599453,1743,False,0.0,-1.0,0.0
7773,38108.0,Sta.Cruz Tenerife,661.35,1,661.35,1.0,0.6931471805599453,1671,False,0.0,-1.0,0.0
1000058785,38350.0,Sta.Cruz Tenerife,661.35,1,661.35,1.0,0.6931471805599453,1259,False,0.0,-1.0,0.0
12115,15100.0,A Coruña,661.35,1,661.35,1.0,0.6931471805599453,1657,False,0.0,-1.0,0.0
33822,33213.0,Asturias,661.35,1,661.35,1.0,0.6931471805599453,1495,False,0.0,0.0,0.0
1000081919,47300.0,Valladolid,661.35,1,661.35,1.0,0.6931471805599453,1810,False,0.0,-1.0,0.0
19740,47001.0,Valladolid,661.34,1,661.34,1.0,0.6931471805599453,1755,False,0.0,-1.0,0.0
43162,7500.0,Baleares,659.71,1,659.71,1.0,0.6931471805599453,119,True,0.0,-1.0,0.0
1536,32003.0,Orense,658.65,1,658.65,1.0,0.6931471805599453,846,False,0.0,-1.0,0.0
1000100488,28010.0,Madrid,658.65,1,658.65,1.0,0.6931471805599453,795,False,0.0,-1.0,0.0
1000102051,3158.0,Alicante,658.27,1,658.27,1.0,0.6931471805599453,164,True,0.0,-1.0,0.0
1000102213,50180.0,Zaragoza,658.27,1,658.27,1.0,0.6931471805599453,61,True,0.0,-1.0,0.0
1000101713,50003.0,Zaragoza,658.27,1,658.27,1.0,0.6931471805599453,332,False,0.0,-1.0,0.0
36790,17230.0,Girona,658.24,1,658.24,1.0,0.6931471805599453,1813,False,0.0,-1.0,0.0
20617,28009.0,Madrid,656.04,3,218.67999999999998,0.14469453376205788,0.1351378186727963,691,False,0.0,-1.0,0.0
1000066414,33012.0,Asturias,655.73,3,218.57666666666668,0.05803157172271791,0.056410173938623916,199,False,0.0,-1.0,0.0
42784,28024.0,Madrid,653.4300000000001,1,653.4300000000001,1.0,0.6931471805599453,684,False,0.0,-1.0,0.0
21958,28770.0,Madrid,652.4300000000001,2,326.21500000000003,0.05803157172271791,0.056410173938623916,350,False,0.0,-1.0,0.0
1000102243,28010.0,Madrid,652.1800000000001,1,652.1800000000001,1.0,0.6931471805599453,49,True,0.0,-1.0,0.0
1000102234,9005.0,Burgos,651.9300000000001,1,651.9300000000001,1.0,0.6931471805599453,52,True,0.0,-1.0,0.0
3358,29010.0,Málaga,651.6800000000001,2,325.84000000000003,0.20761245674740486,0.188645234089995,1424,False,0.0,-1.0,0.0
42994,45200.0,Toledo,651.02,1,651.02,1.0,0.6931471805599453,334,False,0.0,-1.0,0.0
43087,28049.0,Madrid,651.02,1,651.02,1.0,0.6931471805599453,203,False,0.0,-1.0,0.0
33640,27003.0,Lugo,650.5699999999999,2,325.28499999999997,0.1271186440677966,0.119664503756089,1123,False,0.0,-1.0,0.0
42823,21130.0,Huelva,648.85,1,648.85,1.0,0.6931471805599453,552,False,0.0,-1.0,0.0
1000077709,41018.0,Sevilla,648.82,1,648.82,1.0,0.6931471805599453,375,False,0.0,-1.0,0.0
1000100615,30530.0,Murcia,648.1,2,324.05,0.24590163934426232,0.21985947611301984,40,True,0.0,-1.0,0.0
42471,28915.0,Madrid,646.02,1,646.02,1.0,0.6931471805599453,10,True,0.0,-1.0,0.0
35211,18007.0,Granada,644.52,1,644.52,1.0,0.6931471805599453,560,False,0.0,-1.0,0.0
1000078819,8016.0,Barcelona,643.99,2,321.995,0.425531914893617,0.35454501768090746,31,True,0.0,0.29561900687983467,0.0
12432,18014.0,Granada,641.63,2,320.815,0.0974025974025974,0.0929461125094443,1061,False,0.0,-1.0,0.0
37934,15007.0,A Coruña,641.25,2,320.625,1.1320754716981132,0.7570959051602187,1713,False,0.0,-1.0,0.0
1000076814,8028.0,Barcelona,641.25,1,641.25,1.0,0.6931471805599453,1781,False,0.0,-1.0,0.0
1000073194,46100.0,Valencia,640.59,2,320.295,0.05803157172271791,0.056410173938623916,578,False,0.0,-1.0,0.0
1000078467,28806.0,Madrid,639.5,2,319.75,1.7142857142857142,0.9985288301111271,1769,False,0.0,-1.0,0.0
1000081691,8187.0,Barcelona,639.5,2,319.75,0.20905923344947736,0.18984256418723808,1295,False,0.0,-1.0,0.0
1000063208,46440.0,Valencia,639.5,4,159.875,0.7017543859649122,0.5316597106688327,1327,False,1.0,2.2858959659990767,-0.0
1000082105,46022.0,Valencia,639.5,2,319.75,0.31746031746031744,0.27570588140506525,1510,False,0.0,-1.0,0.0
1000082474,28050.0,Madrid,639.49,1,639.49,1.0,0.6931471805599453,1371,False,0.0,-1.0,0.0
1000080920,8903.0,Barcelona,639.49,1,639.49,1.0,0.6931471805599453,1802,False,0.0,-1.0,0.0
19414,48014.0,Vizcaya,639.49,1,639.49,1.0,0.6931471805599453,1446,False,0.0,-1.0,0.0
23260,15701.0,A Coruña,639.49,1,639.49,1.0,0.6931471805599453,1495,False,0.0,0.0,0.0
1000082466,8105.0,Barcelona,639.49,1,639.49,1.0,0.6931471805599453,1375,False,0.0,0.0,0.0
1133,46022.0,Valencia,638.1700000000001,1,638.1700000000001,1.0,0.6931471805599453,823,False,0.0,-1.0,0.0
1000079980,38670.0,Sta.Cruz Tenerife,636.64,2,318.32,0.5607476635514018,0.4451649779548489,1672,False,0.0,-1.0,0.0
1000100505,8150.0,Barcelona,632.71,1,632.71,1.0,0.6931471805599453,781,False,0.0,-1.0,0.0
1000072120,33206.0,Asturias,632.71,1,632.71,1.0,0.6931471805599453,965,False,0.0,-1.0,0.0
42539,47010.0,Valladolid,632.71,1,632.71,1.0,0.6931471805599453,978,False,0.0,-1.0,0.0
1000081709,33900.0,Asturias,632.71,1,632.71,1.0,0.6931471805599453,746,False,0.0,-1.0,0.0
1000100296,28770.0,Madrid,632.71,1,632.71,1.0,0.6931471805599453,934,False,0.0,-1.0,0.0
1000100184,28002.0,Madrid,632.71,1,632.71,1.0,0.6931471805599453,1019,False,0.0,-1.0,0.0
38482,8820.0,Barcelona,632.71,1,632.71,1.0,0.6931471805599453,964,False,0.0,-1.0,0.0
15094,8301.0,Barcelona,631.83,1,631.83,1.0,0.6931471805599453,769,False,0.0,-1.0,0.0
1000100754,20005.0,Gipúzkoa,627.47,1,627.47,1.0,0.6931471805599453,61,True,0.0,-1.0,0.0
1000102038,18230.0,Granada,627.47,1,627.47,1.0,0.6931471805599453,172,True,0.0,-1.0,0.0
28707,24001.0,León,626.97,2,313.485,0.05803157172271791,0.056410173938623916,207,False,0.0,-0.3455946380980025,0.0
26341,41300.0,Sevilla,625.96,2,312.98,0.15463917525773196,0.14378789279171172,746,False,0.0,-1.0,0.0
1000101891,46011.0,Valencia,625.2,1,625.2,1.0,0.6931471805599453,264,False,0.0,-1.0,0.0
1000056907,8810.0,Barcelona,623.57,1,623.57,1.0,0.6931471805599453,1743,False,0.0,-1.0,0.0
1000102310,28005.0,Madrid,623.41,1,623.41,1.0,0.6931471805599453,13,True,0.0,-1.0,0.0
1000101866,41013.0,Sevilla,623.41,1,623.41,1.0,0.6931471805599453,272,False,0.0,-1.0,0.0
1000077857,3009.0,Alicante,623.41,1,623.41,1.0,0.6931471805599453,182,False,0.0,-1.0,0.0
1000082736,28035.0,Madrid,622.1299999999999,2,311.06499999999994,2.0,1.0986122886681098,1132,False,0.5,-1.0,1.4927719422802632
43210,8339.0,Barcelona,621.4699999999999,2,310.73499999999996,2.0,1.0986122886681098,14,True,0.5,-1.0,1.4927719422802632
1000102321,48260.0,Vizcaya,620.09,1,620.09,1.0,0.6931471805599453,7,True,0.0,-1.0,0.0
1000102244,33209.0,Asturias,619.05,1,619.05,1.0,0.6931471805599453,47,True,0.0,-1.0,0.0
29019,33003.0,Asturias,619.05,1,619.05,1.0,0.6931471805599453,269,False,0.0,-1.0,0.0
1000101620,50017.0,Zaragoza,618.64,1,618.64,1.0,0.6931471805599453,381,False,0.0,-1.0,0.0
1000074382,15403.0,A Coruña,617.89,3,205.96333333333334,0.16216216216216217,0.15028220304933798,206,False,0.0,-1.0,0.0
1000081366,38002.0,Sta.Cruz Tenerife,617.76,2,308.88,1.0526315789473684,0.7191226669632059,26,True,0.0,-1.0,0.0
1000102135,35003.0,Las Palmas,617.52,1,617.52,1.0,0.6931471805599453,96,True,0.0,-1.0,0.0
16385,33201.0,Asturias,616.76,1,616.76,1.0,0.6931471805599453,168,True,0.0,-1.0,0.0
5814,28025.0,Madrid,616.54,1,616.54,1.0,0.6931471805599453,1470,False,0.0,-1.0,0.0
1000101261,43850.0,Tarragona,616.13,1,616.13,1.0,0.6931471805599453,117,True,0.0,-1.0,0.0
42116,20010.0,Gipúzkoa,615.63,1,615.63,1.0,0.6931471805599453,1550,False,0.0,-1.0,0.0
1000057609,41770.0,Sevilla,615.63,1,615.63,1.0,0.6931471805599453,1690,False,0.0,-1.0,0.0
2928,29120.0,Málaga,615.63,1,615.63,1.0,0.6931471805599453,1566,False,0.0,-1.0,0.0
1000075985,38700.0,Sta.Cruz Tenerife,615.63,1,615.63,1.0,0.6931471805599453,1364,False,0.0,-1.0,0.0
1000080725,38632.0,Sta.Cruz Tenerife,615.63,1,615.63,1.0,0.6931471805599453,1571,False,0.0,-1.0,0.0
10622,48930.0,Vizcaya,614.28,1,614.28,1.0,0.6931471805599453,1553,False,0.0,-1.0,0.0
1000082650,29100.0,Málaga,614.28,1,614.28,1.0,0.6931471805599453,1202,False,0.0,-1.0,0.0
40312,0.0,,614.28,1,614.28,1.0,0.6931471805599453,1812,False,0.0,-1.0,0.0
1000080750,41010.0,Sevilla,614.28,1,614.28,1.0,0.6931471805599453,1579,False,0.0,-1.0,0.0
6346,8038.0,Barcelona,614.28,1,614.28,1.0,0.6931471805599453,1424,False,0.0,-1.0,0.0
28654,33005.0,Asturias,614.28,1,614.28,1.0,0.6931471805599453,1159,False,0.0,-1.0,0.0
41731,28026.0,Madrid,614.28,1,614.28,1.0,0.6931471805599453,1701,False,0.0,-1.0,0.0
34390,46005.0,Valencia,614.28,1,614.28,1.0,0.6931471805599453,1746,False,0.0,-1.0,0.0
42796,43840.0,Tarragona,613.8,1,613.8,1.0,0.6931471805599453,665,False,0.0,0.0,0.0
1000080488,18016.0,Granada,612.1800000000001,2,306.09000000000003,0.7142857142857143,0.538996500732687,1497,False,0.0,-1.0,0.0
1000101236,35010.0,Las Palmas,610.23,2,305.115,0.16483516483516483,0.1525795875952171,91,True,0.0,-1.0,0.0
1000101805,38300.0,Sta.Cruz Tenerife,607.0799999999999,1,607.0799999999999,1.0,0.6931471805599453,293,False,0.0,-1.0,0.0
10978,18005.0,Granada,606.9300000000001,1,606.9300000000001,1.0,0.6931471805599453,1771,False,0.0,-1.0,0.0
1000059082,15578.0,A Coruña,606.9300000000001,1,606.9300000000001,1.0,0.6931471805599453,1494,False,0.0,0.0,0.0
40590,6004.0,Badajoz,605.61,1,605.61,1.0,0.6931471805599453,1428,False,0.0,-1.0,0.0
32721,3503.0,Alicante,605.27,1,605.27,1.0,0.6931471805599453,431,False,0.0,-1.0,0.0
28254,35018.0,Las Palmas,603.8299999999999,2,301.91499999999996,0.12195121951219513,0.1150693297847872,621,False,0.0,-1.0,0.0
1000102119,3007.0,Alicante,603.8199999999999,1,603.8199999999999,1.0,0.6931471805599453,102,True,0.0,-1.0,0.0
1000101782,41710.0,Sevilla,603.4399999999999,2,301.71999999999997,0.31413612565445026,0.27317951108515404,117,True,0.0,-1.0,0.0
1000077955,21320.0,Huelva,603.29,4,150.8225,0.6521739130434783,0.5020919437972361,1501,False,0.3333333333333333,-1.0,1.414213562373095
11159,50008.0,Zaragoza,599.74,1,599.74,1.0,0.6931471805599453,1762,False,0.0,-1.0,0.0
1000064482,24006.0,León,599.74,2,299.87,0.14492753623188406,0.13534134786976212,1315,False,0.0,-1.0,0.0
16253,8226.0,Barcelona,598.51,3,199.50333333333333,0.2662721893491124,0.23607730009877798,1196,False,0.0,-1.0,0.0
1000082792,23004.0,Jaén,596.44,1,596.44,1.0,0.6931471805599453,1067,False,0.0,-1.0,0.0
1000100060,46001.0,Valencia,591.64,1,591.64,1.0,0.6931471805599453,1158,False,0.0,-1.0,0.0
1000101841,46008.0,Valencia,590.57,1,590.57,1.0,0.6931471805599453,283,False,0.0,-1.0,0.0
43135,29680.0,Málaga,590.57,1,590.57,1.0,0.6931471805599453,82,True,0.0,-1.0,0.0
1000082596,10001.0,Cáceres,590.57,1,590.57,1.0,0.6931471805599453,171,True,0.0,-1.0,0.0
1000101844,28500.0,Madrid,590.57,1,590.57,1.0,0.6931471805599453,279,False,0.0,-1.0,0.0
1000101916,28022.0,Madrid,590.57,1,590.57,1.0,0.6931471805599453,251,False,0.0,-1.0,0.0
1000102095,28902.0,Madrid,590.57,1,590.57,1.0,0.6931471805599453,115,True,0.0,-1.0,0.0
43072,28990.0,Madrid,590.57,1,590.57,1.0,0.6931471805599453,224,False,0.0,-1.0,0.0
1000101919,28017.0,Madrid,590.57,1,590.57,1.0,0.6931471805599453,251,False,0.0,-1.0,0.0
42931,3003.0,Alicante,590.5699999999999,1,590.5699999999999,1.0,0.6931471805599453,236,False,0.0,-1.0,0.0
1000101573,38004.0,Sta.Cruz Tenerife,589.4200000000001,1,589.4200000000001,1.0,0.6931471805599453,402,False,0.0,-1.0,0.0
11392,31010.0,Navarra,585.46,2,292.73,0.06764374295377677,0.06545411087649874,182,False,0.0,-1.0,0.0
1000101450,18007.0,Granada,585.17,1,585.17,1.0,0.6931471805599453,458,False,0.0,-1.0,0.0
1000101763,28008.0,Madrid,582.07,1,582.07,1.0,0.6931471805599453,314,False,0.0,-1.0,0.0
42729,11100.0,Cádiz,581.9300000000001,1,581.9300000000001,1.0,0.6931471805599453,328,False,0.0,-1.0,0.0
42184,21440.0,Huelva,580.3299999999999,2,290.16499999999996,0.25,0.22314355131420976,1195,False,0.0,-1.0,0.0
41993,28280.0,Madrid,579.05,1,579.05,1.0,0.6931471805599453,1762,False,0.0,-1.0,0.0
1000078414,30420.0,Murcia,579.05,1,579.05,1.0,0.6931471805599453,1411,False,0.0,-1.0,0.0
1000102250,23680.0,Jaén,578.61,1,578.61,1.0,0.6931471805599453,47,True,0.0,-1.0,0.0
13702,8031.0,Barcelona,577.73,1,577.73,1.0,0.6931471805599453,1697,False,0.0,-1.0,0.0
1000077559,32630.0,Orense,577.73,1,577.73,1.0,0.6931471805599453,1348,False,0.0,-1.0,0.0
1000081850,14011.0,Córdoba,576.35,1,576.35,1.0,0.6931471805599453,1678,False,0.0,-1.0,0.0
1000102045,38315.0,Sta.Cruz Tenerife,575.6300000000001,2,287.81500000000005,2.0,1.0986122886681098,153,True,0.0,-1.0,0.03672931007327226
1000051534,8022.0,Barcelona,575.53,1,575.53,1.0,0.6931471805599453,1704,False,0.0,-1.0,0.0
1000076166,50005.0,Zaragoza,574.27,2,287.135,0.0635593220338983,0.061621134106173814,315,False,0.0,-1.0,0.0
1000077398,33012.0,Asturias,574.24,1,574.24,1.0,0.6931471805599453,210,False,0.0,-1.0,0.0
1000101487,46120.0,Valencia,573.37,1,573.37,1.0,0.6931471805599453,437,False,0.0,-1.0,0.0
1000101222,18140.0,Granada,573.37,1,573.37,1.0,0.6931471805599453,326,False,0.0,-1.0,0.0
1000101568,3202.0,Alicante,573.37,1,573.37,1.0,0.6931471805599453,409,False,0.0,-1.0,0.0
1000101646,28019.0,Madrid,573.37,1,573.37,1.0,0.6931471805599453,350,False,0.0,-1.0,0.0
11518,31003.0,Navarra,573.36,1,573.36,1.0,0.6931471805599453,516,False,0.0,-1.0,0.0
28240,12600.0,Castellón,573.36,1,573.36,1.0,0.6931471805599453,460,False,0.0,-1.0,0.0
1000101574,28015.0,Madrid,573.36,1,573.36,1.0,0.6931471805599453,403,False,0.0,-1.0,0.0
42903,8018.0,Barcelona,573.36,1,573.36,1.0,0.6931471805599453,532,False,0.0,-1.0,0.0
1000071718,43202.0,Tarragona,573.36,1,573.36,1.0,0.6931471805599453,438,False,0.0,-1.0,0.0
1000080514,22003.0,Huesca,573.36,1,573.36,1.0,0.6931471805599453,488,False,0.0,-1.0,0.0
1000080241,10500.0,Cáceres,569.44,1,569.44,1.0,0.6931471805599453,1069,False,0.0,-1.0,0.0
1000079785,46181.0,Valencia,567.93,1,567.93,1.0,0.6931471805599453,579,False,0.0,-1.0,0.0
11373,28940.0,Madrid,567.74,1,567.74,1.0,0.6931471805599453,1375,False,0.0,0.0,0.0
1000100116,25005.0,Lleida,567.71,1,567.71,1.0,0.6931471805599453,1062,False,0.0,-1.0,0.0
1000100357,36141.0,Pontevedra,567.71,1,567.71,1.0,0.6931471805599453,892,False,0.0,-1.0,0.0
24716,46006.0,Valencia,567.71,1,567.71,1.0,0.6931471805599453,990,False,0.0,-1.0,0.0
42484,47013.0,Valladolid,567.71,1,567.71,1.0,0.6931471805599453,1068,False,0.0,-1.0,0.0
42628,28921.0,Madrid,567.71,1,567.71,1.0,0.6931471805599453,794,False,0.0,-1.0,0.0
1000100096,8302.0,Barcelona,567.71,1,567.71,1.0,0.6931471805599453,1071,False,0.0,-1.0,0.0
1000100406,18002.0,Granada,567.71,4,141.9275,2.0,1.0986122886681098,831,False,0.25,2.0001056896248017,2.4910844663152116e-05
42624,50021.0,Zaragoza,567.71,1,567.71,1.0,0.6931471805599453,802,False,0.0,-1.0,0.0
1000058647,27600.0,Lugo,566.36,2,283.18,0.5128205128205129,0.4139757977760731,311,False,0.0,-1.0,0.0
43190,28045.0,Madrid,565.07,1,565.07,1.0,0.6931471805599453,74,True,0.0,-1.0,0.0
1000080466,28043.0,Madrid,562.75,1,562.75,1.0,0.6931471805599453,1728,False,0.0,-1.0,0.0
1000101168,3003.0,Alicante,561.75,2,280.875,2.0,1.0986122886681098,426,False,0.0,-1.0,1.0559713017132082
43104,29014.0,Málaga,561.06,1,561.06,1.0,0.6931471805599453,181,False,0.0,-1.0,0.0
43120,41089.0,Sevilla,561.06,1,561.06,1.0,0.6931471805599453,171,True,0.0,-1.0,0.0
43128,19110.0,Guadalajara,561.06,1,561.06,1.0,0.6931471805599453,168,True,0.0,-1.0,0.0
1000081990,18339.0,Granada,560.87,1,560.87,1.0,0.6931471805599453,1769,False,0.0,-1.0,0.0
1000082669,48902.0,Vizcaya,559.86,1,559.86,1.0,0.6931471805599453,895,False,0.0,-1.0,0.0
25290,18220.0,Granada,557.86,2,278.93,0.3278688524590164,0.28357529049912755,1494,False,0.0,0.06630120749685153,0.0
1000101697,41410.0,Sevilla,557.51,1,557.51,1.0,0.6931471805599453,335,False,0.0,-1.0,0.0
1000101600,46020.0,Valencia,557.51,1,557.51,1.0,0.6931471805599453,391,False,0.0,-1.0,0.0
20656,30201.0,Murcia,556.63,2,278.315,0.05803157172271791,0.056410173938623916,476,False,0.0,-1.0,0.0
1000081413,31008.0,Navarra,556.16,1,556.16,1.0,0.6931471805599453,1028,False,0.0,-1.0,0.0
1000102096,23650.0,Jaén,556.16,2,278.08,1.2,0.7884573603642702,63,True,0.0,-1.0,0.0
1000102236,18151.0,Granada,556.16,1,556.16,1.0,0.6931471805599453,47,True,0.0,-1.0,0.0
1000076606,28025.0,Madrid,554.5799999999999,1,554.5799999999999,1.0,0.6931471805599453,1411,False,0.0,-1.0,0.0
42813,47013.0,Valladolid,553.56,3,184.51999999999998,0.26785714285714285,0.23732818630616617,322,False,0.0,-0.6170469220835126,0.0
1000100285,8174.0,Barcelona,553.35,1,553.35,1.0,0.6931471805599453,844,False,0.0,-1.0,0.0
1000100407,33011.0,Asturias,552.01,1,552.01,1.0,0.6931471805599453,837,False,0.0,0.0,0.0
1000082282,35002.0,Las Palmas,552.01,3,184.00333333333333,0.17786561264822134,0.16370399777788422,976,False,0.0,-1.0,0.0
1000100088,2610.0,Albacete,551.7,2,275.85,0.23076923076923078,0.20763936477824452,340,False,0.0,-1.0,0.0
43106,8021.0,Barcelona,551.23,1,551.23,1.0,0.6931471805599453,179,True,0.0,-1.0,0.0
10803,49015.0,Zamora,551.23,1,551.23,1.0,0.6931471805599453,220,False,0.0,-1.0,0.0
36849,24191.0,León,551.23,1,551.23,1.0,0.6931471805599453,263,False,0.0,-1.0,0.0
1000080860,8520.0,Barcelona,551.14,2,275.57,0.5128205128205129,0.4139757977760731,1666,False,0.0,-1.0,0.0
25855,46004.0,Valencia,551.14,2,275.57,0.2222222222222222,0.20067069546215116,1466,False,0.0,-1.0,0.0
1000081092,36650.0,Pontevedra,551.13,1,551.13,1.0,0.6931471805599453,1547,False,0.0,-1.0,0.0
11642,23700.0,Jaén,551.13,1,551.13,1.0,0.6931471805599453,1664,False,0.0,-1.0,0.0
3583,29670.0,Málaga,551.13,1,551.13,1.0,0.6931471805599453,1417,False,0.0,-1.0,0.0
1000079336,15220.0,A Coruña,551.13,1,551.13,1.0,0.6931471805599453,1274,False,0.0,-1.0,0.0
1000082724,28045.0,Madrid,551.13,1,551.13,1.0,0.6931471805599453,1147,False,0.0,-1.0,0.0
1000081868,28045.0,Madrid,551.13,1,551.13,1.0,0.6931471805599453,1147,False,0.0,-1.0,0.0
1000076264,28007.0,Madrid,551.13,3,183.71,2.0,1.0986122886681098,1629,False,0.5,-1.0,0.0
1000082463,28045.0,Madrid,551.13,1,551.13,1.0,0.6931471805599453,1343,False,0.0,-1.0,0.0
1000076685,7702.0,Baleares,551.13,1,551.13,1.0,0.6931471805599453,1337,False,0.0,-1.0,0.0
12946,8013.0,Barcelona,551.13,1,551.13,1.0,0.6931471805599453,1335,False,0.0,-1.0,0.0
1000081498,24002.0,León,548.21,1,548.21,1.0,0.6931471805599453,32,True,0.0,-1.0,0.0
1000076343,12540.0,Castellón,545.73,1,545.73,1.0,0.6931471805599453,103,True,0.0,-1.0,0.0
1000102121,8192.0,Barcelona,545.73,1,545.73,1.0,0.6931471805599453,102,True,0.0,-1.0,0.0
21875,23001.0,Jaén,545.32,1,545.32,1.0,0.6931471805599453,1292,False,0.0,-1.0,0.0
10888,48500.0,Vizcaya,543.91,3,181.3033333333333,0.09922822491730982,0.09460831984670173,472,False,0.0,-0.0985313063643391,0.0
42576,8250.0,Barcelona,543.29,2,271.645,2.0,1.0986122886681098,894,False,0.0,-1.0,0.08420881802125862
1000102301,12001.0,Castellón,542.27,1,542.27,1.0,0.6931471805599453,17,True,0.0,-1.0,0.0
1000100510,50009.0,Zaragoza,542.12,1,542.12,1.0,0.6931471805599453,399,False,0.0,-1.0,0.0
42748,41720.0,Sevilla,541.96,1,541.96,1.0,0.6931471805599453,510,False,0.0,-1.0,0.0
1000100339,28042.0,Madrid,541.9,2,270.95,0.07255139056831923,0.07004028728588818,81,True,0.0,-1.0,0.0
1000082629,8860.0,Barcelona,541.1700000000001,1,541.1700000000001,1.0,0.6931471805599453,1215,False,0.0,-1.0,0.0
42892,28907.0,Madrid,540.43,1,540.43,1.0,0.6931471805599453,551,False,0.0,-1.0,0.0
1000101149,33204.0,Asturias,540.43,1,540.43,1.0,0.6931471805599453,549,False,0.0,-1.0,0.0
23046,8291.0,Barcelona,539.77,1,539.77,1.0,0.6931471805599453,1715,False,0.0,-1.0,0.0
1000079008,41560.0,Sevilla,539.33,1,539.33,1.0,0.6931471805599453,857,False,0.0,-1.0,0.0
38767,20001.0,Gipúzkoa,539.17,2,269.585,0.05803157172271791,0.056410173938623916,73,True,0.0,-1.0,0.0
38715,5600.0,Ávila,537.47,1,537.47,1.0,0.6931471805599453,579,False,0.0,-1.0,0.0
42342,28108.0,Madrid,537.19,1,537.19,1.0,0.6931471805599453,1306,False,0.0,-1.0,0.0
41340,15100.0,A Coruña,537.19,1,537.19,1.0,0.6931471805599453,1190,False,0.0,-1.0,0.0
1000102295,18183.0,Granada,537.13,1,537.13,1.0,0.6931471805599453,19,True,0.0,-1.0,0.0
11379,8206.0,Barcelona,535.87,1,535.87,1.0,0.6931471805599453,1173,False,0.0,-1.0,0.0
42304,38639.0,Sta.Cruz Tenerife,535.87,3,178.62333333333333,2.0,1.0986122886681098,1308,False,0.3333333333333333,-1.0,1.4927719422802632
1000078212,17300.0,Girona,534.62,1,534.62,1.0,0.6931471805599453,1557,False,0.0,-1.0,0.0
32820,6600.0,Badajoz,533.74,1,533.74,1.0,0.6931471805599453,573,False,0.0,-1.0,0.0
1000078691,30800.0,Murcia,533.24,1,533.24,1.0,0.6931471805599453,101,True,0.0,-1.0,0.0
11895,12001.0,Castellón,532.89,1,532.89,1.0,0.6931471805599453,1579,False,0.0,-1.0,0.0
1000066730,38631.0,Sta.Cruz Tenerife,532.48,1,532.48,1.0,0.6931471805599453,775,False,0.0,-1.0,0.0
1000082681,28042.0,Madrid,532.0799999999999,2,266.03999999999996,2.0,1.0986122886681098,1131,False,0.0,0.07430509531792134,0.05065950702682161
1000082595,52004.0,Melilla,531.85,2,265.925,0.08595988538681949,0.0824642828799992,192,False,0.0,-1.0,0.0
1000062172,35003.0,Las Palmas,529.84,1,529.84,1.0,0.6931471805599453,755,False,0.0,-1.0,0.0
1000100267,28011.0,Madrid,529.84,1,529.84,1.0,0.6931471805599453,951,False,0.0,-1.0,0.0
3837,33205.0,Asturias,529.62,1,529.62,1.0,0.6931471805599453,1067,False,0.0,-1.0,0.0
1000080463,28850.0,Madrid,528.75,3,176.25,0.16917293233082706,0.15629660339753504,1139,False,0.0,-1.0,0.0
11841,12500.0,Castellón,528.46,1,528.46,1.0,0.6931471805599453,935,False,0.0,-1.0,0.0
1000065344,36002.0,Pontevedra,526.92,1,526.92,1.0,0.6931471805599453,763,False,0.0,-1.0,0.0
1000102202,50008.0,Zaragoza,526.61,1,526.61,1.0,0.6931471805599453,67,True,0.0,-1.0,0.0
1000080922,19005.0,Guadalajara,526.35,1,526.35,1.0,0.6931471805599453,1147,False,0.0,-1.0,0.0
1000082720,26003.0,La Rioja,522.03,1,522.03,1.0,0.6931471805599453,1152,False,0.0,-1.0,0.0
1000082768,15830.0,A Coruña,522.03,1,522.03,1.0,0.6931471805599453,1098,False,0.0,-1.0,0.0
15029,8005.0,Barcelona,519.45,1,519.45,1.0,0.6931471805599453,1755,False,0.0,-1.0,0.0
1000077133,8292.0,Barcelona,519.45,1,519.45,1.0,0.6931471805599453,1651,False,0.0,-1.0,0.0
38594,23710.0,Jaén,519.45,1,519.45,1.0,0.6931471805599453,1617,False,0.0,-1.0,0.0
1000066831,33401.0,Asturias,519.45,1,519.45,1.0,0.6931471805599453,1446,False,0.0,-1.0,0.0
1000078900,8750.0,Barcelona,519.45,1,519.45,1.0,0.6931471805599453,1559,False,0.0,-1.0,0.0
1000100005,46470.0,Valencia,519.45,1,519.45,1.0,0.6931471805599453,1573,False,0.0,-1.0,0.0
1000100182,38111.0,Sta.Cruz Tenerife,518.76,3,172.92,0.6122448979591836,0.4776275543563948,875,False,0.0,-1.0,0.0
1000101124,41907.0,Sevilla,518.27,1,518.27,1.0,0.6931471805599453,552,False,0.0,-1.0,0.0
1000080446,39008.0,Cantabria,516.0,3,172.0,2.0,1.0986122886681098,1376,False,0.3333333333333333,-1.0,1.4927719422802632
1000079481,28039.0,Madrid,516.0,1,516.0,1.0,0.6931471805599453,1795,False,0.0,-1.0,0.0
1000101920,46017.0,Valencia,514.83,3,171.61,2.0,1.0986122886681098,214,False,0.5,-1.0,0.0
1000101779,18640.0,Granada,514.02,1,514.02,1.0,0.6931471805599453,307,False,0.0,-1.0,0.0
43181,45600.0,Toledo,513.76,1,513.76,1.0,0.6931471805599453,95,True,0.0,-1.0,0.0
43062,28028.0,Madrid,513.76,1,513.76,1.0,0.6931471805599453,243,False,0.0,-1.0,0.0
1000102042,28020.0,Madrid,513.76,1,513.76,1.0,0.6931471805599453,161,True,0.0,-1.0,0.0
1000102043,28045.0,Madrid,513.76,1,513.76,1.0,0.6931471805599453,161,True,0.0,-1.0,0.0
43205,28921.0,Madrid,513.76,1,513.76,1.0,0.6931471805599453,53,True,0.0,-1.0,0.0
1000102044,28015.0,Madrid,513.76,1,513.76,1.0,0.6931471805599453,161,True,0.0,-1.0,0.0
1000102049,28944.0,Madrid,513.76,1,513.76,1.0,0.6931471805599453,161,True,0.0,-1.0,0.0
43168,28008.0,Madrid,513.76,1,513.76,1.0,0.6931471805599453,116,True,0.0,-1.0,0.0
43183,28019.0,Madrid,513.76,1,513.76,1.0,0.6931471805599453,95,True,0.0,-1.0,0.0
43186,28004.0,Madrid,513.76,1,513.76,1.0,0.6931471805599453,95,True,0.0,-1.0,0.0
43078,28007.0,Madrid,513.76,1,513.76,1.0,0.6931471805599453,221,False,0.0,-1.0,0.0
15965,38201.0,Sta.Cruz Tenerife,513.01,2,256.505,0.1488833746898263,0.13879049213955108,1172,False,0.0,-1.0,0.0
1000075190,3189.0,Alicante,513.01,1,513.01,1.0,0.6931471805599453,1369,False,0.0,-1.0,0.0
42382,11510.0,Cádiz,511.79,1,511.79,1.0,0.6931471805599453,1242,False,0.0,-1.0,0.0
30232,28041.0,Madrid,511.52,5,102.304,0.12489592006661117,0.11769051588021533,175,True,0.0,0.7212202555714005,0.0
3756,33004.0,Asturias,509.31,1,509.31,1.0,0.6931471805599453,1381,False,0.0,0.0,0.0
1000081011,30509.0,Murcia,509.27,1,509.27,1.0,0.6931471805599453,1713,False,0.0,-1.0,0.0
1000082591,50008.0,Zaragoza,508.81,1,508.81,1.0,0.6931471805599453,1281,False,0.0,-1.0,0.0
3056,28026.0,Madrid,506.42,1,506.42,1.0,0.6931471805599453,1074,False,0.0,-1.0,0.0
1000042752,28806.0,Madrid,504.03,3,168.01,0.1337295690936107,0.1255127016397292,1040,False,0.5,-1.0,0.0
1000081066,33208.0,Asturias,502.4,1,502.4,1.0,0.6931471805599453,404,False,0.0,-1.0,0.0
15304,7011.0,Baleares,501.62,1,501.62,1.0,0.6931471805599453,1678,False,0.0,-1.0,0.0
1000102290,28916.0,Madrid,500.96000000000004,1,500.96000000000004,1.0,0.6931471805599453,26,True,0.0,-1.0,0.0
1000101769,46010.0,Valencia,500.96000000000004,1,500.96000000000004,1.0,0.6931471805599453,166,True,0.0,-1.0,0.0
1000102150,28400.0,Madrid,500.96000000000004,1,500.96000000000004,1.0,0.6931471805599453,94,True,0.0,-1.0,0.0
1000102056,3700.0,Alicante,500.96000000000004,1,500.96000000000004,1.0,0.6931471805599453,159,True,0.0,-1.0,0.0
43060,29002.0,Málaga,497.62,1,497.62,1.0,0.6931471805599453,248,False,0.0,-1.0,0.0
41658,28911.0,Madrid,496.85,3,165.61666666666667,0.08144796380090497,0.07830085041375784,392,False,0.0,2.044674586252411,0.0
26551,32003.0,Orense,496.09,1,496.09,1.0,0.6931471805599453,61,True,0.0,-1.0,0.0
15576,9003.0,Burgos,496.03,1,496.03,1.0,0.6931471805599453,1793,False,0.0,-1.0,0.0
1000070808,35002.0,Las Palmas,495.93,1,495.93,1.0,0.6931471805599453,895,False,0.0,-1.0,0.0
1000081942,28411.0,Madrid,495.4,1,495.4,1.0,0.6931471805599453,1795,False,0.0,-1.0,0.0
42614,29780.0,Málaga,493.92,1,493.92,1.0,0.6931471805599453,824,False,0.0,-1.0,0.0
43132,46195.0,Valencia,493.6,1,493.6,1.0,0.6931471805599453,167,True,0.0,-1.0,0.0
1000102012,6011.0,Badajoz,488.99,1,488.99,1.0,0.6931471805599453,189,False,0.0,-1.0,0.0
1000102162,33205.0,Asturias,486.26,1,486.26,1.0,0.6931471805599453,89,True,0.0,-1.0,0.0
18164,50010.0,Zaragoza,485.58000000000004,1,485.58000000000004,1.0,0.6931471805599453,1378,False,0.0,0.0,0.0
1000061316,8906.0,Barcelona,484.66,1,484.66,1.0,0.6931471805599453,306,False,0.0,-1.0,0.0
1000077829,4007.0,Almería,483.65,1,483.65,1.0,0.6931471805599453,238,False,0.0,-1.0,0.0
1000072970,28100.0,Madrid,483.12,1,483.12,1.0,0.6931471805599453,1396,False,0.0,-1.0,0.0
1000101767,30203.0,Murcia,482.29999999999995,1,482.29999999999995,1.0,0.6931471805599453,311,False,0.0,-1.0,0.0
43054,7011.0,Baleares,477.5,1,477.5,1.0,0.6931471805599453,158,True,0.0,-1.0,0.0
21533,36670.0,Pontevedra,477.03,1,477.03,1.0,0.6931471805599453,108,True,0.0,-1.0,0.0
1000081610,46250.0,Valencia,476.87,1,476.87,1.0,0.6931471805599453,1032,False,0.0,-1.0,0.0
38684,46240.0,Valencia,475.14,1,475.14,1.0,0.6931471805599453,462,False,0.0,-1.0,0.0
1000100167,46370.0,Valencia,475.14,1,475.14,1.0,0.6931471805599453,481,False,0.0,-1.0,0.0
42952,46960.0,Valencia,470.28,1,470.28,1.0,0.6931471805599453,418,False,0.0,-1.0,0.0
1000081336,28026.0,Madrid,468.14,1,468.14,1.0,0.6931471805599453,444,False,0.0,-1.0,0.0
37000,7003.0,Baleares,468.14,1,468.14,1.0,0.6931471805599453,535,False,0.0,-1.0,0.0
43227,29006.0,Málaga,467.58000000000004,1,467.58000000000004,1.0,0.6931471805599453,24,True,0.0,-1.0,0.0
41966,28033.0,Madrid,467.48,1,467.48,1.0,0.6931471805599453,1792,False,0.0,-1.0,0.0
1000078034,28820.0,Madrid,467.48,1,467.48,1.0,0.6931471805599453,1663,False,0.0,-1.0,0.0
1000080731,43700.0,Tarragona,465.85,1,465.85,1.0,0.6931471805599453,378,False,0.0,-1.0,0.0
9764,35130.0,Las Palmas,463.02,1,463.02,1.0,0.6931471805599453,552,False,0.0,-1.0,0.0
11117,50010.0,Zaragoza,463.02,1,463.02,1.0,0.6931471805599453,459,False,0.0,-1.0,0.0
13597,9240.0,Burgos,460.54999999999995,1,460.54999999999995,1.0,0.6931471805599453,1795,False,0.0,-1.0,0.0
35711,50018.0,Zaragoza,458.13,2,229.065,1.3333333333333333,0.8472978603872036,96,True,0.0,-1.0,0.0
1000080834,8208.0,Barcelona,457.53,1,457.53,1.0,0.6931471805599453,1638,False,0.0,-1.0,0.0
1000101972,28050.0,Madrid,456.11,3,152.03666666666666,2.0,1.0986122886681098,193,False,0.3333333333333333,-1.0,1.4927719422802632
24653,46294.0,Valencia,456.11,1,456.11,1.0,0.6931471805599453,270,False,0.0,-1.0,0.0
9010,38001.0,Sta.Cruz Tenerife,455.46,2,227.73,0.2714932126696833,0.24019196781599297,206,False,0.0,-1.0,0.0
1000081697,12192.0,Castellón,454.89,1,454.89,1.0,0.6931471805599453,1452,False,0.0,-1.0,0.0
1000078863,15003.0,A Coruña,453.98,1,453.98,1.0,0.6931471805599453,784,False,0.0,-1.0,0.0
1000082320,28830.0,Madrid,453.53999999999996,1,453.53999999999996,1.0,0.6931471805599453,1510,False,0.0,-1.0,0.0
1000082205,28220.0,Madrid,453.53999999999996,1,453.53999999999996,1.0,0.6931471805599453,1621,False,0.0,-1.0,0.0
21165,18012.0,Granada,453.28999999999996,2,226.64499999999998,0.09419152276295133,0.09001575518836052,880,False,0.0,-1.0,0.0
1000081790,4004.0,Almería,452.21999999999997,1,452.21999999999997,1.0,0.6931471805599453,1579,False,0.0,-1.0,0.0
26605,28032.0,Madrid,450.28,1,450.28,1.0,0.6931471805599453,1623,False,0.0,-1.0,0.0
40110,25250.0,Lleida,450.09,1,450.09,1.0,0.6931471805599453,1643,False,0.0,-1.0,0.0
38697,7840.0,Baleares,449.96,1,449.96,1.0,0.6931471805599453,1105,False,0.0,-1.0,0.0
7471,27880.0,Lugo,449.96,1,449.96,1.0,0.6931471805599453,1381,False,0.0,0.0,0.0
36511,46004.0,Valencia,449.81,1,449.81,1.0,0.6931471805599453,1468,False,0.0,-1.0,0.0
1000078323,15500.0,A Coruña,448.42,1,448.42,1.0,0.6931471805599453,1329,False,0.0,-1.0,0.0
1000079617,28036.0,Madrid,447.73,1,447.73,1.0,0.6931471805599453,1712,False,0.0,-1.0,0.0
1000078569,46900.0,Valencia,447.73,1,447.73,1.0,0.6931471805599453,1683,False,0.0,-1.0,0.0
1000080924,28003.0,Madrid,447.73,1,447.73,1.0,0.6931471805599453,1515,False,0.0,-1.0,0.0
1000100520,11405.0,Cádiz,447.29,1,447.29,1.0,0.6931471805599453,775,False,0.0,-1.0,0.0
1000101065,9004.0,Burgos,444.62,1,444.62,1.0,0.6931471805599453,559,False,0.0,-1.0,0.0
30732,4005.0,Almería,442.84000000000003,1,442.84000000000003,1.0,0.6931471805599453,656,False,0.0,0.0,0.0
1000082520,36201.0,Pontevedra,439.94,1,439.94,1.0,0.6931471805599453,1333,False,0.0,-1.0,0.0
1000102032,8930.0,Barcelona,439.79,1,439.79,1.0,0.6931471805599453,175,True,0.0,-1.0,0.0
1000102318,33710.0,Asturias,439.79,1,439.79,1.0,0.6931471805599453,7,True,0.0,-1.0,0.0
1000071997,35011.0,Las Palmas,437.0,5,87.4,0.10445682451253482,0.0993536525866238,325,False,0.0,-1.0,0.0
5495,25280.0,Lleida,436.05,1,436.05,1.0,0.6931471805599453,1413,False,0.0,-1.0,0.0
43007,8206.0,Barcelona,435.61,1,435.61,1.0,0.6931471805599453,300,False,0.0,-1.0,0.0
1000101744,46018.0,Valencia,435.49,1,435.49,1.0,0.6931471805599453,321,False,0.0,-1.0,0.0
1000102113,8021.0,Barcelona,432.32,1,432.32,1.0,0.6931471805599453,105,True,0.0,-1.0,0.0
2391,38007.0,Sta.Cruz Tenerife,432.25,1,432.25,1.0,0.6931471805599453,1785,False,0.0,-1.0,0.0
1000100405,30140.0,Murcia,431.25,1,431.25,1.0,0.6931471805599453,651,False,0.0,-1.0,0.0
1000101675,28410.0,Madrid,431.25,1,431.25,1.0,0.6931471805599453,343,False,0.0,-1.0,0.0
1000102101,8024.0,Barcelona,430.65,1,430.65,1.0,0.6931471805599453,108,True,0.0,-1.0,0.0
1000101116,46132.0,Valencia,430.02,1,430.02,1.0,0.6931471805599453,571,False,0.0,-1.0,0.0
1000080277,23007.0,Jaén,429.74,2,214.87,0.10152284263959391,0.09669362480247104,1053,False,0.0,-1.0,0.0
43164,35100.0,Las Palmas,427.98,1,427.98,1.0,0.6931471805599453,117,True,0.0,-1.0,0.0
1000102315,31002.0,Navarra,427.98,1,427.98,1.0,0.6931471805599453,7,True,0.0,-1.0,0.0
1000080256,10200.0,Cáceres,425.94,1,425.94,1.0,0.6931471805599453,1799,False,0.0,-1.0,0.0
1000100044,46970.0,Valencia,425.78,1,425.78,1.0,0.6931471805599453,836,False,0.0,0.0,0.0
1000100218,41807.0,Sevilla,424.81,1,424.81,1.0,0.6931471805599453,935,False,0.0,-1.0,0.0
1000082510,35006.0,Las Palmas,424.37,1,424.37,1.0,0.6931471805599453,1336,False,0.0,-1.0,0.0
23213,28009.0,Madrid,424.12,1,424.12,1.0,0.6931471805599453,936,False,0.0,-1.0,0.0
25096,1005.0,Álava,422.77,1,422.77,1.0,0.6931471805599453,945,False,0.0,-1.0,0.0
1000102305,46440.0,Valencia,422.67,1,422.67,1.0,0.6931471805599453,14,True,0.0,-1.0,0.0
43145,28914.0,Madrid,420.79,1,420.79,1.0,0.6931471805599453,161,True,0.0,-1.0,0.0
43130,8208.0,Barcelona,420.79,1,420.79,1.0,0.6931471805599453,168,True,0.0,-1.0,0.0
1000071166,33003.0,Asturias,419.78,3,139.92666666666665,0.09846827133479213,0.09391672879752451,228,False,0.0,-1.0,0.0
37766,14548.0,Córdoba,418.12,1,418.12,1.0,0.6931471805599453,472,False,0.0,0.0,0.0
1000064196,46460.0,Valencia,416.11,2,208.055,0.11090573012939,0.10517565568872604,557,False,0.0,-1.0,0.0
1078,47010.0,Valladolid,415.74,1,415.74,1.0,0.6931471805599453,902,False,0.0,-1.0,0.0
1000078596,13300.0,Ciudad Real,415.55,1,415.55,1.0,0.6931471805599453,1509,False,0.0,-1.0,0.0
42637,9006.0,Burgos,414.01,1,414.01,1.0,0.6931471805599453,775,False,0.0,-1.0,0.0
1000073887,28991.0,Madrid,413.35,1,413.35,1.0,0.6931471805599453,1610,False,0.0,-1.0,0.0
13684,8006.0,Barcelona,413.35,1,413.35,1.0,0.6931471805599453,1711,False,0.0,-1.0,0.0
16167,8380.0,Barcelona,413.35,1,413.35,1.0,0.6931471805599453,1634,False,0.0,-1.0,0.0
1000069519,30008.0,Murcia,413.35,1,413.35,1.0,0.6931471805599453,1358,False,0.0,-1.0,0.0
1000077804,46920.0,Valencia,413.35,1,413.35,1.0,0.6931471805599453,1613,False,0.0,-1.0,0.0
20758,29009.0,Málaga,411.84,1,411.84,1.0,0.6931471805599453,348,False,0.0,-1.0,0.0
2882,28020.0,Madrid,411.75,1,411.75,1.0,0.6931471805599453,1755,False,0.0,-1.0,0.0
1000058622,4730.0,Almería,411.75,1,411.75,1.0,0.6931471805599453,1727,False,0.0,-1.0,0.0
35948,8026.0,Barcelona,410.4,1,410.4,1.0,0.6931471805599453,1530,False,0.0,-1.0,0.0
1000081993,38007.0,Sta.Cruz Tenerife,410.4,1,410.4,1.0,0.6931471805599453,1743,False,0.0,-1.0,0.0
23876,8013.0,Barcelona,410.4,1,410.4,1.0,0.6931471805599453,1540,False,0.0,-1.0,0.0
6249,38650.0,Sta.Cruz Tenerife,410.4,1,410.4,1.0,0.6931471805599453,1684,False,0.0,-1.0,0.0
1000073464,2630.0,Albacete,408.7,2,204.35,2.0,1.0986122886681098,1789,False,0.5,-1.0,1.4927719422802632
1000079786,28760.0,Madrid,407.82,1,407.82,1.0,0.6931471805599453,1785,False,0.0,-1.0,0.0
1000101478,37001.0,Salamanca,405.06,1,405.06,1.0,0.6931471805599453,200,False,0.0,-1.0,0.0
23508,29002.0,Málaga,401.46,4,100.365,0.4137931034482759,0.3462762367178338,1376,False,0.0,-1.0,0.0
1000100429,28003.0,Madrid,399.97,2,199.985,0.07884362680683311,0.07588975159074239,70,True,0.0,-1.0,0.0
1000101547,30520.0,Murcia,399.85,1,399.85,1.0,0.6931471805599453,430,False,0.0,-1.0,0.0
23467,28850.0,Madrid,399.84999999999997,1,399.84999999999997,1.0,0.6931471805599453,314,False,0.0,-1.0,0.0
40743,11591.0,Cádiz,398.09,1,398.09,1.0,0.6931471805599453,133,True,0.0,-1.0,0.0
42524,7840.0,Baleares,393.97,2,196.985,0.14814814814814814,0.13815033848081718,600,False,0.0,-1.0,0.0
26623,13700.0,Ciudad Real,388.32,2,194.16,0.09615384615384615,0.09180754925312279,489,False,0.0,-1.0,0.0
28957,3610.0,Alicante,388.1,1,388.1,1.0,0.6931471805599453,910,False,0.0,-1.0,0.0
1000102322,3501.0,Alicante,386.13,1,386.13,1.0,0.6931471805599453,5,True,0.0,-1.0,0.0
1000059088,8021.0,Barcelona,385.84,1,385.84,1.0,0.6931471805599453,633,False,0.0,-1.0,0.0
1000100918,33520.0,Asturias,385.84,1,385.84,1.0,0.6931471805599453,614,False,0.0,-1.0,0.0
41115,3013.0,Alicante,383.83,1,383.83,1.0,0.6931471805599453,1683,False,0.0,-1.0,0.0
42429,20160.0,Gipúzkoa,382.45000000000005,2,191.22500000000002,0.17699115044247787,0.1629613095094132,823,False,0.0,-1.0,0.0
576,46008.0,Valencia,378.31,1,378.31,1.0,0.6931471805599453,760,False,0.0,-1.0,0.0
1000081974,48830.0,Vizcaya,378.31,1,378.31,1.0,0.6931471805599453,991,False,0.0,-1.0,0.0
22289,28043.0,Madrid,378.31,1,378.31,1.0,0.6931471805599453,1060,False,0.0,-1.0,0.0
1000102016,3802.0,Alicante,377.43,1,377.43,1.0,0.6931471805599453,186,False,0.0,-1.0,0.0
1000078547,27260.0,Lugo,377.43,1,377.43,1.0,0.6931471805599453,157,True,0.0,-1.0,0.0
14363,3007.0,Alicante,374.51,2,187.255,0.9677419354838709,0.676886659688165,1643,False,1.0,-1.0,-0.0
43103,43001.0,Tarragona,366.5,1,366.5,1.0,0.6931471805599453,179,True,0.0,-1.0,0.0
1000080038,7008.0,Baleares,366.5,1,366.5,1.0,0.6931471805599453,210,False,0.0,-1.0,0.0
26643,45600.0,Toledo,366.5,1,366.5,1.0,0.6931471805599453,75,True,0.0,-1.0,0.0
1000101959,46019.0,Valencia,366.5,1,366.5,1.0,0.6931471805599453,223,False,0.0,-1.0,0.0
43030,43850.0,Tarragona,366.44,1,366.44,1.0,0.6931471805599453,291,False,0.0,-1.0,0.0
37996,28006.0,Madrid,363.8,1,363.8,1.0,0.6931471805599453,1327,False,0.0,-1.0,0.0
1000081605,15985.0,A Coruña,363.8,1,363.8,1.0,0.6931471805599453,1447,False,0.0,-1.0,0.0
41770,7011.0,Baleares,363.8,1,363.8,1.0,0.6931471805599453,1370,False,0.0,-1.0,0.0
1000082541,29500.0,Málaga,363.42,1,363.42,1.0,0.6931471805599453,1315,False,0.0,-1.0,0.0
14170,44001.0,Teruel,361.1,1,361.1,1.0,0.6931471805599453,1400,False,0.0,-1.0,0.0
1000069027,28006.0,Madrid,360.22,1,360.22,1.0,0.6931471805599453,1691,False,0.0,-1.0,0.0
29396,33860.0,Asturias,360.22,1,360.22,1.0,0.6931471805599453,1692,False,0.0,-1.0,0.0
11827,13001.0,Ciudad Real,360.22,1,360.22,1.0,0.6931471805599453,1684,False,0.0,-1.0,0.0
19153,38760.0,Sta.Cruz Tenerife,360.22,1,360.22,1.0,0.6931471805599453,1643,False,0.0,-1.0,0.0
142,41701.0,Sevilla,360.22,1,360.22,1.0,0.6931471805599453,1511,False,0.0,-1.0,0.0
1000079031,30008.0,Murcia,360.22,1,360.22,1.0,0.6931471805599453,1816,False,0.0,-1.0,0.0
17027,28033.0,Madrid,360.22,1,360.22,1.0,0.6931471805599453,1685,False,0.0,-1.0,0.0
1000081481,0.0,,360.22,1,360.22,1.0,0.6931471805599453,1643,False,0.0,-1.0,0.0
1000081749,15800.0,A Coruña,360.22,1,360.22,1.0,0.6931471805599453,1778,False,0.0,-1.0,0.0
1000070207,38700.0,Sta.Cruz Tenerife,355.82,1,355.82,1.0,0.6931471805599453,553,False,0.0,-1.0,0.0
1000101007,11401.0,Cádiz,355.82,1,355.82,1.0,0.6931471805599453,623,False,0.0,-1.0,0.0
1000102079,6225.0,Badajoz,354.35,3,118.11666666666667,2.0,1.0986122886681098,140,True,0.3333333333333333,-1.0,1.4927719422802632
35080,15960.0,A Coruña,353.44,1,353.44,1.0,0.6931471805599453,1470,False,0.0,-1.0,0.0
1000074335,28024.0,Madrid,352.31,1,352.31,1.0,0.6931471805599453,1662,False,0.0,-1.0,0.0
1000080072,42001.0,Soria,351.65,1,351.65,1.0,0.6931471805599453,432,False,0.0,-1.0,0.0
13117,8022.0,Barcelona,350.52,2,175.26,0.06993006993006992,0.06759329113252817,753,False,0.0,-1.0,0.0
1000079062,41701.0,Sevilla,346.44,1,346.44,1.0,0.6931471805599453,1509,False,0.0,-1.0,0.0
10485,48009.0,Vizcaya,345.34,1,345.34,1.0,0.6931471805599453,1322,False,0.0,-1.0,0.0
17172,15003.0,A Coruña,345.34,1,345.34,1.0,0.6931471805599453,1447,False,0.0,-1.0,0.0
3142,29002.0,Málaga,345.34,1,345.34,1.0,0.6931471805599453,1426,False,0.0,-1.0,0.0
1000080615,3001.0,Alicante,345.34,1,345.34,1.0,0.6931471805599453,1722,False,0.0,-1.0,0.0
33237,46008.0,Valencia,344.02,1,344.02,1.0,0.6931471805599453,573,False,0.0,-1.0,0.0
1000077895,36610.0,Pontevedra,343.99,2,171.995,0.061601642710472276,0.059778751425839334,825,False,0.0,-1.0,0.0
30547,35100.0,Las Palmas,343.66999999999996,2,171.83499999999998,1.0169491525423728,0.7015860492058099,1423,False,0.0,-1.0,0.0
1000101996,30005.0,Murcia,342.64,1,342.64,1.0,0.6931471805599453,202,False,0.0,-1.0,0.0
1000101811,44510.0,Teruel,342.64,1,342.64,1.0,0.6931471805599453,293,False,0.0,-1.0,0.0
43040,35003.0,Las Palmas,342.64,1,342.64,1.0,0.6931471805599453,270,False,0.0,-1.0,0.0
1000102108,28981.0,Madrid,342.64,1,342.64,1.0,0.6931471805599453,90,True,0.0,-1.0,0.0
1000102145,41702.0,Sevilla,342.64,1,342.64,1.0,0.6931471805599453,96,True,0.0,-1.0,0.0
1000100960,28008.0,Madrid,342.64,1,342.64,1.0,0.6931471805599453,75,True,0.0,-1.0,0.0
1000081506,35008.0,Las Palmas,342.01,1,342.01,1.0,0.6931471805599453,1245,False,0.0,-1.0,0.0
1000081968,8232.0,Barcelona,342.01,1,342.01,1.0,0.6931471805599453,1782,False,0.0,-1.0,0.0
1000058826,23300.0,Jaén,342.01,1,342.01,1.0,0.6931471805599453,1370,False,0.0,-1.0,0.0
15783,3550.0,Alicante,342.01,1,342.01,1.0,0.6931471805599453,1116,False,0.0,-1.0,0.0
1000100152,48340.0,Vizcaya,340.63,1,340.63,1.0,0.6931471805599453,1041,False,0.0,-1.0,0.0
1690,31012.0,Navarra,336.35,1,336.35,1.0,0.6931471805599453,105,True,0.0,-1.0,0.0
1000082509,37184.0,Salamanca,335.98,1,335.98,1.0,0.6931471805599453,690,False,0.0,-1.0,0.0
1000100947,33005.0,Asturias,335.92,1,335.92,1.0,0.6931471805599453,665,False,0.0,0.0,0.0
40323,46014.0,Valencia,335.92,1,335.92,1.0,0.6931471805599453,647,False,0.0,-1.0,0.0
1000101128,28031.0,Madrid,335.92,1,335.92,1.0,0.6931471805599453,560,False,0.0,-1.0,0.0
42815,8006.0,Barcelona,335.92,1,335.92,1.0,0.6931471805599453,594,False,0.0,-1.0,0.0
1000036998,10840.0,Cáceres,335.92,1,335.92,1.0,0.6931471805599453,531,False,0.0,-1.0,0.0
1000101226,8950.0,Barcelona,335.92,1,335.92,1.0,0.6931471805599453,475,False,0.0,-1.0,0.0
1000080613,34005.0,Palencia,335.92,1,335.92,1.0,0.6931471805599453,641,False,0.0,-1.0,0.0
7661,45007.0,Toledo,335.92,1,335.92,1.0,0.6931471805599453,725,False,0.0,-1.0,0.0
1000101190,38003.0,Sta.Cruz Tenerife,331.8,2,165.9,0.30456852791878175,0.2658723561572313,28,True,0.0,-1.0,0.0
1000100071,50014.0,Zaragoza,329.86,1,329.86,1.0,0.6931471805599453,1042,False,0.0,-1.0,0.0
1000100973,37001.0,Salamanca,329.79,1,329.79,1.0,0.6931471805599453,391,False,0.0,-1.0,0.0
26691,28039.0,Madrid,329.32,1,329.32,1.0,0.6931471805599453,1063,False,0.0,-1.0,0.0
35983,29670.0,Málaga,329.32,1,329.32,1.0,0.6931471805599453,864,False,0.0,-1.0,0.0
1000082773,28016.0,Madrid,329.32,1,329.32,1.0,0.6931471805599453,1091,False,0.0,-1.0,0.0
42654,11149.0,Cádiz,329.32,1,329.32,1.0,0.6931471805599453,755,False,0.0,-1.0,0.0
1000077285,39400.0,Cantabria,329.32,1,329.32,1.0,0.6931471805599453,815,False,0.0,-1.0,0.0
1000100086,46005.0,Valencia,329.32,1,329.32,1.0,0.6931471805599453,1075,False,0.0,-1.0,0.0
17716,30008.0,Murcia,328.85,1,328.85,1.0,0.6931471805599453,763,False,0.0,-1.0,0.0
8362,29004.0,Málaga,327.09,1,327.09,1.0,0.6931471805599453,1350,False,0.0,-1.0,0.0
13084,8006.0,Barcelona,327.09,1,327.09,1.0,0.6931471805599453,1440,False,0.0,-1.0,0.0
64,41100.0,Sevilla,324.9,1,324.9,1.0,0.6931471805599453,1558,False,0.0,-1.0,0.0
1000080275,8241.0,Barcelona,324.45,1,324.45,1.0,0.6931471805599453,535,False,0.0,-1.0,0.0
27831,14100.0,Córdoba,324.05,1,324.05,1.0,0.6931471805599453,47,True,0.0,-1.0,0.0
23176,8240.0,Barcelona,324.05,1,324.05,1.0,0.6931471805599453,91,True,0.0,-1.0,0.0
1000064323,11140.0,Cádiz,324.05,1,324.05,1.0,0.6931471805599453,336,False,0.0,-1.0,0.0
6734,29004.0,Málaga,324.05,1,324.05,1.0,0.6931471805599453,147,True,0.0,-1.0,0.0
1000081984,8028.0,Barcelona,322.61,1,322.61,1.0,0.6931471805599453,1774,False,0.0,-1.0,0.0
1000078358,28015.0,Madrid,320.28,1,320.28,1.0,0.6931471805599453,1728,False,0.0,-1.0,0.0
1000082499,12550.0,Castellón,320.22,3,106.74000000000001,0.15437392795883362,0.1435581432942354,543,False,0.0,-1.0,0.0
1000082620,27001.0,Lugo,319.75,1,319.75,1.0,0.6931471805599453,1256,False,0.0,-1.0,0.0
1000082298,47013.0,Valladolid,319.75,1,319.75,1.0,0.6931471805599453,1526,False,0.0,-1.0,0.0
32953,46117.0,Valencia,319.75,1,319.75,1.0,0.6931471805599453,1802,False,0.0,-1.0,0.0
1000080774,0.0,,319.75,1,319.75,1.0,0.6931471805599453,1747,False,0.0,-1.0,0.0
28070,45003.0,Toledo,319.75,1,319.75,1.0,0.6931471805599453,1767,False,0.0,-1.0,0.0
3042,28035.0,Madrid,319.75,1,319.75,1.0,0.6931471805599453,1141,False,0.0,-1.0,0.0
1000082194,28045.0,Madrid,319.75,1,319.75,1.0,0.6931471805599453,1434,False,0.0,-1.0,0.0
3210,29400.0,Málaga,319.75,1,319.75,1.0,0.6931471805599453,1676,False,0.0,-1.0,0.0
1000080830,12110.0,Castellón,319.75,1,319.75,1.0,0.6931471805599453,1368,False,0.0,-1.0,0.0
1000082051,18014.0,Granada,319.75,1,319.75,1.0,0.6931471805599453,1722,False,0.0,-1.0,0.0
14594,6005.0,Badajoz,319.75,1,319.75,1.0,0.6931471805599453,1575,False,0.0,-1.0,0.0
18755,39002.0,Cantabria,319.75,1,319.75,1.0,0.6931471805599453,1795,False,0.0,-1.0,0.0
37414,15701.0,A Coruña,319.75,1,319.75,1.0,0.6931471805599453,1574,False,0.0,-1.0,0.0
41986,7610.0,Baleares,319.75,1,319.75,1.0,0.6931471805599453,1767,False,0.0,-1.0,0.0
1000081177,8500.0,Barcelona,319.75,1,319.75,1.0,0.6931471805599453,1706,False,0.0,-1.0,0.0
19606,33930.0,Asturias,319.75,1,319.75,1.0,0.6931471805599453,1274,False,0.0,-1.0,0.0
11547,33401.0,Asturias,319.75,1,319.75,1.0,0.6931471805599453,1398,False,0.0,-1.0,0.0
23086,33960.0,Asturias,319.75,1,319.75,1.0,0.6931471805599453,1652,False,0.0,-1.0,0.0
1000069026,28036.0,Madrid,319.75,1,319.75,1.0,0.6931471805599453,1144,False,0.0,-1.0,0.0
30731,29780.0,Málaga,319.75,1,319.75,1.0,0.6931471805599453,1698,False,0.0,-1.0,0.0
1000082266,46920.0,Valencia,319.75,1,319.75,1.0,0.6931471805599453,1553,False,0.0,-1.0,0.0
1000082275,27002.0,Lugo,319.75,1,319.75,1.0,0.6931471805599453,1545,False,0.0,-1.0,0.0
11697,29200.0,Málaga,319.75,1,319.75,1.0,0.6931471805599453,1741,False,0.0,-1.0,0.0
11732,14550.0,Córdoba,319.75,1,319.75,1.0,0.6931471805599453,1439,False,0.0,-1.0,0.0
1000079710,8870.0,Barcelona,319.75,1,319.75,1.0,0.6931471805599453,1337,False,0.0,-1.0,0.0
1000082098,50012.0,Zaragoza,319.75,1,319.75,1.0,0.6931471805599453,1698,False,0.0,-1.0,0.0
1000076630,33207.0,Asturias,319.75,1,319.75,1.0,0.6931471805599453,1113,False,0.0,-1.0,0.0
43139,28760.0,Madrid,319.52,1,319.52,1.0,0.6931471805599453,166,True,0.0,-1.0,0.0
23407,47010.0,Valladolid,314.57,1,314.57,1.0,0.6931471805599453,383,False,0.0,-1.0,0.0
1000081977,30890.0,Murcia,314.57,1,314.57,1.0,0.6931471805599453,557,False,0.0,-1.0,0.0
1000102034,4005.0,Almería,312.49,2,156.245,0.4054054054054054,0.3403258059372029,28,True,0.0,-1.0,0.0
1000077817,35100.0,Las Palmas,311.36,2,155.68,0.33707865168539325,0.29048712337938953,1059,False,0.0,-1.0,0.0
18182,28290.0,Madrid,310.45,1,310.45,1.0,0.6931471805599453,1665,False,0.0,-1.0,0.0
23316,3100.0,Alicante,308.91,1,308.91,1.0,0.6931471805599453,1448,False,0.0,-1.0,0.0
38687,20304.0,Gipúzkoa,308.78,1,308.78,1.0,0.6931471805599453,1298,False,0.0,-1.0,0.0
1000079265,30012.0,Murcia,307.81,1,307.81,1.0,0.6931471805599453,1404,False,0.0,-1.0,0.0
1000055530,41410.0,Sevilla,305.87,1,305.87,1.0,0.6931471805599453,1768,False,0.0,-1.0,0.0
42845,41520.0,Sevilla,302.88,1,302.88,1.0,0.6931471805599453,298,False,0.0,-1.0,0.0
1000102086,46014.0,Valencia,302.72,1,302.72,1.0,0.6931471805599453,117,True,0.0,-1.0,0.0
37340,25001.0,Lleida,302.35,1,302.35,1.0,0.6931471805599453,773,False,0.0,-1.0,0.0
20448,33300.0,Asturias,302.35,1,302.35,1.0,0.6931471805599453,804,False,0.0,-1.0,0.0
17632,28007.0,Madrid,302.35,1,302.35,1.0,0.6931471805599453,796,False,0.0,-1.0,0.0
43048,14350.0,Córdoba,301.90999999999997,1,301.90999999999997,1.0,0.6931471805599453,269,False,0.0,-1.0,0.0
39432,28822.0,Madrid,301.90999999999997,1,301.90999999999997,1.0,0.6931471805599453,270,False,0.0,-1.0,0.0
1000058571,45007.0,Toledo,301.53,1,301.53,1.0,0.6931471805599453,189,False,0.0,-1.0,0.0
1000078147,46015.0,Valencia,299.87,1,299.87,1.0,0.6931471805599453,1496,False,0.0,0.0,0.0
1000080693,41011.0,Sevilla,297.36,4,74.34,0.15645371577574968,0.1453581809423233,938,False,0.0,-1.0,0.0
1000100314,41440.0,Sevilla,296.95,1,296.95,1.0,0.6931471805599453,399,False,0.0,-1.0,0.0
1000100587,41019.0,Sevilla,295.6,1,295.6,1.0,0.6931471805599453,710,False,0.0,-1.0,0.0
1000102116,38611.0,Sta.Cruz Tenerife,295.28,1,295.28,1.0,0.6931471805599453,95,True,0.0,-1.0,0.0
28972,29400.0,Málaga,293.06,1,293.06,1.0,0.6931471805599453,657,False,0.0,0.0,0.0
1000082029,21600.0,Huelva,290.73,1,290.73,1.0,0.6931471805599453,1726,False,0.0,-1.0,0.0
27765,4001.0,Almería,289.79,1,289.79,1.0,0.6931471805599453,881,False,0.0,-1.0,0.0
29955,50007.0,Zaragoza,287.88,1,287.88,1.0,0.6931471805599453,1498,False,0.0,-1.0,0.0
1000080232,29006.0,Málaga,287.88,3,95.96,2.0,1.0986122886681098,1531,False,0.3333333333333333,-1.0,1.414213562373095
1000082080,19170.0,Guadalajara,287.88,1,287.88,1.0,0.6931471805599453,1708,False,0.0,-1.0,0.0
23571,2005.0,Albacete,287.88,1,287.88,1.0,0.6931471805599453,1524,False,0.0,-1.0,0.0
1000067693,7004.0,Baleares,287.88,1,287.88,1.0,0.6931471805599453,1643,False,0.0,-1.0,0.0
1000082335,8840.0,Barcelona,287.78,1,287.78,1.0,0.6931471805599453,1494,False,0.0,0.0,0.0
1000082493,8172.0,Barcelona,287.72,1,287.72,1.0,0.6931471805599453,1355,False,0.0,-1.0,0.0
1000101748,28017.0,Madrid,286.68,1,286.68,1.0,0.6931471805599453,321,False,0.0,-1.0,0.0
42988,7702.0,Baleares,286.68,1,286.68,1.0,0.6931471805599453,378,False,0.0,-1.0,0.0
1000100623,25528.0,Lleida,286.68,1,286.68,1.0,0.6931471805599453,699,False,0.0,-1.0,0.0
1000079387,8029.0,Barcelona,285.27,2,142.635,0.1183431952662722,0.11184830013656892,565,False,0.0,-1.0,0.0
1000101615,34002.0,Palencia,283.54,1,283.54,1.0,0.6931471805599453,349,False,0.0,-1.0,0.0
1000078911,8830.0,Barcelona,280.53,1,280.53,1.0,0.6931471805599453,173,True,0.0,-1.0,0.0
43136,29003.0,Málaga,280.53,1,280.53,1.0,0.6931471805599453,166,True,0.0,-1.0,0.0
43137,8553.0,Barcelona,280.53,1,280.53,1.0,0.6931471805599453,166,True,0.0,-1.0,0.0
43129,8620.0,Barcelona,280.53,1,280.53,1.0,0.6931471805599453,168,True,0.0,-1.0,0.0
43127,8310.0,Barcelona,280.53,1,280.53,1.0,0.6931471805599453,168,True,0.0,-1.0,0.0
38675,13350.0,Ciudad Real,280.53,1,280.53,1.0,0.6931471805599453,168,True,0.0,-1.0,0.0
43134,8860.0,Barcelona,280.53,1,280.53,1.0,0.6931471805599453,166,True,0.0,-1.0,0.0
43101,8014.0,Barcelona,280.53,1,280.53,1.0,0.6931471805599453,182,False,0.0,-1.0,0.0
43143,28942.0,Madrid,280.52,1,280.52,1.0,0.6931471805599453,161,True,0.0,-1.0,0.0
1000068642,4610.0,Almería,280.52,1,280.52,1.0,0.6931471805599453,175,True,0.0,-1.0,0.0
15651,3660.0,Alicante,280.52,2,140.26,2.0,1.0986122886681098,171,True,0.0,-1.0,0.0
1000081791,41740.0,Sevilla,278.64,1,278.64,1.0,0.6931471805599453,1791,False,0.0,-1.0,0.0
41490,41710.0,Sevilla,278.64,1,278.64,1.0,0.6931471805599453,1728,False,0.0,-1.0,0.0
1000077547,28703.0,Madrid,275.57,1,275.57,1.0,0.6931471805599453,1501,False,0.0,-1.0,0.0
5547,24005.0,León,275.57,1,275.57,1.0,0.6931471805599453,1161,False,0.0,-1.0,0.0
39305,35100.0,Las Palmas,275.57,1,275.57,1.0,0.6931471805599453,1159,False,0.0,-1.0,0.0
40516,38400.0,Sta.Cruz Tenerife,275.57,1,275.57,1.0,0.6931471805599453,1699,False,0.0,-1.0,0.0
29400,28028.0,Madrid,272.64,1,272.64,1.0,0.6931471805599453,1165,False,0.0,-1.0,0.0
1000080000,18110.0,Granada,269.98,1,269.98,1.0,0.6931471805599453,1718,False,0.0,-1.0,0.0
3178,29600.0,Málaga,269.98,1,269.98,1.0,0.6931471805599453,1536,False,0.0,-1.0,0.0
1000081662,18014.0,Granada,269.98,1,269.98,1.0,0.6931471805599453,1566,False,0.0,-1.0,0.0
1000080296,50100.0,Zaragoza,269.88,1,269.88,1.0,0.6931471805599453,1680,False,0.0,-1.0,0.0
1000101981,3182.0,Alicante,268.28,1,268.28,1.0,0.6931471805599453,210,False,0.0,-1.0,0.0
42887,30110.0,Murcia,268.28,1,268.28,1.0,0.6931471805599453,360,False,0.0,-1.0,0.0
4895,20180.0,Gipúzkoa,266.88,3,88.96,0.3,0.26236426446749106,398,False,0.0,-1.0,0.0
1000101677,28350.0,Madrid,266.87,1,266.87,1.0,0.6931471805599453,343,False,0.0,-1.0,0.0
43122,28915.0,Madrid,266.3,1,266.3,1.0,0.6931471805599453,173,True,0.0,-1.0,0.0
42991,8206.0,Barcelona,265.77,1,265.77,1.0,0.6931471805599453,299,False,0.0,-1.0,0.0
1000081502,46100.0,Valencia,265.77,1,265.77,1.0,0.6931471805599453,207,False,0.0,-1.0,0.0
43163,35110.0,Las Palmas,265.77,1,265.77,1.0,0.6931471805599453,91,True,0.0,-1.0,0.0
43038,4638.0,Almería,265.76,2,132.88,0.4081632653061224,0.3422862064866327,138,True,0.0,-1.0,0.0
23292,46020.0,Valencia,263.45,1,263.45,1.0,0.6931471805599453,461,False,0.0,-1.0,0.0
42431,3007.0,Alicante,263.01,1,263.01,1.0,0.6931471805599453,592,False,0.0,-1.0,0.0
1000100279,46910.0,Valencia,258.39,2,129.195,0.5555555555555556,0.44183275227903923,836,False,0.0,0.93358310626703,0.0
1000079757,15006.0,A Coruña,258.16999999999996,1,258.16999999999996,1.0,0.6931471805599453,1432,False,0.0,-1.0,0.0
42928,28036.0,Madrid,258.01,1,258.01,1.0,0.6931471805599453,452,False,0.0,-1.0,0.0
10309,46022.0,Valencia,256.98,1,256.98,1.0,0.6931471805599453,990,False,0.0,-1.0,0.0
1000101929,28925.0,Madrid,256.78999999999996,1,256.78999999999996,1.0,0.6931471805599453,28,True,0.0,-1.0,0.0
1000081041,26005.0,La Rioja,256.51,1,256.51,1.0,0.6931471805599453,1518,False,0.0,-1.0,0.0
1000100165,3001.0,Alicante,255.47,1,255.47,1.0,0.6931471805599453,766,False,0.0,0.0,0.0
6170,48920.0,Vizcaya,254.72,1,254.72,1.0,0.6931471805599453,802,False,0.0,-1.0,0.0
5878,28002.0,Madrid,250.35,1,250.35,1.0,0.6931471805599453,1617,False,0.0,-1.0,0.0
1000076624,46520.0,Valencia,244.92000000000002,2,122.46000000000001,0.10152284263959391,0.09669362480247104,1076,False,0.0,-1.0,0.0
41955,29006.0,Málaga,243.41,2,121.705,1.9354838709677418,1.0768723020317037,1781,False,0.0,-1.0,0.0
1000100053,46008.0,Valencia,243.07,1,243.07,1.0,0.6931471805599453,1183,False,0.0,-1.0,0.0
1000071100,29670.0,Málaga,241.34,1,241.34,1.0,0.6931471805599453,1643,False,0.0,-1.0,0.0
1000072566,43740.0,Tarragona,241.34,1,241.34,1.0,0.6931471805599453,1774,False,0.0,-1.0,0.0
42850,15007.0,A Coruña,239.9,1,239.9,1.0,0.6931471805599453,392,False,0.0,-1.0,0.0
1000101020,29780.0,Málaga,232.3,1,232.3,1.0,0.6931471805599453,621,False,0.0,-1.0,0.0
42235,50001.0,Zaragoza,227.59,1,227.59,1.0,0.6931471805599453,1371,False,0.0,-1.0,0.0
1000081526,50013.0,Zaragoza,226.77,1,226.77,1.0,0.6931471805599453,910,False,0.0,-1.0,0.0
10706,50010.0,Zaragoza,216.13,1,216.13,1.0,0.6931471805599453,1469,False,0.0,-1.0,0.0
43218,46117.0,Valencia,214.62,1,214.62,1.0,0.6931471805599453,27,True,0.0,-1.0,0.0
43085,36626.0,Pontevedra,205.92,1,205.92,1.0,0.6931471805599453,207,False,0.0,-1.0,0.0
1000081607,28010.0,Madrid,205.2,1,205.2,1.0,0.6931471805599453,1494,False,0.0,0.0,0.0
1000101986,28860.0,Madrid,202.53,1,202.53,1.0,0.6931471805599453,203,False,0.0,-1.0,0.0
1000101948,37005.0,Salamanca,202.53,1,202.53,1.0,0.6931471805599453,228,False,0.0,-1.0,0.0
1000077727,46019.0,Valencia,202.53,1,202.53,1.0,0.6931471805599453,300,False,0.0,-1.0,0.0
1000100499,14960.0,Córdoba,202.53,1,202.53,1.0,0.6931471805599453,105,True,0.0,-1.0,0.0
42763,45860.0,Toledo,199.92,1,199.92,1.0,0.6931471805599453,711,False,0.0,-1.0,0.0
37453,31008.0,Navarra,199.92,1,199.92,1.0,0.6931471805599453,591,False,0.0,-1.0,0.0
1000100387,30600.0,Murcia,195.93,1,195.93,1.0,0.6931471805599453,392,False,0.0,-1.0,0.0
1000100492,28002.0,Madrid,194.05,1,194.05,1.0,0.6931471805599453,784,False,0.0,-1.0,0.0
33885,28038.0,Madrid,194.05,1,194.05,1.0,0.6931471805599453,910,False,0.0,-1.0,0.0
24601,1007.0,Álava,194.05,1,194.05,1.0,0.6931471805599453,1050,False,0.0,-1.0,0.0
1000100170,8940.0,Barcelona,194.05,1,194.05,1.0,0.6931471805599453,1027,False,0.0,-1.0,0.0
13492,8007.0,Barcelona,194.05,1,194.05,1.0,0.6931471805599453,823,False,0.0,-1.0,0.0
28151,3005.0,Alicante,193.27,1,193.27,1.0,0.6931471805599453,572,False,0.0,-1.0,0.0
1000101755,46160.0,Valencia,186.33,1,186.33,1.0,0.6931471805599453,319,False,0.0,-1.0,0.0
8431,36211.0,Pontevedra,185.32,1,185.32,1.0,0.6931471805599453,159,True,0.0,-1.0,0.0
1000079012,14500.0,Córdoba,183.83999999999997,2,91.91999999999999,0.5217391304347826,0.419853845560264,1559,False,0.0,-1.0,0.0
1000102209,33202.0,Asturias,183.25,1,183.25,1.0,0.6931471805599453,60,True,0.0,-1.0,0.0
3008,28025.0,Madrid,181.9,1,181.9,1.0,0.6931471805599453,1274,False,0.0,-1.0,0.0
1000082392,28025.0,Madrid,181.9,1,181.9,1.0,0.6931471805599453,1414,False,0.0,-1.0,0.0
21458,33201.0,Asturias,181.9,1,181.9,1.0,0.6931471805599453,1106,False,0.0,-1.0,0.0
1000065215,50003.0,Zaragoza,181.71,1,181.71,1.0,0.6931471805599453,1130,False,0.0,0.0,0.0
31193,30201.0,Murcia,181.71,1,181.71,1.0,0.6931471805599453,1104,False,0.0,-1.0,0.0
1000076908,7007.0,Baleares,179.92,1,179.92,1.0,0.6931471805599453,1742,False,0.0,-1.0,0.0
41921,13600.0,Ciudad Real,179.92,1,179.92,1.0,0.6931471805599453,1522,False,0.0,-1.0,0.0
43140,5400.0,Ávila,179.26,1,179.26,1.0,0.6931471805599453,166,True,0.0,-1.0,0.0
39816,20100.0,Gipúzkoa,179.26,1,179.26,1.0,0.6931471805599453,172,True,0.0,-1.0,0.0
1000101056,45004.0,Toledo,177.91,1,177.91,1.0,0.6931471805599453,600,False,0.0,-1.0,0.0
1000101022,35460.0,Las Palmas,177.91,1,177.91,1.0,0.6931471805599453,619,False,0.0,-1.0,0.0
40768,20005.0,Gipúzkoa,177.85,1,177.85,1.0,0.6931471805599453,1091,False,0.0,-1.0,0.0
19491,29600.0,Málaga,177.85,1,177.85,1.0,0.6931471805599453,1082,False,0.0,-1.0,0.0
42469,29730.0,Málaga,176.4,4,44.1,2.0,1.0986122886681098,1072,False,0.3333333333333333,-1.0,1.4927719422802632
1000100250,28043.0,Madrid,176.15,1,176.15,1.0,0.6931471805599453,958,False,0.0,-1.0,0.0
1000101203,39540.0,Cantabria,174.08,1,174.08,1.0,0.6931471805599453,171,True,0.0,-1.0,0.0
43099,45300.0,Toledo,174.08,1,174.08,1.0,0.6931471805599453,185,False,0.0,-1.0,0.0
1000082028,35110.0,Las Palmas,172.67,1,172.67,1.0,0.6931471805599453,1740,False,0.0,-1.0,0.0
24141,2600.0,Albacete,172.67,1,172.67,1.0,0.6931471805599453,1146,False,0.0,-1.0,0.0
29199,35011.0,Las Palmas,172.67,1,172.67,1.0,0.6931471805599453,1416,False,0.0,-1.0,0.0
1000082263,18110.0,Granada,172.67,1,172.67,1.0,0.6931471805599453,1553,False,0.0,-1.0,0.0
39667,20005.0,Gipúzkoa,171.0,1,171.0,1.0,0.6931471805599453,1657,False,0.0,-1.0,0.0
42450,20120.0,Gipúzkoa,171.0,1,171.0,1.0,0.6931471805599453,1132,False,0.0,-1.0,0.0
43091,7190.0,Baleares,169.84,1,169.84,1.0,0.6931471805599453,181,False,0.0,-1.0,0.0
29207,31013.0,Navarra,167.14,1,167.14,1.0,0.6931471805599453,312,False,0.0,-1.0,0.0
42493,11204.0,Cádiz,162.24,1,162.24,1.0,0.6931471805599453,1046,False,0.0,-1.0,0.0
42548,29010.0,Málaga,160.08,1,160.08,1.0,0.6931471805599453,952,False,0.0,-1.0,0.0
1000077486,35450.0,Las Palmas,159.01,1,159.01,1.0,0.6931471805599453,59,True,0.0,-1.0,0.0
1000100220,50007.0,Zaragoza,157.82,1,157.82,1.0,0.6931471805599453,70,True,0.0,-1.0,0.0
1000080222,2001.0,Albacete,151.32,1,151.32,1.0,0.6931471805599453,1028,False,0.0,-1.0,0.0
1000078356,29200.0,Málaga,150.53,1,150.53,1.0,0.6931471805599453,1812,False,0.0,-1.0,0.0
1000082052,24004.0,León,149.94,1,149.94,1.0,0.6931471805599453,1722,False,0.0,-1.0,0.0
1000074751,8800.0,Barcelona,149.94,1,149.94,1.0,0.6931471805599453,1713,False,0.0,-1.0,0.0
1000061891,23250.0,Jaén,149.94,1,149.94,1.0,0.6931471805599453,1776,False,0.0,-1.0,0.0
1000075900,29601.0,Málaga,149.94,1,149.94,1.0,0.6931471805599453,1602,False,0.0,-1.0,0.0
1000081941,31500.0,Navarra,149.94,1,149.94,1.0,0.6931471805599453,1798,False,0.0,-1.0,0.0
1000076791,33209.0,Asturias,149.94,1,149.94,1.0,0.6931471805599453,1496,False,0.0,0.0,0.0
43121,12005.0,Castellón,147.64,1,147.64,1.0,0.6931471805599453,173,True,0.0,-1.0,0.0
13902,11007.0,Cádiz,144.09,1,144.09,1.0,0.6931471805599453,1775,False,0.0,-1.0,0.0
42507,28001.0,Madrid,143.94,1,143.94,1.0,0.6931471805599453,343,False,0.0,-1.0,0.0
1000101819,28020.0,Madrid,143.56,1,143.56,1.0,0.6931471805599453,207,False,0.0,-1.0,0.0
1000100243,46300.0,Valencia,143.34,1,143.34,1.0,0.6931471805599453,563,False,0.0,-1.0,0.0
36581,8028.0,Barcelona,141.93,1,141.93,1.0,0.6931471805599453,761,False,0.0,-1.0,0.0
20698,27002.0,Lugo,141.93,1,141.93,1.0,0.6931471805599453,733,False,0.0,-1.0,0.0
43146,28821.0,Madrid,140.26,1,140.26,1.0,0.6931471805599453,161,True,0.0,-1.0,0.0
1000078333,4600.0,Almería,140.26,1,140.26,1.0,0.6931471805599453,172,True,0.0,-1.0,0.0
37076,8304.0,Barcelona,140.26,1,140.26,1.0,0.6931471805599453,181,False,0.0,-1.0,0.0
1000038290,4760.0,Almería,140.26,1,140.26,1.0,0.6931471805599453,165,True,0.0,-1.0,0.0
43124,8786.0,Barcelona,140.26,1,140.26,1.0,0.6931471805599453,172,True,0.0,-1.0,0.0
43141,29650.0,Málaga,140.26,1,140.26,1.0,0.6931471805599453,166,True,0.0,-1.0,0.0
43123,8790.0,Barcelona,140.26,1,140.26,1.0,0.6931471805599453,172,True,0.0,-1.0,0.0
4049,26002.0,La Rioja,140.26,1,140.26,1.0,0.6931471805599453,172,True,0.0,-1.0,0.0
36291,8291.0,Barcelona,140.26,1,140.26,1.0,0.6931471805599453,174,True,0.0,-1.0,0.0
1000073970,28031.0,Madrid,140.26,1,140.26,1.0,0.6931471805599453,185,False,0.0,-1.0,0.0
1000102020,50005.0,Zaragoza,140.26,1,140.26,1.0,0.6931471805599453,185,False,0.0,-1.0,0.0
7932,28912.0,Madrid,140.26,1,140.26,1.0,0.6931471805599453,175,True,0.0,-1.0,0.0
38969,20005.0,Gipúzkoa,137.78,1,137.78,1.0,0.6931471805599453,1579,False,0.0,-1.0,0.0
33275,45500.0,Toledo,137.78,1,137.78,1.0,0.6931471805599453,1775,False,0.0,-1.0,0.0
33942,3502.0,Alicante,137.78,1,137.78,1.0,0.6931471805599453,1579,False,0.0,-1.0,0.0
1000082030,29002.0,Málaga,137.78,1,137.78,1.0,0.6931471805599453,1743,False,0.0,-1.0,0.0
2234,39002.0,Cantabria,137.78,1,137.78,1.0,0.6931471805599453,1718,False,0.0,-1.0,0.0
1000076639,28935.0,Madrid,137.78,1,137.78,1.0,0.6931471805599453,1505,False,0.0,-1.0,0.0
1000074929,23001.0,Jaén,137.78,1,137.78,1.0,0.6931471805599453,1735,False,0.0,-1.0,0.0
9062,28038.0,Madrid,135.02,1,135.02,1.0,0.6931471805599453,24,True,0.0,-1.0,0.0
1000082369,28029.0,Madrid,134.93,1,134.93,1.0,0.6931471805599453,1420,False,0.0,-1.0,0.0
1000100068,46001.0,Valencia,131.06,1,131.06,1.0,0.6931471805599453,665,False,0.0,0.0,0.0
1000079949,36004.0,Pontevedra,130.91,1,130.91,1.0,0.6931471805599453,1138,False,0.0,-1.0,0.0
36847,3003.0,Alicante,125.98,1,125.98,1.0,0.6931471805599453,1007,False,0.0,-1.0,0.0
28987,11140.0,Cádiz,125.03,1,125.03,1.0,0.6931471805599453,591,False,0.0,-1.0,0.0
40649,29730.0,Málaga,124.38,3,41.46,0.3383458646616541,0.2914344220703314,1496,False,0.0,0.0,0.0
24916,29011.0,Málaga,118.75,1,118.75,1.0,0.6931471805599453,955,False,0.0,-1.0,0.0
1000101584,41003.0,Sevilla,109.93,1,109.93,1.0,0.6931471805599453,397,False,0.0,-1.0,0.0
1000101656,45600.0,Toledo,106.75999999999999,3,35.586666666666666,1.40625,0.8780695190539572,284,False,0.5,-1.0,0.0
42111,11406.0,Cádiz,92.88,1,92.88,1.0,0.6931471805599453,1557,False,0.0,-1.0,0.0
26765,29006.0,Málaga,92.88,1,92.88,1.0,0.6931471805599453,1564,False,0.0,-1.0,0.0
15684,15683.0,A Coruña,91.63,1,91.63,1.0,0.6931471805599453,178,True,0.0,-1.0,0.0
1000102163,35500.0,Las Palmas,91.63,1,91.63,1.0,0.6931471805599453,87,True,0.0,-1.0,0.0
1000082696,18004.0,Granada,90.93,1,90.93,1.0,0.6931471805599453,1165,False,0.0,-1.0,0.0
10637,48010.0,Vizcaya,88.96,1,88.96,1.0,0.6931471805599453,665,False,0.0,0.0,0.0
1000100326,10300.0,Cáceres,88.08,1,88.08,1.0,0.6931471805599453,916,False,0.0,-1.0,0.0
1000068078,40002.0,Segovia,87.04,1,87.04,1.0,0.6931471805599453,185,False,0.0,-1.0,0.0
43113,27001.0,Lugo,87.04,1,87.04,1.0,0.6931471805599453,179,True,0.0,-1.0,0.0
43138,20240.0,Gipúzkoa,87.04,1,87.04,1.0,0.6931471805599453,166,True,0.0,-1.0,0.0
38908,20150.0,Gipúzkoa,87.04,1,87.04,1.0,0.6931471805599453,166,True,0.0,-1.0,0.0
20117,28016.0,Madrid,85.5,1,85.5,1.0,0.6931471805599453,1330,False,0.0,-1.0,0.0
1000077065,38435.0,Sta.Cruz Tenerife,85.5,3,28.5,2.0,1.0986122886681098,1309,False,1.0,-1.0,-0.0
1000082179,36206.0,Pontevedra,85.5,1,85.5,1.0,0.6931471805599453,1645,False,0.0,-1.0,0.0
34855,23007.0,Jaén,85.5,1,85.5,1.0,0.6931471805599453,1365,False,0.0,-1.0,0.0
22133,4700.0,Almería,85.5,1,85.5,1.0,0.6931471805599453,1629,False,0.0,-1.0,0.0
1000082360,38003.0,Sta.Cruz Tenerife,85.5,1,85.5,1.0,0.6931471805599453,1468,False,0.0,-1.0,0.0
1000082186,28044.0,Madrid,78.59,1,78.59,1.0,0.6931471805599453,1628,False,0.0,-1.0,0.0
1000082141,48200.0,Vizcaya,77.18,1,77.18,1.0,0.6931471805599453,573,False,0.0,-1.0,0.0
1000100263,44400.0,Teruel,75.58,1,75.58,1.0,0.6931471805599453,951,False,0.0,-1.0,0.0
27979,18008.0,Granada,64.47000000000003,2,32.235000000000014,1.1320754716981132,0.7570959051602187,826,False,1.0,-1.0,-0.0
42503,3570.0,Alicante,63.05,1,63.05,1.0,0.6931471805599453,861,False,0.0,-1.0,0.0
34758,35002.0,Las Palmas,61.58,1,61.58,1.0,0.6931471805599453,1543,False,0.0,-1.0,0.0
24422,8014.0,Barcelona,0.0,2,0.0,2.0,1.0986122886681098,1776,False,0.5,0.0,0.0
1000076651,8022.0,Barcelona,0.0,2,0.0,2.0,1.0986122886681098,1610,False,0.5,0.0,0.0
18432,18007.0,Granada,0.0,2,0.0,0.9230769230769231,0.653926467406664,1502,False,1.0,0.0,-0.0
29674,48001.0,Vizcaya,0.0,2,0.0,2.0,1.0986122886681098,1165,False,0.5,0.0,0.0
1000101108,46950.0,Valencia,0.0,2,0.0,2.0,1.0986122886681098,550,False,0.5,0.0,0.0
7563,28030.0,Madrid,0.0,1,0.0,1.0,0.6931471805599453,1428,False,0.0,0.0,0.0
29673,46006.0,Valencia,0.0,2,0.0,2.0,1.0986122886681098,277,False,0.5,0.0,0.0
1478,7600.0,Baleares,0.0,2,0.0,1.3043478260869565,0.8347976976229722,1428,False,1.0,0.0,-0.0
40363,41011.0,Sevilla,0.0,3,0.0,2.0,1.0986122886681098,397,False,0.6666666666666666,0.0,0.0
2604,28911.0,Madrid,0.0,2,0.0,2.0,1.0986122886681098,164,True,0.5,0.0,0.0
40650,29740.0,Málaga,0.0,2,0.0,2.0,1.0986122886681098,1749,False,0.5,0.0,0.0
10869,48960.0,Vizcaya,0.0,2,0.0,1.25,0.8109302162163288,1580,False,1.0,0.0,-0.0
1000082214,26003.0,La Rioja,0.0,2,0.0,2.0,1.0986122886681098,1606,False,0.5,0.0,0.0
37942,0.0,,0.0,2,0.0,0.12448132780082988,0.1173218873890459,1308,False,0.0,0.0,0.0
14016,0.0,,-149.84,1,-149.84,1.0,0.6931471805599453,1793,False,1.0,-1.0,-0.0
1000073798,35600.0,Las Palmas,-364.71,2,-182.355,2.0,1.0986122886681098,1793,False,1.0,-1.0,-0.0
