alert_id,client_id,product_id,product_family,product_category,product_block,alert_type,category,priority_score,priority_level,urgency,confidence,impact_score,urgency_score,explainability_score,expected_revenue,recommended_action,reason,actor_id,action_deadline_hours,source_engines,explanation,evidence,created_at,due_at,suppressed,suppression_reason
AL-8d2adc54302e,28715,Categoria C2,Bioseguridad,unknown,commodity,cross_sell_opportunity,opportunity,49.64,low,critical,0.6,0.05861333333333334,1.0,0.75,879.2,Prepare a complementary offer linked to the client's observed consumption profile.,Detected available wallet share in a related product family.,marketing_automation,24,feature_engineering | commodity_ai_engine,Potential gap is 879.20. | Capture ratio is 0.00.,"{""potential_h"": 879.2, ""potential_gap"": 879.2, ""capture_ratio"": 0.0, ""cross_sell_score"": 1.0}",2026-05-10T01:57:50.694097,2026-05-11T01:57:50.694097,False,
AL-fdd370386124,9064,5116,Familia T2,Categoria T1,technical,churn_risk,risk,61.5,medium,critical,0.65,0.29997,1.0,0.85,2548.23,Schedule a retention call and validate whether the product has moved to a competitor.,Technical-product relationship shows abandonment risk.,delegado,24,technical_product_engine,Churn risk score is 60.0. | Inactivity ratio is 5.00. | Detected 1 drift signals.,"{""risk_score"": 0.59994, ""risk_level"": ""medium"", ""inactivity_score"": 1.0, ""days_since_last_order"": 1001.0}",2026-05-10T01:57:50.694097,2026-05-11T01:57:50.694097,False,
AL-4af6c66639b6,37182,5108,Familia T1,Categoria T1,technical,account_deterioration,executive,52.35,medium,medium,0.72,0.32997340774786604,0.6599468154957321,0.86,0.0,Escalate to the account owner and register the recovery outcome after contact.,"Account quality is deteriorating across risk, inactivity or drift signals.",delegado,48,technical_product_engine | signal_fusion,Deterioration score is 0.66. | Risk score is 0.60. | Negative growth component is -0.00.,"{""risk_score"": 0.5999606040709127, ""inactivity_score"": 1.0, ""drift_score"": 0.9998030203545634, ""negative_growth"": -0.0}",2026-05-10T01:57:50.694097,2026-05-12T01:57:50.694097,False,
AL-b2ab300146a2,39414,Categoria C2,Bioseguridad,unknown,commodity,cross_sell_opportunity,opportunity,52.0,medium,critical,0.6,0.11115599999999999,1.0,0.75,1667.34,Prepare a complementary offer linked to the client's observed consumption profile.,Detected available wallet share in a related product family.,televenta,24,feature_engineering | commodity_ai_engine,Potential gap is 1667.34. | Capture ratio is 0.00.,"{""potential_h"": 1667.34, ""potential_gap"": 1667.34, ""capture_ratio"": 0.0, ""cross_sell_score"": 1.0}",2026-05-10T01:57:50.694097,2026-05-11T01:57:50.694097,False,
AL-4e69f89c6fc7,3745,5115,Familia T2,Categoria T1,technical,product_mix_drift,anomaly,68.64,medium,critical,0.7,0.44152265137758184,0.9934259655995592,0.82,4996.779999999999,Ask the account owner to validate whether the product mix changed or moved to another supplier.,Product behavior drifted versus historical and peer pattern.,delegado,24,technical_product_engine,Highest drift score is 0.99. | Volume drift is 0.00. | Interval drift is 0.99.,"{""volume_drift_score"": 0.0, ""interval_drift_score"": 0.9934259655995592, ""peer_drift_score"": 0.0}",2026-05-10T01:57:50.694097,2026-05-11T01:57:50.694097,False,
AL-096718d29170,1000081863,Categoria C1,Anestesia,unknown,commodity,cross_sell_opportunity,opportunity,57.23,medium,critical,0.6,0.227336,1.0,0.75,3410.04,Prepare a complementary offer linked to the client's observed consumption profile.,Detected available wallet share in a related product family.,televenta,24,feature_engineering | commodity_ai_engine,Potential gap is 3410.04. | Capture ratio is 0.00.,"{""potential_h"": 3410.04, ""potential_gap"": 3410.04, ""capture_ratio"": 0.0, ""cross_sell_score"": 1.0}",2026-05-10T01:57:50.694097,2026-05-11T01:57:50.694097,False,
AL-ce4513ae62b5,1000059768,Categoria C1,Anestesia,unknown,commodity,cross_sell_opportunity,opportunity,53.67,medium,critical,0.6,0.148208,1.0,0.75,2223.12,Prepare a complementary offer linked to the client's observed consumption profile.,Detected available wallet share in a related product family.,televenta,24,feature_engineering | commodity_ai_engine,Potential gap is 2223.12. | Capture ratio is 0.00.,"{""potential_h"": 2223.12, ""potential_gap"": 2223.12, ""capture_ratio"": 0.0, ""cross_sell_score"": 1.0}",2026-05-10T01:57:50.694097,2026-05-11T01:57:50.694097,False,
AL-130ce8ff2129,33115,Categoria T1,Biomateriales,unknown,commodity,cross_sell_opportunity,opportunity,63.65,medium,critical,0.6,0.369892,1.0,0.75,5548.38,Prepare a complementary offer linked to the client's observed consumption profile.,Detected available wallet share in a related product family.,televenta,24,feature_engineering | commodity_ai_engine,Potential gap is 5548.38. | Capture ratio is 0.00.,"{""potential_h"": 5548.38, ""potential_gap"": 5548.38, ""capture_ratio"": 0.0, ""cross_sell_score"": 1.0}",2026-05-10T01:57:50.694097,2026-05-11T01:57:50.694097,False,
AL-630449b74970,1000082689,5382,Familia T1,Categoria T1,technical,product_mix_drift,anomaly,66.98,medium,critical,0.7,0.4281414771196551,0.963318323519224,0.82,0.0,Ask the account owner to validate whether the product mix changed or moved to another supplier.,Product behavior drifted versus historical and peer pattern.,delegado,24,technical_product_engine,Highest drift score is 0.96. | Volume drift is 0.90. | Interval drift is 0.96.,"{""volume_drift_score"": 0.8999999999999999, ""interval_drift_score"": 0.963318323519224, ""peer_drift_score"": 0.8260504201680672}",2026-05-10T01:57:50.694097,2026-05-11T01:57:50.694097,False,
AL-102e986a1f92,42623,5103,Familia T1,Categoria T1,technical,product_mix_drift,anomaly,68.92,medium,critical,0.7,0.44379207962196293,0.9985321791494166,0.82,0.0,Ask the account owner to validate whether the product mix changed or moved to another supplier.,Product behavior drifted versus historical and peer pattern.,delegado,24,technical_product_engine,Highest drift score is 1.00. | Volume drift is 0.00. | Interval drift is 1.00.,"{""volume_drift_score"": 0.0, ""interval_drift_score"": 0.9985321791494166, ""peer_drift_score"": 0.0}",2026-05-10T01:57:50.694097,2026-05-11T01:57:50.694097,False,
AL-27bcbfd093ef,23283,Categoria C1,Anestesia,unknown,commodity,cross_sell_opportunity,opportunity,53.67,medium,critical,0.6,0.148208,1.0,0.75,2223.12,Prepare a complementary offer linked to the client's observed consumption profile.,Detected available wallet share in a related product family.,televenta,24,feature_engineering | commodity_ai_engine,Potential gap is 2223.12. | Capture ratio is 0.00.,"{""potential_h"": 2223.12, ""potential_gap"": 2223.12, ""capture_ratio"": 0.0, ""cross_sell_score"": 1.0}",2026-05-10T01:57:50.694097,2026-05-11T01:57:50.694097,False,
AL-d5dfce2daf1a,1000077172,5103,Familia T1,Categoria T1,technical,product_mix_drift,anomaly,68.97,medium,critical,0.7,0.44421416234887734,0.999481865284974,0.82,0.0,Ask the account owner to validate whether the product mix changed or moved to another supplier.,Product behavior drifted versus historical and peer pattern.,delegado,24,technical_product_engine,Highest drift score is 1.00. | Volume drift is 0.00. | Interval drift is 1.00.,"{""volume_drift_score"": 0.0, ""interval_drift_score"": 0.999481865284974, ""peer_drift_score"": 0.0}",2026-05-10T01:57:50.694097,2026-05-11T01:57:50.694097,False,
AL-a5eb527707fc,1000100211,Categoria C2,Bioseguridad,unknown,commodity,cross_sell_opportunity,opportunity,52.0,medium,critical,0.6,0.11115599999999999,1.0,0.75,1667.34,Prepare a complementary offer linked to the client's observed consumption profile.,Detected available wallet share in a related product family.,televenta,24,feature_engineering | commodity_ai_engine,Potential gap is 1667.34. | Capture ratio is 0.00.,"{""potential_h"": 1667.34, ""potential_gap"": 1667.34, ""capture_ratio"": 0.0, ""cross_sell_score"": 1.0}",2026-05-10T01:57:50.694097,2026-05-11T01:57:50.694097,False,
AL-7c3946f86722,1000080829,Categoria T1,Biomateriales,unknown,commodity,cross_sell_opportunity,opportunity,53.77,medium,high,0.6,0.377742,0.7076470588235294,0.75,5666.13,Prepare a complementary offer linked to the client's observed consumption profile.,Detected available wallet share in a related product family.,televenta,48,feature_engineering | commodity_ai_engine,Potential gap is 5666.13. | Capture ratio is 0.29.,"{""potential_h"": 8007.0, ""potential_gap"": 5666.13, ""capture_ratio"": 0.2923529411764706, ""cross_sell_score"": 0.7076470588235294}",2026-05-10T01:57:50.694097,2026-05-12T01:57:50.694097,False,
AL-00173da66fe9,35238,Categoria C2,Bioseguridad,unknown,commodity,cross_sell_opportunity,opportunity,50.26,medium,critical,0.6,0.07242933333333333,1.0,0.75,1086.44,Prepare a complementary offer linked to the client's observed consumption profile.,Detected available wallet share in a related product family.,televenta,24,feature_engineering | commodity_ai_engine,Potential gap is 1086.44. | Capture ratio is 0.00.,"{""potential_h"": 1086.44, ""potential_gap"": 1086.44, ""capture_ratio"": 0.0, ""cross_sell_score"": 1.0}",2026-05-10T01:57:50.694097,2026-05-11T01:57:50.694097,False,
AL-63fa3860bacc,42181,5108,Familia T1,Categoria T1,technical,account_deterioration,executive,52.23,medium,medium,0.72,0.3289878203100285,0.657975640620057,0.86,0.0,Escalate to the account owner and register the recovery outcome after contact.,"Account quality is deteriorating across risk, inactivity or drift signals.",delegado,48,technical_product_engine | signal_fusion,Deterioration score is 0.66. | Risk score is 0.60. | Negative growth component is -0.00.,"{""risk_score"": 0.5985004745333755, ""inactivity_score"": 1.0, ""drift_score"": 0.9925023726668776, ""negative_growth"": -0.0}",2026-05-10T01:57:50.694097,2026-05-12T01:57:50.694097,False,
AL-eb4adfc8f823,37972,5099,Familia T1,Categoria T1,technical,product_mix_drift,anomaly,68.99,medium,critical,0.7,0.44434782608695644,0.999782608695652,0.82,4131.36,Ask the account owner to validate whether the product mix changed or moved to another supplier.,Product behavior drifted versus historical and peer pattern.,delegado,24,technical_product_engine,Highest drift score is 1.00. | Volume drift is 0.00. | Interval drift is 1.00.,"{""volume_drift_score"": 0.0, ""interval_drift_score"": 0.999782608695652, ""peer_drift_score"": 0.0}",2026-05-10T01:57:50.694097,2026-05-11T01:57:50.694097,False,
AL-e25b983c8cb1,1000037645,Categoria C2,Bioseguridad,unknown,commodity,cross_sell_opportunity,opportunity,52.0,medium,critical,0.6,0.11115599999999999,1.0,0.75,1667.34,Prepare a complementary offer linked to the client's observed consumption profile.,Detected available wallet share in a related product family.,televenta,24,feature_engineering | commodity_ai_engine,Potential gap is 1667.34. | Capture ratio is 0.00.,"{""potential_h"": 1667.34, ""potential_gap"": 1667.34, ""capture_ratio"": 0.0, ""cross_sell_score"": 1.0}",2026-05-10T01:57:50.694097,2026-05-11T01:57:50.694097,False,
AL-0d5d8570d97b,34240,Categoria T1,Biomateriales,unknown,commodity,cross_sell_opportunity,opportunity,52.55,medium,critical,0.6,0.12329733333333334,1.0,0.75,1849.46,Prepare a complementary offer linked to the client's observed consumption profile.,Detected available wallet share in a related product family.,televenta,24,feature_engineering | commodity_ai_engine,Potential gap is 1849.46. | Capture ratio is 0.00.,"{""potential_h"": 1849.46, ""potential_gap"": 1849.46, ""capture_ratio"": 0.0, ""cross_sell_score"": 1.0}",2026-05-10T01:57:50.694097,2026-05-11T01:57:50.694097,False,
AL-5a2636c22327,1000100556,5115,Familia T2,Categoria T1,technical,product_mix_drift,anomaly,68.97,medium,critical,0.7,0.44419191919191914,0.999431818181818,0.82,0.0,Ask the account owner to validate whether the product mix changed or moved to another supplier.,Product behavior drifted versus historical and peer pattern.,delegado,24,technical_product_engine,Highest drift score is 1.00. | Volume drift is 0.00. | Interval drift is 1.00.,"{""volume_drift_score"": 0.0, ""interval_drift_score"": 0.999431818181818, ""peer_drift_score"": 0.0}",2026-05-10T01:57:50.694097,2026-05-11T01:57:50.694097,False,
AL-c8831cf6fc32,1000078317,5107,Familia T1,Categoria T1,technical,churn_risk,risk,61.5,medium,critical,0.65,0.299957805907173,1.0,0.85,1082.83,Schedule a retention call and validate whether the product has moved to a competitor.,Technical-product relationship shows abandonment risk.,delegado,24,technical_product_engine,Churn risk score is 60.0. | Inactivity ratio is 5.00. | Detected 1 drift signals.,"{""risk_score"": 0.599915611814346, ""risk_level"": ""medium"", ""inactivity_score"": 1.0, ""days_since_last_order"": 712.0}",2026-05-10T01:57:50.694097,2026-05-11T01:57:50.694097,False,
AL-8039a9b565f1,1000082336,5103,Familia T1,Categoria T1,technical,product_mix_drift,anomaly,68.93,medium,critical,0.7,0.44391111111111115,0.9988,0.82,0.0,Ask the account owner to validate whether the product mix changed or moved to another supplier.,Product behavior drifted versus historical and peer pattern.,delegado,24,technical_product_engine,Highest drift score is 1.00. | Volume drift is 0.00. | Interval drift is 1.00.,"{""volume_drift_score"": 0.0, ""interval_drift_score"": 0.9988, ""peer_drift_score"": 0.0}",2026-05-10T01:57:50.694097,2026-05-11T01:57:50.694097,False,
AL-b0b4b450f00a,1000101971,Categoria C2,Bioseguridad,unknown,commodity,cross_sell_opportunity,opportunity,52.0,medium,critical,0.6,0.11115599999999999,1.0,0.75,1667.34,Prepare a complementary offer linked to the client's observed consumption profile.,Detected available wallet share in a related product family.,televenta,24,feature_engineering | commodity_ai_engine,Potential gap is 1667.34. | Capture ratio is 0.00.,"{""potential_h"": 1667.34, ""potential_gap"": 1667.34, ""capture_ratio"": 0.0, ""cross_sell_score"": 1.0}",2026-05-10T01:57:50.694097,2026-05-11T01:57:50.694097,False,
AL-81d9f0842c96,1000065814,5115,Familia T2,Categoria T1,technical,account_deterioration,executive,52.33,medium,medium,0.72,0.32980339805825243,0.6596067961165049,0.86,0.0,Escalate to the account owner and register the recovery outcome after contact.,"Account quality is deteriorating across risk, inactivity or drift signals.",delegado,48,technical_product_engine | signal_fusion,Deterioration score is 0.66. | Risk score is 0.60. | Negative growth component is -0.00.,"{""risk_score"": 0.5997087378640777, ""inactivity_score"": 1.0, ""drift_score"": 0.9985436893203884, ""negative_growth"": -0.0}",2026-05-10T01:57:50.694097,2026-05-12T01:57:50.694097,False,
AL-9646da9a81f5,41731,5108,Familia T1,Categoria T1,technical,account_deterioration,executive,52.35,medium,medium,0.72,0.32997617647058824,0.6599523529411765,0.86,0.0,Escalate to the account owner and register the recovery outcome after contact.,"Account quality is deteriorating across risk, inactivity or drift signals.",delegado,48,technical_product_engine | signal_fusion,Deterioration score is 0.66. | Risk score is 0.60. | Negative growth component is -0.00.,"{""risk_score"": 0.599964705882353, ""inactivity_score"": 1.0, ""drift_score"": 0.9998235294117648, ""negative_growth"": -0.0}",2026-05-10T01:57:50.694097,2026-05-12T01:57:50.694097,False,
AL-47391289c844,3688,5115,Familia T2,Categoria T1,technical,product_mix_drift,anomaly,69.18,medium,critical,0.7,0.4497711111111111,0.9983734547820428,0.82,8095.88,Ask the account owner to validate whether the product mix changed or moved to another supplier.,Product behavior drifted versus historical and peer pattern.,delegado,24,technical_product_engine,Highest drift score is 1.00. | Volume drift is 0.00. | Interval drift is 1.00.,"{""volume_drift_score"": 0.0, ""interval_drift_score"": 0.9983734547820428, ""peer_drift_score"": 0.0}",2026-05-10T01:57:50.694097,2026-05-11T01:57:50.694097,False,
AL-0cb5a28a4f60,1000076911,5116,Familia T2,Categoria T1,technical,churn_risk,risk,61.5,medium,critical,0.65,0.2999733570159858,1.0,0.85,0.0,Schedule a retention call and validate whether the product has moved to a competitor.,Technical-product relationship shows abandonment risk.,delegado,24,technical_product_engine,Churn risk score is 60.0. | Inactivity ratio is 5.00. | Detected 1 drift signals.,"{""risk_score"": 0.5999467140319716, ""risk_level"": ""medium"", ""inactivity_score"": 1.0, ""days_since_last_order"": 1127.0}",2026-05-10T01:57:50.694097,2026-05-11T01:57:50.694097,False,
AL-a8ae8f39aaef,1000100586,5108,Familia T1,Categoria T1,technical,churn_risk,risk,61.5,medium,critical,0.65,0.29989165557878733,1.0,0.85,0.0,Schedule a retention call and validate whether the product has moved to a competitor.,Technical-product relationship shows abandonment risk.,delegado,24,technical_product_engine,Churn risk score is 60.0. | Inactivity ratio is 5.00. | Detected 1 drift signals.,"{""risk_score"": 0.5997833111575747, ""risk_level"": ""medium"", ""inactivity_score"": 1.0, ""days_since_last_order"": 396.0}",2026-05-10T01:57:50.694097,2026-05-11T01:57:50.694097,False,
AL-1e654db69fb1,30711,5100,Familia T1,Categoria T1,technical,product_mix_drift,anomaly,68.91,medium,critical,0.7,0.44371980676328493,0.9983695652173912,0.82,0.0,Ask the account owner to validate whether the product mix changed or moved to another supplier.,Product behavior drifted versus historical and peer pattern.,delegado,24,technical_product_engine,Highest drift score is 1.00. | Volume drift is 0.00. | Interval drift is 1.00.,"{""volume_drift_score"": 0.0, ""interval_drift_score"": 0.9983695652173912, ""peer_drift_score"": 0.0}",2026-05-10T01:57:50.694097,2026-05-11T01:57:50.694097,False,
AL-065e8cf66f97,1000081362,5115,Familia T2,Categoria T1,technical,product_mix_drift,anomaly,68.99,medium,critical,0.7,0.44436152570480925,0.9998134328358208,0.82,7167.8,Ask the account owner to validate whether the product mix changed or moved to another supplier.,Product behavior drifted versus historical and peer pattern.,delegado,24,technical_product_engine,Highest drift score is 1.00. | Volume drift is 0.00. | Interval drift is 1.00.,"{""volume_drift_score"": 0.0, ""interval_drift_score"": 0.9998134328358208, ""peer_drift_score"": 0.0}",2026-05-10T01:57:50.694097,2026-05-11T01:57:50.694097,False,
AL-ddd0e89d1b09,1000082175,Categoria T1,Biomateriales,unknown,commodity,cross_sell_opportunity,opportunity,64.18,medium,critical,0.6,0.48286733333333326,0.870121117616955,0.75,7243.009999999999,Prepare a complementary offer linked to the client's observed consumption profile.,Detected available wallet share in a related product family.,televenta,24,feature_engineering | commodity_ai_engine,Potential gap is 7243.01. | Capture ratio is 0.13.,"{""potential_h"": 8324.14, ""potential_gap"": 7243.009999999999, ""capture_ratio"": 0.1298788823830449, ""cross_sell_score"": 0.870121117616955}",2026-05-10T01:57:50.694097,2026-05-11T01:57:50.694097,False,
AL-f9cc251c937a,9852,5108,Familia T1,Categoria T1,technical,account_deterioration,executive,52.34,medium,medium,0.72,0.3299159751037345,0.659831950207469,0.86,0.0,Escalate to the account owner and register the recovery outcome after contact.,"Account quality is deteriorating across risk, inactivity or drift signals.",delegado,48,technical_product_engine | signal_fusion,Deterioration score is 0.66. | Risk score is 0.60. | Negative growth component is -0.00.,"{""risk_score"": 0.5998755186721992, ""inactivity_score"": 1.0, ""drift_score"": 0.999377593360996, ""negative_growth"": -0.0}",2026-05-10T01:57:50.694097,2026-05-12T01:57:50.694097,False,
AL-2fee35199b4e,1000071799,Categoria C2,Bioseguridad,unknown,commodity,cross_sell_opportunity,opportunity,52.0,medium,critical,0.6,0.11115599999999999,1.0,0.75,1667.34,Prepare a complementary offer linked to the client's observed consumption profile.,Detected available wallet share in a related product family.,televenta,24,feature_engineering | commodity_ai_engine,Potential gap is 1667.34. | Capture ratio is 0.00.,"{""potential_h"": 1667.34, ""potential_gap"": 1667.34, ""capture_ratio"": 0.0, ""cross_sell_score"": 1.0}",2026-05-10T01:57:50.694097,2026-05-11T01:57:50.694097,False,
AL-c6478c4e0f70,1000081335,5102,Familia T2,Categoria T1,technical,churn_risk,risk,61.5,medium,critical,0.65,0.29997826086956525,1.0,0.85,3963.5,Schedule a retention call and validate whether the product has moved to a competitor.,Technical-product relationship shows abandonment risk.,delegado,24,technical_product_engine,Churn risk score is 60.0. | Inactivity ratio is 5.00. | Detected 1 drift signals.,"{""risk_score"": 0.5999565217391305, ""risk_level"": ""medium"", ""inactivity_score"": 1.0, ""days_since_last_order"": 1381.0}",2026-05-10T01:57:50.694097,2026-05-11T01:57:50.694097,False,
AL-7ba255931a3a,1000074594,5107,Familia T1,Categoria T1,technical,product_mix_drift,anomaly,67.18,medium,critical,0.7,0.4297330850403476,0.966899441340782,0.82,0.0,Ask the account owner to validate whether the product mix changed or moved to another supplier.,Product behavior drifted versus historical and peer pattern.,delegado,24,technical_product_engine,Highest drift score is 0.97. | Volume drift is 0.90. | Interval drift is 0.97.,"{""volume_drift_score"": 0.8999999999999999, ""interval_drift_score"": 0.966899441340782, ""peer_drift_score"": 0.8425509851795274}",2026-05-10T01:57:50.694097,2026-05-11T01:57:50.694097,False,
AL-679c9d707a3b,38747,5382,Familia T1,Categoria T1,technical,product_mix_drift,anomaly,68.88,medium,critical,0.7,0.4434640522875817,0.9977941176470588,0.82,4087.21,Ask the account owner to validate whether the product mix changed or moved to another supplier.,Product behavior drifted versus historical and peer pattern.,delegado,24,technical_product_engine,Highest drift score is 1.00. | Volume drift is 0.00. | Interval drift is 1.00.,"{""volume_drift_score"": 0.0, ""interval_drift_score"": 0.9977941176470588, ""peer_drift_score"": 0.0}",2026-05-10T01:57:50.694097,2026-05-11T01:57:50.694097,False,
AL-883d57acd8aa,1000082569,5099,Familia T1,Categoria T1,technical,account_deterioration,executive,52.34,medium,medium,0.72,0.32994656992084437,0.6598931398416887,0.86,0.0,Escalate to the account owner and register the recovery outcome after contact.,"Account quality is deteriorating across risk, inactivity or drift signals.",delegado,48,technical_product_engine | signal_fusion,Deterioration score is 0.66. | Risk score is 0.60. | Negative growth component is -0.00.,"{""risk_score"": 0.5999208443271768, ""inactivity_score"": 1.0, ""drift_score"": 0.9996042216358838, ""negative_growth"": -0.0}",2026-05-10T01:57:50.694097,2026-05-12T01:57:50.694097,False,
AL-bc47f35bce8f,5495,Categoria C1,Anestesia,unknown,commodity,cross_sell_opportunity,opportunity,45.5,low,high,0.6,0.119138,0.8038567418762821,0.75,1787.07,Prepare a complementary offer linked to the client's observed consumption profile.,Detected available wallet share in a related product family.,marketing_automation,48,feature_engineering | commodity_ai_engine,Potential gap is 1787.07. | Capture ratio is 0.20.,"{""potential_h"": 2223.12, ""potential_gap"": 1787.07, ""capture_ratio"": 0.196143258123718, ""cross_sell_score"": 0.8038567418762821}",2026-05-10T01:57:50.694097,2026-05-12T01:57:50.694097,False,
AL-e65453b2612c,25398,Categoria C1,Anestesia,unknown,commodity,cross_sell_opportunity,opportunity,35.16,low,medium,0.6,0.068856,0.5730486695221821,0.75,1032.84,Prepare a complementary offer linked to the client's observed consumption profile.,Detected available wallet share in a related product family.,marketing_automation,72,feature_engineering | commodity_ai_engine,Potential gap is 1032.84. | Capture ratio is 0.43.,"{""potential_h"": 1802.36, ""potential_gap"": 1032.84, ""capture_ratio"": 0.4269513304778179, ""cross_sell_score"": 0.5730486695221821}",2026-05-10T01:57:50.694097,2026-05-13T01:57:50.694097,False,
AL-7b8222c6949f,33915,Categoria T1,Biomateriales,unknown,commodity,cross_sell_opportunity,opportunity,63.01,medium,critical,0.6,0.35586666666666666,1.0,0.75,5338.0,Prepare a complementary offer linked to the client's observed consumption profile.,Detected available wallet share in a related product family.,televenta,24,feature_engineering | commodity_ai_engine,Potential gap is 5338.00. | Capture ratio is 0.00.,"{""potential_h"": 5338.0, ""potential_gap"": 5338.0, ""capture_ratio"": 0.0, ""cross_sell_score"": 1.0}",2026-05-10T01:57:50.694097,2026-05-11T01:57:50.694097,False,
AL-2bd7d0a5d898,1000076598,5099,Familia T1,Categoria T1,technical,churn_risk,risk,61.49,medium,critical,0.65,0.29973803071364047,1.0,0.85,0.0,Schedule a retention call and validate whether the product has moved to a competitor.,Technical-product relationship shows abandonment risk.,delegado,24,technical_product_engine,Churn risk score is 59.9. | Inactivity ratio is 5.00. | Detected 1 drift signals.,"{""risk_score"": 0.5994760614272809, ""risk_level"": ""medium"", ""inactivity_score"": 1.0, ""days_since_last_order"": 670.0}",2026-05-10T01:57:50.694097,2026-05-11T01:57:50.694097,False,
AL-b0955325b51d,27238,5103,Familia T1,Categoria T1,technical,churn_risk,risk,61.5,medium,critical,0.65,0.29990574910451645,1.0,0.85,0.0,Schedule a retention call and validate whether the product has moved to a competitor.,Technical-product relationship shows abandonment risk.,delegado,24,technical_product_engine,Churn risk score is 60.0. | Inactivity ratio is 5.00. | Detected 1 drift signals.,"{""risk_score"": 0.5998114982090329, ""risk_level"": ""medium"", ""inactivity_score"": 1.0, ""days_since_last_order"": 557.0}",2026-05-10T01:57:50.694097,2026-05-11T01:57:50.694097,False,
AL-898d57709464,1000101591,Categoria C2,Bioseguridad,unknown,commodity,cross_sell_opportunity,opportunity,50.26,medium,critical,0.6,0.07242933333333333,1.0,0.75,1086.44,Prepare a complementary offer linked to the client's observed consumption profile.,Detected available wallet share in a related product family.,televenta,24,feature_engineering | commodity_ai_engine,Potential gap is 1086.44. | Capture ratio is 0.00.,"{""potential_h"": 1086.44, ""potential_gap"": 1086.44, ""capture_ratio"": 0.0, ""cross_sell_score"": 1.0}",2026-05-10T01:57:50.694097,2026-05-11T01:57:50.694097,False,
AL-63c2200e42b0,1000100246,5105,Familia T1,Categoria T1,technical,product_mix_drift,anomaly,68.63,medium,critical,0.7,0.4414531486249029,0.9932695844060316,0.82,0.0,Ask the account owner to validate whether the product mix changed or moved to another supplier.,Product behavior drifted versus historical and peer pattern.,delegado,24,technical_product_engine,Highest drift score is 0.99. | Volume drift is 0.00. | Interval drift is 0.99.,"{""volume_drift_score"": 0.0, ""interval_drift_score"": 0.9932695844060316, ""peer_drift_score"": 0.0}",2026-05-10T01:57:50.694097,2026-05-11T01:57:50.694097,False,
AL-fe3a1b931888,18427,5106,Familia T1,Categoria T1,technical,churn_risk,risk,61.5,medium,critical,0.65,0.299969450101833,1.0,0.85,0.0,Schedule a retention call and validate whether the product has moved to a competitor.,Technical-product relationship shows abandonment risk.,delegado,24,technical_product_engine,Churn risk score is 60.0. | Inactivity ratio is 5.00. | Detected 1 drift signals.,"{""risk_score"": 0.599938900203666, ""risk_level"": ""medium"", ""inactivity_score"": 1.0, ""days_since_last_order"": 983.0}",2026-05-10T01:57:50.694097,2026-05-11T01:57:50.694097,False,
AL-37afd475846c,40294,5099,Familia T1,Categoria T1,technical,product_mix_drift,anomaly,72.77,high,critical,0.7,0.5310549999999999,0.9962655601659752,0.82,9558.99,Ask the account owner to validate whether the product mix changed or moved to another supplier.,Product behavior drifted versus historical and peer pattern.,delegado,24,technical_product_engine,Highest drift score is 1.00. | Volume drift is 0.00. | Interval drift is 1.00.,"{""volume_drift_score"": 0.0, ""interval_drift_score"": 0.9962655601659752, ""peer_drift_score"": 0.0}",2026-05-10T01:57:50.694097,2026-05-11T01:57:50.694097,False,
AL-62c21723bbab,25896,5118,Familia T2,Categoria T1,technical,churn_risk,risk,61.49,medium,critical,0.65,0.2997079465700702,1.0,0.85,0.0,Schedule a retention call and validate whether the product has moved to a competitor.,Technical-product relationship shows abandonment risk.,delegado,24,technical_product_engine,Churn risk score is 59.9. | Inactivity ratio is 4.96. | Detected 1 drift signals.,"{""risk_score"": 0.5994158931401404, ""risk_level"": ""medium"", ""inactivity_score"": 1.0, ""days_since_last_order"": 223.0}",2026-05-10T01:57:50.694097,2026-05-11T01:57:50.694097,False,
AL-9dee25aa9b60,36348,Categoria C2,Bioseguridad,unknown,commodity,cross_sell_opportunity,opportunity,50.26,medium,critical,0.6,0.07242933333333333,1.0,0.75,1086.44,Prepare a complementary offer linked to the client's observed consumption profile.,Detected available wallet share in a related product family.,televenta,24,feature_engineering | commodity_ai_engine,Potential gap is 1086.44. | Capture ratio is 0.00.,"{""potential_h"": 1086.44, ""potential_gap"": 1086.44, ""capture_ratio"": 0.0, ""cross_sell_score"": 1.0}",2026-05-10T01:57:50.694097,2026-05-11T01:57:50.694097,False,
AL-e107b07d2258,1000080627,5107,Familia T1,Categoria T1,technical,churn_risk,risk,61.38,medium,critical,0.65,0.2972362555720654,1.0,0.85,0.0,Schedule a retention call and validate whether the product has moved to a competitor.,Technical-product relationship shows abandonment risk.,delegado,24,technical_product_engine,Churn risk score is 59.4. | Inactivity ratio is 5.00. | Detected 1 drift signals.,"{""risk_score"": 0.5944725111441308, ""risk_level"": ""medium"", ""inactivity_score"": 1.0, ""days_since_last_order"": 294.0}",2026-05-10T01:57:50.694097,2026-05-11T01:57:50.694097,False,
AL-d4d1718c9be6,1000082425,5108,Familia T1,Categoria T1,technical,churn_risk,risk,61.48,medium,critical,0.65,0.29955635543605535,1.0,0.85,0.0,Schedule a retention call and validate whether the product has moved to a competitor.,Technical-product relationship shows abandonment risk.,delegado,24,technical_product_engine,Churn risk score is 59.9. | Inactivity ratio is 5.00. | Detected 1 drift signals.,"{""risk_score"": 0.5991127108721107, ""risk_level"": ""medium"", ""inactivity_score"": 1.0, ""days_since_last_order"": 390.0}",2026-05-10T01:57:50.694097,2026-05-11T01:57:50.694097,False,
AL-395676cca9cf,1000076171,Categoria C1,Anestesia,unknown,commodity,cross_sell_opportunity,opportunity,52.41,medium,critical,0.6,0.12015733333333332,1.0,0.75,1802.36,Prepare a complementary offer linked to the client's observed consumption profile.,Detected available wallet share in a related product family.,televenta,24,feature_engineering | commodity_ai_engine,Potential gap is 1802.36. | Capture ratio is 0.00.,"{""potential_h"": 1802.36, ""potential_gap"": 1802.36, ""capture_ratio"": 0.0, ""cross_sell_score"": 1.0}",2026-05-10T01:57:50.694097,2026-05-11T01:57:50.694097,False,
AL-7a7cbdcfce90,22924,Categoria C2,Bioseguridad,unknown,commodity,cross_sell_opportunity,opportunity,50.26,medium,critical,0.6,0.07242933333333333,1.0,0.75,1086.44,Prepare a complementary offer linked to the client's observed consumption profile.,Detected available wallet share in a related product family.,televenta,24,feature_engineering | commodity_ai_engine,Potential gap is 1086.44. | Capture ratio is 0.00.,"{""potential_h"": 1086.44, ""potential_gap"": 1086.44, ""capture_ratio"": 0.0, ""cross_sell_score"": 1.0}",2026-05-10T01:57:50.694097,2026-05-11T01:57:50.694097,False,
AL-e138b520cc00,1000079838,5107,Familia T1,Categoria T1,technical,product_mix_drift,anomaly,68.99,medium,critical,0.7,0.4443312582531597,0.9997453310696094,0.82,5850.789999999999,Ask the account owner to validate whether the product mix changed or moved to another supplier.,Product behavior drifted versus historical and peer pattern.,delegado,24,technical_product_engine,Highest drift score is 1.00. | Volume drift is 0.00. | Interval drift is 1.00.,"{""volume_drift_score"": 0.0, ""interval_drift_score"": 0.9997453310696094, ""peer_drift_score"": 0.0}",2026-05-10T01:57:50.694097,2026-05-11T01:57:50.694097,False,
AL-ca12f8fbaec2,6725,Categoria C1,Anestesia,unknown,commodity,cross_sell_opportunity,opportunity,53.67,medium,critical,0.6,0.148208,1.0,0.75,2223.12,Prepare a complementary offer linked to the client's observed consumption profile.,Detected available wallet share in a related product family.,televenta,24,feature_engineering | commodity_ai_engine,Potential gap is 2223.12. | Capture ratio is 0.00.,"{""potential_h"": 2223.12, ""potential_gap"": 2223.12, ""capture_ratio"": 0.0, ""cross_sell_score"": 1.0}",2026-05-10T01:57:50.694097,2026-05-11T01:57:50.694097,False,
AL-3a2fe1675509,1000100637,Categoria C2,Bioseguridad,unknown,commodity,cross_sell_opportunity,opportunity,52.0,medium,critical,0.6,0.11115599999999999,1.0,0.75,1667.34,Prepare a complementary offer linked to the client's observed consumption profile.,Detected available wallet share in a related product family.,televenta,24,feature_engineering | commodity_ai_engine,Potential gap is 1667.34. | Capture ratio is 0.00.,"{""potential_h"": 1667.34, ""potential_gap"": 1667.34, ""capture_ratio"": 0.0, ""cross_sell_score"": 1.0}",2026-05-10T01:57:50.694097,2026-05-11T01:57:50.694097,False,
AL-17009b3cd18c,1000063976,5108,Familia T1,Categoria T1,technical,churn_risk,risk,61.48,medium,critical,0.65,0.2996342500708818,1.0,0.85,0.0,Schedule a retention call and validate whether the product has moved to a competitor.,Technical-product relationship shows abandonment risk.,delegado,24,technical_product_engine,Churn risk score is 59.9. | Inactivity ratio is 5.00. | Detected 1 drift signals.,"{""risk_score"": 0.5992685001417636, ""risk_level"": ""medium"", ""inactivity_score"": 1.0, ""days_since_last_order"": 595.0}",2026-05-10T01:57:50.694097,2026-05-11T01:57:50.694097,False,
AL-885650447a5d,26194,5100,Familia T1,Categoria T1,technical,product_mix_drift,anomaly,68.95,medium,critical,0.7,0.4440366972477064,0.9990825688073394,0.82,0.0,Ask the account owner to validate whether the product mix changed or moved to another supplier.,Product behavior drifted versus historical and peer pattern.,delegado,24,technical_product_engine,Highest drift score is 1.00. | Volume drift is 0.00. | Interval drift is 1.00.,"{""volume_drift_score"": 0.0, ""interval_drift_score"": 0.9990825688073394, ""peer_drift_score"": 0.0}",2026-05-10T01:57:50.694097,2026-05-11T01:57:50.694097,False,
AL-75cda54d7c2f,1000078481,5099,Familia T1,Categoria T1,technical,account_deterioration,executive,52.32,medium,medium,0.72,0.32973698570450444,0.6594739714090089,0.86,0.0,Escalate to the account owner and register the recovery outcome after contact.,"Account quality is deteriorating across risk, inactivity or drift signals.",delegado,48,technical_product_engine | signal_fusion,Deterioration score is 0.66. | Risk score is 0.60. | Negative growth component is -0.00.,"{""risk_score"": 0.5996103491918584, ""inactivity_score"": 1.0, ""drift_score"": 0.998051745959292, ""negative_growth"": -0.0}",2026-05-10T01:57:50.694097,2026-05-12T01:57:50.694097,False,
AL-cc7225fcf0fd,1000101876,Categoria C2,Bioseguridad,unknown,commodity,cross_sell_opportunity,opportunity,50.26,medium,critical,0.6,0.07242933333333333,1.0,0.75,1086.44,Prepare a complementary offer linked to the client's observed consumption profile.,Detected available wallet share in a related product family.,televenta,24,feature_engineering | commodity_ai_engine,Potential gap is 1086.44. | Capture ratio is 0.00.,"{""potential_h"": 1086.44, ""potential_gap"": 1086.44, ""capture_ratio"": 0.0, ""cross_sell_score"": 1.0}",2026-05-10T01:57:50.694097,2026-05-11T01:57:50.694097,False,
AL-35cff1f98c3c,1000101711,5107,Familia T1,Categoria T1,technical,product_mix_drift,anomaly,68.91,medium,critical,0.7,0.44373522458628833,0.9984042553191488,0.82,0.0,Ask the account owner to validate whether the product mix changed or moved to another supplier.,Product behavior drifted versus historical and peer pattern.,delegado,24,technical_product_engine,Highest drift score is 1.00. | Volume drift is 0.00. | Interval drift is 1.00.,"{""volume_drift_score"": 0.0, ""interval_drift_score"": 0.9984042553191488, ""peer_drift_score"": 0.0}",2026-05-10T01:57:50.694097,2026-05-11T01:57:50.694097,False,
AL-5e2771b543b1,18690,Categoria T1,Biomateriales,unknown,commodity,cross_sell_opportunity,opportunity,48.13,low,high,0.6,0.25204733333333335,0.7082633945297865,0.75,3780.71,Prepare a complementary offer linked to the client's observed consumption profile.,Detected available wallet share in a related product family.,marketing_automation,48,feature_engineering | commodity_ai_engine,Potential gap is 3780.71. | Capture ratio is 0.29.,"{""potential_h"": 5338.0, ""potential_gap"": 3780.71, ""capture_ratio"": 0.2917366054702136, ""cross_sell_score"": 0.7082633945297865}",2026-05-10T01:57:50.694097,2026-05-12T01:57:50.694097,False,
AL-564976143db5,8580,5115,Familia T2,Categoria T1,technical,churn_risk,risk,52.86,medium,high,0.65,0.2566426426426427,0.8088888888888889,0.85,0.0,Schedule a retention call and validate whether the product has moved to a competitor.,Technical-product relationship shows abandonment risk.,delegado,48,technical_product_engine,Churn risk score is 51.3. | Inactivity ratio is 2.02. | Detected 1 drift signals.,"{""risk_score"": 0.5132852852852854, ""risk_level"": ""medium"", ""inactivity_score"": 0.8088888888888889, ""days_since_last_order"": 91.0}",2026-05-10T01:57:50.694097,2026-05-12T01:57:50.694097,False,
AL-cb3cd23c00b5,1000077889,5116,Familia T2,Categoria T1,technical,product_mix_drift,anomaly,68.68,medium,critical,0.7,0.4418618224264974,0.9941891004596192,0.82,0.0,Ask the account owner to validate whether the product mix changed or moved to another supplier.,Product behavior drifted versus historical and peer pattern.,delegado,24,technical_product_engine,Highest drift score is 0.99. | Volume drift is 0.00. | Interval drift is 0.99.,"{""volume_drift_score"": 0.0, ""interval_drift_score"": 0.9941891004596192, ""peer_drift_score"": 0.0}",2026-05-10T01:57:50.694097,2026-05-11T01:57:50.694097,False,
AL-2ba174ca7ddf,41688,Categoria C2,Bioseguridad,unknown,commodity,cross_sell_opportunity,opportunity,57.0,medium,critical,0.6,0.22231199999999998,1.0,0.75,3334.68,Prepare a complementary offer linked to the client's observed consumption profile.,Detected available wallet share in a related product family.,televenta,24,feature_engineering | commodity_ai_engine,Potential gap is 3334.68. | Capture ratio is 0.00.,"{""potential_h"": 3334.68, ""potential_gap"": 3334.68, ""capture_ratio"": 0.0, ""cross_sell_score"": 1.0}",2026-05-10T01:57:50.694097,2026-05-11T01:57:50.694097,False,
AL-476a8ebb7591,11721,Categoria T1,Biomateriales,unknown,commodity,cross_sell_opportunity,opportunity,63.01,medium,critical,0.6,0.35586666666666666,1.0,0.75,5338.0,Prepare a complementary offer linked to the client's observed consumption profile.,Detected available wallet share in a related product family.,televenta,24,feature_engineering | commodity_ai_engine,Potential gap is 5338.00. | Capture ratio is 0.00.,"{""potential_h"": 5338.0, ""potential_gap"": 5338.0, ""capture_ratio"": 0.0, ""cross_sell_score"": 1.0}",2026-05-10T01:57:50.694097,2026-05-11T01:57:50.694097,False,
AL-7d3801b7abe5,1000082242,5107,Familia T1,Categoria T1,technical,product_mix_drift,anomaly,68.99,medium,critical,0.7,0.4443316412859559,0.9997461928934008,0.82,0.0,Ask the account owner to validate whether the product mix changed or moved to another supplier.,Product behavior drifted versus historical and peer pattern.,delegado,24,technical_product_engine,Highest drift score is 1.00. | Volume drift is 0.00. | Interval drift is 1.00.,"{""volume_drift_score"": 0.0, ""interval_drift_score"": 0.9997461928934008, ""peer_drift_score"": 0.0}",2026-05-10T01:57:50.694097,2026-05-11T01:57:50.694097,False,
AL-57b0cf04c605,39037,5115,Familia T2,Categoria T1,technical,product_mix_drift,anomaly,68.5,medium,critical,0.7,0.44041966281500766,0.9909442413337672,0.82,6999.08,Ask the account owner to validate whether the product mix changed or moved to another supplier.,Product behavior drifted versus historical and peer pattern.,delegado,24,technical_product_engine,Highest drift score is 0.99. | Volume drift is 0.00. | Interval drift is 0.99.,"{""volume_drift_score"": 0.0, ""interval_drift_score"": 0.9909442413337672, ""peer_drift_score"": 0.0}",2026-05-10T01:57:50.694097,2026-05-11T01:57:50.694097,False,
AL-f5374e336db2,27645,5099,Familia T1,Categoria T1,technical,product_mix_drift,anomaly,68.99,medium,critical,0.7,0.4443340691685062,0.999751655629139,0.82,2854.79,Ask the account owner to validate whether the product mix changed or moved to another supplier.,Product behavior drifted versus historical and peer pattern.,delegado,24,technical_product_engine,Highest drift score is 1.00. | Volume drift is 0.00. | Interval drift is 1.00.,"{""volume_drift_score"": 0.0, ""interval_drift_score"": 0.999751655629139, ""peer_drift_score"": 0.0}",2026-05-10T01:57:50.694097,2026-05-11T01:57:50.694097,False,
AL-0cee53385385,1000082789,5108,Familia T1,Categoria T1,technical,account_deterioration,executive,52.35,medium,medium,0.72,0.32996200750469046,0.6599240150093809,0.86,0.0,Escalate to the account owner and register the recovery outcome after contact.,"Account quality is deteriorating across risk, inactivity or drift signals.",delegado,48,technical_product_engine | signal_fusion,Deterioration score is 0.66. | Risk score is 0.60. | Negative growth component is -0.00.,"{""risk_score"": 0.5999437148217637, ""inactivity_score"": 1.0, ""drift_score"": 0.999718574108818, ""negative_growth"": -0.0}",2026-05-10T01:57:50.694097,2026-05-12T01:57:50.694097,False,
AL-1fdcbef62ce3,1000081217,5107,Familia T1,Categoria T1,technical,account_deterioration,executive,52.35,medium,medium,0.72,0.329966306156406,0.659932612312812,0.86,0.0,Escalate to the account owner and register the recovery outcome after contact.,"Account quality is deteriorating across risk, inactivity or drift signals.",delegado,48,technical_product_engine | signal_fusion,Deterioration score is 0.66. | Risk score is 0.60. | Negative growth component is -0.00.,"{""risk_score"": 0.5999500831946756, ""inactivity_score"": 1.0, ""drift_score"": 0.9997504159733775, ""negative_growth"": -0.0}",2026-05-10T01:57:50.694097,2026-05-12T01:57:50.694097,False,
AL-3e15f15e48e9,18432,5115,Familia T2,Categoria T1,technical,product_mix_drift,anomaly,68.99,medium,critical,0.7,0.4443482069599442,0.9997834656598744,0.82,4625.22,Ask the account owner to validate whether the product mix changed or moved to another supplier.,Product behavior drifted versus historical and peer pattern.,delegado,24,technical_product_engine,Highest drift score is 1.00. | Volume drift is 0.00. | Interval drift is 1.00.,"{""volume_drift_score"": 0.0, ""interval_drift_score"": 0.9997834656598744, ""peer_drift_score"": 0.0}",2026-05-10T01:57:50.694097,2026-05-11T01:57:50.694097,False,
AL-f6075b81efdd,36329,4567,Familia C1,Categoria C1,commodity,demand_leakage,risk,45.52,low,critical,0.5253944853439959,0.00019473652451969082,1.0,0.9,2.9210478677953624,Validate account status before commercial recovery action.,Observed demand is below expected demand for this client-product pair.,delegado,24,commodity_ai_engine,Expected demand exceeds observed demand by 2.92. | Gap ratio is 100%. | Routing reason: below_threshold.,"{""predicted_30d_sales"": 2.9210478677953624, ""observed_30d_sales"": 0.0, ""gap_ratio"": 1.0, ""leakage_score"": 0.42031558827519677, ""route_to_engine"": ""none""}",2026-05-10T01:57:50.694097,2026-05-11T01:57:50.694097,False,
AL-a08847b46b55,17362,5115,Familia T2,Categoria T1,technical,account_deterioration,executive,52.31,medium,medium,0.72,0.3296827972027972,0.6593655944055944,0.86,2627.07,Escalate to the account owner and register the recovery outcome after contact.,"Account quality is deteriorating across risk, inactivity or drift signals.",delegado,48,technical_product_engine | signal_fusion,Deterioration score is 0.66. | Risk score is 0.60. | Negative growth component is -0.00.,"{""risk_score"": 0.59953006993007, ""inactivity_score"": 1.0, ""drift_score"": 0.9976503496503496, ""negative_growth"": -0.0}",2026-05-10T01:57:50.694097,2026-05-12T01:57:50.694097,False,
AL-20673fece28f,1000080557,5107,Familia T1,Categoria T1,technical,churn_risk,risk,61.46,medium,critical,0.65,0.29903603967124687,1.0,0.85,0.0,Schedule a retention call and validate whether the product has moved to a competitor.,Technical-product relationship shows abandonment risk.,delegado,24,technical_product_engine,Churn risk score is 59.8. | Inactivity ratio is 4.00. | Detected 1 drift signals.,"{""risk_score"": 0.5980720793424937, ""risk_level"": ""medium"", ""inactivity_score"": 1.0, ""days_since_last_order"": 180.0}",2026-05-10T01:57:50.694097,2026-05-11T01:57:50.694097,False,
AL-6ed061279997,1000082706,5115,Familia T2,Categoria T1,technical,account_deterioration,executive,52.35,medium,medium,0.72,0.3299650862068966,0.6599301724137931,0.86,0.0,Escalate to the account owner and register the recovery outcome after contact.,"Account quality is deteriorating across risk, inactivity or drift signals.",delegado,48,technical_product_engine | signal_fusion,Deterioration score is 0.66. | Risk score is 0.60. | Negative growth component is -0.00.,"{""risk_score"": 0.599948275862069, ""inactivity_score"": 1.0, ""drift_score"": 0.9997413793103448, ""negative_growth"": -0.0}",2026-05-10T01:57:50.694097,2026-05-12T01:57:50.694097,False,
AL-74294bd12e69,1000080597,Categoria C1,Anestesia,unknown,commodity,cross_sell_opportunity,opportunity,44.14,low,high,0.6,0.16155466666666668,0.7106426904083237,0.75,2423.32,Prepare a complementary offer linked to the client's observed consumption profile.,Detected available wallet share in a related product family.,marketing_automation,48,feature_engineering | commodity_ai_engine,Potential gap is 2423.32. | Capture ratio is 0.29.,"{""potential_h"": 3410.04, ""potential_gap"": 2423.32, ""capture_ratio"": 0.2893573095916764, ""cross_sell_score"": 0.7106426904083237}",2026-05-10T01:57:50.694097,2026-05-12T01:57:50.694097,False,
AL-02fae62e0b77,1000080884,Categoria C2,Bioseguridad,unknown,commodity,cross_sell_opportunity,opportunity,49.64,low,critical,0.6,0.05861333333333334,1.0,0.75,879.2,Prepare a complementary offer linked to the client's observed consumption profile.,Detected available wallet share in a related product family.,marketing_automation,24,feature_engineering | commodity_ai_engine,Potential gap is 879.20. | Capture ratio is 0.00.,"{""potential_h"": 879.2, ""potential_gap"": 879.2, ""capture_ratio"": 0.0, ""cross_sell_score"": 1.0}",2026-05-10T01:57:50.694097,2026-05-11T01:57:50.694097,False,
AL-3af747b5ae32,1000064323,Categoria T1,Biomateriales,unknown,commodity,cross_sell_opportunity,opportunity,63.01,medium,critical,0.6,0.35586666666666666,1.0,0.75,5338.0,Prepare a complementary offer linked to the client's observed consumption profile.,Detected available wallet share in a related product family.,televenta,24,feature_engineering | commodity_ai_engine,Potential gap is 5338.00. | Capture ratio is 0.00.,"{""potential_h"": 5338.0, ""potential_gap"": 5338.0, ""capture_ratio"": 0.0, ""cross_sell_score"": 1.0}",2026-05-10T01:57:50.694097,2026-05-11T01:57:50.694097,False,
AL-7ea4d245ce08,37992,Categoria C2,Bioseguridad,unknown,commodity,cross_sell_opportunity,opportunity,50.26,medium,critical,0.6,0.07242933333333333,1.0,0.75,1086.44,Prepare a complementary offer linked to the client's observed consumption profile.,Detected available wallet share in a related product family.,televenta,24,feature_engineering | commodity_ai_engine,Potential gap is 1086.44. | Capture ratio is 0.00.,"{""potential_h"": 1086.44, ""potential_gap"": 1086.44, ""capture_ratio"": 0.0, ""cross_sell_score"": 1.0}",2026-05-10T01:57:50.694097,2026-05-11T01:57:50.694097,False,
AL-30d21908ea14,1000082025,5100,Familia T1,Categoria T1,technical,churn_risk,risk,61.5,medium,critical,0.65,0.2999066367518275,1.0,0.85,3732.21,Schedule a retention call and validate whether the product has moved to a competitor.,Technical-product relationship shows abandonment risk.,delegado,24,technical_product_engine,Churn risk score is 60.0. | Inactivity ratio is 5.00. | Detected 1 drift signals.,"{""risk_score"": 0.599813273503655, ""risk_level"": ""medium"", ""inactivity_score"": 1.0, ""days_since_last_order"": 231.0}",2026-05-10T01:57:50.694097,2026-05-11T01:57:50.694097,False,
AL-d4c0e8b4c27a,1000082143,Categoria T1,Biomateriales,unknown,commodity,cross_sell_opportunity,opportunity,57.45,medium,medium,0.6,0.6192693333333333,0.5022568749797239,0.75,9289.04,Prepare a complementary offer linked to the client's observed consumption profile.,Detected available wallet share in a related product family.,televenta,72,feature_engineering | commodity_ai_engine,Potential gap is 9289.04. | Capture ratio is 0.50.,"{""potential_h"": 18494.6, ""potential_gap"": 9289.04, ""capture_ratio"": 0.4977431250202762, ""cross_sell_score"": 0.5022568749797239}",2026-05-10T01:57:50.694097,2026-05-13T01:57:50.694097,False,
AL-044d742aef40,1000101774,Categoria C1,Anestesia,unknown,commodity,cross_sell_opportunity,opportunity,60.64,medium,critical,0.6,0.3031146666666667,1.0,0.75,4546.72,Prepare a complementary offer linked to the client's observed consumption profile.,Detected available wallet share in a related product family.,televenta,24,feature_engineering | commodity_ai_engine,Potential gap is 4546.72. | Capture ratio is 0.00.,"{""potential_h"": 4546.72, ""potential_gap"": 4546.72, ""capture_ratio"": 0.0, ""cross_sell_score"": 1.0}",2026-05-10T01:57:50.694097,2026-05-11T01:57:50.694097,False,
AL-15e77bece797,35226,5117,Familia T2,Categoria T1,technical,product_mix_drift,anomaly,93.9,critical,critical,0.7,1.0,0.9972727272727272,0.82,22763.58,Ask the account owner to validate whether the product mix changed or moved to another supplier.,Product behavior drifted versus historical and peer pattern.,delegado,24,technical_product_engine,Highest drift score is 1.00. | Volume drift is 0.00. | Interval drift is 1.00.,"{""volume_drift_score"": 0.0, ""interval_drift_score"": 0.9972727272727272, ""peer_drift_score"": 0.0}",2026-05-10T01:57:50.694097,2026-05-11T01:57:50.694097,False,
AL-f33d49e070dd,11415,Categoria T1,Biomateriales,unknown,commodity,cross_sell_opportunity,opportunity,67.81,medium,critical,0.6,0.46241733333333335,1.0,0.75,6936.26,Prepare a complementary offer linked to the client's observed consumption profile.,Detected available wallet share in a related product family.,televenta,24,feature_engineering | commodity_ai_engine,Potential gap is 6936.26. | Capture ratio is 0.00.,"{""potential_h"": 6936.26, ""potential_gap"": 6936.26, ""capture_ratio"": 0.0, ""cross_sell_score"": 1.0}",2026-05-10T01:57:50.694097,2026-05-11T01:57:50.694097,False,
AL-0eab942f53da,37612,5099,Familia T1,Categoria T1,technical,account_deterioration,executive,52.35,medium,medium,0.72,0.3299691546077685,0.659938309215537,0.86,0.0,Escalate to the account owner and register the recovery outcome after contact.,"Account quality is deteriorating across risk, inactivity or drift signals.",delegado,48,technical_product_engine | signal_fusion,Deterioration score is 0.66. | Risk score is 0.60. | Negative growth component is -0.00.,"{""risk_score"": 0.59995430312262, ""inactivity_score"": 1.0, ""drift_score"": 0.9997715156130996, ""negative_growth"": -0.0}",2026-05-10T01:57:50.694097,2026-05-12T01:57:50.694097,False,
AL-32b1f0f5757f,13675,5115,Familia T2,Categoria T1,technical,account_deterioration,executive,52.35,medium,medium,0.72,0.3299704163623083,0.6599408327246166,0.86,5296.61,Escalate to the account owner and register the recovery outcome after contact.,"Account quality is deteriorating across risk, inactivity or drift signals.",delegado,48,technical_product_engine | signal_fusion,Deterioration score is 0.66. | Risk score is 0.60. | Negative growth component is -0.00.,"{""risk_score"": 0.5999561723886049, ""inactivity_score"": 1.0, ""drift_score"": 0.999780861943024, ""negative_growth"": -0.0}",2026-05-10T01:57:50.694097,2026-05-12T01:57:50.694097,False,
AL-cc83b6f1e5c2,34222,5115,Familia T2,Categoria T1,technical,account_deterioration,executive,52.25,medium,medium,0.72,0.32914363073749353,0.6582872614749871,0.86,0.0,Escalate to the account owner and register the recovery outcome after contact.,"Account quality is deteriorating across risk, inactivity or drift signals.",delegado,48,technical_product_engine | signal_fusion,Deterioration score is 0.66. | Risk score is 0.60. | Negative growth component is -0.00.,"{""risk_score"": 0.5987313047962868, ""inactivity_score"": 1.0, ""drift_score"": 0.9936565239814336, ""negative_growth"": -0.0}",2026-05-10T01:57:50.694097,2026-05-12T01:57:50.694097,False,
AL-09b01fc82a3e,7547,5117,Familia T2,Categoria T1,technical,churn_risk,risk,61.49,medium,critical,0.65,0.2997145718577867,1.0,0.85,0.0,Schedule a retention call and validate whether the product has moved to a competitor.,Technical-product relationship shows abandonment risk.,delegado,24,technical_product_engine,Churn risk score is 59.9. | Inactivity ratio is 5.00. | Detected 1 drift signals.,"{""risk_score"": 0.5994291437155734, ""risk_level"": ""medium"", ""inactivity_score"": 1.0, ""days_since_last_order"": 504.0}",2026-05-10T01:57:50.694097,2026-05-11T01:57:50.694097,False,
AL-09d243fcb7f1,1000069442,Categoria C1,Anestesia,unknown,commodity,cross_sell_opportunity,opportunity,49.92,low,critical,0.6,0.13488,0.9100723307783656,0.75,2023.2,Prepare a complementary offer linked to the client's observed consumption profile.,Detected available wallet share in a related product family.,marketing_automation,24,feature_engineering | commodity_ai_engine,Potential gap is 2023.20. | Capture ratio is 0.09.,"{""potential_h"": 2223.12, ""potential_gap"": 2023.2, ""capture_ratio"": 0.0899276692216344, ""cross_sell_score"": 0.9100723307783656}",2026-05-10T01:57:50.694097,2026-05-11T01:57:50.694097,False,
AL-28acda09192c,35536,5099,Familia T1,Categoria T1,technical,product_mix_drift,anomaly,68.29,medium,critical,0.7,0.4387168387168388,0.9871128871128872,0.82,350.1100000000006,Ask the account owner to validate whether the product mix changed or moved to another supplier.,Product behavior drifted versus historical and peer pattern.,delegado,24,technical_product_engine,Highest drift score is 0.99. | Volume drift is 0.00. | Interval drift is 0.99.,"{""volume_drift_score"": 0.0, ""interval_drift_score"": 0.9871128871128872, ""peer_drift_score"": 0.0}",2026-05-10T01:57:50.694097,2026-05-11T01:57:50.694097,False,
AL-66b58937310f,37642,5118,Familia T2,Categoria T1,technical,account_deterioration,executive,52.34,medium,medium,0.72,0.32994206008583693,0.6598841201716739,0.86,0.0,Escalate to the account owner and register the recovery outcome after contact.,"Account quality is deteriorating across risk, inactivity or drift signals.",delegado,48,technical_product_engine | signal_fusion,Deterioration score is 0.66. | Risk score is 0.60. | Negative growth component is -0.00.,"{""risk_score"": 0.5999141630901288, ""inactivity_score"": 1.0, ""drift_score"": 0.9995708154506436, ""negative_growth"": -0.0}",2026-05-10T01:57:50.694097,2026-05-12T01:57:50.694097,False,
AL-3338ba9d3a12,1000079592,Categoria T1,Biomateriales,unknown,commodity,cross_sell_opportunity,opportunity,63.65,medium,critical,0.6,0.369892,1.0,0.75,5548.38,Prepare a complementary offer linked to the client's observed consumption profile.,Detected available wallet share in a related product family.,televenta,24,feature_engineering | commodity_ai_engine,Potential gap is 5548.38. | Capture ratio is 0.00.,"{""potential_h"": 5548.38, ""potential_gap"": 5548.38, ""capture_ratio"": 0.0, ""cross_sell_score"": 1.0}",2026-05-10T01:57:50.694097,2026-05-11T01:57:50.694097,False,
AL-02962d2effda,21161,5115,Familia T2,Categoria T1,technical,churn_risk,risk,56.37,medium,medium,0.8500000000000001,0.34238656322984556,0.6847731264596911,0.85,0.0,Schedule a retention call and validate whether the product has moved to a competitor.,Technical-product relationship shows abandonment risk.,delegado,48,technical_product_engine,Churn risk score is 68.5. | Inactivity ratio is 0.91. | Detected 3 drift signals.,"{""risk_score"": 0.6847731264596911, ""risk_level"": ""high"", ""inactivity_score"": 0.3644444444444444, ""days_since_last_order"": 41.0}",2026-05-10T01:57:50.694097,2026-05-12T01:57:50.694097,False,
AL-005c9700a531,1000102141,Categoria C1,Anestesia,unknown,commodity,cross_sell_opportunity,opportunity,53.67,medium,critical,0.6,0.148208,1.0,0.75,2223.12,Prepare a complementary offer linked to the client's observed consumption profile.,Detected available wallet share in a related product family.,televenta,24,feature_engineering | commodity_ai_engine,Potential gap is 2223.12. | Capture ratio is 0.00.,"{""potential_h"": 2223.12, ""potential_gap"": 2223.12, ""capture_ratio"": 0.0, ""cross_sell_score"": 1.0}",2026-05-10T01:57:50.694097,2026-05-11T01:57:50.694097,False,
AL-f5ad184d7f73,1000063323,5115,Familia T2,Categoria T1,technical,product_mix_drift,anomaly,68.66,medium,critical,0.7,0.441672569025696,0.993763280307816,0.82,0.0,Ask the account owner to validate whether the product mix changed or moved to another supplier.,Product behavior drifted versus historical and peer pattern.,delegado,24,technical_product_engine,Highest drift score is 0.99. | Volume drift is 0.00. | Interval drift is 0.99.,"{""volume_drift_score"": 0.0, ""interval_drift_score"": 0.993763280307816, ""peer_drift_score"": 0.0}",2026-05-10T01:57:50.694097,2026-05-11T01:57:50.694097,False,
AL-dd348cb8af5f,1000040718,Categoria T1,Biomateriales,unknown,commodity,cross_sell_opportunity,opportunity,85.3,critical,high,0.6,1.0,0.8085835362933746,0.75,15703.420000000002,Prepare a complementary offer linked to the client's observed consumption profile.,Detected available wallet share in a related product family.,delegado,48,feature_engineering | commodity_ai_engine,Potential gap is 15703.42. | Capture ratio is 0.19.,"{""potential_h"": 19420.9, ""potential_gap"": 15703.420000000002, ""capture_ratio"": 0.1914164637066253, ""cross_sell_score"": 0.8085835362933746}",2026-05-10T01:57:50.694097,2026-05-12T01:57:50.694097,False,
AL-d31252ba9f40,1000075177,5103,Familia T1,Categoria T1,technical,product_mix_drift,anomaly,68.88,medium,critical,0.7,0.4434823868191561,0.9978353703431012,0.82,0.0,Ask the account owner to validate whether the product mix changed or moved to another supplier.,Product behavior drifted versus historical and peer pattern.,delegado,24,technical_product_engine,Highest drift score is 1.00. | Volume drift is 0.00. | Interval drift is 1.00.,"{""volume_drift_score"": 0.0, ""interval_drift_score"": 0.9978353703431012, ""peer_drift_score"": 0.0}",2026-05-10T01:57:50.694097,2026-05-11T01:57:50.694097,False,
AL-f77fa6cd9cb9,1000041136,Categoria T1,Biomateriales,unknown,commodity,cross_sell_opportunity,opportunity,63.01,medium,critical,0.6,0.35586666666666666,1.0,0.75,5338.0,Prepare a complementary offer linked to the client's observed consumption profile.,Detected available wallet share in a related product family.,televenta,24,feature_engineering | commodity_ai_engine,Potential gap is 5338.00. | Capture ratio is 0.00.,"{""potential_h"": 5338.0, ""potential_gap"": 5338.0, ""capture_ratio"": 0.0, ""cross_sell_score"": 1.0}",2026-05-10T01:57:50.694097,2026-05-11T01:57:50.694097,False,
AL-6b61c271f974,11994,5118,Familia T2,Categoria T1,technical,product_mix_drift,anomaly,68.99,medium,critical,0.7,0.44436582809224323,0.9998231132075472,0.82,3308.46,Ask the account owner to validate whether the product mix changed or moved to another supplier.,Product behavior drifted versus historical and peer pattern.,delegado,24,technical_product_engine,Highest drift score is 1.00. | Volume drift is 0.00. | Interval drift is 1.00.,"{""volume_drift_score"": 0.0, ""interval_drift_score"": 0.9998231132075472, ""peer_drift_score"": 0.0}",2026-05-10T01:57:50.694097,2026-05-11T01:57:50.694097,False,
AL-f1d73aa7c9cb,18063,Categoria C2,Bioseguridad,unknown,commodity,cross_sell_opportunity,opportunity,50.26,medium,critical,0.6,0.07242933333333333,1.0,0.75,1086.44,Prepare a complementary offer linked to the client's observed consumption profile.,Detected available wallet share in a related product family.,televenta,24,feature_engineering | commodity_ai_engine,Potential gap is 1086.44. | Capture ratio is 0.00.,"{""potential_h"": 1086.44, ""potential_gap"": 1086.44, ""capture_ratio"": 0.0, ""cross_sell_score"": 1.0}",2026-05-10T01:57:50.694097,2026-05-11T01:57:50.694097,False,
AL-7b236fb96146,1000080242,Categoria C2,Bioseguridad,unknown,commodity,cross_sell_opportunity,opportunity,49.64,low,critical,0.6,0.05861333333333334,1.0,0.75,879.2,Prepare a complementary offer linked to the client's observed consumption profile.,Detected available wallet share in a related product family.,marketing_automation,24,feature_engineering | commodity_ai_engine,Potential gap is 879.20. | Capture ratio is 0.00.,"{""potential_h"": 879.2, ""potential_gap"": 879.2, ""capture_ratio"": 0.0, ""cross_sell_score"": 1.0}",2026-05-10T01:57:50.694097,2026-05-11T01:57:50.694097,False,
AL-b404713f9843,1000073670,Categoria C2,Bioseguridad,unknown,commodity,cross_sell_opportunity,opportunity,50.26,medium,critical,0.6,0.07242933333333333,1.0,0.75,1086.44,Prepare a complementary offer linked to the client's observed consumption profile.,Detected available wallet share in a related product family.,televenta,24,feature_engineering | commodity_ai_engine,Potential gap is 1086.44. | Capture ratio is 0.00.,"{""potential_h"": 1086.44, ""potential_gap"": 1086.44, ""capture_ratio"": 0.0, ""cross_sell_score"": 1.0}",2026-05-10T01:57:50.694097,2026-05-11T01:57:50.694097,False,
AL-00d55102a28a,1000102401,Categoria C1,Anestesia,unknown,commodity,cross_sell_opportunity,opportunity,53.67,medium,critical,0.6,0.148208,1.0,0.75,2223.12,Prepare a complementary offer linked to the client's observed consumption profile.,Detected available wallet share in a related product family.,televenta,24,feature_engineering | commodity_ai_engine,Potential gap is 2223.12. | Capture ratio is 0.00.,"{""potential_h"": 2223.12, ""potential_gap"": 2223.12, ""capture_ratio"": 0.0, ""cross_sell_score"": 1.0}",2026-05-10T01:57:50.694097,2026-05-11T01:57:50.694097,False,
AL-603071094512,149,Categoria T1,Biomateriales,unknown,commodity,cross_sell_opportunity,opportunity,63.01,medium,critical,0.6,0.35586666666666666,1.0,0.75,5338.0,Prepare a complementary offer linked to the client's observed consumption profile.,Detected available wallet share in a related product family.,televenta,24,feature_engineering | commodity_ai_engine,Potential gap is 5338.00. | Capture ratio is 0.00.,"{""potential_h"": 5338.0, ""potential_gap"": 5338.0, ""capture_ratio"": 0.0, ""cross_sell_score"": 1.0}",2026-05-10T01:57:50.694097,2026-05-11T01:57:50.694097,False,
AL-339295e50556,1000081693,Categoria C2,Bioseguridad,unknown,commodity,cross_sell_opportunity,opportunity,50.26,medium,critical,0.6,0.07242933333333333,1.0,0.75,1086.44,Prepare a complementary offer linked to the client's observed consumption profile.,Detected available wallet share in a related product family.,televenta,24,feature_engineering | commodity_ai_engine,Potential gap is 1086.44. | Capture ratio is 0.00.,"{""potential_h"": 1086.44, ""potential_gap"": 1086.44, ""capture_ratio"": 0.0, ""cross_sell_score"": 1.0}",2026-05-10T01:57:50.694097,2026-05-11T01:57:50.694097,False,
AL-c2ddb1537d79,14713,Categoria C2,Bioseguridad,unknown,commodity,cross_sell_opportunity,opportunity,47.93,low,critical,0.6,0.06801266666666667,0.93902102279003,0.75,1020.19,Prepare a complementary offer linked to the client's observed consumption profile.,Detected available wallet share in a related product family.,marketing_automation,24,feature_engineering | commodity_ai_engine,Potential gap is 1020.19. | Capture ratio is 0.06.,"{""potential_h"": 1086.44, ""potential_gap"": 1020.19, ""capture_ratio"": 0.0609789772099701, ""cross_sell_score"": 0.93902102279003}",2026-05-10T01:57:50.694097,2026-05-11T01:57:50.694097,False,
AL-532de3f34d29,1000081434,5107,Familia T1,Categoria T1,technical,product_mix_drift,anomaly,68.99,medium,critical,0.7,0.4443689869835879,0.9998302207130728,0.82,5958.68,Ask the account owner to validate whether the product mix changed or moved to another supplier.,Product behavior drifted versus historical and peer pattern.,delegado,24,technical_product_engine,Highest drift score is 1.00. | Volume drift is 0.00. | Interval drift is 1.00.,"{""volume_drift_score"": 0.0, ""interval_drift_score"": 0.9998302207130728, ""peer_drift_score"": 0.0}",2026-05-10T01:57:50.694097,2026-05-11T01:57:50.694097,False,
AL-cbd0deb31fbd,25250,5103,Familia T1,Categoria T1,technical,account_deterioration,executive,71.03,high,medium,0.72,0.7452145,0.6599282550930027,0.86,14904.29,Escalate to the account owner and register the recovery outcome after contact.,"Account quality is deteriorating across risk, inactivity or drift signals.",delegado,48,technical_product_engine | signal_fusion,Deterioration score is 0.66. | Risk score is 0.60. | Negative growth component is -0.00.,"{""risk_score"": 0.5999468556244465, ""inactivity_score"": 1.0, ""drift_score"": 0.999734278122232, ""negative_growth"": -0.0}",2026-05-10T01:57:50.694097,2026-05-12T01:57:50.694097,False,
AL-095e330510dc,1000066626,5102,Familia T2,Categoria T1,technical,churn_risk,risk,61.5,medium,critical,0.65,0.2999713467048711,1.0,0.85,0.0,Schedule a retention call and validate whether the product has moved to a competitor.,Technical-product relationship shows abandonment risk.,delegado,24,technical_product_engine,Churn risk score is 60.0. | Inactivity ratio is 5.00. | Detected 1 drift signals.,"{""risk_score"": 0.5999426934097422, ""risk_level"": ""medium"", ""inactivity_score"": 1.0, ""days_since_last_order"": 1048.0}",2026-05-10T01:57:50.694097,2026-05-11T01:57:50.694097,False,
AL-3b6189b51099,1000073983,3408,Familia C1,Categoria C1,commodity,purchase_anomaly,anomaly,35.18,low,medium,0.62,0.0006843999999999999,0.65,0.78,17.11,Review the order pattern before treating the signal as normal demand.,Current behavior is outside the expected purchase pattern.,marketing_automation,72,feature_engineering,Anomaly score is 0.65. | Absolute 30-day growth is 0%. | Return rate is 50%.,"{""anomaly_score"": 0.65, ""sales_growth_30d"": 0.0, ""days_since_last_product_order"": 1711.0, ""campaign_lift_product"": -1.0}",2026-05-10T01:57:50.694097,2026-05-13T01:57:50.694097,False,
AL-c1968702be31,5129,5115,Familia T2,Categoria T1,technical,churn_risk,risk,63.9,medium,critical,0.65,0.353338,1.0,0.85,7066.759999999999,Schedule a retention call and validate whether the product has moved to a competitor.,Technical-product relationship shows abandonment risk.,delegado,24,technical_product_engine,Churn risk score is 59.9. | Inactivity ratio is 5.00. | Detected 1 drift signals.,"{""risk_score"": 0.5992690982704123, ""risk_level"": ""medium"", ""inactivity_score"": 1.0, ""days_since_last_order"": 950.0}",2026-05-10T01:57:50.694097,2026-05-11T01:57:50.694097,False,
AL-0623070518cb,39031,Categoria C2,Bioseguridad,unknown,commodity,cross_sell_opportunity,opportunity,52.0,medium,critical,0.6,0.11115599999999999,1.0,0.75,1667.34,Prepare a complementary offer linked to the client's observed consumption profile.,Detected available wallet share in a related product family.,televenta,24,feature_engineering | commodity_ai_engine,Potential gap is 1667.34. | Capture ratio is 0.00.,"{""potential_h"": 1667.34, ""potential_gap"": 1667.34, ""capture_ratio"": 0.0, ""cross_sell_score"": 1.0}",2026-05-10T01:57:50.694097,2026-05-11T01:57:50.694097,False,
AL-32a181637a2b,1000067437,5100,Familia T1,Categoria T1,technical,account_deterioration,executive,52.35,medium,medium,0.72,0.32996602348993287,0.6599320469798657,0.86,0.0,Escalate to the account owner and register the recovery outcome after contact.,"Account quality is deteriorating across risk, inactivity or drift signals.",delegado,48,technical_product_engine | signal_fusion,Deterioration score is 0.66. | Risk score is 0.60. | Negative growth component is -0.00.,"{""risk_score"": 0.5999496644295302, ""inactivity_score"": 1.0, ""drift_score"": 0.999748322147651, ""negative_growth"": -0.0}",2026-05-10T01:57:50.694097,2026-05-12T01:57:50.694097,False,
AL-bb6b6693b80b,43019,5108,Familia T1,Categoria T1,technical,churn_risk,risk,61.49,medium,critical,0.65,0.29983240223463686,1.0,0.85,0.0,Schedule a retention call and validate whether the product has moved to a competitor.,Technical-product relationship shows abandonment risk.,delegado,24,technical_product_engine,Churn risk score is 60.0. | Inactivity ratio is 4.00. | Detected 1 drift signals.,"{""risk_score"": 0.5996648044692737, ""risk_level"": ""medium"", ""inactivity_score"": 1.0, ""days_since_last_order"": 180.0}",2026-05-10T01:57:50.694097,2026-05-11T01:57:50.694097,False,
AL-60660233de41,41933,Categoria C2,Bioseguridad,unknown,commodity,cross_sell_opportunity,opportunity,52.0,medium,critical,0.6,0.11115599999999999,1.0,0.75,1667.34,Prepare a complementary offer linked to the client's observed consumption profile.,Detected available wallet share in a related product family.,televenta,24,feature_engineering | commodity_ai_engine,Potential gap is 1667.34. | Capture ratio is 0.00.,"{""potential_h"": 1667.34, ""potential_gap"": 1667.34, ""capture_ratio"": 0.0, ""cross_sell_score"": 1.0}",2026-05-10T01:57:50.694097,2026-05-11T01:57:50.694097,False,
AL-7863dbf7bbc0,1000100320,5108,Familia T1,Categoria T1,technical,account_deterioration,executive,52.34,medium,medium,0.72,0.329935917721519,0.659871835443038,0.86,0.0,Escalate to the account owner and register the recovery outcome after contact.,"Account quality is deteriorating across risk, inactivity or drift signals.",delegado,48,technical_product_engine | signal_fusion,Deterioration score is 0.66. | Risk score is 0.60. | Negative growth component is -0.00.,"{""risk_score"": 0.5999050632911392, ""inactivity_score"": 1.0, ""drift_score"": 0.999525316455696, ""negative_growth"": -0.0}",2026-05-10T01:57:50.694097,2026-05-12T01:57:50.694097,False,
AL-84c8db0375de,2000644,Categoria C1,Anestesia,unknown,commodity,cross_sell_opportunity,opportunity,53.67,medium,critical,0.6,0.148208,1.0,0.75,2223.12,Prepare a complementary offer linked to the client's observed consumption profile.,Detected available wallet share in a related product family.,televenta,24,feature_engineering | commodity_ai_engine,Potential gap is 2223.12. | Capture ratio is 0.00.,"{""potential_h"": 2223.12, ""potential_gap"": 2223.12, ""capture_ratio"": 0.0, ""cross_sell_score"": 1.0}",2026-05-10T01:57:50.694097,2026-05-11T01:57:50.694097,False,
AL-3f0226957e41,10994,5382,Familia T1,Categoria T1,technical,churn_risk,risk,61.5,medium,critical,0.65,0.2999212598425197,1.0,0.85,3981.449999999999,Schedule a retention call and validate whether the product has moved to a competitor.,Technical-product relationship shows abandonment risk.,delegado,24,technical_product_engine,Churn risk score is 60.0. | Inactivity ratio is 5.00. | Detected 1 drift signals.,"{""risk_score"": 0.5998425196850394, ""risk_level"": ""medium"", ""inactivity_score"": 1.0, ""days_since_last_order"": 382.0}",2026-05-10T01:57:50.694097,2026-05-11T01:57:50.694097,False,
AL-64279356c4aa,36766,Categoria T1,Biomateriales,unknown,commodity,cross_sell_opportunity,opportunity,85.35,critical,critical,0.6,0.8854446666666667,0.9574086034837218,0.75,13281.67,Prepare a complementary offer linked to the client's observed consumption profile.,Detected available wallet share in a related product family.,delegado,24,feature_engineering | commodity_ai_engine,Potential gap is 13281.67. | Capture ratio is 0.04.,"{""potential_h"": 13872.52, ""potential_gap"": 13281.67, ""capture_ratio"": 0.0425913965162782, ""cross_sell_score"": 0.9574086034837218}",2026-05-10T01:57:50.694097,2026-05-11T01:57:50.694097,False,
AL-909cf1a8f973,41803,Categoria C2,Bioseguridad,unknown,commodity,cross_sell_opportunity,opportunity,52.0,medium,critical,0.6,0.11115599999999999,1.0,0.75,1667.34,Prepare a complementary offer linked to the client's observed consumption profile.,Detected available wallet share in a related product family.,televenta,24,feature_engineering | commodity_ai_engine,Potential gap is 1667.34. | Capture ratio is 0.00.,"{""potential_h"": 1667.34, ""potential_gap"": 1667.34, ""capture_ratio"": 0.0, ""cross_sell_score"": 1.0}",2026-05-10T01:57:50.694097,2026-05-11T01:57:50.694097,False,
AL-0b67f6d768a1,1000081176,5115,Familia T2,Categoria T1,technical,account_deterioration,executive,61.18,medium,medium,0.72,0.5262625,0.6599227099236642,0.86,10525.25,Escalate to the account owner and register the recovery outcome after contact.,"Account quality is deteriorating across risk, inactivity or drift signals.",delegado,48,technical_product_engine | signal_fusion,Deterioration score is 0.66. | Risk score is 0.60. | Negative growth component is -0.00.,"{""risk_score"": 0.5999427480916031, ""inactivity_score"": 1.0, ""drift_score"": 0.9997137404580152, ""negative_growth"": -0.0}",2026-05-10T01:57:50.694097,2026-05-12T01:57:50.694097,False,
AL-4b86a1a84f8c,28005,5099,Familia T1,Categoria T1,technical,account_deterioration,executive,55.12,medium,high,0.72,0.354087985720403,0.708175971440806,0.86,0.0,Escalate to the account owner and register the recovery outcome after contact.,"Account quality is deteriorating across risk, inactivity or drift signals.",delegado,48,technical_product_engine | signal_fusion,Deterioration score is 0.71. | Risk score is 0.67. | Negative growth component is 1.00.,"{""risk_score"": 0.6704903163966938, ""inactivity_score"": 0.3111111111111111, ""drift_score"": 0.978632914620927, ""negative_growth"": 1.0}",2026-05-10T01:57:50.694097,2026-05-12T01:57:50.694097,False,
AL-ab8d9a8cffe5,23086,5099,Familia T1,Categoria T1,technical,account_deterioration,executive,52.35,medium,medium,0.72,0.3299754694124773,0.6599509388249546,0.86,3379.17,Escalate to the account owner and register the recovery outcome after contact.,"Account quality is deteriorating across risk, inactivity or drift signals.",delegado,48,technical_product_engine | signal_fusion,Deterioration score is 0.66. | Risk score is 0.60. | Negative growth component is -0.00.,"{""risk_score"": 0.5999636583888552, ""inactivity_score"": 1.0, ""drift_score"": 0.9998182919442762, ""negative_growth"": -0.0}",2026-05-10T01:57:50.694097,2026-05-12T01:57:50.694097,False,
AL-86952c8f5d94,1000071891,5102,Familia T2,Categoria T1,technical,churn_risk,risk,61.5,medium,critical,0.65,0.2999827685238369,1.0,0.85,4936.74,Schedule a retention call and validate whether the product has moved to a competitor.,Technical-product relationship shows abandonment risk.,delegado,24,technical_product_engine,Churn risk score is 60.0. | Inactivity ratio is 5.00. | Detected 1 drift signals.,"{""risk_score"": 0.5999655370476737, ""risk_level"": ""medium"", ""inactivity_score"": 1.0, ""days_since_last_order"": 1742.0}",2026-05-10T01:57:50.694097,2026-05-11T01:57:50.694097,False,
AL-4e89093cb116,37581,5382,Familia T1,Categoria T1,technical,churn_risk,risk,59.5,medium,medium,0.8500000000000001,0.41052700000000003,0.686423290278746,0.85,8210.54,Schedule a retention call and validate whether the product has moved to a competitor.,Technical-product relationship shows abandonment risk.,delegado,48,technical_product_engine,Churn risk score is 68.6. | Inactivity ratio is 0.93. | Detected 3 drift signals.,"{""risk_score"": 0.686423290278746, ""risk_level"": ""high"", ""inactivity_score"": 0.3733333333333333, ""days_since_last_order"": 42.0}",2026-05-10T01:57:50.694097,2026-05-12T01:57:50.694097,False,
AL-03ab15f91678,1000080853,Categoria C2,Bioseguridad,unknown,commodity,cross_sell_opportunity,opportunity,50.26,medium,critical,0.6,0.07242933333333333,1.0,0.75,1086.44,Prepare a complementary offer linked to the client's observed consumption profile.,Detected available wallet share in a related product family.,televenta,24,feature_engineering | commodity_ai_engine,Potential gap is 1086.44. | Capture ratio is 0.00.,"{""potential_h"": 1086.44, ""potential_gap"": 1086.44, ""capture_ratio"": 0.0, ""cross_sell_score"": 1.0}",2026-05-10T01:57:50.694097,2026-05-11T01:57:50.694097,False,
AL-031fc748b318,31235,Categoria T1,Biomateriales,unknown,commodity,cross_sell_opportunity,opportunity,64.66,medium,critical,0.6,0.47624600000000006,0.8921805919820158,0.75,7143.6900000000005,Prepare a complementary offer linked to the client's observed consumption profile.,Detected available wallet share in a related product family.,televenta,24,feature_engineering | commodity_ai_engine,Potential gap is 7143.69. | Capture ratio is 0.11.,"{""potential_h"": 8007.0, ""potential_gap"": 7143.6900000000005, ""capture_ratio"": 0.1078194080179842, ""cross_sell_score"": 0.8921805919820158}",2026-05-10T01:57:50.694097,2026-05-11T01:57:50.694097,False,
AL-222cf937479d,25656,5115,Familia T2,Categoria T1,technical,account_deterioration,executive,69.43,medium,medium,0.72,0.7096055,0.6598488805970149,0.86,14192.11,Escalate to the account owner and register the recovery outcome after contact.,"Account quality is deteriorating across risk, inactivity or drift signals.",delegado,48,technical_product_engine | signal_fusion,Deterioration score is 0.66. | Risk score is 0.60. | Negative growth component is -0.00.,"{""risk_score"": 0.5998880597014926, ""inactivity_score"": 1.0, ""drift_score"": 0.9994402985074626, ""negative_growth"": -0.0}",2026-05-10T01:57:50.694097,2026-05-12T01:57:50.694097,False,
AL-46963af8bf53,1000078324,Categoria T1,Biomateriales,unknown,commodity,cross_sell_opportunity,opportunity,68.45,medium,critical,0.6,0.5546766666666666,0.8997383019908514,0.75,8320.15,Prepare a complementary offer linked to the client's observed consumption profile.,Detected available wallet share in a related product family.,televenta,24,feature_engineering | commodity_ai_engine,Potential gap is 8320.15. | Capture ratio is 0.10.,"{""potential_h"": 9247.3, ""potential_gap"": 8320.15, ""capture_ratio"": 0.1002616980091486, ""cross_sell_score"": 0.8997383019908514}",2026-05-10T01:57:50.694097,2026-05-11T01:57:50.694097,False,
AL-8d857da6bd50,36612,5099,Familia T1,Categoria T1,technical,account_deterioration,executive,52.34,medium,medium,0.72,0.3298726106944109,0.6597452213888217,0.86,0.0,Escalate to the account owner and register the recovery outcome after contact.,"Account quality is deteriorating across risk, inactivity or drift signals.",delegado,48,technical_product_engine | signal_fusion,Deterioration score is 0.66. | Risk score is 0.60. | Negative growth component is -0.00.,"{""risk_score"": 0.5998112751028309, ""inactivity_score"": 1.0, ""drift_score"": 0.9990563755141544, ""negative_growth"": -0.0}",2026-05-10T01:57:50.694097,2026-05-12T01:57:50.694097,False,
AL-5ff572135465,42356,Categoria T1,Biomateriales,unknown,commodity,cross_sell_opportunity,opportunity,60.88,medium,critical,0.6,0.308348,1.0,0.75,4625.22,Prepare a complementary offer linked to the client's observed consumption profile.,Detected available wallet share in a related product family.,televenta,24,feature_engineering | commodity_ai_engine,Potential gap is 4625.22. | Capture ratio is 0.00.,"{""potential_h"": 4625.22, ""potential_gap"": 4625.22, ""capture_ratio"": 0.0, ""cross_sell_score"": 1.0}",2026-05-10T01:57:50.694097,2026-05-11T01:57:50.694097,False,
AL-9638c8080981,1000079088,5108,Familia T1,Categoria T1,technical,account_deterioration,executive,71.18,high,medium,0.72,0.7485245,0.6598146453089245,0.86,14970.49,Escalate to the account owner and register the recovery outcome after contact.,"Account quality is deteriorating across risk, inactivity or drift signals.",delegado,48,technical_product_engine | signal_fusion,Deterioration score is 0.66. | Risk score is 0.60. | Negative growth component is -0.00.,"{""risk_score"": 0.599862700228833, ""inactivity_score"": 1.0, ""drift_score"": 0.9993135011441648, ""negative_growth"": -0.0}",2026-05-10T01:57:50.694097,2026-05-12T01:57:50.694097,False,
AL-6292535d2cbc,35886,5112,Familia T2,Categoria T1,technical,account_deterioration,executive,52.21,medium,medium,0.72,0.3288251416978646,0.6576502833957292,0.86,0.0,Escalate to the account owner and register the recovery outcome after contact.,"Account quality is deteriorating across risk, inactivity or drift signals.",delegado,48,technical_product_engine | signal_fusion,Deterioration score is 0.66. | Risk score is 0.60. | Negative growth component is -0.00.,"{""risk_score"": 0.5982594691820217, ""inactivity_score"": 1.0, ""drift_score"": 0.991297345910108, ""negative_growth"": -0.0}",2026-05-10T01:57:50.694097,2026-05-12T01:57:50.694097,False,
AL-1b119644dfc5,1000067289,Categoria C1,Anestesia,unknown,commodity,cross_sell_opportunity,opportunity,57.23,medium,critical,0.6,0.227336,1.0,0.75,3410.04,Prepare a complementary offer linked to the client's observed consumption profile.,Detected available wallet share in a related product family.,televenta,24,feature_engineering | commodity_ai_engine,Potential gap is 3410.04. | Capture ratio is 0.00.,"{""potential_h"": 3410.04, ""potential_gap"": 3410.04, ""capture_ratio"": 0.0, ""cross_sell_score"": 1.0}",2026-05-10T01:57:50.694097,2026-05-11T01:57:50.694097,False,
AL-8c745e352c5d,42825,5115,Familia T2,Categoria T1,technical,account_deterioration,executive,52.34,medium,medium,0.72,0.329936018957346,0.659872037914692,0.86,0.0,Escalate to the account owner and register the recovery outcome after contact.,"Account quality is deteriorating across risk, inactivity or drift signals.",delegado,48,technical_product_engine | signal_fusion,Deterioration score is 0.66. | Risk score is 0.60. | Negative growth component is -0.00.,"{""risk_score"": 0.5999052132701422, ""inactivity_score"": 1.0, ""drift_score"": 0.9995260663507108, ""negative_growth"": -0.0}",2026-05-10T01:57:50.694097,2026-05-12T01:57:50.694097,False,
AL-912c6ee34d50,1000100565,5108,Familia T1,Categoria T1,technical,churn_risk,risk,61.5,medium,critical,0.65,0.29995940460081194,1.0,0.85,0.0,Schedule a retention call and validate whether the product has moved to a competitor.,Technical-product relationship shows abandonment risk.,delegado,24,technical_product_engine,Churn risk score is 60.0. | Inactivity ratio is 5.00. | Detected 1 drift signals.,"{""risk_score"": 0.5999188092016239, ""risk_level"": ""medium"", ""inactivity_score"": 1.0, ""days_since_last_order"": 740.0}",2026-05-10T01:57:50.694097,2026-05-11T01:57:50.694097,False,
AL-40dbb1db9f72,1000068003,Categoria T1,Biomateriales,unknown,commodity,cross_sell_opportunity,opportunity,81.14,high,medium,0.6,1.0,0.6898323474599795,0.75,19137.26,Prepare a complementary offer linked to the client's observed consumption profile.,Detected available wallet share in a related product family.,delegado,48,feature_engineering | commodity_ai_engine,Potential gap is 19137.26. | Capture ratio is 0.31.,"{""potential_h"": 27741.9, ""potential_gap"": 19137.26, ""capture_ratio"": 0.3101676525400206, ""cross_sell_score"": 0.6898323474599795}",2026-05-10T01:57:50.694097,2026-05-12T01:57:50.694097,False,
AL-1aafe646cfb6,1000078830,Categoria T1,Biomateriales,unknown,commodity,cross_sell_opportunity,opportunity,60.88,medium,critical,0.6,0.308348,1.0,0.75,4625.22,Prepare a complementary offer linked to the client's observed consumption profile.,Detected available wallet share in a related product family.,televenta,24,feature_engineering | commodity_ai_engine,Potential gap is 4625.22. | Capture ratio is 0.00.,"{""potential_h"": 4625.22, ""potential_gap"": 4625.22, ""capture_ratio"": 0.0, ""cross_sell_score"": 1.0}",2026-05-10T01:57:50.694097,2026-05-11T01:57:50.694097,False,
AL-c9d844b01945,38043,Categoria C1,Anestesia,unknown,commodity,cross_sell_opportunity,opportunity,53.67,medium,critical,0.6,0.148208,1.0,0.75,2223.12,Prepare a complementary offer linked to the client's observed consumption profile.,Detected available wallet share in a related product family.,televenta,24,feature_engineering | commodity_ai_engine,Potential gap is 2223.12. | Capture ratio is 0.00.,"{""potential_h"": 2223.12, ""potential_gap"": 2223.12, ""capture_ratio"": 0.0, ""cross_sell_score"": 1.0}",2026-05-10T01:57:50.694097,2026-05-11T01:57:50.694097,False,
AL-440c46cb25a6,1000081835,Categoria C2,Bioseguridad,unknown,commodity,cross_sell_opportunity,opportunity,50.26,medium,critical,0.6,0.07242933333333333,1.0,0.75,1086.44,Prepare a complementary offer linked to the client's observed consumption profile.,Detected available wallet share in a related product family.,televenta,24,feature_engineering | commodity_ai_engine,Potential gap is 1086.44. | Capture ratio is 0.00.,"{""potential_h"": 1086.44, ""potential_gap"": 1086.44, ""capture_ratio"": 0.0, ""cross_sell_score"": 1.0}",2026-05-10T01:57:50.694097,2026-05-11T01:57:50.694097,False,
AL-84c992aca8dc,42197,5115,Familia T2,Categoria T1,technical,account_deterioration,executive,52.35,medium,medium,0.72,0.3299715789473684,0.6599431578947368,0.86,0.0,Escalate to the account owner and register the recovery outcome after contact.,"Account quality is deteriorating across risk, inactivity or drift signals.",delegado,48,technical_product_engine | signal_fusion,Deterioration score is 0.66. | Risk score is 0.60. | Negative growth component is -0.00.,"{""risk_score"": 0.5999578947368421, ""inactivity_score"": 1.0, ""drift_score"": 0.9997894736842106, ""negative_growth"": -0.0}",2026-05-10T01:57:50.694097,2026-05-12T01:57:50.694097,False,
AL-e012042f0737,42307,5116,Familia T2,Categoria T1,technical,churn_risk,risk,61.5,medium,critical,0.65,0.2999773926149209,1.0,0.85,0.0,Schedule a retention call and validate whether the product has moved to a competitor.,Technical-product relationship shows abandonment risk.,delegado,24,technical_product_engine,Churn risk score is 60.0. | Inactivity ratio is 5.00. | Detected 1 drift signals.,"{""risk_score"": 0.5999547852298418, ""risk_level"": ""medium"", ""inactivity_score"": 1.0, ""days_since_last_order"": 1328.0}",2026-05-10T01:57:50.694097,2026-05-11T01:57:50.694097,False,
AL-0d5762fc627b,7332,Categoria T1,Biomateriales,unknown,commodity,cross_sell_opportunity,opportunity,65.01,medium,medium,0.6,0.6778160000000001,0.6429655524807375,0.75,10167.240000000002,Prepare a complementary offer linked to the client's observed consumption profile.,Detected available wallet share in a related product family.,televenta,72,feature_engineering | commodity_ai_engine,Potential gap is 10167.24. | Capture ratio is 0.36.,"{""potential_h"": 15813.04, ""potential_gap"": 10167.240000000002, ""capture_ratio"": 0.3570344475192625, ""cross_sell_score"": 0.6429655524807375}",2026-05-10T01:57:50.694097,2026-05-13T01:57:50.694097,False,
AL-527c9c2dab0b,1000081833,Categoria T1,Biomateriales,unknown,commodity,cross_sell_opportunity,opportunity,58.1,medium,critical,0.6,0.24659466666666668,1.0,0.75,3698.92,Prepare a complementary offer linked to the client's observed consumption profile.,Detected available wallet share in a related product family.,televenta,24,feature_engineering | commodity_ai_engine,Potential gap is 3698.92. | Capture ratio is 0.00.,"{""potential_h"": 3698.92, ""potential_gap"": 3698.92, ""capture_ratio"": 0.0, ""cross_sell_score"": 1.0}",2026-05-10T01:57:50.694097,2026-05-11T01:57:50.694097,False,
AL-48e35031e260,25923,Categoria C2,Bioseguridad,unknown,commodity,cross_sell_opportunity,opportunity,49.64,low,critical,0.6,0.05861333333333334,1.0,0.75,879.2,Prepare a complementary offer linked to the client's observed consumption profile.,Detected available wallet share in a related product family.,marketing_automation,24,feature_engineering | commodity_ai_engine,Potential gap is 879.20. | Capture ratio is 0.00.,"{""potential_h"": 879.2, ""potential_gap"": 879.2, ""capture_ratio"": 0.0, ""cross_sell_score"": 1.0}",2026-05-10T01:57:50.694097,2026-05-11T01:57:50.694097,False,
AL-3a190b6e2c1e,1000077513,5103,Familia T1,Categoria T1,technical,product_mix_drift,anomaly,68.5,medium,critical,0.7,0.44039355100258826,0.9908854897558236,0.82,0.0,Ask the account owner to validate whether the product mix changed or moved to another supplier.,Product behavior drifted versus historical and peer pattern.,delegado,24,technical_product_engine,Highest drift score is 0.99. | Volume drift is 0.00. | Interval drift is 0.99.,"{""volume_drift_score"": 0.0, ""interval_drift_score"": 0.9908854897558236, ""peer_drift_score"": 0.0}",2026-05-10T01:57:50.694097,2026-05-11T01:57:50.694097,False,
AL-a1b4ddfd5c76,1000101930,Categoria C2,Bioseguridad,unknown,commodity,cross_sell_opportunity,opportunity,40.45,low,high,0.6,0.07905266666666666,0.7111866805810454,0.75,1185.79,Prepare a complementary offer linked to the client's observed consumption profile.,Detected available wallet share in a related product family.,marketing_automation,48,feature_engineering | commodity_ai_engine,Potential gap is 1185.79. | Capture ratio is 0.29.,"{""potential_h"": 1667.34, ""potential_gap"": 1185.79, ""capture_ratio"": 0.2888133194189547, ""cross_sell_score"": 0.7111866805810454}",2026-05-10T01:57:50.694097,2026-05-12T01:57:50.694097,False,
AL-4d09e016781d,40422,5115,Familia T2,Categoria T1,technical,account_deterioration,executive,52.06,medium,medium,0.72,0.327498730964467,0.654997461928934,0.86,0.0,Escalate to the account owner and register the recovery outcome after contact.,"Account quality is deteriorating across risk, inactivity or drift signals.",delegado,48,technical_product_engine | signal_fusion,Deterioration score is 0.65. | Risk score is 0.60. | Negative growth component is -0.00.,"{""risk_score"": 0.5962944162436549, ""inactivity_score"": 1.0, ""drift_score"": 0.981472081218274, ""negative_growth"": -0.0}",2026-05-10T01:57:50.694097,2026-05-12T01:57:50.694097,False,
AL-0fa68d581b7e,1000082261,5099,Familia T1,Categoria T1,technical,product_mix_drift,anomaly,68.99,medium,critical,0.7,0.44435803269244617,0.9998055735580038,0.82,0.0,Ask the account owner to validate whether the product mix changed or moved to another supplier.,Product behavior drifted versus historical and peer pattern.,delegado,24,technical_product_engine,Highest drift score is 1.00. | Volume drift is 0.00. | Interval drift is 1.00.,"{""volume_drift_score"": 0.0, ""interval_drift_score"": 0.9998055735580038, ""peer_drift_score"": 0.0}",2026-05-10T01:57:50.694097,2026-05-11T01:57:50.694097,False,
AL-2f6230cc0d08,36827,5099,Familia T1,Categoria T1,technical,churn_risk,risk,59.56,medium,high,0.8500000000000001,0.3700797064016028,0.7401594128032056,0.85,0.0,Schedule a retention call and validate whether the product has moved to a competitor.,Technical-product relationship shows abandonment risk.,delegado,48,technical_product_engine,Churn risk score is 74.0. | Inactivity ratio is 1.20. | Detected 3 drift signals.,"{""risk_score"": 0.7401594128032056, ""risk_level"": ""high"", ""inactivity_score"": 0.48, ""days_since_last_order"": 54.0}",2026-05-10T01:57:50.694097,2026-05-12T01:57:50.694097,False,
AL-e37d71869ab4,1000058504,5099,Familia T1,Categoria T1,technical,churn_risk,risk,56.18,medium,medium,0.8500000000000001,0.34066290667298804,0.6813258133459761,0.85,0.0,Schedule a retention call and validate whether the product has moved to a competitor.,Technical-product relationship shows abandonment risk.,delegado,48,technical_product_engine,Churn risk score is 68.1. | Inactivity ratio is 0.87. | Detected 3 drift signals.,"{""risk_score"": 0.6813258133459761, ""risk_level"": ""high"", ""inactivity_score"": 0.3466666666666667, ""days_since_last_order"": 39.0}",2026-05-10T01:57:50.694097,2026-05-12T01:57:50.694097,False,
AL-b8281434c9be,1000065692,5115,Familia T2,Categoria T1,technical,churn_risk,risk,61.5,medium,critical,0.65,0.2999823217442546,1.0,0.85,3786.02,Schedule a retention call and validate whether the product has moved to a competitor.,Technical-product relationship shows abandonment risk.,delegado,24,technical_product_engine,Churn risk score is 60.0. | Inactivity ratio is 5.00. | Detected 1 drift signals.,"{""risk_score"": 0.5999646434885092, ""risk_level"": ""medium"", ""inactivity_score"": 1.0, ""days_since_last_order"": 1698.0}",2026-05-10T01:57:50.694097,2026-05-11T01:57:50.694097,False,
AL-84f49f6186d7,7025,5099,Familia T1,Categoria T1,technical,product_mix_drift,anomaly,68.98,medium,critical,0.7,0.44431097764431093,0.9996996996996996,0.82,989.45,Ask the account owner to validate whether the product mix changed or moved to another supplier.,Product behavior drifted versus historical and peer pattern.,delegado,24,technical_product_engine,Highest drift score is 1.00. | Volume drift is 0.00. | Interval drift is 1.00.,"{""volume_drift_score"": 0.0, ""interval_drift_score"": 0.9996996996996996, ""peer_drift_score"": 0.0}",2026-05-10T01:57:50.694097,2026-05-11T01:57:50.694097,False,
AL-910097e5a0b3,1000076579,5115,Familia T2,Categoria T1,technical,account_deterioration,executive,56.53,medium,high,0.72,0.36630851594453395,0.7326170318890679,0.86,0.0,Escalate to the account owner and register the recovery outcome after contact.,"Account quality is deteriorating across risk, inactivity or drift signals.",delegado,48,technical_product_engine | signal_fusion,Deterioration score is 0.73. | Risk score is 0.70. | Negative growth component is 1.00.,"{""risk_score"": 0.6957760479181374, ""inactivity_score"": 0.3733333333333333, ""drift_score"": 0.978810408921933, ""negative_growth"": 1.0}",2026-05-10T01:57:50.694097,2026-05-12T01:57:50.694097,False,
AL-c1b9b631fe72,1000101561,Categoria C2,Bioseguridad,unknown,commodity,cross_sell_opportunity,opportunity,49.64,low,critical,0.6,0.05861333333333334,1.0,0.75,879.2,Prepare a complementary offer linked to the client's observed consumption profile.,Detected available wallet share in a related product family.,marketing_automation,24,feature_engineering | commodity_ai_engine,Potential gap is 879.20. | Capture ratio is 0.00.,"{""potential_h"": 879.2, ""potential_gap"": 879.2, ""capture_ratio"": 0.0, ""cross_sell_score"": 1.0}",2026-05-10T01:57:50.694097,2026-05-11T01:57:50.694097,False,
AL-589da216f12e,26265,Categoria T1,Biomateriales,unknown,commodity,cross_sell_opportunity,opportunity,74.96,high,high,0.6,0.7599966666666668,0.821764899239648,0.75,11399.95,Prepare a complementary offer linked to the client's observed consumption profile.,Detected available wallet share in a related product family.,televenta,48,feature_engineering | commodity_ai_engine,Potential gap is 11399.95. | Capture ratio is 0.18.,"{""potential_h"": 13872.52, ""potential_gap"": 11399.95, ""capture_ratio"": 0.1782351007603521, ""cross_sell_score"": 0.821764899239648}",2026-05-10T01:57:50.694097,2026-05-12T01:57:50.694097,False,
AL-fa23deaaf412,39792,5103,Familia T1,Categoria T1,technical,product_mix_drift,anomaly,68.32,medium,critical,0.7,0.43892597537457345,0.9875834445927902,0.82,0.0,Ask the account owner to validate whether the product mix changed or moved to another supplier.,Product behavior drifted versus historical and peer pattern.,delegado,24,technical_product_engine,Highest drift score is 0.99. | Volume drift is 0.00. | Interval drift is 0.99.,"{""volume_drift_score"": 0.0, ""interval_drift_score"": 0.9875834445927902, ""peer_drift_score"": 0.0}",2026-05-10T01:57:50.694097,2026-05-11T01:57:50.694097,False,
AL-63635c19e708,1000080795,5100,Familia T1,Categoria T1,technical,account_deterioration,executive,53.24,medium,medium,0.72,0.33770734754235754,0.6754146950847151,0.86,0.0,Escalate to the account owner and register the recovery outcome after contact.,"Account quality is deteriorating across risk, inactivity or drift signals.",delegado,48,technical_product_engine | signal_fusion,Deterioration score is 0.68. | Risk score is 0.64. | Negative growth component is 1.00.,"{""risk_score"": 0.6427415461016721, ""inactivity_score"": 0.2755555555555555, ""drift_score"": 0.9078313253012048, ""negative_growth"": 1.0}",2026-05-10T01:57:50.694097,2026-05-12T01:57:50.694097,False,
AL-5eee94cc89d8,1000056822,5119,Familia T2,Categoria T1,technical,product_mix_drift,anomaly,68.96,medium,critical,0.7,0.4441400304414003,0.9993150684931508,0.82,3778.99,Ask the account owner to validate whether the product mix changed or moved to another supplier.,Product behavior drifted versus historical and peer pattern.,delegado,24,technical_product_engine,Highest drift score is 1.00. | Volume drift is 0.00. | Interval drift is 1.00.,"{""volume_drift_score"": 0.0, ""interval_drift_score"": 0.9993150684931508, ""peer_drift_score"": 0.0}",2026-05-10T01:57:50.694097,2026-05-11T01:57:50.694097,False,
AL-ea8a5cdb550f,1000101333,Categoria C1,Anestesia,unknown,commodity,cross_sell_opportunity,opportunity,53.67,medium,critical,0.6,0.148208,1.0,0.75,2223.12,Prepare a complementary offer linked to the client's observed consumption profile.,Detected available wallet share in a related product family.,televenta,24,feature_engineering | commodity_ai_engine,Potential gap is 2223.12. | Capture ratio is 0.00.,"{""potential_h"": 2223.12, ""potential_gap"": 2223.12, ""capture_ratio"": 0.0, ""cross_sell_score"": 1.0}",2026-05-10T01:57:50.694097,2026-05-11T01:57:50.694097,False,
AL-ec736f279639,1000101742,Categoria C2,Bioseguridad,unknown,commodity,cross_sell_opportunity,opportunity,50.26,medium,critical,0.6,0.07242933333333333,1.0,0.75,1086.44,Prepare a complementary offer linked to the client's observed consumption profile.,Detected available wallet share in a related product family.,televenta,24,feature_engineering | commodity_ai_engine,Potential gap is 1086.44. | Capture ratio is 0.00.,"{""potential_h"": 1086.44, ""potential_gap"": 1086.44, ""capture_ratio"": 0.0, ""cross_sell_score"": 1.0}",2026-05-10T01:57:50.694097,2026-05-11T01:57:50.694097,False,
AL-fb4a281e7bc9,1000081816,5099,Familia T1,Categoria T1,technical,product_mix_drift,anomaly,68.89,medium,critical,0.7,0.44356053919032157,0.9980112131782236,0.82,0.0,Ask the account owner to validate whether the product mix changed or moved to another supplier.,Product behavior drifted versus historical and peer pattern.,delegado,24,technical_product_engine,Highest drift score is 1.00. | Volume drift is 0.00. | Interval drift is 1.00.,"{""volume_drift_score"": 0.0, ""interval_drift_score"": 0.9980112131782236, ""peer_drift_score"": 0.0}",2026-05-10T01:57:50.694097,2026-05-11T01:57:50.694097,False,
AL-1499a5cc6b8f,1000077426,5099,Familia T1,Categoria T1,technical,churn_risk,risk,61.5,medium,critical,0.65,0.29998117325290596,1.0,0.85,0.0,Schedule a retention call and validate whether the product has moved to a competitor.,Technical-product relationship shows abandonment risk.,delegado,24,technical_product_engine,Churn risk score is 60.0. | Inactivity ratio is 5.00. | Detected 1 drift signals.,"{""risk_score"": 0.5999623465058119, ""risk_level"": ""medium"", ""inactivity_score"": 1.0, ""days_since_last_order"": 1187.0}",2026-05-10T01:57:50.694097,2026-05-11T01:57:50.694097,False,
AL-e857b6ffccb6,24325,5108,Familia T1,Categoria T1,technical,account_deterioration,executive,52.16,medium,medium,0.72,0.3283786628146925,0.656757325629385,0.86,2059.73,Escalate to the account owner and register the recovery outcome after contact.,"Account quality is deteriorating across risk, inactivity or drift signals.",delegado,48,technical_product_engine | signal_fusion,Deterioration score is 0.66. | Risk score is 0.60. | Negative growth component is -0.00.,"{""risk_score"": 0.5975980189847296, ""inactivity_score"": 1.0, ""drift_score"": 0.9879900949236484, ""negative_growth"": -0.0}",2026-05-10T01:57:50.694097,2026-05-12T01:57:50.694097,False,
AL-325f53c4c1d4,1000080980,5103,Familia T1,Categoria T1,technical,churn_risk,risk,61.5,medium,critical,0.65,0.2999818731117825,1.0,0.85,0.0,Schedule a retention call and validate whether the product has moved to a competitor.,Technical-product relationship shows abandonment risk.,delegado,24,technical_product_engine,Churn risk score is 60.0. | Inactivity ratio is 5.00. | Detected 1 drift signals.,"{""risk_score"": 0.599963746223565, ""risk_level"": ""medium"", ""inactivity_score"": 1.0, ""days_since_last_order"": 1656.0}",2026-05-10T01:57:50.694097,2026-05-11T01:57:50.694097,False,
AL-42a99f85e979,1000078331,Categoria T1,Biomateriales,unknown,commodity,cross_sell_opportunity,opportunity,71.72,high,high,0.6,0.7419626666666667,0.7522087528251491,0.75,11129.44,Prepare a complementary offer linked to the client's observed consumption profile.,Detected available wallet share in a related product family.,televenta,48,feature_engineering | commodity_ai_engine,Potential gap is 11129.44. | Capture ratio is 0.25.,"{""potential_h"": 14795.68, ""potential_gap"": 11129.44, ""capture_ratio"": 0.247791247174851, ""cross_sell_score"": 0.7522087528251491}",2026-05-10T01:57:50.694097,2026-05-12T01:57:50.694097,False,
AL-945c01b97e9a,35711,Categoria C1,Anestesia,unknown,commodity,cross_sell_opportunity,opportunity,45.08,low,high,0.6,0.11766599999999998,0.7939247543992227,0.75,1764.9899999999998,Prepare a complementary offer linked to the client's observed consumption profile.,Detected available wallet share in a related product family.,marketing_automation,48,feature_engineering | commodity_ai_engine,Potential gap is 1764.99. | Capture ratio is 0.21.,"{""potential_h"": 2223.12, ""potential_gap"": 1764.9899999999998, ""capture_ratio"": 0.2060752456007773, ""cross_sell_score"": 0.7939247543992227}",2026-05-10T01:57:50.694097,2026-05-12T01:57:50.694097,False,
AL-9fb668b6215d,1000101477,Categoria C1,Anestesia,unknown,commodity,cross_sell_opportunity,opportunity,53.67,medium,critical,0.6,0.148208,1.0,0.75,2223.12,Prepare a complementary offer linked to the client's observed consumption profile.,Detected available wallet share in a related product family.,televenta,24,feature_engineering | commodity_ai_engine,Potential gap is 2223.12. | Capture ratio is 0.00.,"{""potential_h"": 2223.12, ""potential_gap"": 2223.12, ""capture_ratio"": 0.0, ""cross_sell_score"": 1.0}",2026-05-10T01:57:50.694097,2026-05-11T01:57:50.694097,False,
AL-ccd466e35fb3,1000101357,Categoria C1,Anestesia,unknown,commodity,cross_sell_opportunity,opportunity,53.67,medium,critical,0.6,0.148208,1.0,0.75,2223.12,Prepare a complementary offer linked to the client's observed consumption profile.,Detected available wallet share in a related product family.,televenta,24,feature_engineering | commodity_ai_engine,Potential gap is 2223.12. | Capture ratio is 0.00.,"{""potential_h"": 2223.12, ""potential_gap"": 2223.12, ""capture_ratio"": 0.0, ""cross_sell_score"": 1.0}",2026-05-10T01:57:50.694097,2026-05-11T01:57:50.694097,False,
AL-23e6efd8a536,22330,Categoria C2,Bioseguridad,unknown,commodity,cross_sell_opportunity,opportunity,50.26,medium,critical,0.6,0.07242933333333333,1.0,0.75,1086.44,Prepare a complementary offer linked to the client's observed consumption profile.,Detected available wallet share in a related product family.,televenta,24,feature_engineering | commodity_ai_engine,Potential gap is 1086.44. | Capture ratio is 0.00.,"{""potential_h"": 1086.44, ""potential_gap"": 1086.44, ""capture_ratio"": 0.0, ""cross_sell_score"": 1.0}",2026-05-10T01:57:50.694097,2026-05-11T01:57:50.694097,False,
AL-fc5bd63fdd14,1000079028,5107,Familia T1,Categoria T1,technical,product_mix_drift,anomaly,68.98,medium,critical,0.7,0.44427502470704494,0.9996188055908511,0.82,1351.8200000000002,Ask the account owner to validate whether the product mix changed or moved to another supplier.,Product behavior drifted versus historical and peer pattern.,delegado,24,technical_product_engine,Highest drift score is 1.00. | Volume drift is 0.00. | Interval drift is 1.00.,"{""volume_drift_score"": 0.0, ""interval_drift_score"": 0.9996188055908511, ""peer_drift_score"": 0.0}",2026-05-10T01:57:50.694097,2026-05-11T01:57:50.694097,False,
AL-8e77dab9a40f,1000070963,5112,Familia T2,Categoria T1,technical,churn_risk,risk,61.5,medium,critical,0.65,0.29997512437810947,1.0,0.85,1102.71,Schedule a retention call and validate whether the product has moved to a competitor.,Technical-product relationship shows abandonment risk.,delegado,24,technical_product_engine,Churn risk score is 60.0. | Inactivity ratio is 5.00. | Detected 1 drift signals.,"{""risk_score"": 0.5999502487562189, ""risk_level"": ""medium"", ""inactivity_score"": 1.0, ""days_since_last_order"": 1207.0}",2026-05-10T01:57:50.694097,2026-05-11T01:57:50.694097,False,
AL-6179561f765b,1000102142,Categoria C2,Bioseguridad,unknown,commodity,cross_sell_opportunity,opportunity,50.26,medium,critical,0.6,0.07242933333333333,1.0,0.75,1086.44,Prepare a complementary offer linked to the client's observed consumption profile.,Detected available wallet share in a related product family.,televenta,24,feature_engineering | commodity_ai_engine,Potential gap is 1086.44. | Capture ratio is 0.00.,"{""potential_h"": 1086.44, ""potential_gap"": 1086.44, ""capture_ratio"": 0.0, ""cross_sell_score"": 1.0}",2026-05-10T01:57:50.694097,2026-05-11T01:57:50.694097,False,
AL-a4cbc9e79d5b,1000059737,5115,Familia T2,Categoria T1,technical,product_mix_drift,anomaly,68.84,medium,critical,0.7,0.44318976868199467,0.997176979534488,0.82,0.0,Ask the account owner to validate whether the product mix changed or moved to another supplier.,Product behavior drifted versus historical and peer pattern.,delegado,24,technical_product_engine,Highest drift score is 1.00. | Volume drift is 0.00. | Interval drift is 1.00.,"{""volume_drift_score"": 0.0, ""interval_drift_score"": 0.997176979534488, ""peer_drift_score"": 0.0}",2026-05-10T01:57:50.694097,2026-05-11T01:57:50.694097,False,
AL-87dd2278f7f0,18590,5108,Familia T1,Categoria T1,technical,product_mix_drift,anomaly,68.83,medium,critical,0.7,0.44305569075353946,0.9968753041954638,0.82,0.0,Ask the account owner to validate whether the product mix changed or moved to another supplier.,Product behavior drifted versus historical and peer pattern.,delegado,24,technical_product_engine,Highest drift score is 1.00. | Volume drift is 0.00. | Interval drift is 1.00.,"{""volume_drift_score"": 0.0, ""interval_drift_score"": 0.9968753041954638, ""peer_drift_score"": 0.0}",2026-05-10T01:57:50.694097,2026-05-11T01:57:50.694097,False,
AL-a391b520a045,42815,5099,Familia T1,Categoria T1,technical,product_mix_drift,anomaly,68.97,medium,critical,0.7,0.4442195990256699,0.9994940978077572,0.82,0.0,Ask the account owner to validate whether the product mix changed or moved to another supplier.,Product behavior drifted versus historical and peer pattern.,delegado,24,technical_product_engine,Highest drift score is 1.00. | Volume drift is 0.00. | Interval drift is 1.00.,"{""volume_drift_score"": 0.0, ""interval_drift_score"": 0.9994940978077572, ""peer_drift_score"": 0.0}",2026-05-10T01:57:50.694097,2026-05-11T01:57:50.694097,False,
AL-4a9a7cb3eef3,1000081008,5103,Familia T1,Categoria T1,technical,product_mix_drift,anomaly,93.94,critical,critical,0.7,1.0,0.9983542948889484,0.82,40462.64,Ask the account owner to validate whether the product mix changed or moved to another supplier.,Product behavior drifted versus historical and peer pattern.,delegado,24,technical_product_engine,Highest drift score is 1.00. | Volume drift is 0.00. | Interval drift is 1.00.,"{""volume_drift_score"": 0.0, ""interval_drift_score"": 0.9983542948889484, ""peer_drift_score"": 0.0}",2026-05-10T01:57:50.694097,2026-05-11T01:57:50.694097,False,
AL-5ff49a11be2c,1000056408,Categoria C1,Anestesia,unknown,commodity,cross_sell_opportunity,opportunity,52.41,medium,critical,0.6,0.12015733333333332,1.0,0.75,1802.36,Prepare a complementary offer linked to the client's observed consumption profile.,Detected available wallet share in a related product family.,televenta,24,feature_engineering | commodity_ai_engine,Potential gap is 1802.36. | Capture ratio is 0.00.,"{""potential_h"": 1802.36, ""potential_gap"": 1802.36, ""capture_ratio"": 0.0, ""cross_sell_score"": 1.0}",2026-05-10T01:57:50.694097,2026-05-11T01:57:50.694097,False,
AL-e4885cc31183,8809,5118,Familia T2,Categoria T1,technical,account_deterioration,executive,58.08,medium,medium,0.72,0.457338,0.6599475048606611,0.86,9146.76,Escalate to the account owner and register the recovery outcome after contact.,"Account quality is deteriorating across risk, inactivity or drift signals.",delegado,48,technical_product_engine | signal_fusion,Deterioration score is 0.66. | Risk score is 0.60. | Negative growth component is -0.00.,"{""risk_score"": 0.5999611147116009, ""inactivity_score"": 1.0, ""drift_score"": 0.9998055735580038, ""negative_growth"": -0.0}",2026-05-10T01:57:50.694097,2026-05-12T01:57:50.694097,False,
AL-cca371489eae,1000082668,Categoria C1,Anestesia,unknown,commodity,cross_sell_opportunity,opportunity,53.67,medium,critical,0.6,0.148208,1.0,0.75,2223.12,Prepare a complementary offer linked to the client's observed consumption profile.,Detected available wallet share in a related product family.,televenta,24,feature_engineering | commodity_ai_engine,Potential gap is 2223.12. | Capture ratio is 0.00.,"{""potential_h"": 2223.12, ""potential_gap"": 2223.12, ""capture_ratio"": 0.0, ""cross_sell_score"": 1.0}",2026-05-10T01:57:50.694097,2026-05-11T01:57:50.694097,False,
AL-6098d1baf229,1000101249,Categoria C2,Bioseguridad,unknown,commodity,cross_sell_opportunity,opportunity,50.26,medium,critical,0.6,0.07242933333333333,1.0,0.75,1086.44,Prepare a complementary offer linked to the client's observed consumption profile.,Detected available wallet share in a related product family.,televenta,24,feature_engineering | commodity_ai_engine,Potential gap is 1086.44. | Capture ratio is 0.00.,"{""potential_h"": 1086.44, ""potential_gap"": 1086.44, ""capture_ratio"": 0.0, ""cross_sell_score"": 1.0}",2026-05-10T01:57:50.694097,2026-05-11T01:57:50.694097,False,
AL-f8097602117c,496,Categoria C2,Bioseguridad,unknown,commodity,cross_sell_opportunity,opportunity,50.26,medium,critical,0.6,0.07242933333333333,1.0,0.75,1086.44,Prepare a complementary offer linked to the client's observed consumption profile.,Detected available wallet share in a related product family.,televenta,24,feature_engineering | commodity_ai_engine,Potential gap is 1086.44. | Capture ratio is 0.00.,"{""potential_h"": 1086.44, ""potential_gap"": 1086.44, ""capture_ratio"": 0.0, ""cross_sell_score"": 1.0}",2026-05-10T01:57:50.694097,2026-05-11T01:57:50.694097,False,
AL-8330b44df91f,1000081754,5107,Familia T1,Categoria T1,technical,product_mix_drift,anomaly,74.13,high,critical,0.7,0.5584255555555555,0.9999165507649512,0.82,10051.66,Ask the account owner to validate whether the product mix changed or moved to another supplier.,Product behavior drifted versus historical and peer pattern.,delegado,24,technical_product_engine,Highest drift score is 1.00. | Volume drift is 0.00. | Interval drift is 1.00.,"{""volume_drift_score"": 0.0, ""interval_drift_score"": 0.9999165507649512, ""peer_drift_score"": 0.0}",2026-05-10T01:57:50.694097,2026-05-11T01:57:50.694097,False,
AL-c3d1ebe066c9,42471,Categoria C2,Bioseguridad,unknown,commodity,cross_sell_opportunity,opportunity,52.0,medium,critical,0.6,0.11115599999999999,1.0,0.75,1667.34,Prepare a complementary offer linked to the client's observed consumption profile.,Detected available wallet share in a related product family.,televenta,24,feature_engineering | commodity_ai_engine,Potential gap is 1667.34. | Capture ratio is 0.00.,"{""potential_h"": 1667.34, ""potential_gap"": 1667.34, ""capture_ratio"": 0.0, ""cross_sell_score"": 1.0}",2026-05-10T01:57:50.694097,2026-05-11T01:57:50.694097,False,
AL-88142e759952,7471,5112,Familia T2,Categoria T1,technical,account_deterioration,executive,52.35,medium,medium,0.72,0.3299706521739131,0.6599413043478262,0.86,1861.08,Escalate to the account owner and register the recovery outcome after contact.,"Account quality is deteriorating across risk, inactivity or drift signals.",delegado,48,technical_product_engine | signal_fusion,Deterioration score is 0.66. | Risk score is 0.60. | Negative growth component is -0.00.,"{""risk_score"": 0.5999565217391305, ""inactivity_score"": 1.0, ""drift_score"": 0.999782608695652, ""negative_growth"": -0.0}",2026-05-10T01:57:50.694097,2026-05-12T01:57:50.694097,False,
AL-6c7ca17a24fc,40439,5103,Familia T1,Categoria T1,technical,churn_risk,risk,61.48,medium,critical,0.65,0.2995876288659794,1.0,0.85,4999.779999999999,Schedule a retention call and validate whether the product has moved to a competitor.,Technical-product relationship shows abandonment risk.,delegado,24,technical_product_engine,Churn risk score is 59.9. | Inactivity ratio is 5.00. | Detected 1 drift signals.,"{""risk_score"": 0.5991752577319588, ""risk_level"": ""medium"", ""inactivity_score"": 1.0, ""days_since_last_order"": 472.0}",2026-05-10T01:57:50.694097,2026-05-11T01:57:50.694097,False,
AL-35db1c2ca65d,1000076264,4566,Familia C1,Categoria C1,commodity,purchase_anomaly,anomaly,35.35,low,medium,0.62,0.0044084,0.65,0.78,110.21,Review the order pattern before treating the signal as normal demand.,Current behavior is outside the expected purchase pattern.,marketing_automation,72,feature_engineering,Anomaly score is 0.65. | Absolute 30-day growth is 0%. | Return rate is 33%.,"{""anomaly_score"": 0.65, ""sales_growth_30d"": 0.0, ""days_since_last_product_order"": 1629.0, ""campaign_lift_product"": -1.0}",2026-05-10T01:57:50.694097,2026-05-13T01:57:50.694097,False,
AL-4e382da38c09,1000078714,Categoria C1,Anestesia,unknown,commodity,cross_sell_opportunity,opportunity,32.91,low,medium,0.6,0.074372,0.5018082694591385,0.75,1115.58,Prepare a complementary offer linked to the client's observed consumption profile.,Detected available wallet share in a related product family.,marketing_automation,72,feature_engineering | commodity_ai_engine,Potential gap is 1115.58. | Capture ratio is 0.50.,"{""potential_h"": 2223.12, ""potential_gap"": 1115.58, ""capture_ratio"": 0.4981917305408615, ""cross_sell_score"": 0.5018082694591385}",2026-05-10T01:57:50.694097,2026-05-13T01:57:50.694097,False,
AL-b4782e128754,39799,5103,Familia T1,Categoria T1,technical,account_deterioration,executive,52.33,medium,medium,0.72,0.32983093110818107,0.6596618622163621,0.86,0.0,Escalate to the account owner and register the recovery outcome after contact.,"Account quality is deteriorating across risk, inactivity or drift signals.",delegado,48,technical_product_engine | signal_fusion,Deterioration score is 0.66. | Risk score is 0.60. | Negative growth component is -0.00.,"{""risk_score"": 0.5997495275676756, ""inactivity_score"": 1.0, ""drift_score"": 0.9987476378383782, ""negative_growth"": -0.0}",2026-05-10T01:57:50.694097,2026-05-12T01:57:50.694097,False,
AL-330330699d3c,42654,Categoria C2,Bioseguridad,unknown,commodity,cross_sell_opportunity,opportunity,52.0,medium,critical,0.6,0.11115599999999999,1.0,0.75,1667.34,Prepare a complementary offer linked to the client's observed consumption profile.,Detected available wallet share in a related product family.,televenta,24,feature_engineering | commodity_ai_engine,Potential gap is 1667.34. | Capture ratio is 0.00.,"{""potential_h"": 1667.34, ""potential_gap"": 1667.34, ""capture_ratio"": 0.0, ""cross_sell_score"": 1.0}",2026-05-10T01:57:50.694097,2026-05-11T01:57:50.694097,False,
AL-4190dc2a6157,9670,5115,Familia T2,Categoria T1,technical,account_deterioration,executive,52.35,medium,medium,0.72,0.3299814028240156,0.6599628056480312,0.86,0.0,Escalate to the account owner and register the recovery outcome after contact.,"Account quality is deteriorating across risk, inactivity or drift signals.",delegado,48,technical_product_engine | signal_fusion,Deterioration score is 0.66. | Risk score is 0.60. | Negative growth component is -0.00.,"{""risk_score"": 0.5999724486281713, ""inactivity_score"": 1.0, ""drift_score"": 0.9998622431408564, ""negative_growth"": -0.0}",2026-05-10T01:57:50.694097,2026-05-12T01:57:50.694097,False,
AL-106aa39c43f1,1000100321,5103,Familia T1,Categoria T1,technical,churn_risk,risk,61.5,medium,critical,0.65,0.2998986486486487,1.0,0.85,0.0,Schedule a retention call and validate whether the product has moved to a competitor.,Technical-product relationship shows abandonment risk.,delegado,24,technical_product_engine,Churn risk score is 60.0. | Inactivity ratio is 5.00. | Detected 1 drift signals.,"{""risk_score"": 0.5997972972972974, ""risk_level"": ""medium"", ""inactivity_score"": 1.0, ""days_since_last_order"": 297.0}",2026-05-10T01:57:50.694097,2026-05-11T01:57:50.694097,False,
AL-b8064675b471,1000082321,5118,Familia T2,Categoria T1,technical,churn_risk,risk,61.5,medium,critical,0.65,0.2999775952203137,1.0,0.85,77.89999999999782,Schedule a retention call and validate whether the product has moved to a competitor.,Technical-product relationship shows abandonment risk.,delegado,24,technical_product_engine,Churn risk score is 60.0. | Inactivity ratio is 5.00. | Detected 1 drift signals.,"{""risk_score"": 0.5999551904406274, ""risk_level"": ""medium"", ""inactivity_score"": 1.0, ""days_since_last_order"": 1340.0}",2026-05-10T01:57:50.694097,2026-05-11T01:57:50.694097,False,
AL-5737d036b0b4,38934,Categoria T1,Biomateriales,unknown,commodity,cross_sell_opportunity,opportunity,75.34,high,medium,0.6,1.0,0.5239464492338305,0.75,19380.36,Prepare a complementary offer linked to the client's observed consumption profile.,Detected available wallet share in a related product family.,delegado,48,feature_engineering | commodity_ai_engine,Potential gap is 19380.36. | Capture ratio is 0.48.,"{""potential_h"": 36989.2, ""potential_gap"": 19380.36, ""capture_ratio"": 0.4760535507661696, ""cross_sell_score"": 0.5239464492338305}",2026-05-10T01:57:50.694097,2026-05-12T01:57:50.694097,False,
AL-43206dcfa1d3,29477,5103,Familia T1,Categoria T1,technical,product_mix_drift,anomaly,39.17,low,medium,0.7,0.20341779611078367,0.4576900412492632,0.82,0.0,Ask the account owner to validate whether the product mix changed or moved to another supplier.,Product behavior drifted versus historical and peer pattern.,delegado,48,technical_product_engine,Highest drift score is 0.46. | Volume drift is 0.00. | Interval drift is 0.46.,"{""volume_drift_score"": 0.0, ""interval_drift_score"": 0.4576900412492632, ""peer_drift_score"": 0.0}",2026-05-10T01:57:50.694097,2026-05-12T01:57:50.694097,False,
AL-712b3bcafb59,1000100455,Categoria C2,Bioseguridad,unknown,commodity,cross_sell_opportunity,opportunity,52.0,medium,critical,0.6,0.11115599999999999,1.0,0.75,1667.34,Prepare a complementary offer linked to the client's observed consumption profile.,Detected available wallet share in a related product family.,televenta,24,feature_engineering | commodity_ai_engine,Potential gap is 1667.34. | Capture ratio is 0.00.,"{""potential_h"": 1667.34, ""potential_gap"": 1667.34, ""capture_ratio"": 0.0, ""cross_sell_score"": 1.0}",2026-05-10T01:57:50.694097,2026-05-11T01:57:50.694097,False,
AL-e9434128f404,1000100152,Categoria C1,Anestesia,unknown,commodity,cross_sell_opportunity,opportunity,47.28,low,high,0.6,0.12549933333333332,0.8467784015257837,0.75,1882.49,Prepare a complementary offer linked to the client's observed consumption profile.,Detected available wallet share in a related product family.,marketing_automation,48,feature_engineering | commodity_ai_engine,Potential gap is 1882.49. | Capture ratio is 0.15.,"{""potential_h"": 2223.12, ""potential_gap"": 1882.49, ""capture_ratio"": 0.1532215984742164, ""cross_sell_score"": 0.8467784015257837}",2026-05-10T01:57:50.694097,2026-05-12T01:57:50.694097,False,
AL-74eb92b933f4,1000059960,5099,Familia T1,Categoria T1,technical,churn_risk,risk,65.83,medium,medium,0.8500000000000001,0.5776330000000001,0.6523784329177162,0.85,11552.660000000002,Schedule a retention call and validate whether the product has moved to a competitor.,Technical-product relationship shows abandonment risk.,delegado,48,technical_product_engine,Churn risk score is 65.2. | Inactivity ratio is 0.69. | Detected 3 drift signals.,"{""risk_score"": 0.6523784329177162, ""risk_level"": ""high"", ""inactivity_score"": 0.2755555555555555, ""days_since_last_order"": 31.0}",2026-05-10T01:57:50.694097,2026-05-12T01:57:50.694097,False,
AL-7c9a3bb08c24,1000080499,Categoria C2,Bioseguridad,unknown,commodity,cross_sell_opportunity,opportunity,52.0,medium,critical,0.6,0.11115599999999999,1.0,0.75,1667.34,Prepare a complementary offer linked to the client's observed consumption profile.,Detected available wallet share in a related product family.,televenta,24,feature_engineering | commodity_ai_engine,Potential gap is 1667.34. | Capture ratio is 0.00.,"{""potential_h"": 1667.34, ""potential_gap"": 1667.34, ""capture_ratio"": 0.0, ""cross_sell_score"": 1.0}",2026-05-10T01:57:50.694097,2026-05-11T01:57:50.694097,False,
AL-17f3ef0d6472,18755,Categoria T1,Biomateriales,unknown,commodity,cross_sell_opportunity,opportunity,49.85,low,critical,0.6,0.15661666666666665,0.8801985762457849,0.75,2349.25,Prepare a complementary offer linked to the client's observed consumption profile.,Detected available wallet share in a related product family.,marketing_automation,24,feature_engineering | commodity_ai_engine,Potential gap is 2349.25. | Capture ratio is 0.12.,"{""potential_h"": 2669.0, ""potential_gap"": 2349.25, ""capture_ratio"": 0.119801423754215, ""cross_sell_score"": 0.8801985762457849}",2026-05-10T01:57:50.694097,2026-05-11T01:57:50.694097,False,
