client_id,product_id,risk_score,priority_score,risk_level,priority_level,inactivity_score,inactivity_ratio,expected_cycle_days,days_since_last_order,is_inactive,volume_drift_score,interval_drift_score,peer_drift_score,potential_gap,drift_signal_count,peer_avg_growth,peer_avg_similarity,peer_group_type,client_product_embedding_cosine,client_product_preference_gap
11999,5100,0.6096992209726063,5.716460165303663,high,critical,0.16,0.4,45.0,18,False,0.8919999386576766,0.9954102024152305,0.8241146388342736,4340.039999999994,3,-0.080504637096667,0.982185735420188,embedding_weighted,0.5734863786007608,10.227288884768589
40897,5099,0.6654748492826977,0.6654748492826977,high,medium,0.29333333333333333,0.7333333333333333,45.0,33,False,0.8999999999999999,0.9935678695455231,0.8295196136017317,0.0,3,-0.12013338795715173,0.993584992456158,embedding_weighted,0.6137057783820238,1.076423576490777
1000073983,5099,0.6878598205706163,0.6878598205706163,high,medium,0.3555555555555555,0.8888888888888888,45.0,40,False,0.8999999999999999,0.9903457431889152,0.8171229980707411,0.0,3,-0.17977657979091566,0.9944468264899402,embedding_weighted,0.5839772235615253,5.576118119920468
42046,5103,0.7314214570123038,0.7314214570123038,high,high,0.4622222222222222,1.1555555555555554,45.0,52,False,0.8999999999999999,0.9915070774354704,0.8215410175754718,0.0,3,-0.1594707200382234,0.9824989043076101,embedding_weighted,0.9399466150565674,5.6162480878938466
40897,5115,0.6639322440711909,0.6639322440711909,high,medium,0.29333333333333333,0.7333333333333333,45.0,33,False,0.8999999999999999,0.9919134135737495,0.821441520154051,0.0,3,-0.15993908477820667,0.9928622706742012,embedding_weighted,0.5764184458144027,3.954857536981505
1000063806,5099,0.7461354539674728,0.7461354539674728,high,high,0.49777777777777776,1.2444444444444445,45.0,56,False,0.8999999999999999,0.9940475521331009,0.8214322161982768,0.0,3,-0.15998285465335735,0.9988413269533235,embedding_weighted,0.8078021561510769,1.5314161406442608
35886,5115,0.6639429861590809,0.6639429861590809,high,medium,0.28444444444444444,0.7111111111111111,45.0,32,False,0.8999999999999999,0.9883260419065162,0.85,0.0,3,0.0,0.995832878883906,embedding_weighted,0.7661449763784327,4.092594633777672
4549,5115,0.6685312218830152,0.6685312218830152,high,medium,0.3022222222222222,0.7555555555555555,45.0,34,False,0.8999999999999999,0.9855257464301168,0.8369145580540198,0.0,3,-0.0802367261592517,0.9937188531537283,embedding_weighted,0.853237283020219,1.771248757477201
41964,5099,0.6822420277561884,0.6822420277561884,high,medium,0.3377777777777778,0.8444444444444444,45.0,38,False,0.8999999999999999,0.9884954925498621,0.8295454542340321,0.0,3,-0.12000000160777002,0.9999999673445576,embedding_weighted,0.9991449374334344,1.9231997324834964
1000081096,5115,0.665589492911888,0.665589492911888,high,medium,0.29333333333333333,0.7333333333333333,45.0,33,False,0.8999999999999999,0.9885726514016691,0.8369441953214722,0.0,3,-0.08006954860802315,0.9963457968251507,embedding_weighted,0.7419277651401904,4.609452795571004
1000082170,5108,0.6696500082188921,0.6696500082188921,high,medium,0.3022222222222222,0.7555555555555555,45.0,34,False,0.8999999999999999,0.9859928168291431,0.8437503730944965,0.0,3,-0.0399977077019397,0.9999043872442946,embedding_weighted,0.997449010978415,6.842342153416775
29805,5099,0.6918533188588551,0.6918533188588551,high,medium,0.36444444444444446,0.9111111111111111,45.0,41,False,0.8999999999999999,0.9832618025751072,0.8294878704403734,0.0,3,-0.12029718714206587,0.993216102574118,embedding_weighted,0.6101528309263462,1.6529669565484557
28853,5099,0.6590594116102302,0.6590594116102302,high,medium,0.28444444444444444,0.7111111111111111,45.0,32,False,0.8999999999999999,0.9792490354401177,0.8295455116295261,0.0,3,-0.11999970529386782,0.9999667882104477,embedding_weighted,0.9988362490401675,2.7862301954107718
32269,5099,0.694596867253564,0.694596867253564,high,medium,0.37333333333333335,0.9333333333333333,45.0,42,False,0.8999999999999999,0.9920802534318901,0.812316554892351,0.0,3,-0.2007819341020461,0.9928733862702669,embedding_weighted,0.8030381945543286,-1.5273901276197535
1000082307,5099,0.6851455553974153,0.6851455553974153,high,medium,0.3466666666666667,0.8666666666666667,45.0,39,False,0.8999999999999999,0.9913230408442446,0.8214285370793311,0.0,3,-0.16000016157879526,0.9999905258253969,embedding_weighted,0.9982453602801478,0.9897738907782436
40439,5116,0.760879978968305,7.241560443341375,high,critical,0.5244444444444445,1.3111111111111111,45.0,59,False,0.8999999999999999,0.9930110059526358,0.85,4999.779999999999,3,0.0,0.9729706599182444,embedding_weighted,0.510832914267591,9.553859610120805
1000075869,5115,0.7247611189167427,0.7247611189167427,high,high,0.43555555555555553,1.0888888888888888,45.0,49,False,0.8999999999999999,0.9901944834726022,0.85,0.0,3,0.0,0.9983645870345828,embedding_weighted,0.8482114477100692,2.648538566869438
34627,5099,0.6589791428836749,0.6589791428836749,high,medium,0.27555555555555555,0.6888888888888889,45.0,31,False,0.8999999999999999,0.9859539570659019,0.8437741949884815,0.0,3,-0.039851322968439254,0.9946872804146142,embedding_weighted,0.8554859855252323,-0.01026687578867147
1000068305,5103,0.6653167544091333,0.6653167544091333,high,medium,0.29333333333333333,0.7333333333333333,45.0,33,False,0.8999999999999999,0.9821006836544437,0.8437552289660749,0.0,3,-0.039967872157265154,0.9935325053646519,embedding_weighted,0.8378840596819861,6.758959360502249
34627,5115,0.6574794837923237,0.6574794837923237,high,medium,0.27555555555555555,0.6888888888888889,45.0,31,False,0.8999999999999999,0.9877144317103438,0.8314291681868847,0.0,3,-0.11016634143268422,0.9939378236307718,embedding_weighted,0.8126019343015889,3.2698328037654933
6525,5099,0.7097113184990785,0.7097113184990785,high,high,0.4,1.0,45.0,45,False,0.8999999999999999,0.990746364072239,0.8437469712308712,0.0,3,-0.04001860839681984,0.9979571106699503,embedding_weighted,0.7753113740509257,3.30899755002829
8191,5099,0.7464874797430139,0.7464874797430139,high,high,0.48888888888888893,1.2222222222222223,45.0,55,False,0.8999999999999999,0.9921596209372917,0.85,0.0,3,0.0,0.9986324196912806,embedding_weighted,0.7484737966207841,3.784447899615791
2975,5115,0.6988715228432498,0.6988715228432498,high,medium,0.37333333333333335,0.9333333333333333,45.0,42,False,0.8999999999999999,0.9898911477509205,0.8437330663982163,0.0,3,-0.04010402877523505,0.9922845812123121,embedding_weighted,0.693646076392394,2.5820007644871366
11018,5099,0.7424831841874007,0.7424831841874007,high,high,0.48888888888888893,1.2222222222222223,45.0,55,False,0.8999999999999999,0.9919913189965245,0.8235290988836008,0.0,3,-0.15000150704131693,0.9999788656826994,embedding_weighted,0.999526213474426,1.820644537137989
29271,5099,0.6617637538597619,0.6617637538597619,high,medium,0.28444444444444444,0.7111111111111111,45.0,32,False,0.8999999999999999,0.9871960702031546,0.8369784136090218,0.0,3,-0.07987645488707389,0.9952416418111505,embedding_weighted,0.5753903381932646,3.415248527756562
10111,5099,0.6683615264854722,0.6683615264854722,high,medium,0.3111111111111111,0.7777777777777778,45.0,35,False,0.8999999999999999,0.9785058175137782,0.8214394569218136,0.0,3,-0.159948791518183,0.9966724619635472,embedding_weighted,0.6823943851068739,2.0043036447228744
1000082043,5103,0.713217204935773,0.713217204935773,high,high,0.40888888888888886,1.0222222222222221,45.0,46,False,0.8999999999999999,0.9858082469010878,0.85,0.0,3,0.0,0.9940540673926477,embedding_weighted,0.7318850552194782,7.151060298080607
1000042603,5099,0.6914620840601378,0.6914620840601378,high,medium,0.36444444444444446,0.9111111111111111,45.0,41,False,0.8999999999999999,0.9853236305750589,0.8241305344489882,0.0,3,-0.14709469588686627,0.990653285073157,embedding_weighted,0.6270300664499584,1.6287297657084956
29795,5115,0.697374652186091,0.697374652186091,high,medium,0.37333333333333335,0.9333333333333333,45.0,42,False,0.8999999999999999,0.9930466857520369,0.8295465446823348,0.0,3,-0.11999437195067195,0.9957500162464252,embedding_weighted,0.7459642469128918,4.0756960637031545
4048,5099,0.7205371112782092,0.7205371112782092,high,high,0.43555555555555553,1.0888888888888888,45.0,49,False,0.8999999999999999,0.990481760757284,0.8214569126968673,0.0,3,-0.15986666151163753,0.997187495514641,embedding_weighted,0.8274091996518437,4.204036613604856
1000081881,5107,0.7084088532194355,0.7084088532194355,high,high,0.4,1.0,45.0,45,False,0.8999999999999999,0.9893270307252146,0.8369563138292843,0.0,3,-0.08000117316446267,0.9999780308540892,embedding_weighted,0.9946044520115901,6.648420718856162
29477,5099,0.7203489156972569,0.7203489156972569,high,high,0.42666666666666664,1.0666666666666667,45.0,48,False,0.8999999999999999,0.9859112451529513,0.85,0.0,3,0.0,0.9979946860070883,embedding_weighted,0.6683310141372067,3.4016045653450604
26192,5099,0.6580121495352055,0.6580121495352055,high,medium,0.27555555555555555,0.6888888888888889,45.0,31,False,0.8999999999999999,0.9862146529562982,0.8369799781448246,0.0,3,-0.07986762427710993,0.9927601802273232,embedding_weighted,0.7593791972695029,0.249798139632043
41062,5099,0.6929945258301649,0.6929945258301649,high,medium,0.37333333333333335,0.9333333333333333,45.0,42,False,0.8999999999999999,0.9913464098695304,0.8026127368195025,0.0,3,-0.24007254782779452,0.9908193175447368,embedding_weighted,0.762801352987938,-0.14245955413573874
1000076744,5099,0.7190621216799279,0.7190621216799279,high,high,0.43555555555555553,1.0888888888888888,45.0,49,False,0.8999999999999999,0.9899559170023561,0.8123247737148963,0.0,3,-0.20074693410983263,0.9927687011960795,embedding_weighted,0.8123271085214977,-0.12223209261992807
6716,5108,0.6849240551703009,0.6849240551703009,high,medium,0.3466666666666667,0.8666666666666667,45.0,39,False,0.8999999999999999,0.973469387755102,0.8437567396840917,0.0,3,-0.03995858959474494,0.9963651925036265,embedding_weighted,0.8756171213802305,5.28482368604863
7000,5115,0.6699035171771964,0.6699035171771964,high,medium,0.3022222222222222,0.7555555555555555,45.0,34,False,0.8999999999999999,0.9872383919010999,0.8437796660539171,0.0,3,-0.03981769715221405,0.9964581209630446,embedding_weighted,0.5433429237344989,3.7588467490364765
1000058696,5099,0.7233063126856512,0.7233063126856512,high,high,0.43555555555555553,1.0888888888888888,45.0,49,False,0.8999999999999999,0.9829204523171449,0.85,0.0,3,0.0,0.9980690261647063,embedding_weighted,0.6720912547189882,2.1754552397938145
1000078373,5099,0.7442796443377024,0.7442796443377024,high,high,0.48888888888888893,1.2222222222222223,45.0,55,False,0.8999999999999999,0.9870416266248545,0.8421050897145068,0.0,3,-0.05000104354990421,0.9999933254011916,embedding_weighted,0.9990451982154495,0.3014667946681975
28478,5115,0.6672622671525061,0.6672622671525061,high,medium,0.3022222222222222,0.7555555555555555,45.0,34,False,0.8999999999999999,0.9828091088724045,0.8320770432609093,0.0,3,-0.1067332131778643,0.9972959883865883,embedding_weighted,0.5435910513187976,3.000011273641384
7283,5099,0.664107649636296,0.664107649636296,high,medium,0.3022222222222222,0.7555555555555555,45.0,34,False,0.8999999999999999,0.9689306966400192,0.8295508094626886,0.0,3,-0.11997235347876323,0.9978493938737115,embedding_weighted,0.8053717335435938,5.362544843504426
14674,5099,0.7572914402067336,0.7572914402067336,high,high,0.5244444444444445,1.3111111111111111,45.0,59,False,0.8999999999999999,0.9933786731682279,0.8255861853020677,0.0,3,-0.13997638168865545,0.9848257346465388,embedding_weighted,0.6621330512682101,1.327677327826315
1000056820,5099,0.7303867480658484,0.7303867480658484,high,high,0.47111111111111115,1.1777777777777778,45.0,53,False,0.8999999999999999,0.9909864481563189,0.7916334266009346,0.0,3,-0.2801148593410961,0.9865405154691743,embedding_weighted,0.843932716712974,-1.1331510586701175
238,5099,0.6768358921435289,0.6768358921435289,high,medium,0.3466666666666667,0.8666666666666667,45.0,39,False,0.8999999999999999,0.9814548500820273,0.7791883697363778,0.0,3,-0.32068795551702445,0.9888055313433293,embedding_weighted,0.7778017238781204,-0.8094071338665696
40890,5103,0.6900883875201738,0.6900883875201738,high,medium,0.36444444444444446,0.9111111111111111,45.0,41,False,0.8999999999999999,0.9803991715307852,0.8215385029082596,0.0,3,-0.159482563777381,0.9858693611087515,embedding_weighted,0.7454546589734863,5.8906808057388815
41964,5115,0.6808032783609128,0.6808032783609128,high,medium,0.3377777777777778,0.8444444444444444,45.0,38,False,0.8999999999999999,0.981301745457152,0.8295454543891418,0.0,3,-0.12000000080699028,0.9999999673445576,embedding_weighted,0.9982171614462336,3.872098610753114
24279,5103,0.6604485647241312,0.6604485647241312,high,medium,0.29333333333333333,0.7333333333333333,45.0,33,False,0.8999999999999999,0.9629070014896786,0.8368922072857478,0.0,3,-0.0803627619264991,0.9882481189214541,embedding_weighted,0.8135895438237816,5.728671744153998
1000065508,5099,0.6529114991914376,0.6529114991914376,high,medium,0.27555555555555555,0.6888888888888889,45.0,31,False,0.8999999999999999,0.972395388556789,0.8214013283857183,0.0,3,-0.16012813172567156,0.9983466897491504,embedding_weighted,0.8351524059944248,1.7692189239412244
33931,5115,0.6870810164705976,0.6870810164705976,high,medium,0.3555555555555555,0.8888888888888888,45.0,40,False,0.8999999999999999,0.9832225263981227,0.8214285931250059,0.0,3,-0.1599998979399593,0.999994844150714,embedding_weighted,0.9980400149174654,2.985276971194237
35674,5099,0.7275086363994648,0.7275086363994648,high,high,0.4622222222222222,1.1555555555555554,45.0,52,False,0.8999999999999999,0.9862429605792438,0.8024743692981812,0.0,3,-0.24060488015128847,0.9887849038002724,embedding_weighted,0.8214415214566801,-1.2225446839651752
16694,5099,0.7110219293221847,0.7110219293221847,high,high,0.40888888888888886,1.0222222222222221,45.0,46,False,0.8999999999999999,0.9748318688331451,0.85,0.0,3,0.0,0.9879388168562159,embedding_weighted,0.4577095419931613,5.10243382154077
39181,5099,0.7179761503224453,0.7179761503224453,high,high,0.42666666666666664,1.0666666666666667,45.0,48,False,0.8999999999999999,0.9865611479859189,0.8333150270572998,0.0,3,-0.10009884303389364,0.9983981135797048,embedding_weighted,0.6242265637174573,5.163937285042042
35572,5099,0.6927220171750379,0.6927220171750379,high,medium,0.36444444444444446,0.9111111111111111,45.0,41,False,0.8999999999999999,0.9875620437956204,0.8295455375875733,0.0,3,-0.11999957128101207,0.9991671447199857,embedding_weighted,0.7491096546144529,5.143574767572035
1000078468,5099,0.7476525005503333,0.7476525005503333,high,high,0.49777777777777776,1.2444444444444445,45.0,56,False,0.8999999999999999,0.9899892357373519,0.8369569486116788,0.0,3,-0.07999759129419368,0.9977834578802834,embedding_weighted,0.5368743615388725,5.140681257471794
15451,5099,0.7322374358906631,0.7322374358906631,high,high,0.4622222222222222,1.1555555555555554,45.0,52,False,0.8999999999999999,0.9840277777777777,0.8369532763081252,0.0,3,-0.08001831252083533,0.9992618475566036,embedding_weighted,0.749104421394524,1.9346964071279906
39969,5115,0.683631310059628,0.683631310059628,high,medium,0.3377777777777778,0.8444444444444444,45.0,38,False,0.8999999999999999,0.9847926267281105,0.8437444906859646,0.0,3,-0.04003384803196461,0.9941188204387237,embedding_weighted,0.6991740106574605,2.3907906718877854
5879,5099,0.7585508523695192,0.7585508523695192,high,high,0.5244444444444445,1.3111111111111111,45.0,59,False,0.8999999999999999,0.9861613802032028,0.8436053236740061,0.0,3,-0.04088806905846729,0.9999277592785495,embedding_weighted,0.9987814940930793,1.1704043129410184
39951,5115,0.6292021595709434,0.6292021595709434,high,medium,0.24888888888888888,0.6222222222222222,45.0,28,False,0.8615384615384615,0.9797288710019063,0.7887747628692744,0.0,3,-0.03985758502348737,0.9957833873993911,embedding_weighted,0.7332186894541447,3.4623891921851095
33847,5103,0.743905322228128,0.743905322228128,high,high,0.48888888888888893,1.2222222222222223,45.0,55,False,0.8999999999999999,0.9889760367465441,0.8370303954884245,0.0,3,-0.07958296610245631,0.9812176050618427,embedding_weighted,0.32438415590440156,9.537531300305053
23950,5099,0.6852906107682344,0.6852906107682344,high,medium,0.3466666666666667,0.8666666666666667,45.0,39,False,0.8999999999999999,0.972915638875185,0.846938775510204,0.0,3,-0.02,1.0,embedding_weighted,1.0,5.192614672576246
34890,5099,0.6900919155541004,0.6900919155541004,high,medium,0.3555555555555555,0.8888888888888888,45.0,40,False,0.8999999999999999,0.9791443850267378,0.846938775510204,0.0,3,-0.02,1.0,embedding_weighted,1.0,5.189859405138524
1000074180,5103,0.7078124002453257,0.7078124002453257,high,high,0.4177777777777778,1.0444444444444445,45.0,47,False,0.8999999999999999,0.9765327695560253,0.8026315681533966,0.0,3,-0.24000004156398483,0.9958258782563599,embedding_weighted,0.9000132466550683,7.358821733491267
39974,5115,0.6505166026945092,0.6505166026945092,high,medium,0.27555555555555555,0.6888888888888889,45.0,31,False,0.8999999999999999,0.9636663184119585,0.817074111932635,0.0,3,-0.17999578088826612,0.9985788094492279,embedding_weighted,0.8165509064728216,3.9951676722491776
1000081096,5099,0.662116781409167,0.662116781409167,high,medium,0.29333333333333333,0.7333333333333333,45.0,33,False,0.8999999999999999,0.9877970749542961,0.8148268872331629,0.0,3,-0.18994719179952288,0.9969706160790447,embedding_weighted,0.758580276177565,1.477558715134684
34193,5108,0.6575560687027402,0.6575560687027402,high,medium,0.27555555555555555,0.6888888888888889,45.0,31,False,0.8999999999999999,0.9741692324025905,0.85,0.0,3,0.0,0.9999933097085641,embedding_weighted,0.9919120774051113,5.378322573038825
36544,5099,0.6626076655107832,0.6626076655107832,high,medium,0.3022222222222222,0.7555555555555555,45.0,34,False,0.8999999999999999,0.9741529525653436,0.8125879073921703,0.0,3,-0.19962475252926454,0.9716927375003601,embedding_weighted,0.7390313355105778,3.368955647774537
1000081354,5100,0.7080350417741442,0.7080350417741442,high,high,0.4,1.0,45.0,45,False,0.8999999999999999,0.9931297111578506,0.829393996950494,0.0,3,-0.12078123091323203,0.9789697841628408,embedding_weighted,0.8359365167544285,8.948218555450605
16752,5119,0.6892283469436722,6.697277665858781,high,critical,0.3466666666666667,0.8666666666666667,45.0,39,False,0.8999999999999999,0.9925512919853114,0.8470094791996212,6105.240000000005,3,-0.019547098635481798,0.9494061850607594,embedding_weighted,0.5048012940733428,9.543906422626137
19065,5099,0.6930419615956902,0.6930419615956902,high,medium,0.37333333333333335,0.9333333333333333,45.0,42,False,0.8999999999999999,0.9852622814321399,0.8110411465061925,0.0,3,-0.20617638588225345,0.9838125801424903,embedding_weighted,0.7241282917214114,0.3545916686819339
1000082189,5099,0.7412229515548927,0.7412229515548927,high,high,0.48888888888888893,1.2222222222222223,45.0,55,False,0.8999999999999999,0.987257689325407,0.8214390542283714,0.0,3,-0.15995068601482848,0.993338513977034,embedding_weighted,0.6249607600169031,1.4035101152262435
18491,5099,0.6870351140077599,0.6870351140077599,high,medium,0.3466666666666667,0.8666666666666667,45.0,39,False,0.8999999999999999,0.9856801715014517,0.8415494202720188,0.0,3,-0.0533325895208999,0.9999999338111973,embedding_weighted,0.9990917139169349,1.6218409617029756
1000057937,5099,0.7341964349514957,0.7341964349514957,high,high,0.47111111111111115,1.1777777777777778,45.0,53,False,0.8999999999999999,0.9787734578432252,0.8333153262560413,0.0,3,-0.10009722771265527,0.998446771952235,embedding_weighted,0.629045074744603,5.01571638691699
23112,5099,0.7110028510400942,0.7110028510400942,high,high,0.40888888888888886,1.0222222222222221,45.0,46,False,0.8999999999999999,0.9900791645612261,0.8295430838152897,0.0,3,-0.12001223911937223,0.9991640732721068,embedding_weighted,0.6451065911538028,2.0281798224104426
34989,5103,0.7072751957766904,0.7072751957766904,high,high,0.4,1.0,45.0,45,False,0.8999999999999999,0.9891226802727231,0.8296710648143052,0.0,3,-0.11935103782297422,0.9927167433659835,embedding_weighted,0.9784640358732231,4.850268623927887
35674,5102,0.667969964129939,0.667969964129939,high,medium,0.3022222222222222,0.7555555555555555,45.0,34,False,0.8999999999999999,0.9826575672420714,0.8369970786175721,0.0,3,-0.07977109411383572,0.9807467730102942,embedding_weighted,0.8217598937116694,7.876161059903207
1000076744,5103,0.7179556135573982,0.7179556135573982,high,high,0.43555555555555553,1.0888888888888888,45.0,49,False,0.8999999999999999,0.9842293692941106,0.8125834498423598,0.0,3,-0.19964378880183387,0.9872318385626672,embedding_weighted,0.8416375001431933,5.936392234527027
16718,5115,0.7433848458127568,0.7433848458127568,high,high,0.48888888888888893,1.2222222222222223,45.0,55,False,0.8999999999999999,0.9813344946415723,0.8437492755259115,0.0,3,-0.040004451148160765,0.9998801052618234,embedding_weighted,0.9979872790488107,5.274765588459061
1000081853,5099,0.6780877504953793,7.364629762791149,high,critical,0.3377777777777778,0.8444444444444444,45.0,38,False,0.8999999999999999,0.9805081974870381,0.8124999992457369,19164.75,3,-0.20000000321818923,0.9999998870501008,embedding_weighted,0.9992334812262045,2.0821032627151066
1000080203,5108,0.7129057041988417,0.7129057041988417,high,high,0.4177777777777778,1.0444444444444445,45.0,47,False,0.8999999999999999,0.987891979635505,0.8214413144041972,0.0,3,-0.1599400527647816,0.9838505494226262,embedding_weighted,0.8440272255658506,5.428292888944407
1000059737,5099,0.6947856256406768,0.6947856256406768,high,medium,0.36444444444444446,0.9111111111111111,45.0,41,False,0.8999999999999999,0.9872199752972802,0.8437590186896196,0.0,3,-0.03994458597250106,0.9936414847613639,embedding_weighted,0.8183269507116143,-2.902087303715314
39974,5099,0.6517090852281611,0.6517090852281611,high,medium,0.27555555555555555,0.6888888888888889,45.0,31,False,0.8999999999999999,0.9663729624268361,0.821415136803811,0.0,3,-0.16006319172071362,0.99865445875831,embedding_weighted,0.8227408769748801,1.533270381066231
39300,5099,0.6880123424241299,0.6880123424241299,high,medium,0.3466666666666667,0.8666666666666667,45.0,39,False,0.8999999999999999,0.9889105058365758,0.8437571639343199,0.0,3,-0.03995598276938473,0.9980495910470405,embedding_weighted,0.5400985819212705,3.024126324688856
40582,5115,0.6859902308184338,0.6859902308184338,high,medium,0.3555555555555555,0.8888888888888888,45.0,40,False,0.8999999999999999,0.9756910530558057,0.82419865323367,0.0,3,-0.14676421563837205,0.9974301269087613,embedding_weighted,0.5747712530889799,3.103773546361908
1000078233,5115,0.680118406114764,0.680118406114764,high,medium,0.3377777777777778,0.8444444444444444,45.0,38,False,0.8999999999999999,0.9842105263157894,0.821101264936634,0.0,3,-0.1615368328520038,0.9880734690204339,embedding_weighted,0.7116793389213522,3.4401299248676365
7212,5108,0.6621669794935066,0.6621669794935066,high,medium,0.28444444444444444,0.7111111111111111,45.0,32,False,0.8999999999999999,0.9841335608091639,0.843749930359307,0.0,3,-0.04000042787222682,0.9998363902165422,embedding_weighted,0.9974363332003631,6.828309035222805
10006,5103,0.7165673161989372,0.7165673161989372,high,high,0.42666666666666664,1.0666666666666667,45.0,48,False,0.8999999999999999,0.9818070218512153,0.830261634413517,0.0,3,-0.11628700157611742,0.923600837973542,embedding_weighted,0.4667660757152175,9.095538054547298
1000066450,5099,0.7492434498984066,0.7492434498984066,high,high,0.49777777777777776,1.2444444444444445,45.0,56,False,0.8999999999999999,0.9881616939364773,0.85,0.0,3,0.0,0.9964103539947647,embedding_weighted,0.7474964672986889,-2.533099093745488
1000042603,5115,0.6917698041045011,0.6917698041045011,high,medium,0.36444444444444446,0.9111111111111111,45.0,41,False,0.8999999999999999,0.9737606567729712,0.8415992998141941,0.0,3,-0.05303448896344373,0.9898394116580356,embedding_weighted,0.6008727137110597,3.79076945739566
27238,5099,0.7388587335110001,0.7388587335110001,high,high,0.48888888888888893,1.2222222222222223,45.0,55,False,0.8999999999999999,0.9895358718083599,0.8026400239584832,0.0,3,-0.23996747968571946,0.9884979213492325,embedding_weighted,0.83064797353001,-4.534853959680026
1000081624,5103,0.7158239504045192,0.7158239504045192,high,high,0.4177777777777778,1.0444444444444445,45.0,47,False,0.8999999999999999,0.98106419646704,0.85,0.0,3,0.0,0.9684206538893165,embedding_weighted,0.5761637013289095,7.902829439792604
26757,5099,0.7443592622323862,0.7443592622323862,high,high,0.49777777777777776,1.2444444444444445,45.0,56,False,0.8999999999999999,0.98171771392485,0.826030722242034,0.0,3,-0.1377787967327953,0.9999858057729863,embedding_weighted,0.9983101872741731,-0.5643070481515498
1000080148,5099,0.6673193538854088,0.6673193538854088,high,medium,0.3111111111111111,0.7777777777777778,45.0,35,False,0.8999999999999999,0.9733042937149968,0.8214270046530989,0.0,3,-0.160007370047158,0.9988283353447158,embedding_weighted,0.7826226357111932,-1.445305217782959
1000076656,5099,0.7357790934341213,0.7357790934341213,high,high,0.47111111111111115,1.1777777777777778,45.0,53,False,0.8999999999999999,0.9764691633157307,0.846938775510204,0.0,3,-0.02,1.0,embedding_weighted,1.0,5.087860274859092
14674,5112,0.7610020659236394,0.7610020659236394,high,high,0.5244444444444445,1.3111111111111111,45.0,59,False,0.8999999999999999,0.9936214407293078,0.85,0.0,3,0.0,0.9361035348426272,embedding_weighted,0.6195474535354801,9.18606022376444
27665,5115,0.7084353857562434,0.7084353857562434,high,high,0.40888888888888886,1.0222222222222221,45.0,46,False,0.8999999999999999,0.9772628843655262,0.8295150221838841,0.0,3,-0.12015708409342017,0.9974498273624569,embedding_weighted,0.572910983055113,3.183797904436534
15652,5099,0.7450042636722178,0.7450042636722178,high,high,0.49777777777777776,1.2444444444444445,45.0,56,False,0.8999999999999999,0.9767306546937279,0.836980144149074,0.0,3,-0.07986668729993276,0.989290154905677,embedding_weighted,0.34799144185897307,4.774406227947422
41428,5115,0.659437773945798,0.659437773945798,high,medium,0.29333333333333333,0.7333333333333333,45.0,33,False,0.8999999999999999,0.9761472058155383,0.8124999963290465,0.0,3,-0.20000001566273437,0.999989879278876,embedding_weighted,0.9982448008173908,2.18066665988514
1000075995,5099,0.6831024302476109,0.6831024302476109,high,medium,0.3377777777777778,0.8444444444444444,45.0,38,False,0.8999999999999999,0.9872427983539094,0.8369517297714519,0.0,3,-0.08002703868160059,0.9992663571665471,embedding_weighted,0.6602812217707907,1.2581471706474616
1000056618,5099,0.7154445973450962,0.7154445973450962,high,high,0.42666666666666664,1.0666666666666667,45.0,48,False,0.8999999999999999,0.9767036450079238,0.8295813445122995,0.0,3,-0.11981467304308181,0.9897711422569471,embedding_weighted,0.839600921584104,-0.1159714172946753
12284,5115,0.7376163780459416,7.888665734560521,high,critical,0.48,1.2,45.0,54,False,0.8999999999999999,0.9808798785242335,0.8296026822739656,16232.109999999997,3,-0.1197044530878665,0.9901839385996111,embedding_weighted,0.8475638355345416,4.758468202734365
3894,5115,0.6936423243903367,0.6936423243903367,high,medium,0.37333333333333335,0.9333333333333333,45.0,42,False,0.8999999999999999,0.987169875617652,0.8125001062231529,0.0,3,-0.19999954678095727,0.9999889958448769,embedding_weighted,0.9981577880603552,3.133869132619326
10230,5099,0.6786754264188911,0.6786754264188911,high,medium,0.3466666666666667,0.8666666666666667,45.0,39,False,0.8999999999999999,0.9656687984759831,0.8125000003801855,0.0,3,-0.1999999983778747,0.9999998637584524,embedding_weighted,0.9992240254620357,2.02750155515965
40613,5099,0.693940918103718,0.693940918103718,high,medium,0.37333333333333335,0.9333333333333333,45.0,42,False,0.8999999999999999,0.9887969432775325,0.812321307432521,0.0,3,-0.20076169570465133,0.9922873967421236,embedding_weighted,0.7807365622604261,1.7858203485905566
1000074035,5116,0.7104599276098555,0.7104599276098555,high,high,0.40888888888888886,1.0222222222222221,45.0,46,False,0.8999999999999999,0.9768298282670584,0.8435893760059219,0.0,3,-0.04098586036151092,0.9522927226373669,embedding_weighted,0.6889064560805199,8.568857363958033
1000082044,5099,0.7440691958697456,0.7440691958697456,high,high,0.48888888888888893,1.2222222222222223,45.0,55,False,0.8999999999999999,0.9847707423580785,0.8437299456171619,0.0,3,-0.040123198315893165,0.9958471808811674,embedding_weighted,0.6143249915444497,4.317933596599004
34989,5115,0.6901694075777842,0.6901694075777842,high,medium,0.3555555555555555,0.8888888888888888,45.0,40,False,0.8999999999999999,0.9870409784465961,0.8369265977749516,0.0,3,-0.08016881997106093,0.996899907763708,embedding_weighted,0.948623154823189,0.11134757793216288
39365,5115,0.6549235380180262,6.380508392647164,high,critical,0.27555555555555555,0.6888888888888889,45.0,31,False,0.8999999999999999,0.9742308863844045,0.8323675901261536,6261.729999999996,3,-0.10518496922591412,0.9999998841154222,embedding_weighted,0.9983327944171445,3.989814591934329
41287,5115,0.6650689647082958,0.6650689647082958,high,medium,0.3022222222222222,0.7555555555555555,45.0,34,False,0.8999999999999999,0.9798289509598762,0.8214285708495448,0.0,3,-0.1600000027237411,0.9999998843427805,embedding_weighted,0.9981994897386453,3.670277872791618
1000081826,5107,0.7089851759078832,0.7089851759078832,high,high,0.40888888888888886,1.0222222222222221,45.0,46,False,0.8999999999999999,0.9799890874369117,0.8295453524329695,0.0,3,-0.12000052717240732,0.9999762814019525,embedding_weighted,0.9943398901179576,5.498684897647173
1000081499,5115,0.6734043536728862,0.6734043536728862,high,medium,0.3111111111111111,0.7777777777777778,45.0,35,False,0.8999999999999999,0.9822995461422087,0.85,0.0,3,0.0,0.9936195237510138,embedding_weighted,0.7547554983813596,1.0367081481660207
1000041359,5099,0.680311630096304,0.680311630096304,high,medium,0.3466666666666667,0.8666666666666667,45.0,39,False,0.8999999999999999,0.9671513465672019,0.8214312941079792,0.0,3,-0.1599871923207867,0.9992785720064238,embedding_weighted,0.6511468056747235,2.1585748001044767
1000082267,5099,0.6523472765857635,0.6523472765857635,high,medium,0.27555555555555555,0.6888888888888889,45.0,31,False,0.8999999999999999,0.9780304851661297,0.8101263822021028,0.0,3,-0.2100008324502402,0.9999998646681837,embedding_weighted,0.9992559354268611,2.1150559460773524
1000076307,5099,0.6964886109416311,0.6964886109416311,high,medium,0.37333333333333335,0.9333333333333333,45.0,42,False,0.8999999999999999,0.9732763880414887,0.85,0.0,3,0.0,0.9934345081510491,embedding_weighted,0.6258617056532803,5.236047936537773
8173,5099,0.7160294669840657,0.7160294669840657,high,high,0.4177777777777778,1.0444444444444445,45.0,47,False,0.8999999999999999,0.9945375767266724,0.833405603517468,0.0,3,-0.09960957170772497,0.9990160993176473,embedding_weighted,0.870695543650256,-0.8699665287522222
1000081399,5115,0.6656495548776694,0.6656495548776694,high,medium,0.3022222222222222,0.7555555555555555,45.0,34,False,0.8999999999999999,0.9827371695178848,0.8214215472346912,0.0,3,-0.16003304050834785,0.9971473325562283,embedding_weighted,0.8229965003618075,3.8009583005059904
1000081126,5103,0.6547100845394814,0.6547100845394814,high,medium,0.28444444444444444,0.7111111111111111,45.0,32,False,0.8999999999999999,0.9635745207173778,0.8214493507881871,0.0,3,-0.1599022425168751,0.9972510091331643,embedding_weighted,0.7198738006955514,7.500473164830081
30,5115,0.7141844661504214,0.7141844661504214,high,high,0.42666666666666664,1.0666666666666667,45.0,48,False,0.8999999999999999,0.9766894122826326,0.8211994468481885,0.0,3,-0.16107642087302831,0.9878926775409732,embedding_weighted,0.6982636106684589,3.8285769741249878
238,5115,0.6819665169447353,0.6819665169447353,high,medium,0.3466666666666667,0.8666666666666667,45.0,39,False,0.8999999999999999,0.975653639180301,0.8211274829467228,0.0,3,-0.16141393618717562,0.9880545379811019,embedding_weighted,0.731190014461884,2.237131521740534
31803,5099,0.7045343832179558,0.7045343832179558,high,high,0.4,1.0,45.0,45,False,0.8999999999999999,0.9648506999517275,0.8437616215174021,0.0,3,-0.03992859208592394,0.9967408489050164,embedding_weighted,0.7333607368094562,2.822179588382104
22116,5099,0.6609927867081644,0.6609927867081644,high,medium,0.3022222222222222,0.7555555555555555,45.0,34,False,0.8999999999999999,0.9428154546515699,0.8436053792597434,0.0,3,-0.040887728171142425,0.9999805416878799,embedding_weighted,0.998745022606666,2.253448470542322
1000082189,5106,0.7443982202632021,0.7443982202632021,high,high,0.48888888888888893,1.2222222222222223,45.0,55,False,0.8999999999999999,0.9862299116298145,0.8439778825445576,0.0,3,-0.03859784467520852,0.9611404143498895,embedding_weighted,0.6853435752783844,9.321205171154338
31344,5099,0.7029484969079343,0.7029484969079343,high,high,0.4177777777777778,1.0444444444444445,45.0,47,False,0.8999999999999999,0.9697098924860352,0.7793027153307739,0.0,3,-0.3203359967712556,0.990689235580126,embedding_weighted,0.767864227532878,1.3617391287174634
11577,5099,0.6869047561530869,0.6869047561530869,high,medium,0.3555555555555555,0.8888888888888888,45.0,40,False,0.8999999999999999,0.9656050955414013,0.8437434321505626,0.0,3,-0.04004035117081228,0.9973798244732258,embedding_weighted,0.5997905530661104,0.05530470118686992
33211,5099,0.6676850295771285,0.6676850295771285,high,medium,0.3111111111111111,0.7777777777777778,45.0,35,False,0.8999999999999999,0.9634855067302899,0.836956558577507,0.0,3,-0.07999979213327361,0.9999794736349726,embedding_weighted,0.9980805117588166,-1.7263803872622887
29981,5099,0.6616321623899144,0.6616321623899144,high,medium,0.29333333333333333,0.7333333333333333,45.0,33,False,0.8999999999999999,0.9788546255506607,0.8235193596429935,0.0,3,-0.15004841496176696,0.9969136240481898,embedding_weighted,0.7635483318414928,0.22957264445686043
1000078233,5099,0.6768078164950444,0.6768078164950444,high,medium,0.3377777777777778,0.8444444444444444,45.0,38,False,0.8999999999999999,0.9817288801571709,0.8023395290166613,0.0,3,-0.24112292531851784,0.9893324119610142,embedding_weighted,0.7609064568810382,0.08855395647963071
34962,5099,0.6706015178345763,0.6706015178345763,high,medium,0.3111111111111111,0.7777777777777778,45.0,35,False,0.8999999999999999,0.9754751970329161,0.8404135598903242,0.0,3,-0.06007051791547915,0.997573209587101,embedding_weighted,0.6088405740379945,3.2840822876028524
36329,5100,0.6605409906850566,0.6605409906850566,high,medium,0.29333333333333333,0.7333333333333333,45.0,33,False,0.8999999999999999,0.9632175761871014,0.8370942807620199,0.0,3,-0.07922201441636789,0.9800803638082045,embedding_weighted,0.6076937417089018,8.73868799597595
30444,5102,0.6907914033981477,0.6907914033981477,high,medium,0.3555555555555555,0.8888888888888888,45.0,40,False,0.8999999999999999,0.9803459058796278,0.85,0.0,3,0.0,0.9999399974990176,embedding_weighted,0.9967357721277073,7.517035721886643
38758,5108,0.6840472113092346,0.6840472113092346,high,medium,0.3555555555555555,0.8888888888888888,45.0,40,False,0.8999999999999999,0.9620206542933487,0.829472388188951,0.0,3,-0.12037705561603937,0.9890079828871873,embedding_weighted,0.7585655061563106,6.6181575149939835
34193,5099,0.6561692418752149,0.6561692418752149,high,medium,0.27555555555555555,0.6888888888888889,45.0,31,False,0.8999999999999999,0.9719226040942861,0.8437499922275695,0.0,3,-0.04000004775381008,0.9999933097085641,embedding_weighted,0.9974807622942242,-1.3955133363688947
41706,5116,0.7178572532419538,0.7178572532419538,high,high,0.42666666666666664,1.0666666666666667,45.0,48,False,0.8999999999999999,0.9734529328764361,0.85,0.0,3,0.0,0.9995801542216814,embedding_weighted,0.9983396783054347,8.585053701393516
1000065753,5099,0.6803221739053584,0.6803221739053584,high,medium,0.3377777777777778,0.8444444444444444,45.0,38,False,0.8999999999999999,0.9682429974536194,0.8437497553568224,0.0,3,-0.040001503085329536,0.9999571141733833,embedding_weighted,0.9974633961899038,1.0881167029399812
34193,5102,0.656706979770223,0.656706979770223,high,medium,0.27555555555555555,0.6888888888888889,45.0,31,False,0.8999999999999999,0.9746108209522844,0.8437506223836257,0.0,3,-0.03999617605977124,0.9999590544355595,embedding_weighted,0.9971483492611348,7.596352660733297
4425,5099,0.7414748665665989,0.7414748665665989,high,high,0.48888888888888893,1.2222222222222223,45.0,55,False,0.8999999999999999,0.9747700394218133,0.8397686875112046,0.0,3,-0.06385339001395754,0.9959904452738286,embedding_weighted,0.44304652609897593,4.9884126394129815
7051,5099,0.736061924469056,0.736061924469056,high,high,0.48,1.2,45.0,54,False,0.8999999999999999,0.9731505431971029,0.8295454388642367,0.0,3,-0.12000008095689321,0.9999816928717847,embedding_weighted,0.9987809722277085,0.6668659050975716
10501,5099,0.6509471788009732,0.6509471788009732,high,medium,0.27555555555555555,0.6888888888888889,45.0,31,False,0.8999999999999999,0.9438676736517391,0.8463428123226875,0.0,3,-0.023800954140802588,0.9895626966664546,embedding_weighted,0.556569824464543,3.1507643444193665
31344,5115,0.7073493840051016,0.7073493840051016,high,high,0.4177777777777778,1.0444444444444445,45.0,47,False,0.8999999999999999,0.9669072773804055,0.812378782786063,0.0,3,-0.20051685930082722,0.990445869462549,embedding_weighted,0.7265866910303044,3.908571287817919
1000082288,5108,0.7575050957133538,0.7575050957133538,high,high,0.5244444444444445,1.3111111111111111,45.0,59,False,0.8999999999999999,0.986050931204865,0.83678087796402,0.0,3,-0.08099003273076007,0.9870903022393556,embedding_weighted,0.9526885913372657,4.599276522916993
35425,5099,0.7297190719925232,8.236850526190159,high,critical,0.49777777777777776,1.2444444444444445,45.0,56,False,0.8999999999999999,0.9088474970896391,0.825589743089895,29368.170000000002,3,-0.13995883810140003,0.9988353211705878,embedding_weighted,0.49466947850119514,4.91665944164796
1000069355,5099,0.720006459419475,0.720006459419475,high,high,0.43555555555555553,1.0888888888888888,45.0,49,False,0.8999999999999999,0.9817307031411093,0.8295873104602068,0.0,3,-0.11978385878961506,0.9941614126300022,embedding_weighted,0.5299946788988291,3.4256911632767117
1000060785,5099,0.6675949734650622,0.6675949734650622,high,medium,0.3022222222222222,0.7555555555555555,45.0,34,False,0.8999999999999999,0.9757130350642768,0.8437565170887875,0.0,3,-0.039959957336335124,0.9973953562881768,embedding_weighted,0.6985460354959484,1.6624549534006734
26192,5381,0.6738694499764105,0.6738694499764105,high,medium,0.3111111111111111,0.7777777777777778,45.0,35,False,0.8999999999999999,0.989165186500888,0.8439464548785897,0.0,3,-0.038791461717198425,0.9319184720788134,embedding_weighted,0.7076073762841948,9.30448892266713
40015,5115,0.7144164266337325,0.7144164266337325,high,high,0.42666666666666664,1.0666666666666667,45.0,48,False,0.8999999999999999,0.9715899218071242,0.8295451707042738,0.0,3,-0.12000146537496198,0.9999781034100507,embedding_weighted,0.9974538882690477,1.194939266840814
11130,5099,0.7163243333548458,0.7163243333548458,high,high,0.42666666666666664,1.0666666666666667,45.0,48,False,0.8999999999999999,0.9782921683008563,0.8333282201867198,0.0,3,-0.10002761014466406,0.9989372039665138,embedding_weighted,0.5217434044278465,3.622309630200844
13225,5099,0.718711690363349,0.718711690363349,high,high,0.42666666666666664,1.0666666666666667,45.0,48,False,0.8999999999999999,0.9777251184834123,0.85,0.0,3,0.0,0.999984024402196,embedding_weighted,0.9980960691997007,2.471173682545614
1000063543,5115,0.6777172661841201,0.6777172661841201,high,medium,0.3377777777777778,0.8444444444444444,45.0,38,False,0.8999999999999999,0.9659068707261478,0.8294985395185298,0.0,3,-0.12024214000030921,0.9960831535483906,embedding_weighted,0.8286585552456022,5.122434047034871
5686,5115,0.6502447932845387,0.6502447932845387,high,medium,0.27555555555555555,0.6888888888888889,45.0,31,False,0.8999999999999999,0.9590023680391109,0.821480649696629,0.0,3,-0.15975495236177972,0.9922842511983867,embedding_weighted,0.568005849258538,4.0987456822079
5337,5099,0.7481774861631134,0.7481774861631134,high,high,0.49777777777777776,1.2444444444444445,45.0,56,False,0.8999999999999999,0.9875193750387501,0.8437500002950157,0.0,3,-0.03999999818742336,0.999997278499532,embedding_weighted,0.9999972331852393,4.85549242686543
11577,5115,0.6826139413926753,0.6826139413926753,high,medium,0.3555555555555555,0.8888888888888888,45.0,40,False,0.8999999999999999,0.9548117154811715,0.8295291738281253,0.0,3,-0.12008404388933547,0.996807997776302,embedding_weighted,0.5722690446753109,2.9059450176711135
553,5103,0.7362822070101089,0.7362822070101089,high,high,0.48,1.2,45.0,54,False,0.8999999999999999,0.9742963192081657,0.8294862877898385,0.0,3,-0.12030535224567718,0.9883318773410867,embedding_weighted,0.827460564274331,6.438116555753616
32073,5115,0.736570076652523,0.736570076652523,high,high,0.48,1.2,45.0,54,False,0.8999999999999999,0.9818166155542538,0.821378356944482,0.0,3,-0.16023614252961446,0.995833587246951,embedding_weighted,0.6670822246283568,2.0927006426962933
27445,5100,0.6849652890296614,0.6849652890296614,high,medium,0.3466666666666667,0.8666666666666667,45.0,39,False,0.8999999999999999,0.9736401673640167,0.8438039259346086,0.0,3,-0.03966856467082093,0.9914398640296234,embedding_weighted,0.8899607079534047,7.957079849426569
29045,5099,0.6889566588270403,0.6889566588270403,high,medium,0.36444444444444446,0.9111111111111111,45.0,41,False,0.8999999999999999,0.9815190419678498,0.8125004843712837,0.0,3,-0.1999979333438504,0.9972178375385243,embedding_weighted,0.8596688885624347,1.395014236294415
30883,5099,0.710734591579274,0.710734591579274,high,high,0.4177777777777778,1.0444444444444445,45.0,47,False,0.8999999999999999,0.9735943206955089,0.826030775527074,0.0,3,-0.13777853264303136,0.9999883867199371,embedding_weighted,0.9981662800036318,-0.7548850871217709
12798,5099,0.7590226592031648,0.7590226592031648,high,high,0.5244444444444445,1.3111111111111111,45.0,59,False,0.8999999999999999,0.9884314783955688,0.8437239049751547,0.0,3,-0.04016030106106408,0.9905725001796901,embedding_weighted,0.8041325502055245,-3.48906149724378
1000082189,5115,0.7393295816001296,0.7393295816001296,high,high,0.48888888888888893,1.2222222222222223,45.0,55,False,0.8999999999999999,0.9777827850383055,0.8214497935794195,0.0,3,-0.15990015913691868,0.9923675198297056,embedding_weighted,0.5866582728620598,3.6910123504438532
27134,5103,0.6548403475408933,0.6548403475408933,high,medium,0.28444444444444444,0.7111111111111111,45.0,32,False,0.8999999999999999,0.9428128488155773,0.85,0.0,3,0.0,0.9847219434607305,embedding_weighted,0.4770956120241347,7.767434334398769
42046,5108,0.7316254359001361,0.7316254359001361,high,high,0.4622222222222222,1.1555555555555554,45.0,52,False,0.8999999999999999,0.9865210222588623,0.8295489503964982,0.0,3,-0.11998195171619275,0.9847121698518826,embedding_weighted,0.9107999706188595,3.814722885240127
1000082084,5115,0.6708263425418892,0.6708263425418892,high,medium,0.3111111111111111,0.7777777777777778,45.0,35,False,0.8999999999999999,0.9791852323360917,0.8369656775348426,0.0,3,-0.07994833399539478,0.9814858388926485,embedding_weighted,0.7745254253967897,3.034131933432909
1000082069,5103,0.6785649937546112,0.6785649937546112,high,medium,0.3377777777777778,0.8444444444444444,45.0,38,False,0.8999999999999999,0.9902173913043477,0.8027360292175375,0.0,3,-0.23959758386179872,0.9953085727780154,embedding_weighted,0.8991853698545124,4.884318853463411
26136,5099,0.7556103614842247,8.435903427097184,high,critical,0.5244444444444445,1.3111111111111111,45.0,59,False,0.8999999999999999,0.9820807212791434,0.8294429296707884,25960.15,3,-0.12052898358028837,0.992497694670064,embedding_weighted,0.801414143330029,0.10595325193189176
1000080105,5103,0.6458887124505808,0.6458887124505808,high,medium,0.27555555555555555,0.6888888888888889,45.0,31,False,0.8999999999999999,0.9256150290741016,0.8369565627569219,0.0,3,-0.07999976855021715,0.9999708198252394,embedding_weighted,0.9922553673516743,5.135758603867773
26192,5107,0.6723269613362133,0.6723269613362133,high,medium,0.3111111111111111,0.7777777777777778,45.0,35,False,0.8999999999999999,0.9894366197183098,0.8333012863207131,0.0,3,-0.10017302059938879,0.9909906702281361,embedding_weighted,0.7001158505039468,6.385183196779449
1000076950,5108,0.7447039030674127,0.7447039030674127,high,high,0.48888888888888893,1.2222222222222223,45.0,55,False,0.8999999999999999,0.9832417375592862,0.85,0.0,3,0.0,0.9836778199715941,embedding_weighted,0.5939764578895048,6.779439662906252
38758,5119,0.6878863208347366,0.6878863208347366,high,medium,0.3555555555555555,0.8888888888888888,45.0,40,False,0.8999999999999999,0.9729371526293287,0.8405111205776571,0.0,3,-0.05949555515538692,0.9687631671204271,embedding_weighted,0.7490122510306741,8.960452341759698
24661,5115,0.7328509791993306,0.7328509791993306,high,high,0.47111111111111115,1.1777777777777778,45.0,53,False,0.8999999999999999,0.9788419458003703,0.8242543039654144,0.0,3,-0.14649403436610456,0.9955326235838475,embedding_weighted,0.6480309670429962,4.815093983036472
36633,5108,0.692604199114538,0.692604199114538,high,medium,0.36444444444444446,0.9111111111111111,45.0,41,False,0.8999999999999999,0.9814434324685974,0.8369182322869373,0.0,3,-0.08021600388879527,0.9948287137345985,embedding_weighted,0.8229294974731857,4.290447736247777
1000076633,5115,0.6545548889391994,6.022057714629707,high,critical,0.28444444444444444,0.7111111111111111,45.0,32,False,0.8999999999999999,0.9413855558071088,0.85,3640.7999999999993,3,0.0,1.0,embedding_weighted,1.0,7.059276325175061
25965,5112,0.6953014761317717,0.6953014761317717,high,medium,0.37333333333333335,0.9333333333333333,45.0,42,False,0.8999999999999999,0.9720282987385703,0.8437498870048288,0.0,3,-0.04000069424182925,0.9995813272020474,embedding_weighted,0.9790720805399246,8.839303220471784
27665,5099,0.7098076563362852,0.7098076563362852,high,high,0.40888888888888886,1.0222222222222221,45.0,46,False,0.8999999999999999,0.9785451573355128,0.8369537954241806,0.0,3,-0.08001538342925738,0.9976661024435325,embedding_weighted,0.595055238561806,-0.13552166805292032
1000080906,5099,0.7033286511361319,0.7033286511361319,high,high,0.4,1.0,45.0,45,False,0.8999999999999999,0.9694841154182454,0.8295455203498854,0.0,3,-0.11999966027352672,0.9999891928354474,embedding_weighted,0.9988465022738711,3.2418148068995913
1000075869,5106,0.7209095854624544,0.7209095854624544,high,high,0.43555555555555553,1.0888888888888888,45.0,49,False,0.8999999999999999,0.9864805087088747,0.829275076656382,0.0,3,-0.12139366026778001,0.9607443740211903,embedding_weighted,0.9067003938731291,8.990621468887142
10958,5099,0.680114102327978,0.680114102327978,high,medium,0.3466666666666667,0.8666666666666667,45.0,39,False,0.8999999999999999,0.9662033650329187,0.8213784176981835,0.0,3,-0.16023585690476425,0.9967893855618005,embedding_weighted,0.8103948080868951,1.8300378775671247
39365,5099,0.6444518843270565,6.278489652471288,high,critical,0.27555555555555555,0.6888888888888889,45.0,31,False,0.8999999999999999,0.923989218328841,0.8295454562604402,6261.729999999996,3,-0.11999999114610035,0.9999998841154222,embedding_weighted,0.9990615589364307,1.4394595793660407
1000056618,5103,0.7094297192665724,0.7094297192665724,high,high,0.42666666666666664,1.0666666666666667,45.0,48,False,0.8999999999999999,0.952733118971061,0.8214428587046243,0.0,3,-0.1599327872758412,0.9870994082857447,embedding_weighted,0.8463812925608434,5.7088979248489276
1000081399,5099,0.6685587981486074,0.6685587981486074,high,medium,0.3022222222222222,0.7555555555555555,45.0,34,False,0.8999999999999999,0.9847527472527472,0.8381290653944604,0.0,3,-0.07333580073820879,0.9990889213811556,embedding_weighted,0.8092336755977398,1.3654657329912911
1000065508,5115,0.6461946591554458,0.6461946591554458,high,medium,0.27555555555555555,0.6888888888888889,45.0,31,False,0.8999999999999999,0.9420573827851644,0.8170730691746049,0.0,3,-0.18000045524638497,0.9981928580611278,embedding_weighted,0.8300354369811422,3.377534835212124
1000082364,5115,0.7412026626672191,0.7412026626672191,high,high,0.48,1.2,45.0,54,False,0.8999999999999999,0.9882008368200836,0.8437499686880161,0.0,3,-0.04000019238079019,0.999992656809673,embedding_weighted,0.9987294538997651,2.3674267713650323
29318,5099,0.7138463206999824,3.958426217538161,high,critical,0.4177777777777778,1.0444444444444445,45.0,47,False,0.8999999999999999,0.9758455093491365,0.8437740514602939,93.18000000000029,3,-0.03985220507797826,0.9957041114590724,embedding_weighted,0.5834313795498625,1.3370531620497097
28342,5115,0.6894802612053683,0.6894802612053683,high,medium,0.37333333333333335,0.9333333333333333,45.0,42,False,0.8999999999999999,0.9699798522498321,0.8076730494804577,0.0,3,-0.22007810348576926,0.9973156255988452,embedding_weighted,0.7918236264322811,1.8062288694073763
19377,5099,0.6548981766275629,0.6548981766275629,high,medium,0.28444444444444444,0.7111111111111111,45.0,32,False,0.8999999999999999,0.9477782307378719,0.8437650180147386,0.0,3,-0.03990772044796949,0.9970643667036839,embedding_weighted,0.9251817149361369,4.402107927333598
1000079630,5099,0.6492204425763118,0.6492204425763118,high,medium,0.28444444444444444,0.7111111111111111,45.0,32,False,0.8999999999999999,0.9330275229357797,0.8255810680758541,0.0,3,-0.1400016136709607,0.9999990185316553,embedding_weighted,0.9993240895783576,2.2501825685770713
28478,5105,0.6697114733633653,0.6697114733633653,high,medium,0.3022222222222222,0.7555555555555555,45.0,34,False,0.8999999999999999,0.9862986314008919,0.8437523879619875,0.0,3,-0.03998532813731893,0.9649018825198881,embedding_weighted,0.7568250689973826,8.908018161282442
1000077457,5099,0.7444258853897269,0.7444258853897269,high,high,0.49777777777777776,1.2444444444444445,45.0,56,False,0.8999999999999999,0.979414804802417,0.8295454221208821,0.0,3,-0.12000016739722709,0.9999801644506112,embedding_weighted,0.9987285711381317,-0.16923164715785965
30282,5115,0.663298953740837,0.663298953740837,high,medium,0.3111111111111111,0.7777777777777778,45.0,35,False,0.8999999999999999,0.9415929203539822,0.8369061681706405,0.0,3,-0.08028404068069951,0.9942204955982903,embedding_weighted,0.961093228303296,3.2318824660097434
10244,5115,0.7414839701956732,0.7414839701956732,high,high,0.48888888888888893,1.2222222222222223,45.0,55,False,0.8999999999999999,0.9769091730682331,0.836977200176473,0.0,3,-0.07988330367055502,0.9965954317039505,embedding_weighted,0.6701216371425671,3.779393947235711
42210,5107,0.6895828138987209,0.6895828138987209,high,medium,0.36444444444444446,0.9111111111111111,45.0,41,False,0.8999999999999999,0.971842933369818,0.8295763296465302,0.0,3,-0.11984057326725624,0.9961420315960106,embedding_weighted,0.8671125937940994,6.085391479953495
11506,5115,0.7587821290698791,0.7587821290698791,high,high,0.5244444444444445,1.3111111111111111,45.0,59,False,0.8999999999999999,0.9825217564605062,0.85,0.0,3,0.0,0.9999689031731063,embedding_weighted,0.9975174657557675,2.015531337037727
5686,5099,0.6499168092824466,0.6499168092824466,high,medium,0.27555555555555555,0.6888888888888889,45.0,31,False,0.8999999999999999,0.9641027356029697,0.8124935995975363,0.0,3,-0.20002730745169212,0.9940483257057632,embedding_weighted,0.6043535968545577,1.367894292764527
1000081574,5103,0.679421877832155,0.679421877832155,high,medium,0.3377777777777778,0.8444444444444444,45.0,38,False,0.8999999999999999,0.9590538336052201,0.85,0.0,3,0.0,0.9998959074697648,embedding_weighted,0.9961632594998033,6.522353057094323
10244,5099,0.7414251376863417,0.7414251376863417,high,high,0.48888888888888893,1.2222222222222223,45.0,55,False,0.8999999999999999,0.9793487648989463,0.8333321943399787,0.0,3,-0.10000615052208213,0.9974280339442042,embedding_weighted,0.6871892283804942,1.4091655965370826
1000082092,5118,0.6834981933992536,7.0469407255019325,high,critical,0.3377777777777778,0.8444444444444444,45.0,38,False,0.8999999999999999,0.984123025768911,0.8437498475624012,11048.149999999998,3,-0.04000093657569297,0.9998195359698552,embedding_weighted,0.9991186514943694,8.250973277347427
1000080732,5103,0.7288087455077187,0.7288087455077187,high,high,0.4622222222222222,1.1555555555555554,45.0,52,False,0.8999999999999999,0.9668823605539019,0.8369558967203298,0.0,3,-0.0800035267592324,0.9923996631936783,embedding_weighted,0.5117290232827768,7.796780915689363
1000078373,5115,0.7419270874386653,0.7419270874386653,high,high,0.48888888888888893,1.2222222222222223,45.0,55,False,0.8999999999999999,0.9740451828588794,0.8437499687422263,0.0,3,-0.040000192047722566,0.9999933254011916,embedding_weighted,0.9977937043190162,2.162379430382253
1000038392,5099,0.6574242946216322,0.6574242946216322,high,medium,0.3111111111111111,0.7777777777777778,45.0,35,False,0.8999999999999999,0.9378790056042534,0.8026936603755804,0.0,3,-0.2397608698963703,0.9875836208823121,embedding_weighted,0.8138470082109973,1.046221724426914
39721,5099,0.741406443749439,0.741406443749439,high,high,0.48888888888888893,1.2222222222222223,45.0,55,False,0.8999999999999999,0.9714420045356491,0.843749915245024,0.0,3,-0.04000052073428981,0.9999266000128081,embedding_weighted,0.9979707982808618,-1.6854433204736523
1000066398,5099,0.7040600115146115,5.6755544702904,high,critical,0.40888888888888886,1.0222222222222221,45.0,46,False,0.8999999999999999,0.9658820364516779,0.8155203244581359,1164.8199999999997,3,-0.18690229934863248,0.9926093611400464,embedding_weighted,0.6452666281822393,-0.5649557895480246
8302,5099,0.6914342764515178,0.6914342764515178,high,medium,0.36444444444444446,0.9111111111111111,45.0,41,False,0.8999999999999999,0.9657824933687003,0.85,0.0,3,0.0,0.9969022468885602,embedding_weighted,0.44959588826909425,4.75643810111673
1000067605,5099,0.7554784923746292,0.7554784923746292,high,high,0.5244444444444445,1.3111111111111111,45.0,59,False,0.8999999999999999,0.9874509496154449,0.8214034978250826,0.0,3,-0.1601179296720487,0.9787819556598233,embedding_weighted,0.8239263123584502,2.076414817147155
1000078247,5099,0.6861147952737792,0.6861147952737792,high,medium,0.37333333333333335,0.9333333333333333,45.0,42,False,0.8999999999999999,0.9569306930693069,0.8026354888438965,0.0,3,-0.2399849439935075,0.9965963013053799,embedding_weighted,0.7858191519824583,1.9082297062749332
42574,5099,0.746839567964051,0.746839567964051,high,high,0.49777777777777776,1.2444444444444445,45.0,56,False,0.8999999999999999,0.9914878294685294,0.8295392730615608,0.0,3,-0.12003191178357686,0.9941257461028217,embedding_weighted,0.6519973518364732,-0.14287578037655102
1000076579,5116,0.696431368308307,0.696431368308307,high,medium,0.37333333333333335,0.9333333333333333,45.0,42,False,0.8999999999999999,0.9729901748748686,0.85,0.0,3,0.0,0.9910010270482842,embedding_weighted,0.6223295854937849,7.319187561093724
6716,5115,0.681174378367732,0.681174378367732,high,medium,0.3466666666666667,0.8666666666666667,45.0,39,False,0.8999999999999999,0.9817769718948322,0.8076821154806592,0.0,3,-0.2200413374195836,0.9973593909121182,embedding_weighted,0.8343540770038406,1.1579868736610717
551,5099,0.6765476057415902,0.6765476057415902,high,medium,0.3377777777777778,0.8444444444444444,45.0,38,False,0.8999999999999999,0.9510204081632653,0.8415494199855074,0.0,3,-0.053332591232671346,0.9999999262482518,embedding_weighted,0.9991124613216598,1.5842154654992537
12515,5103,0.6516538947525639,0.6516538947525639,high,medium,0.28444444444444444,0.7111111111111111,45.0,32,False,0.8999999999999999,0.9366694701429772,0.8369481529746041,0.0,3,-0.08004721972491988,0.9953081819229453,embedding_weighted,0.7903595829010808,6.721384402202485
1000076472,5108,0.6867698289325689,0.6867698289325689,high,medium,0.37333333333333335,0.9333333333333333,45.0,42,False,0.8999999999999999,0.9293598543213335,0.8437634982331255,0.0,3,-0.03991705969057195,0.9974018157240425,embedding_weighted,0.8256643068807863,4.439182777658565
42955,5116,0.7111863863980437,0.7111863863980437,high,high,0.4,1.0,45.0,45,False,0.8999999999999999,0.9934319319902177,0.85,0.0,3,0.0,0.9530495578787749,embedding_weighted,0.473388332188037,8.633401032902261
1000057456,5102,0.6787029341945129,0.6787029341945129,high,medium,0.3377777777777778,0.8444444444444444,45.0,38,False,0.8999999999999999,0.9708000679463223,0.8295453966275825,0.0,3,-0.12000029901056544,0.9999949845939479,embedding_weighted,0.9949058658685646,7.840798578233146
42483,5108,0.6845269493011098,0.6845269493011098,high,medium,0.3466666666666667,0.8666666666666667,45.0,39,False,0.8999999999999999,0.9882463238922332,0.8214067857066427,0.0,3,-0.16010246753490892,0.9952817345886359,embedding_weighted,0.8590550404424213,5.303686272823252
1000081826,5099,0.7105454531163193,0.7105454531163193,high,high,0.40888888888888886,1.0222222222222221,45.0,46,False,0.8999999999999999,0.9771370391230882,0.8437499315743072,0.0,3,-0.04000042040727177,0.9999767036375055,embedding_weighted,0.9973697748918694,-3.5273867844078275
35573,5102,0.7073178015428493,0.7073178015428493,high,high,0.40888888888888886,1.0222222222222221,45.0,46,False,0.8999999999999999,0.9715589051963507,0.8296697663201571,0.0,3,-0.11935775135526488,0.9792088013603759,embedding_weighted,0.6858336143298388,7.31946832476082
39083,5099,0.7467036135705707,0.7467036135705707,high,high,0.49777777777777776,1.2444444444444445,45.0,56,False,0.8999999999999999,0.9908029657674712,0.8295460620397695,0.0,3,-0.11999686369817163,0.9987544520675848,embedding_weighted,0.7852810936925869,-2.6567037660837
32289,5099,0.6347897145242147,6.722721360793816,high,critical,0.27555555555555555,0.6888888888888889,45.0,31,False,0.8999999999999999,0.8786559275106971,0.8255753786656872,14623.740000000002,3,-0.14002966523573007,0.9954019358915127,embedding_weighted,0.6779703932313269,2.140741710295818
37581,5119,0.6920723293654456,6.9299249219286105,high,critical,0.37333333333333335,0.9333333333333333,45.0,42,False,0.8999999999999999,0.951194980160561,0.85,8210.54,3,0.0,0.9555523109141489,embedding_weighted,0.768037801054224,8.646261435097665
12697,5099,0.7058101611600777,0.7058101611600777,high,high,0.40888888888888886,1.0222222222222221,45.0,46,False,0.8999999999999999,0.9641427798810167,0.8295069975221256,0.0,3,-0.12019849600885416,0.9937102269300574,embedding_weighted,0.964859207659532,-2.604400471726219
28005,5099,0.6696028455673559,0.6696028455673559,high,medium,0.3111111111111111,0.7777777777777778,45.0,35,False,0.8999999999999999,0.978632914620927,0.8295454546581738,0.0,3,-0.11999999941806774,0.999999994541061,embedding_weighted,0.9991359324359222,1.645273609518001
32695,5099,0.6510358735726258,0.6510358735726258,high,medium,0.28444444444444444,0.7111111111111111,45.0,32,False,0.8999999999999999,0.9519152101152845,0.8125003584786084,0.0,3,-0.19999847048834654,0.9943775840210943,embedding_weighted,0.7427860207216729,2.4266127705162432
42650,5115,0.6678501713966751,0.6678501713966751,high,medium,0.3111111111111111,0.7777777777777778,45.0,35,False,0.8999999999999999,0.9862745098039215,0.8076721666096426,0.0,3,-0.2200816836762613,0.9984762506601301,embedding_weighted,0.8052988782062638,2.6482453377300113
10652,5115,0.6753668825983166,0.6753668825983166,high,medium,0.3377777777777778,0.8444444444444444,45.0,38,False,0.8999999999999999,0.9485819975339087,0.836929146536158,0.0,3,-0.08015444321409747,0.9973410421827156,embedding_weighted,0.9484634498784815,2.6148943506280435
1000082312,5116,0.6686662837126115,0.6686662837126115,high,medium,0.3111111111111111,0.7777777777777778,45.0,35,False,0.8999999999999999,0.9684210526315788,0.8369175249456748,0.0,3,-0.08021999328847013,0.9732194530917454,embedding_weighted,0.7433310683568323,8.247694464789534
2114,5099,0.6893205697812271,0.6893205697812271,high,medium,0.36444444444444446,0.9111111111111111,45.0,41,False,0.8999999999999999,0.970554098543608,0.8295464819648523,0.0,3,-0.11999469574415078,0.9993202247678714,embedding_weighted,0.9986623929055063,3.251659084188928
11018,5112,0.6906085317161353,0.6906085317161353,high,medium,0.3555555555555555,0.8888888888888888,45.0,40,False,0.8999999999999999,0.9841181632056156,0.8437511790186,0.0,3,-0.03999275605506053,0.9997797347150212,embedding_weighted,0.9762556531999887,8.56209717901087
42410,5108,0.7415415350983725,0.7415415350983725,high,high,0.48,1.2,45.0,54,False,0.8999999999999999,0.9852076754918629,0.85,0.0,3,0.0,0.9951405736308506,embedding_weighted,0.7122425906982849,6.581940648918447
3607,5103,0.6629520040114402,0.6629520040114402,high,medium,0.3022222222222222,0.7555555555555555,45.0,34,False,0.8999999999999999,0.9525030756127566,0.84375,0.0,3,-0.04,1.0,embedding_weighted,0.9999999999999998,8.637856115594372
19065,5115,0.6946162706968707,0.6946162706968707,high,medium,0.37333333333333335,0.9333333333333333,45.0,42,False,0.8999999999999999,0.9791852323360917,0.829639272642127,0.0,3,-0.11951538170591186,0.9820430594443141,embedding_weighted,0.6964987744662279,2.5324171959939985
26107,5099,0.7513005000114238,0.7513005000114238,high,high,0.5244444444444445,1.3111111111111111,45.0,59,False,0.8999999999999999,0.9604859335038363,0.8295035702191917,0.0,3,-0.1202161816945884,0.9954771531664846,embedding_weighted,0.5168412167463765,2.1678857882948295
29870,5099,0.6949116135196804,0.6949116135196804,high,medium,0.37333333333333335,0.9333333333333333,45.0,42,False,0.8999999999999999,0.9751740139211136,0.8369565160141634,0.0,3,-0.08000003230407916,0.9999958775908323,embedding_weighted,0.998896884018937,1.3128673394428372
33211,5112,0.6677541618251162,0.6677541618251162,high,medium,0.3111111111111111,0.7777777777777778,45.0,35,False,0.8999999999999999,0.962469863380659,0.8387716313635993,0.0,3,-0.06964263628891908,0.9998851278336731,embedding_weighted,0.9761583940651964,8.308383919204868
27445,5102,0.681671354554035,0.681671354554035,high,medium,0.3466666666666667,0.8666666666666667,45.0,39,False,0.8999999999999999,0.9678797583521361,0.8295249081129406,0.0,3,-0.12010606159769242,0.9920843695212292,embedding_weighted,0.863464528844139,7.202940254216392
551,5115,0.6732955683107498,0.6732955683107498,high,medium,0.3377777777777778,0.8444444444444444,45.0,38,False,0.8999999999999999,0.936266950279181,0.8395404476253495,0.0,3,-0.06518497789541926,0.9999999262482518,embedding_weighted,0.9982633060061031,3.6077424112618868
1000062151,5108,0.738952761480882,6.677211221289103,high,critical,0.48,1.2,45.0,54,False,0.8999999999999999,0.9722638074044102,0.85,3089.369999999999,3,0.0,0.9800033131907278,embedding_weighted,0.4110307606420666,7.45126832623115
1000100207,5118,0.7394821908941984,0.7394821908941984,high,high,0.48,1.2,45.0,54,False,0.8999999999999999,0.9796308503625577,0.8437068054779131,0.0,3,-0.040265313799043564,0.9792734676803297,embedding_weighted,0.520825475853322,8.473442451470769
1000076579,5115,0.6956398880139016,0.6956398880139016,high,medium,0.37333333333333335,0.9333333333333333,45.0,42,False,0.8999999999999999,0.978810408921933,0.8369631526412115,0.0,3,-0.07996258250810512,0.9963761011253017,embedding_weighted,0.6313970490719586,1.0439882013145194
25965,5099,0.6957253394544438,0.6957253394544438,high,medium,0.37333333333333335,0.9333333333333333,45.0,42,False,0.8999999999999999,0.9694600306055527,0.85,0.0,3,0.0,0.9998426375902844,embedding_weighted,0.9996908565127118,1.5576781121875651
21161,5099,0.6862118432088428,0.6862118432088428,high,medium,0.36444444444444446,0.9111111111111111,45.0,41,False,0.8999999999999999,0.9550112191473448,0.8295454773439737,0.0,3,-0.11999988229882946,0.9999779470995313,embedding_weighted,0.9982626530544035,0.3408081478607805
1000037323,5103,0.6664531414233885,0.6664531414233885,high,medium,0.3111111111111111,0.7777777777777778,45.0,35,False,0.8999999999999999,0.9475434848947207,0.85,0.0,3,0.0,0.9999919262745803,embedding_weighted,0.9904614805565652,6.145924390378864
36827,5099,0.7392747034892648,0.7392747034892648,high,high,0.48,1.2,45.0,54,False,0.8999999999999999,0.9892006188757091,0.8295638647608206,0.0,3,-0.11990494392812044,0.9956765412897084,embedding_weighted,0.7097081960371658,1.3367154534871766
27694,5116,0.6601231585831757,0.6601231585831757,high,medium,0.28444444444444444,0.7111111111111111,45.0,32,False,0.8999999999999999,0.9692269040269901,0.85,0.0,3,0.0,0.98125730013921,embedding_weighted,0.7491893158015173,7.20005906945183
1000056374,5115,0.6575577998817612,0.6575577998817612,high,medium,0.27555555555555555,0.6888888888888889,45.0,31,False,0.8999999999999999,0.978863512449264,0.8437525011312413,0.0,3,-0.039984632803666695,0.9987594399724735,embedding_weighted,0.778384309028655,3.897982232359677
1000082409,5103,0.7375310012659099,0.7375310012659099,high,high,0.48888888888888893,1.2222222222222223,45.0,55,False,0.8999999999999999,0.9755065554231227,0.8124942308381979,0.0,3,-0.2000246143330003,0.995744689495921,embedding_weighted,0.93703901017411,7.378366212389178
16831,5099,0.6553222841092524,6.339246179023925,high,critical,0.27555555555555555,0.6888888888888889,45.0,31,False,0.8999999999999999,0.967669738574384,0.8437740944810225,5844.799999999999,3,-0.03985194067715741,0.9925071663357852,embedding_weighted,0.5124499520652721,2.8754366206781095
1000073996,5100,0.7152512775359707,0.7152512775359707,high,high,0.42666666666666664,1.0666666666666667,45.0,48,False,0.8999999999999999,0.9758885867016787,0.8293792901931227,0.0,3,-0.12085701571759626,0.9775633556835217,embedding_weighted,0.8863938678345389,8.061361451532093
30,5099,0.7106986426790378,0.7106986426790378,high,high,0.42666666666666664,1.0666666666666667,45.0,48,False,0.8999999999999999,0.9733047643055205,0.8024734876751145,0.0,3,-0.24060826957099954,0.9888955876401166,embedding_weighted,0.7490499244781061,0.39704576944590997
33676,5115,0.6528809903575107,0.6528809903575107,high,medium,0.27555555555555555,0.6888888888888889,45.0,31,False,0.8999999999999999,0.9661348224970083,0.8295453575725784,0.0,3,-0.12000050063835015,0.999987323940635,embedding_weighted,0.997510403484638,0.6267989878824647
1000080073,5099,0.741794527262279,0.741794527262279,high,high,0.48888888888888893,1.2222222222222223,45.0,55,False,0.8999999999999999,0.9686948585336173,0.85,0.0,3,0.0,0.9999943808062999,embedding_weighted,0.9994127573908393,3.336090528918624
4549,5108,0.6615131271474479,0.6615131271474479,high,medium,0.3022222222222222,0.7555555555555555,45.0,34,False,0.8999999999999999,0.9621118012422359,0.8213458534007457,0.0,3,-0.16038892544447578,0.9907674478469272,embedding_weighted,0.8465744324140753,4.010398232763211
1000080906,5103,0.7026556492283167,0.7026556492283167,high,high,0.4,1.0,45.0,45,False,0.8999999999999999,0.9554657592513823,0.8437499825202674,0.0,3,-0.04000010739546471,0.9999891928354474,embedding_weighted,0.9910772588901724,6.863754915791079
1000080728,5099,0.7014821457907021,7.463621033900725,high,critical,0.40888888888888886,1.0222222222222221,45.0,46,False,0.8999999999999999,0.9626666666666666,0.8026217126787554,15363.079999999998,3,-0.2400379898125962,0.9964819995022174,embedding_weighted,0.7851097209231417,0.8304822477054241
1000082336,5115,0.6555999708946241,0.6555999708946241,high,medium,0.28444444444444444,0.7111111111111111,45.0,32,False,0.8999999999999999,0.956358755095953,0.8370029473177047,0.0,3,-0.0797379613214746,0.9906094894768467,embedding_weighted,0.9249005044685209,2.0500904854312214
1000037112,5107,0.6876550616984402,0.6876550616984402,high,medium,0.3555555555555555,0.8888888888888888,45.0,40,False,0.8999999999999999,0.9744700090424997,0.8369255844514536,0.0,3,-0.08017453568401225,0.9889149069304379,embedding_weighted,0.4850494098275503,7.6637839203531115
28342,5099,0.7159700680973611,0.7159700680973611,high,high,0.42666666666666664,1.0666666666666667,45.0,48,False,0.8999999999999999,0.9793468175913898,0.8295602527494428,0.0,3,-0.11992359517237164,0.9974846042968537,embedding_weighted,0.7918825813067369,-1.3859285253818463
12229,5115,0.7435654499151289,0.7435654499151289,high,high,0.48888888888888893,1.2222222222222223,45.0,55,False,0.8999999999999999,0.9822369911638094,0.8437499741787422,0.0,3,-0.040000158645781284,0.9999941604408381,embedding_weighted,0.9979020055027517,3.0335738455478305
11018,5115,0.7443444364994241,0.7443444364994241,high,high,0.48888888888888893,1.2222222222222223,45.0,55,False,0.8999999999999999,0.981444404719342,0.85,0.0,3,0.0,0.9999788656826994,embedding_weighted,0.9974951391133015,2.8868706281274417
1000100424,5115,0.6657273772793412,0.6657273772793412,high,medium,0.29333333333333333,0.7333333333333333,45.0,33,False,0.8999999999999999,0.9841685497806726,0.8437355599324887,0.0,3,-0.04008871157638156,0.9961410208898633,embedding_weighted,0.7046715644659666,4.133511263669782
1000082616,5108,0.689219884152412,0.689219884152412,high,medium,0.3466666666666667,0.8666666666666667,45.0,39,False,0.8999999999999999,0.9902660874287266,0.85,0.0,3,0.0,0.9734006678297281,embedding_weighted,0.27374042559949374,8.055802343191676
1000100303,5108,0.7353146989205853,0.7353146989205853,high,high,0.47111111111111115,1.1777777777777778,45.0,53,False,0.8999999999999999,0.9765475152571926,0.843738342831349,0.0,3,-0.040071616301194116,0.9889297810435623,embedding_weighted,0.41034469981912725,6.788568811720643
34627,5105,0.7387921905084236,0.7387921905084236,high,high,0.48,1.2,45.0,54,False,0.8999999999999999,0.9813413263394529,0.8368261682702197,0.0,3,-0.08073495357758374,0.9585209889210872,embedding_weighted,0.9117376950816495,8.695228261902514
1000065055,5099,0.7349368397471726,0.7349368397471726,high,high,0.47111111111111115,1.1777777777777778,45.0,53,False,0.8999999999999999,0.9797393364928909,0.8369635200276664,0.0,3,-0.07996050929550118,0.9955139590244317,embedding_weighted,0.5886278662686611,0.9518806065662133
1000081911,5099,0.6981131271699988,0.6981131271699988,high,medium,0.4,1.0,45.0,45,False,0.8999999999999999,0.9635514018691589,0.8026856453077805,0.0,3,-0.23979175142134332,0.9937225729417767,embedding_weighted,0.8970908756198435,0.30746444719176935
6360,5115,0.6513477509544897,0.6513477509544897,high,medium,0.27555555555555555,0.6888888888888889,45.0,31,False,0.8999999999999999,0.9528925619834709,0.8369801089038218,0.0,3,-0.0798668862347396,0.997003921969154,embedding_weighted,0.8848949809361347,3.330993357398442
1000081623,5099,0.6669339931216732,6.408411116683784,high,critical,0.3111111111111111,0.7777777777777778,45.0,35,False,0.8999999999999999,0.9546396890262134,0.8437440724799078,5478.4699999999975,3,-0.04003641730191504,0.9917236691006367,embedding_weighted,0.5886562401361863,1.8271917537277353
31111,5115,0.679482563768694,0.679482563768694,high,medium,0.36444444444444446,0.9111111111111111,45.0,41,False,0.8999999999999999,0.9415300546448087,0.8026585004130302,0.0,3,-0.23989632026742544,0.9955434991551538,embedding_weighted,0.6154151124828923,3.4847707609312026
1000079581,5099,0.7407901452668214,0.7407901452668214,high,high,0.48888888888888893,1.2222222222222223,45.0,55,False,0.8999999999999999,0.9734559247959098,0.8369560316805598,0.0,3,-0.08000276522884996,0.9990570415504426,embedding_weighted,0.609780958657636,1.7568244056217246
1000081382,5108,0.6364418723624211,0.6364418723624211,high,medium,0.27555555555555555,0.6888888888888889,45.0,31,False,0.8999999999999999,0.8732857507009941,0.84375,0.0,3,-0.04,1.0,embedding_weighted,0.9999999999999997,8.301427265417052
28478,5108,0.7400121821550144,0.7400121821550144,high,high,0.48888888888888893,1.2222222222222223,45.0,55,False,0.8999999999999999,0.9644522776572668,0.8437744737867031,0.0,3,-0.03984960949849542,0.9944392237092751,embedding_weighted,0.5233779570946214,5.01897382484697
6360,5099,0.6530002462021292,0.6530002462021292,high,medium,0.27555555555555555,0.6888888888888889,45.0,31,False,0.8999999999999999,0.9560711455490005,0.8437586324673788,0.0,3,-0.03994695919003653,0.9980982165693435,embedding_weighted,0.8739421402600097,1.201645599823152
1000078305,5382,0.7379529940120196,0.7379529940120196,high,high,0.48,1.2,45.0,54,False,0.8999999999999999,0.982471532574202,0.8297245833145281,0.0,3,-0.11907424500933117,0.946659435282821,embedding_weighted,0.630468835704417,8.736089743074173
37581,5103,0.68358596400437,6.8449484356324,high,critical,0.37333333333333335,0.9333333333333333,45.0,42,False,0.8999999999999999,0.9087631533551837,0.85,8210.54,3,0.0,0.9931550026966192,embedding_weighted,0.7469141401468801,5.950447281346722
33172,5105,0.6631839288796824,0.6631839288796824,high,medium,0.29333333333333333,0.7333333333333333,45.0,33,False,0.8999999999999999,0.9667529777317452,0.85,0.0,3,0.0,0.9985905904027823,embedding_weighted,0.9638912289344459,8.813687888107154
1000058504,5099,0.6823223001237662,0.6823223001237662,high,medium,0.3466666666666667,0.8666666666666667,45.0,39,False,0.8999999999999999,0.9616992882562276,0.842105172039026,0.0,3,-0.050000548231543644,0.9999720812645395,embedding_weighted,0.9975200820531249,-1.9776732215092014
7549,5107,0.6835377200933549,0.6835377200933549,high,medium,0.3377777777777778,0.8444444444444444,45.0,38,False,0.8999999999999999,0.9843694940850742,0.8436847344348599,0.0,3,-0.040400824208102225,0.9845460453601556,embedding_weighted,0.4641588293381119,6.600562476139123
1000081223,5099,0.6369605384834501,4.115854862959621,high,critical,0.28444444444444444,0.7111111111111111,45.0,32,False,0.8999999999999999,0.8687546793112053,0.8295454989562088,234.5,3,-0.11999977072201927,0.9999931007932779,embedding_weighted,0.9980695473828309,0.5042599743446008
7212,5115,0.6577891500589407,0.6577891500589407,high,medium,0.28444444444444444,0.7111111111111111,45.0,32,False,0.8999999999999999,0.9622443744044564,0.8437499826684776,0.0,3,-0.04000010648486187,0.999896422185784,embedding_weighted,0.9971265726905842,3.716900687894684
3894,5099,0.6941306690590111,0.6941306690590111,high,medium,0.37333333333333335,0.9333333333333333,45.0,42,False,0.8999999999999999,0.9794634597594819,0.8260309584918764,0.0,3,-0.13777762583697575,0.9999889958448769,embedding_weighted,0.9985459753184965,-0.23260724035432823
1000100284,5115,0.6691864939510473,0.6691864939510473,high,medium,0.3022222222222222,0.7555555555555555,45.0,34,False,0.8999999999999999,0.9836800620235172,0.8437439510497005,0.0,3,-0.04003716331192614,0.9974235628217096,embedding_weighted,0.6860567759626454,3.5172125732157413
40264,5115,0.7238899828697992,0.7238899828697992,high,high,0.43555555555555553,1.0888888888888888,45.0,49,False,0.8999999999999999,0.9905263157894737,0.8437499832645488,0.0,3,-0.040000102822600976,0.9999938526330082,embedding_weighted,0.9985587015037732,2.764273467632754
1000076472,5115,0.6874776064852499,0.6874776064852499,high,medium,0.37333333333333335,0.9333333333333333,45.0,42,False,0.8999999999999999,0.9465402083889927,0.8255748764941201,0.0,3,-0.14003214109839218,0.9983593828834255,embedding_weighted,0.7774812916748134,1.1021654576660387
29524,5108,0.6799242443693849,7.1493526277551425,high,critical,0.3377777777777778,0.8444444444444444,45.0,38,False,0.8999999999999999,0.9662763466042155,0.8437190929162048,13559.62,3,-0.04018985556839283,0.9889147843674457,embedding_weighted,0.47925835073568845,7.002888785970997
1000051168,5099,0.7556202935425557,0.7556202935425557,high,high,0.5244444444444445,1.3111111111111111,45.0,59,False,0.8999999999999999,0.9881057268722466,0.8214758026021906,0.0,3,-0.15977776577955038,0.9934660122613792,embedding_weighted,0.875750174711534,0.23084840976169296
1000036869,5099,0.7147387612938201,0.7147387612938201,high,high,0.42666666666666664,1.0666666666666667,45.0,48,False,0.8999999999999999,0.9625479335321687,0.8437500528047983,0.0,3,-0.039999675567209556,0.9999916801376603,embedding_weighted,0.9991251413907892,0.7047665131526326
1000080904,5115,0.6835473838953604,0.6835473838953604,high,medium,0.3555555555555555,0.8888888888888888,45.0,40,False,0.8999999999999999,0.9539201025421917,0.8369409410979991,0.0,3,-0.08008790796376009,0.9933460888246346,embedding_weighted,0.6281045356179218,1.9096981594212759
10958,5102,0.6818138085797347,0.6818138085797347,high,medium,0.3466666666666667,0.8666666666666667,45.0,39,False,0.8999999999999999,0.9630399999999999,0.836927612753787,0.0,3,-0.08016309484987023,0.9836210106697155,embedding_weighted,0.832502161776805,7.557915500317986
1000100158,5112,0.7125000302209233,0.7125000302209233,high,high,0.40888888888888886,1.0222222222222221,45.0,46,False,0.8999999999999999,0.986852928662601,0.8438259262189842,0.0,3,-0.03953328251956121,0.985520349501825,embedding_weighted,0.7669480735180325,8.266714631712647
25651,5108,0.6833382798249936,0.6833382798249936,high,medium,0.3466666666666667,0.8666666666666667,45.0,39,False,0.8999999999999999,0.9706630525437865,0.836926684330464,0.0,3,-0.08016833174612482,0.9970583514551319,embedding_weighted,0.9087047902081448,4.107422505047007
1000100020,5108,0.7302169338754079,0.7302169338754079,high,high,0.4622222222222222,1.1555555555555554,45.0,52,False,0.8999999999999999,0.9795304475421863,0.8294797031872118,0.0,3,-0.1203393214551881,0.9860372779152462,embedding_weighted,0.7707603096143552,5.870255401646361
1000100939,5100,0.6528175605109057,0.6528175605109057,high,medium,0.27555555555555555,0.6888888888888889,45.0,31,False,0.8999999999999999,0.9612021857923496,0.8356993408680901,0.0,3,-0.087039572497567,0.9998351986004995,embedding_weighted,0.9987928226274853,7.954765162689132
1000058504,5115,0.6819522972761667,0.6819522972761667,high,medium,0.3466666666666667,0.8666666666666667,45.0,39,False,0.8999999999999999,0.9586156589398606,0.8437499921435199,0.0,3,-0.040000048270211426,0.9999630062007072,embedding_weighted,0.9976147371125925,0.9773643696646612
1000065753,5108,0.6759082956150375,0.6759082956150375,high,medium,0.3377777777777778,0.8444444444444444,45.0,38,False,0.8999999999999999,0.9449651490434524,0.8453610313015723,0.0,3,-0.029998704320606667,0.9999469216093221,embedding_weighted,0.9924542537555717,5.386423090177297
34418,5103,0.7028384387892767,8.065347259556294,high,critical,0.4,1.0,45.0,45,False,0.8999999999999999,0.987198300830276,0.8026585241548098,35431.78999999999,3,-0.2398962288207901,0.992632306910374,embedding_weighted,0.9018718425852109,3.8457207079445803
1000100577,5099,0.6921993889294753,0.6921993889294753,high,medium,0.36444444444444446,0.9111111111111111,45.0,41,False,0.8999999999999999,0.982048827190043,0.833412304757926,0.0,3,-0.09957335214926791,0.9985009476407085,embedding_weighted,0.834073693645603,1.0649308868782867
42210,5099,0.6905943959219017,0.6905943959219017,high,medium,0.36444444444444446,0.9111111111111111,45.0,41,False,0.8999999999999999,0.9740282685512367,0.8334064295591775,0.0,3,-0.09960510718939664,0.9991077373024505,embedding_weighted,0.8650386665477059,-0.9792390851988966
1000101002,5382,0.6642337882731173,0.6642337882731173,high,medium,0.3022222222222222,0.7555555555555555,45.0,34,False,0.8999999999999999,0.9816148163562584,0.8134795740865117,0.0,3,-0.19579853377788814,0.8396977213717979,embedding_weighted,0.30620038468876626,8.889523056947738
39969,5107,0.6793109193151828,0.6793109193151828,high,medium,0.3377777777777778,0.8444444444444444,45.0,38,False,0.8999999999999999,0.9683291770573565,0.8368931519506697,0.0,3,-0.08035743566920081,0.9919959365983835,embedding_weighted,0.6672836199395534,5.551051860651339
42574,5108,0.748644258055525,0.748644258055525,high,high,0.49777777777777776,1.2444444444444445,45.0,56,False,0.8999999999999999,0.989877961234745,0.8437170313164323,0.0,3,-0.040202516860868454,0.990172150019456,embedding_weighted,0.593256721315905,5.312991963516197
1000065685,5112,0.6909588670116695,0.6909588670116695,high,medium,0.36444444444444446,0.9111111111111111,45.0,41,False,0.8999999999999999,0.9680297701807474,0.8438342346516152,0.0,3,-0.039482183144492505,0.9700276250429215,embedding_weighted,0.8733828020141502,7.987015249528632
42792,5100,0.6580860915491941,0.6580860915491941,high,medium,0.27555555555555555,0.6888888888888889,45.0,31,False,0.8999999999999999,0.9815068493150685,0.8437499964263877,0.0,3,-0.04000002195627351,0.9999865503798026,embedding_weighted,0.9998494966456449,8.347892798901933
1000082156,5115,0.6793664049132364,0.6793664049132364,high,medium,0.36444444444444446,0.9111111111111111,45.0,41,False,0.8999999999999999,0.9152241918665276,0.8369585917476876,0.0,3,-0.07998831948341789,0.998556964911156,embedding_weighted,0.9322193650797367,3.1672674601557738
27643,5099,0.7050137643784484,0.7050137643784484,high,high,0.40888888888888886,1.0222222222222221,45.0,46,False,0.8999999999999999,0.9559175531914893,0.8351646545639668,0.0,3,-0.09000099703610134,0.9999591692433314,embedding_weighted,0.9975327287136626,-0.8409659679815693
35398,5115,0.7117729846397386,5.539952547560724,high,critical,0.4177777777777778,1.0444444444444445,45.0,47,False,0.8999999999999999,0.9656566987221709,0.8435368918946222,881.9899999999998,3,-0.04130755283874869,0.9599471357502444,embedding_weighted,0.27070321496941924,6.486280409349512
29318,5115,0.7125082274760057,3.951006212495471,high,critical,0.4177777777777778,1.0444444444444445,45.0,47,False,0.8999999999999999,0.9660086853533358,0.8479691952948505,93.18000000000029,3,-0.013357850134964579,0.9950854514934011,embedding_weighted,0.5408618857495759,3.495287558531288
1000082570,5099,0.7416726348538152,5.689930318834654,high,critical,0.48888888888888893,1.2222222222222223,45.0,55,False,0.8999999999999999,0.9778678341122877,0.8369567498386805,788.7800000000007,3,-0.07999871290847124,0.9999607878008354,embedding_weighted,0.999064949963203,0.535361225945234
1000069597,5099,0.6054161882060505,0.6054161882060505,high,medium,0.1688888888888889,0.4222222222222222,45.0,19,False,0.8999999999999999,0.9421412049785218,0.8295492776986034,0.0,3,-0.11998026189196728,0.9985657115759925,embedding_weighted,0.7792911435647553,-4.431968620427664
21161,5115,0.6846359640556228,0.6846359640556228,high,medium,0.36444444444444446,0.9111111111111111,45.0,41,False,0.8999999999999999,0.9415735794074793,0.8369564693089943,0.0,3,-0.08000029584568624,0.9999779470995313,embedding_weighted,0.9987791856680611,2.482235178829278
1000059960,5099,0.6545591438896523,6.777801236373244,high,critical,0.27555555555555555,0.6888888888888889,45.0,31,False,0.8999999999999999,0.9591846083371507,0.85,11552.660000000002,3,0.0,0.9959457823007566,embedding_weighted,0.7160116107775532,1.8524627092934862
25904,5115,0.6707727133913575,0.6707727133913575,high,medium,0.3466666666666667,0.8666666666666667,45.0,39,False,0.8999999999999999,0.8980302336234539,0.85,0.0,3,0.0,0.9971513114982564,embedding_weighted,0.5780667015055924,3.8722414010930937
1000101602,5103,0.7129724433436508,0.7129724433436508,high,high,0.40888888888888886,1.0222222222222221,45.0,46,False,0.8999999999999999,0.9891891891891891,0.8438603330017161,0.0,3,-0.039321635022772826,0.979616030121764,embedding_weighted,0.9328846416307143,5.400327865964903
40015,5108,0.7098201967491701,0.7098201967491701,high,high,0.42666666666666664,1.0666666666666667,45.0,48,False,0.8999999999999999,0.9385441361037512,0.8429646857450215,0.0,3,-0.0448008416982894,0.9999781034100507,embedding_weighted,0.9943413995395928,4.010826179449679
1000100207,5100,0.7395373631682759,0.7395373631682759,high,high,0.48,1.2,45.0,54,False,0.8999999999999999,0.9901498246732546,0.8300493215575001,0.0,3,-0.11739099028810192,0.9819140048801545,embedding_weighted,0.4940352106299465,8.00768505079267
1000100284,5099,0.669620948711263,0.669620948711263,high,medium,0.3022222222222222,0.7555555555555555,45.0,34,False,0.8999999999999999,0.9858485978278488,0.843748935045362,0.0,3,-0.04000654303670062,0.998258079236835,embedding_weighted,0.74926366913153,0.5665503808699075
1000078247,5115,0.6760253298093906,0.6760253298093906,high,medium,0.37333333333333335,0.9333333333333333,45.0,42,False,0.8999999999999999,0.9103092783505153,0.7975342720396941,0.0,3,-0.2591338716377322,0.993507499831529,embedding_weighted,0.7975803554450919,3.3979730204786947
1000079200,5107,0.6889492409132514,0.6889492409132514,high,medium,0.36444444444444446,0.9111111111111111,45.0,41,False,0.8999999999999999,0.95804549283909,0.8437490971177034,0.0,3,-0.040005547276775126,0.9998339801143216,embedding_weighted,0.9954158757962975,6.300569777960586
1000082750,5099,0.6908085967077111,0.6908085967077111,high,medium,0.36444444444444446,0.9111111111111111,45.0,41,False,0.8999999999999999,0.9724367509986684,0.8369564582013306,0.0,3,-0.08000035852248548,0.999982821275969,embedding_weighted,0.9987888275568404,1.974285298161118
1000057197,5099,0.6743879690092406,0.6743879690092406,high,medium,0.3555555555555555,0.8888888888888888,45.0,40,False,0.8999999999999999,0.9029995588883988,0.8437722333955908,0.0,3,-0.03986337857711719,0.9956656743760683,embedding_weighted,0.8067300635446075,1.4690448308590227
12697,5108,0.6994537048625229,0.6994537048625229,high,medium,0.40888888888888886,1.0222222222222221,45.0,46,False,0.8999999999999999,0.932381234275566,0.8294793496790276,0.0,3,-0.12034114508914982,0.9880095196826111,embedding_weighted,0.9453117638090506,3.93987446417031
1000057666,5108,0.6934915126520689,0.6934915126520689,high,medium,0.37333333333333335,0.9333333333333333,45.0,42,False,0.8999999999999999,0.9617701886511072,0.8453609439234275,0.0,3,-0.02999925241573734,0.9999713601023366,embedding_weighted,0.9937268349328305,5.3442517757664625
1000074594,5107,0.7318242325769251,0.7318242325769251,high,high,0.47111111111111115,1.1777777777777778,45.0,53,False,0.8999999999999999,0.9668994413407821,0.833332665762162,0.0,3,-0.10000360486988553,0.9997850824428726,embedding_weighted,0.9973346328058019,7.49293575881238
1000080728,5115,0.6989578270663734,7.436762818848178,high,critical,0.40888888888888886,1.0222222222222221,45.0,46,False,0.8999999999999999,0.9461538461538461,0.8078100152003249,15363.079999999998,3,-0.2195222859487234,0.9940362457404155,embedding_weighted,0.795935599167499,2.734046628851658
1000100089,5103,0.6554838339832604,0.6554838339832604,high,medium,0.27555555555555555,0.6888888888888889,45.0,31,False,0.8999999999999999,0.9852791878172589,0.8213718279839092,0.0,3,-0.16026683637288708,0.9971627276999232,embedding_weighted,0.6770893953670974,5.7921777706704365
42210,5112,0.6908895153696121,0.6908895153696121,high,medium,0.36444444444444446,0.9111111111111111,45.0,41,False,0.8999999999999999,0.9727272727272727,0.8371085536425316,0.0,3,-0.07914133397267448,0.9858506540820628,embedding_weighted,0.8914578712297649,7.983229924245575
1000080105,5108,0.6529600505780774,0.6529600505780774,high,medium,0.27555555555555555,0.6888888888888889,45.0,31,False,0.8999999999999999,0.9616130988477865,0.8361013905753187,0.0,3,-0.08480004481714846,0.9999717328208882,embedding_weighted,0.9935185852210833,3.852866447833894
1000080148,5106,0.6624853083662983,0.6624853083662983,high,medium,0.3111111111111111,0.7777777777777778,45.0,35,False,0.8999999999999999,0.9433625813756014,0.82912231764489,0.0,3,-0.12217910535398628,0.9686447252996128,embedding_weighted,0.8268464123718051,8.346110897131918
28853,5106,0.6583589149284583,0.6583589149284583,high,medium,0.29333333333333333,0.7333333333333333,45.0,33,False,0.8999999999999999,0.9473149492017416,0.8437506116985114,0.0,3,-0.03999624170963256,0.9992789269142557,embedding_weighted,0.9955644304475763,8.51214542679744
1000037323,5115,0.6660497268531383,0.6660497268531383,high,medium,0.3111111111111111,0.7777777777777778,45.0,35,False,0.8999999999999999,0.966955017301038,0.8214285263232423,0.0,3,-0.1600002121754146,0.9999919262745803,embedding_weighted,0.9980668763373582,2.8162498538618923
1000081986,5115,0.7119071119796695,0.7119071119796695,high,high,0.4177777777777778,1.0444444444444445,45.0,47,False,0.8999999999999999,0.9661185292376504,0.8438153001401887,0.0,3,-0.03959862819701647,0.9793087294424406,embedding_weighted,0.7333406343428219,5.352123969475762
30444,5107,0.6876487863199675,0.6876487863199675,high,medium,0.3555555555555555,0.8888888888888888,45.0,40,False,0.8999999999999999,0.9693202694427434,0.8437500680613109,0.0,3,-0.03999958183112305,0.999973285192278,embedding_weighted,0.9937684381622858,4.948430365607111
42645,5382,0.7368665708565407,0.7368665708565407,high,high,0.48,1.2,45.0,54,False,0.8999999999999999,0.9899521531100478,0.8125076015635414,0.0,3,-0.19996756534726784,0.9513126788875218,embedding_weighted,0.8034279881520487,8.39688522412525
29432,5115,0.7004224314370191,7.583841451840469,high,critical,0.4,1.0,45.0,45,False,0.8999999999999999,0.9442910915934755,0.8437614207888267,18536.020000000004,3,-0.03992982554418416,0.9931223361371587,embedding_weighted,0.4959740631130342,3.2120100590522895
2000616,5099,0.6578444282394396,0.6578444282394396,high,medium,0.3111111111111111,0.7777777777777778,45.0,35,False,0.8999999999999999,0.9198406951484431,0.8295456317687095,0.0,3,-0.11999908505445714,0.9999604046782105,embedding_weighted,0.9980927932363786,1.8186436117993994
1000100986,5099,0.6906111086970551,0.6906111086970551,high,medium,0.36444444444444446,0.9111111111111111,45.0,41,False,0.8999999999999999,0.9810028095958504,0.8242184600007149,0.0,3,-0.14666807447124386,0.9999944302328175,embedding_weighted,0.9994202822345012,2.365401361186712
42955,5108,0.7110743174924166,0.7110743174924166,high,high,0.4,1.0,45.0,45,False,0.8999999999999999,0.9928715874620828,0.85,0.0,3,0.0,0.9619483130566497,embedding_weighted,0.42581670030968094,7.310986552819362
1000080518,5100,0.6541833982627259,0.6541833982627259,high,medium,0.27555555555555555,0.6888888888888889,45.0,31,False,0.8999999999999999,0.9649587703146265,0.8397961465171891,0.0,3,-0.0636929341022728,0.9998757592497857,embedding_weighted,0.9999052009564416,7.876879115476253
1000080795,5112,0.6509253702779039,0.6509253702779039,high,medium,0.27555555555555555,0.6888888888888889,45.0,31,False,0.8999999999999999,0.950694286364671,0.8370952718849829,0.0,3,-0.0792164123432061,0.9796929808679168,embedding_weighted,0.8341577867567939,7.78761905220371
1000100158,5103,0.7114223202461866,0.7114223202461866,high,high,0.40888888888888886,1.0222222222222221,45.0,46,False,0.8999999999999999,0.9815384615384615,0.8437271492195915,0.0,3,-0.04014037466573726,0.9955630186981161,embedding_weighted,0.7810752636058527,5.4436375044231475
17574,5099,0.7455325835395273,0.7455325835395273,high,high,0.49777777777777776,1.2444444444444445,45.0,56,False,0.8999999999999999,0.9830293601668266,0.8321040026336728,0.0,3,-0.10658977966747106,0.9960442033540388,embedding_weighted,0.6299132099938526,0.8549409493850053
25904,5099,0.6659548126726264,0.6659548126726264,high,medium,0.3466666666666667,0.8666666666666667,45.0,39,False,0.8999999999999999,0.8864506627393225,0.8333200897206341,0.0,3,-0.10007150982628484,0.998300253919015,embedding_weighted,0.6162610986783859,1.3381140823552506
9683,5116,0.7356403177086728,0.7356403177086728,high,high,0.47111111111111115,1.1777777777777778,45.0,53,False,0.8999999999999999,0.9734793663211421,0.85,0.0,3,0.0,0.9991961196868163,embedding_weighted,0.9964624349636484,7.994970795255068
37581,5118,0.6848906782647669,6.858012925405326,high,critical,0.37333333333333335,0.9333333333333333,45.0,42,False,0.8999999999999999,0.9250531387275045,0.8369781145728848,8210.54,3,-0.07987814269843564,0.9754422469521632,embedding_weighted,0.7504908416886699,7.753122941513913
1778,5099,0.7401193585193696,0.7401193585193696,high,high,0.48888888888888893,1.2222222222222223,45.0,55,False,0.8999999999999999,0.9626277925028397,0.846921629754974,0.0,3,-0.02010976625958716,0.9855783930723385,embedding_weighted,0.45054337494697116,4.213486026883757
1000082597,5115,0.6843337843627608,6.5546857561336624,high,critical,0.3466666666666667,0.8666666666666667,45.0,39,False,0.8999999999999999,0.9811766349916153,0.8295452713184731,5313.529999999999,3,-0.12000094593881248,0.9999822973971974,embedding_weighted,0.9976870975337448,0.606377588730755
1000082111,5099,0.6445901899943396,0.6445901899943396,high,medium,0.28444444444444444,0.7111111111111111,45.0,32,False,0.8999999999999999,0.9013446707534111,0.8369565204391973,0.0,3,-0.08000000733508868,0.9999803161302129,embedding_weighted,0.99884578113266,-0.3372226315426605
7941,5099,0.7052453083721704,6.610990162409076,high,critical,0.40888888888888886,1.0222222222222221,45.0,46,False,0.8999999999999999,0.9697606961566352,0.8182507572352515,4332.06,3,-0.17468707039315592,0.9904492146107253,embedding_weighted,0.5188003411926965,1.8859235198848916
1000100491,5099,0.6453748586242049,0.6453748586242049,high,medium,0.27555555555555555,0.6888888888888889,45.0,31,False,0.8999999999999999,0.9413881748071979,0.8125000096036206,0.0,3,-0.19999995902454995,0.9999997832262227,embedding_weighted,0.9991778151239087,1.6633523078669423
27445,5117,0.68322889520676,0.68322889520676,high,medium,0.3466666666666667,0.8666666666666667,45.0,39,False,0.8999999999999999,0.9652360515021459,0.8434334549310943,0.0,3,-0.04194092081431358,0.9473744950895299,embedding_weighted,0.9425632575917421,8.4290538540524
33676,5108,0.6487495854152469,0.6487495854152469,high,medium,0.27555555555555555,0.6888888888888889,45.0,31,False,0.8999999999999999,0.9354132636393335,0.842964736434386,0.0,3,-0.04480053336984694,0.999987323940635,embedding_weighted,0.9938645298949959,3.744548587269313
1000082307,5108,0.6879371423054846,0.6879371423054846,high,medium,0.3466666666666667,0.8666666666666667,45.0,39,False,0.8999999999999999,0.9936350208137504,0.8369564765071187,0.0,3,-0.08000025522909421,0.999990224570465,embedding_weighted,0.9906341857844386,4.683887825054782
27445,5099,0.6813548973204021,0.6813548973204021,high,medium,0.3466666666666667,0.8666666666666667,45.0,39,False,0.8999999999999999,0.9568579528790693,0.8421109338528102,0.0,3,-0.049965880093529084,0.9978164766496761,embedding_weighted,0.8895013212016364,-2.6617996109308937
32652,5115,0.713543168901037,0.713543168901037,high,high,0.4177777777777778,1.0444444444444445,45.0,47,False,0.8999999999999999,0.969660288949629,0.85,0.0,3,0.0,0.996145547155536,embedding_weighted,0.7339439058478712,3.2654059725459676
1000081853,5115,0.6746562488700503,7.327360635038138,high,critical,0.3377777777777778,0.8444444444444444,45.0,38,False,0.8999999999999999,0.9505665985509938,0.8295454536582688,19164.75,3,-0.120000004580244,0.9999998870501008,embedding_weighted,0.9980834301416224,2.994556290876176
28706,5102,0.7555968314483662,0.7555968314483662,high,high,0.5244444444444445,1.3111111111111111,45.0,59,False,0.8999999999999999,0.9712946586487442,0.8437341462722634,0.0,3,-0.040097395421098095,0.9753292486901924,embedding_weighted,0.6861442613719941,6.861514198831106
42650,5382,0.671579149329204,0.671579149329204,high,medium,0.3111111111111111,0.7777777777777778,45.0,35,False,0.8999999999999999,0.9881188118811881,0.8300729500568138,0.0,3,-0.11726826276245342,0.9648700923294317,embedding_weighted,0.9384061291518283,8.275709178878303
10230,5115,0.7051026231584585,0.7051026231584585,high,high,0.40888888888888886,1.0222222222222221,45.0,46,False,0.8999999999999999,0.9605762473647224,0.8295454541997235,0.0,3,-0.12000000178489387,0.9999998637584524,embedding_weighted,0.9980983030435059,3.0240422355268164
42483,5099,0.7349419819080234,0.7349419819080234,high,high,0.47111111111111115,1.1777777777777778,45.0,53,False,0.8999999999999999,0.9882480290837792,0.8256528776454871,0.0,3,-0.1396474001159943,0.9980814303649703,embedding_weighted,0.8580272503634592,-0.8640407809771844
1000043172,5115,0.6776141041493646,7.366811757497377,high,critical,0.36444444444444446,0.9111111111111111,45.0,41,False,0.8999999999999999,0.9248729244323958,0.8124116099007187,19373.090000000004,3,-0.20037695338921346,0.9892910371541632,embedding_weighted,0.5574287157491551,3.642053588419504
1000082689,5382,0.7315248380484032,0.7315248380484032,high,high,0.48,1.2,45.0,54,False,0.8999999999999999,0.963318323519224,0.8124078222970558,0.0,3,-0.20039309827978088,0.9370043557503661,embedding_weighted,0.6381682839572692,8.406674704243587
1000065753,5100,0.6785896242099922,0.6785896242099922,high,medium,0.3377777777777778,0.8444444444444444,45.0,38,False,0.8999999999999999,0.9624999999999999,0.8398567539925408,0.0,3,-0.06333858130355827,0.9998249313855078,embedding_weighted,0.9980576450667041,7.449232196313215
3383,5107,0.6957084808860134,0.6957084808860134,high,medium,0.37333333333333335,0.9333333333333333,45.0,42,False,0.8999999999999999,0.9791625406705333,0.8369509294571561,0.0,3,-0.08003155430079555,0.9908200836683992,embedding_weighted,0.5927940216212393,5.446119966095631
1000081135,5107,0.7134189371005717,5.570328648484813,high,critical,0.42666666666666664,1.0666666666666667,45.0,48,False,0.8999999999999999,0.9512613521695257,0.85,904.0,3,0.0,0.9618124780041138,embedding_weighted,0.30176159993210894,7.831887969159628
1000066652,5103,0.7206042778694673,7.841571825232205,high,critical,0.43555555555555553,1.0888888888888888,45.0,49,False,0.8999999999999999,0.974097795294987,0.8437499772549854,19572.64,3,-0.04000013974534925,0.9999883840998994,embedding_weighted,0.991517236335005,6.653531706572261
40358,5099,0.6844679133897019,5.816422454321265,high,critical,0.3555555555555555,0.8888888888888888,45.0,40,False,0.8999999999999999,0.9612296110414051,0.833331793061324,1802.9400000000005,3,-0.10000831739198392,0.9970659210869663,embedding_weighted,0.6026264500394248,3.1958538435647785
23112,5115,0.7076146110045042,0.7076146110045042,high,high,0.40888888888888886,1.0222222222222221,45.0,46,False,0.8999999999999999,0.9675725756639901,0.8369636021076705,0.0,3,-0.07996004610540258,0.9989798059663721,embedding_weighted,0.6350803234670903,2.952231790940239
1000077124,5103,0.7406668295861845,0.7406668295861845,high,high,0.49777777777777776,1.2444444444444445,45.0,56,False,0.8999999999999999,0.9452785923753665,0.85,0.0,3,0.0,0.9838026280820538,embedding_weighted,0.8342398361499946,5.2804487265357505
1000082766,5099,0.7136061417475885,0.7136061417475885,high,high,0.4177777777777778,1.0444444444444445,45.0,47,False,0.8999999999999999,0.9853556485355648,0.8294926728624302,0.0,3,-0.12027240988314758,0.9927927664754792,embedding_weighted,0.5298421100355866,2.907211492202327
28706,5107,0.7537754707438835,0.7537754707438835,high,high,0.5244444444444445,1.3111111111111111,45.0,59,False,0.8999999999999999,0.9690901537183214,0.8345310814829421,0.0,3,-0.09348534247815998,0.9787811149478999,embedding_weighted,0.7199461205858781,5.139115990659516
28629,5103,0.7102506051378152,0.7102506051378152,high,high,0.4177777777777778,1.0444444444444445,45.0,47,False,0.8999999999999999,0.9531974701335206,0.85,0.0,3,0.0,0.9742605095988128,embedding_weighted,0.5946622148965585,6.2902345647981655
12515,5115,0.6521571029136084,0.6521571029136084,high,medium,0.28444444444444444,0.7111111111111111,45.0,32,False,0.8999999999999999,0.9293966256791535,0.85,0.0,3,0.0,0.9967190439106314,embedding_weighted,0.7071214691427807,4.00863436118803
1000081126,5115,0.6536666147952396,0.6536666147952396,high,medium,0.28444444444444444,0.7111111111111111,45.0,32,False,0.8999999999999999,0.9467220934987052,0.836962788784805,0.0,3,-0.07996463579094813,0.9985368477917649,embedding_weighted,0.6194364100135265,4.809734507997273
42488,5100,0.6534272517886085,0.6534272517886085,high,medium,0.27555555555555555,0.6888888888888889,45.0,31,False,0.8999999999999999,0.9582278481012658,0.8437297329742208,0.0,3,-0.040124504457042576,0.992163171139318,embedding_weighted,0.7717123060882709,7.717797904477521
42488,5099,0.6480245060313563,0.6480245060313563,high,medium,0.27555555555555555,0.6888888888888889,45.0,31,False,0.8999999999999999,0.9418485237483953,0.8295505270630333,0.0,3,-0.11997381150324211,0.9988777904821227,embedding_weighted,0.7691355915060618,2.4141140046479137
1000080518,5107,0.648085873785506,0.648085873785506,high,medium,0.27555555555555555,0.6888888888888889,45.0,31,False,0.8999999999999999,0.9268182578164186,0.85,0.0,3,0.0,0.9999935098656474,embedding_weighted,0.9939292562845882,6.4644503891447
6546,5107,0.692270206022187,7.68582150390494,high,critical,0.4,1.0,45.0,45,False,0.8999999999999999,0.8988510301109349,0.85,24399.119999999995,3,0.0,0.9999466928800333,embedding_weighted,0.9965247821779238,6.445709438737866
7966,5099,0.676689722052273,0.676689722052273,high,medium,0.36444444444444446,0.9111111111111111,45.0,41,False,0.8999999999999999,0.9073771945380387,0.829576702445916,0.0,3,-0.11983864792665788,0.9959599541131863,embedding_weighted,0.9308268594809944,3.7117635052805493
27160,5115,0.6976872179865949,0.6976872179865949,high,medium,0.40888888888888886,1.0222222222222221,45.0,46,False,0.8999999999999999,0.9234994543470352,0.8295451437442157,0.0,3,-0.12000160456026969,0.9999810037201601,embedding_weighted,0.9976040747928607,1.296375519103285
1000101217,5108,0.6637375592309311,0.6637375592309311,high,medium,0.29333333333333333,0.7333333333333333,45.0,33,False,0.8999999999999999,0.9792656587473001,0.8370072943209187,0.0,3,-0.0797134180020474,0.9944098902808426,embedding_weighted,0.7783109742300918,5.159878692558193
30883,5108,0.6986076287093189,0.6986076287093189,high,medium,0.4177777777777778,1.0444444444444445,45.0,47,False,0.8999999999999999,0.9047652417659424,0.8369564616334623,0.0,3,-0.08000033915612499,0.999986731294912,embedding_weighted,0.9909866998186535,4.242015403134683
27364,5099,0.7024444275193212,6.820276175279302,high,critical,0.4,1.0,45.0,45,False,0.8999999999999999,0.956160458452722,0.8414155721918453,6058.28,3,-0.0541315936678193,0.9951328090971527,embedding_weighted,0.4908907522670228,1.9383596354035744
7618,5112,0.6475290718281459,0.6475290718281459,high,medium,0.28444444444444444,0.7111111111111111,45.0,32,False,0.8999999999999999,0.9109422492401216,0.8437522946822925,0.0,3,-0.03998590126494101,0.9997855974077019,embedding_weighted,0.9839925232847019,8.190736363785799
1000076092,5103,0.6573140814081408,0.6573140814081408,high,medium,0.3377777777777778,0.8444444444444444,45.0,38,False,0.8999999999999999,0.8485148514851485,0.85,0.0,3,0.0,0.9998700821942128,embedding_weighted,0.9989240536492788,7.373177039622989
32090,5099,0.7349416304505999,7.432582847560671,high,critical,0.47111111111111115,1.1777777777777778,45.0,53,False,0.8999999999999999,0.9867680858049688,0.8276237923010774,9072.93,3,-0.1298103026956338,0.9950123275681634,embedding_weighted,0.9174013600368899,1.5226783454687105
37982,5382,0.6664641399444933,0.6664641399444933,high,medium,0.3022222222222222,0.7555555555555555,45.0,34,False,0.8999999999999999,0.9873905429071803,0.8206476164944558,0.0,3,-0.1636576159838809,0.9057622402074622,embedding_weighted,0.7033466453663564,8.249982836272588
1000082512,5099,0.6753295836946002,0.6753295836946002,high,medium,0.3377777777777778,0.8444444444444444,45.0,38,False,0.8999999999999999,0.9684975767366719,0.8101263815743645,0.0,3,-0.21000083506204453,0.9999998794678742,embedding_weighted,0.9992509883800184,1.833130584069873
1000081733,5099,0.6874078794172278,0.6874078794172278,high,medium,0.36444444444444446,0.9111111111111111,45.0,41,False,0.8999999999999999,0.9650022696323195,0.8241976514199073,0.0,3,-0.14676907782228812,0.9916371617217713,embedding_weighted,0.7410631983639006,-3.7149677862689874
1000070147,5382,0.7014641546694965,0.7014641546694965,high,high,0.4,1.0,45.0,45,False,0.8999999999999999,0.9655656482246078,0.8223401668304999,0.0,3,-0.15568985220823986,0.9194094005722551,embedding_weighted,0.44414899653993684,8.331247765990463
2000644,5099,0.6932058523691745,0.6932058523691745,high,medium,0.37333333333333335,0.9333333333333333,45.0,42,False,0.8999999999999999,0.9615502686108979,0.8437497687577443,0.0,3,-0.040001420750315604,0.9999591723873513,embedding_weighted,0.9972466891500961,1.5665078922685476
1000082288,5107,0.757345774186104,0.757345774186104,high,high,0.5244444444444445,1.3111111111111111,45.0,59,False,0.8999999999999999,0.9801012109163203,0.8436516948337481,0.0,3,-0.040603607180144226,0.9841264947333214,embedding_weighted,0.9369754863808618,4.610976673153548
16235,5099,0.6644095485147691,0.6644095485147691,high,medium,0.3022222222222222,0.7555555555555555,45.0,34,False,0.8999999999999999,0.9704361873990306,0.829556147640494,0.0,3,-0.11994479165130012,0.9984961803122218,embedding_weighted,0.43433701529091345,3.690855314793823
2000658,5099,0.6678666908823357,0.6678666908823357,high,medium,0.3111111111111111,0.7777777777777778,45.0,35,False,0.8999999999999999,0.9643937779671852,0.8369566056296953,0.0,3,-0.0799995266332622,0.9999480080033885,embedding_weighted,0.9980564712172502,1.7106466717454412
5879,5103,0.7447595296025953,0.7447595296025953,high,high,0.5244444444444445,1.3111111111111111,45.0,59,False,0.8999999999999999,0.9124087591240875,0.85,0.0,3,0.0,0.9999170587043577,embedding_weighted,0.9902173790358133,5.213502663748141
1000065055,5115,0.7306792929292929,0.7306792929292929,high,high,0.47111111111111115,1.1777777777777778,45.0,53,False,0.8999999999999999,0.9486742424242424,0.85,0.0,3,0.0,0.9956148838185719,embedding_weighted,0.5940835833645369,2.5410775054111756
40439,5115,0.6375678986723619,6.067956317145232,high,critical,0.3022222222222222,0.7555555555555555,45.0,34,False,0.8999999999999999,0.8490716180371353,0.8124312411736399,4999.779999999999,3,-0.20029326344873374,0.9896270827476136,embedding_weighted,0.5502096695517908,4.230253029227584
1000082290,5108,0.7512989191271989,0.7512989191271989,high,high,0.5244444444444445,1.3111111111111111,45.0,59,False,0.8999999999999999,0.9666143462564747,0.8213218139875076,0.0,3,-0.16050188695382964,0.9904746624391724,embedding_weighted,0.8533358553607131,4.236821909351514
1000100985,5103,0.7081234632718075,0.7081234632718075,high,high,0.40888888888888886,1.0222222222222221,45.0,46,False,0.8999999999999999,0.964980780902286,0.843811676905299,0.0,3,-0.03962090745381022,0.9723552820244485,embedding_weighted,0.26032182697125966,7.792384652535885
1000082288,5116,0.7528558792949137,0.7528558792949137,high,high,0.5244444444444445,1.3111111111111111,45.0,59,False,0.8999999999999999,0.968306394940267,0.8294454835272167,0.0,3,-0.12051581452000575,0.9798148577015585,embedding_weighted,0.956774808603723,6.295227152676068
1000079620,5099,0.6454561464845852,0.6454561464845852,high,medium,0.28444444444444444,0.7111111111111111,45.0,32,False,0.8999999999999999,0.9173120728929385,0.8214396941881316,0.0,3,-0.1599476752798553,0.9961009598594316,embedding_weighted,0.6623616875534254,-0.42281657337658984
1000082043,5382,0.7070454526692467,0.7070454526692467,high,high,0.40888888888888886,1.0222222222222221,45.0,46,False,0.8999999999999999,0.9766887934400624,0.8210142561711905,0.0,3,-0.16194442757705207,0.9508563922114333,embedding_weighted,0.7838116186783093,8.116527351339181
1000078721,5115,0.690526308020455,0.690526308020455,high,medium,0.36444444444444446,0.9111111111111111,45.0,41,False,0.8999999999999999,0.9710252600297176,0.836956521578225,0.0,3,-0.08000000090793577,0.9999999124671559,embedding_weighted,0.9983644470633758,3.5150301320283814
1000073404,5115,0.72869458065643,0.72869458065643,high,high,0.4622222222222222,1.1555555555555554,45.0,52,False,0.8999999999999999,0.9779570303540026,0.8214285713116041,0.0,3,-0.16000000055021438,0.9999951214344657,embedding_weighted,0.9980218645332272,2.4733903005612303
1000077876,5108,0.73433915572448,0.73433915572448,high,high,0.48888888888888893,1.2222222222222223,45.0,55,False,0.8999999999999999,0.9361364304616289,0.8437087605106581,0.0,3,-0.040253308566094444,0.9859353174769826,embedding_weighted,0.7287957642647866,3.781266002036725
1000081983,5099,0.6294107961158992,7.36615973298857,high,critical,0.27555555555555555,0.6888888888888889,45.0,31,False,0.8999999999999999,0.8478119935170177,0.8308411679351566,44499.8,3,-0.1132594250680285,0.9982526218895211,embedding_weighted,0.8330706962674039,0.2538010523149339
7051,5115,0.7321887351134541,0.7321887351134541,high,high,0.48,1.2,45.0,54,False,0.8999999999999999,0.9537845057880676,0.8295455597056041,0.0,3,-0.11999945709286648,0.9999816928717847,embedding_weighted,0.997928836960527,1.9705026639379666
1000080726,5115,0.7424703166557229,0.7424703166557229,high,high,0.48888888888888893,1.2222222222222223,45.0,55,False,0.8999999999999999,0.9874671156476902,0.8294755864708626,0.0,3,-0.12036055778975223,0.9888291165078611,embedding_weighted,0.9782179792653731,-0.10973241182214899
40582,5100,0.6902550576418027,0.6902550576418027,high,medium,0.3555555555555555,0.8888888888888888,45.0,40,False,0.8999999999999999,0.9870653685674547,0.837465078040597,0.0,3,-0.07712140756147103,0.9850629564776336,embedding_weighted,0.5845267607064825,7.085578710485037
1000080795,5099,0.6502961275545802,0.6502961275545802,high,medium,0.27555555555555555,0.6888888888888889,45.0,31,False,0.8999999999999999,0.9593086605297764,0.8214144881760188,0.0,3,-0.16006624239572023,0.9986172305286959,embedding_weighted,0.8306604137619487,-3.1889840350517833
1000059960,5105,0.6542892033570701,6.775006067605742,high,critical,0.27555555555555555,0.6888888888888889,45.0,31,False,0.8999999999999999,0.962541868254559,0.8437240498929076,11552.660000000002,3,-0.040159410982889936,0.965983543414282,embedding_weighted,0.8044065049696253,8.13249010848596
1000074113,5103,0.7075957887020878,0.7075957887020878,high,high,0.4177777777777778,1.0444444444444445,45.0,47,False,0.8999999999999999,0.939923387954884,0.85,0.0,3,0.0,0.9824661085926647,embedding_weighted,0.637428887694927,5.054670716651464
1000101625,5099,0.7378906132058729,0.7378906132058729,high,high,0.48,1.2,45.0,54,False,0.8999999999999999,0.9883816363170044,0.8214285729498142,0.0,3,-0.15999999284407387,0.9999998445350369,embedding_weighted,0.999209567423241,1.6944601006900504
42900,5103,0.6866939894892596,0.6866939894892596,high,medium,0.3466666666666667,0.8666666666666667,45.0,39,False,0.8999999999999999,0.9776366141129649,0.85,0.0,3,0.0,0.9676170637233806,embedding_weighted,0.25870546186947185,7.631556753632782
1000080996,5099,0.691470980679079,0.691470980679079,high,medium,0.4,1.0,45.0,45,False,0.8999999999999999,0.9162955945049739,0.8214124118538948,0.0,3,-0.1600760077610614,0.9989021694031376,embedding_weighted,0.9244842775929893,-1.4448361673415437
18747,5099,0.6589774359384166,0.6589774359384166,high,medium,0.3111111111111111,0.7777777777777778,45.0,35,False,0.8999999999999999,0.9235916695117787,0.8320977172774429,0.0,3,-0.10662322412935243,0.9967924872703975,embedding_weighted,0.5325521353533037,0.1984682993686775
29679,5106,0.7340046375090685,7.076458809310127,high,critical,0.48,1.2,45.0,54,False,0.8999999999999999,0.9573040310259724,0.8369588753591606,5657.369999999999,3,-0.07998671911499286,0.9991127245219584,embedding_weighted,0.9924133758911148,8.247539632326303
1000082111,5106,0.6464105824232174,0.6464105824232174,high,medium,0.28444444444444444,0.7111111111111111,45.0,32,False,0.8999999999999999,0.9159999999999999,0.8295520309695974,0.0,3,-0.11996604680432016,0.9995932936602975,embedding_weighted,0.9946410335785704,8.03336502693739
33676,5099,0.7363175956243022,0.7363175956243022,high,high,0.47111111111111115,1.1777777777777778,45.0,53,False,0.8999999999999999,0.9768657558992886,0.85,0.0,3,0.0,0.999987323940635,embedding_weighted,0.9967528738186316,-3.376721112651401
1000100277,5103,0.7435654313289637,0.7435654313289637,high,high,0.49777777777777776,1.2444444444444445,45.0,56,False,0.8999999999999999,0.9644474034620505,0.8437655968362836,0.0,3,-0.0399041634714948,0.9530555981355505,embedding_weighted,0.693073033541436,6.90061798167192
1000101595,5099,0.7089465344022705,0.7089465344022705,high,high,0.40888888888888886,1.0222222222222221,45.0,46,False,0.8999999999999999,0.9891502940808409,0.8170728002036448,0.0,3,-0.18000166095043033,0.9999997989236039,embedding_weighted,0.9992687247815819,1.84939539344734
1000079581,5381,0.6542421892445845,0.6542421892445845,high,medium,0.27555555555555555,0.6888888888888889,45.0,31,False,0.8999999999999999,0.967791228418337,0.8364114755912998,0.0,3,-0.08306526669775077,0.9395517354875068,embedding_weighted,0.6513972210310485,8.137512506459057
3217,5099,0.7504943969582304,5.933937596276294,high,critical,0.5244444444444445,1.3111111111111111,45.0,59,False,0.8999999999999999,0.959397049390635,0.8255813953488371,997.9499999999998,3,-0.14,1.0,embedding_weighted,1.0,4.3101952972092334
42883,5107,0.7168480956772654,0.7168480956772654,high,high,0.42666666666666664,1.0666666666666667,45.0,48,False,0.8999999999999999,0.9837481698389458,0.8295453002853966,0.0,3,-0.12000079639253779,0.9999685436500969,embedding_weighted,0.99480892674913,5.262728415821148
1000100303,5099,0.7323350683447821,0.7323350683447821,high,high,0.47111111111111115,1.1777777777777778,45.0,53,False,0.8999999999999999,0.972277567846101,0.8295674022074505,0.0,3,-0.11988667694556901,0.9949045982597178,embedding_weighted,0.4627359916334875,2.104635985158768
32759,5099,0.6585725508831368,6.388898002648159,high,critical,0.3555555555555555,0.8888888888888888,45.0,40,False,0.8999999999999999,0.8406698564593301,0.8214423824603239,6008.700000000001,3,-0.1599350278815769,0.9987591954892171,embedding_weighted,0.8126823061652605,0.9460516632379843
39083,5102,0.7434131060964184,0.7434131060964184,high,high,0.49777777777777776,1.2444444444444445,45.0,56,False,0.8999999999999999,0.9637010676156583,0.8437452097478381,0.0,3,-0.04002943040701634,0.9911189101569378,embedding_weighted,0.7521048873703657,6.2497675622737
1000082570,5107,0.7408585198364017,5.683684628346811,high,critical,0.48888888888888893,1.2222222222222223,45.0,55,False,0.8999999999999999,0.9687024178030619,0.8437498714682258,788.7800000000007,3,-0.04000078969857112,0.9999607878008354,embedding_weighted,0.9934843918192018,5.565857396624943
1000080105,5102,0.6484212901316762,0.6484212901316762,high,medium,0.27555555555555555,0.6888888888888889,45.0,31,False,0.8999999999999999,0.9284953395472703,0.85,0.0,3,0.0,0.999907043345356,embedding_weighted,0.9972408526275155,6.174403905671131
40264,5099,0.7217701588317427,0.7217701588317427,high,high,0.43555555555555553,1.0888888888888888,45.0,49,False,0.8999999999999999,0.9905805998947552,0.8295454442037958,0.0,3,-0.12000005339053313,0.9999938526330082,embedding_weighted,0.9988169231473124,-0.2962053030689873
3383,5103,0.6876065292096218,0.6876065292096218,high,medium,0.37333333333333335,0.9333333333333333,45.0,42,False,0.8999999999999999,0.9288659793814432,0.85,0.0,3,0.0,0.994534698324172,embedding_weighted,0.6372318404190433,4.533052707293148
26136,5103,0.7491329852663003,8.363587690018019,high,critical,0.5244444444444445,1.3111111111111111,45.0,59,False,0.8999999999999999,0.9557164469418629,0.8214127873343334,25960.15,3,-0.1600742418169923,0.9888447305413146,embedding_weighted,0.8224183291621342,4.759145997812746
1000081643,5099,0.6473159094408508,0.6473159094408508,high,medium,0.28444444444444444,0.7111111111111111,45.0,32,False,0.8999999999999999,0.9149732620320855,0.8369565283777066,0.0,3,-0.07999996254072582,0.9999823756471042,embedding_weighted,0.9987966642983491,-0.8247917147995985
15394,5117,0.6994583329572619,0.6994583329572619,high,medium,0.40888888888888886,1.0222222222222221,45.0,46,False,0.8999999999999999,0.921917808219178,0.8434614383858051,0.0,3,-0.04176965436995503,0.9512589768669677,embedding_weighted,0.9675812551505502,8.137117851202147
30200,5115,0.6783184769517233,0.6783184769517233,high,medium,0.3466666666666667,0.8666666666666667,45.0,39,False,0.8999999999999999,0.9511281184772885,0.829507910597326,0.0,3,-0.12019378420704906,0.9951448933967798,embedding_weighted,0.6848548392239436,0.9408570894804127
1000082336,5099,0.6512051996812238,0.6512051996812238,high,medium,0.28444444444444444,0.7111111111111111,45.0,32,False,0.8999999999999999,0.9460612019171685,0.8214345434667497,0.0,3,-0.15997190659286956,0.9911762652712508,embedding_weighted,0.9287896525893873,-1.5175406799224849
31490,5099,0.7064152661523251,5.567367922358033,high,critical,0.40888888888888886,1.0222222222222221,45.0,46,False,0.8999999999999999,0.9615887642119343,0.8369463850292177,972.75,3,-0.08005719451924662,0.9969087809000863,embedding_weighted,0.5083414243269513,3.6675656470744364
1000100939,5099,0.6529924649877988,0.6529924649877988,high,medium,0.27555555555555555,0.6888888888888889,45.0,31,False,0.8999999999999999,0.9611336032388663,0.8369568141186894,0.0,3,-0.0799983501966498,0.9999468831005595,embedding_weighted,0.9981794083965373,0.9940835735718485
1000082267,5115,0.7481619269512184,0.7481619269512184,high,high,0.5244444444444445,1.3111111111111111,45.0,59,False,0.8999999999999999,0.9508493150684931,0.8214285743982794,0.0,3,-0.15999998603049287,0.9999998646681837,embedding_weighted,0.998047504255044,2.7878713598751377
1730,5107,0.6489588157595896,0.6489588157595896,high,medium,0.3022222222222222,0.7555555555555555,45.0,34,False,0.8999999999999999,0.8825375170532059,0.8437494897337299,0.0,3,-0.04000313506572493,0.9998942706533315,embedding_weighted,0.9951063930029241,5.886321867641362
1000082290,5100,0.7552261915791256,0.7552261915791256,high,high,0.5244444444444445,1.3111111111111111,45.0,59,False,0.8999999999999999,0.9694334924258144,0.8437447687745658,0.0,3,-0.04003213957303954,0.9824355326232909,embedding_weighted,0.8930165550677736,6.835706996323678
42929,5108,0.7175341818288048,0.7175341818288048,high,high,0.42666666666666664,1.0666666666666667,45.0,48,False,0.8999999999999999,0.9765256458255335,0.8437492399802106,0.0,3,-0.04000466953887262,0.9998832288873118,embedding_weighted,0.9983121909754309,7.043787053392638
37521,5099,0.6921849641914372,7.362154022949154,high,critical,0.40888888888888886,1.0222222222222221,45.0,46,False,0.8999999999999999,0.8959661678594665,0.8295745004265885,15306.65,3,-0.11985002024073908,0.9977977088354849,embedding_weighted,0.5966434276613287,1.4553653735658534
30282,5099,0.6581170467639212,0.6581170467639212,high,medium,0.3111111111111111,0.7777777777777778,45.0,35,False,0.8999999999999999,0.9212121212121211,0.8295345205136838,0.0,3,-0.12005644514060655,0.9968251949207967,embedding_weighted,0.9543828286797631,-0.19945690676071948
12603,5108,0.6619569170204398,0.6619569170204398,high,medium,0.29333333333333333,0.7333333333333333,45.0,33,False,0.8999999999999999,0.965314401622718,0.8437380224170856,0.0,3,-0.04007358462868302,0.9952437129068632,embedding_weighted,0.6764170471407287,2.9650329938416906
37549,5115,0.6834558383426739,0.6834558383426739,high,medium,0.36444444444444446,0.9111111111111111,45.0,41,False,0.8999999999999999,0.9305778032036613,0.8437499994944258,0.0,3,-0.040000003106247614,0.9999999217800695,embedding_weighted,0.9983663661697908,3.440818232646693
12229,5099,0.7417111635002542,0.7417111635002542,high,high,0.48888888888888893,1.2222222222222223,45.0,55,False,0.8999999999999999,0.9741992101799034,0.8421051060581196,0.0,3,-0.050000945216039795,0.9999941604408381,embedding_weighted,0.998969834103092,-0.1690350954234141
1000080154,5108,0.6958438485804417,5.152065580174092,high,critical,0.4,1.0,45.0,45,False,0.8999999999999999,0.9167192429022082,0.85,603.29,3,0.0,0.9999853137575776,embedding_weighted,0.9920589565874111,6.197721185130211
1000068095,5107,0.6641083228398392,6.774564232603385,high,critical,0.28444444444444444,0.7111111111111111,45.0,32,False,0.8999999999999999,0.9891527253103076,0.85,9905.96,3,0.0,0.9870426343836602,embedding_weighted,0.46439901949623597,7.587402718880847
1000069597,5107,0.6098190521052146,0.6098190521052146,high,medium,0.1688888888888889,0.4222222222222222,45.0,19,False,0.8999999999999999,0.9585974544547042,0.8369600377247879,0.0,3,-0.07998016003708663,0.9958092767538342,embedding_weighted,0.7757470817061077,3.79138003632177
1000074444,5107,0.6404040759730899,5.578925807559463,high,critical,0.27555555555555555,0.6888888888888889,45.0,31,False,0.8999999999999999,0.8930967428293631,0.8437500345666341,2233.0499999999993,3,-0.03999978762255263,0.9999858388519643,embedding_weighted,0.9932562692850074,5.766363575043963
42488,5107,0.6464536836146739,0.6464536836146739,high,medium,0.27555555555555555,0.6888888888888889,45.0,31,False,0.8999999999999999,0.9233547080661492,0.8437367985281461,0.0,3,-0.04008110299072509,0.9960971479804707,embedding_weighted,0.7723127066236093,6.164135136254606
1000101913,5107,0.6723262719134052,0.6723262719134052,high,medium,0.3111111111111111,0.7777777777777778,45.0,35,False,0.8999999999999999,0.9866918639347523,0.8369563645467355,0.0,3,-0.08000088698343168,0.9999715062973706,embedding_weighted,0.9952405755828385,4.731135800818248
19754,5115,0.6481333985649054,5.509154530304133,high,critical,0.3466666666666667,0.8666666666666667,45.0,39,False,0.8999999999999999,0.7848336594911938,0.85,1807.0999999999995,3,0.0,0.9999059627270275,embedding_weighted,0.9988230177541042,5.017761550192402
42830,5108,0.7366428443199573,0.7366428443199573,high,high,0.47111111111111115,1.1777777777777778,45.0,53,False,0.8999999999999999,0.9831617402856194,0.8437736787892602,0.0,3,-0.039854495468409426,0.9938286971622636,embedding_weighted,0.6092901830005821,5.535983481605443
1000081223,5108,0.6516856937486002,4.211004559438782,high,critical,0.28444444444444444,0.7111111111111111,45.0,32,False,0.8999999999999999,0.9368221941992434,0.836956514206492,234.5,3,-0.08000004250416574,0.9999928079859159,embedding_weighted,0.9909915485144617,4.618153160000299
1000081933,5099,0.7432263036205409,0.7432263036205409,high,high,0.49777777777777776,1.2444444444444445,45.0,56,False,0.8999999999999999,0.9627634660421545,0.8437499953399923,0.0,3,-0.040000028631085906,0.9999992837665219,embedding_weighted,0.9999953711393562,3.6790945516506994
1000100460,5100,0.6590077155778896,0.6590077155778896,high,medium,0.28444444444444444,0.7111111111111111,45.0,32,False,0.8999999999999999,0.9734323619457987,0.836956436073014,0.0,3,-0.08000048338508552,0.9999535277450317,embedding_weighted,0.9998216596550644,7.633743656772734
1000066668,5115,0.6939883546557946,0.6939883546557946,high,medium,0.3555555555555555,0.8888888888888888,45.0,40,False,0.8999999999999999,0.9963306621678616,0.85,0.0,3,0.0,0.998632198864686,embedding_weighted,0.7095489344269174,1.6589878920209369
1000077601,5099,0.7279933327576393,0.7279933327576393,high,high,0.47111111111111115,1.1777777777777778,45.0,53,False,0.8999999999999999,0.9550976138828633,0.8235291035774815,0.0,3,-0.1500014844325382,0.999980144248186,embedding_weighted,0.9995111665088954,1.3356807677524705
1000101602,5099,0.7098145801437306,0.7098145801437306,high,high,0.40888888888888886,1.0222222222222221,45.0,46,False,0.8999999999999999,0.9841623436069575,0.8295103724452235,0.0,3,-0.12018107992049773,0.9945873655436738,embedding_weighted,0.9626233516832792,-1.5196721418715313
32073,5108,0.7308322294205013,0.7308322294205013,high,high,0.48,1.2,45.0,54,False,0.8999999999999999,0.9363636363636363,0.8437300143184931,0.0,3,-0.04012277632305928,0.9921400312829677,embedding_weighted,0.6334710029600917,4.024855155118941
1000082600,5107,0.7237360252999105,0.7237360252999105,high,high,0.4622222222222222,1.1555555555555554,45.0,52,False,0.8999999999999999,0.9415166602834163,0.8369586956955894,0.0,3,-0.0799877329247891,0.9927902414384648,embedding_weighted,0.8603837915608247,4.7321487466991465
1000082092,5108,0.6667698390932487,6.874469572881415,high,critical,0.3377777777777778,0.8444444444444444,45.0,38,False,0.8999999999999999,0.9062176165803109,0.8361013644405026,11048.149999999998,3,-0.08480019075236248,0.9999501241936092,embedding_weighted,0.9935078338217352,3.9525075329137263
1000081733,5115,0.6854153263400803,0.6854153263400803,high,medium,0.36444444444444446,0.9111111111111111,45.0,41,False,0.8999999999999999,0.9454358270418668,0.8370025543595279,0.0,3,-0.07974017991141363,0.9911641954738706,embedding_weighted,0.7113235937298372,-0.3724236656529598
5787,5115,0.7339941861605956,0.7339941861605956,high,high,0.48888888888888893,1.2222222222222223,45.0,55,False,0.8999999999999999,0.9450340623879526,0.8295454541829967,0.0,3,-0.12000000187124824,0.9999998639262035,embedding_weighted,0.9980981477837764,2.8314527140556445
28342,5102,0.7105598016571382,0.7105598016571382,high,high,0.42666666666666664,1.0666666666666667,45.0,48,False,0.8999999999999999,0.9467124631992149,0.8370042823375234,0.0,3,-0.07973042389608884,0.9879587748623568,embedding_weighted,0.8006936031889941,6.156465699235849
15394,5099,0.6929246753430028,0.6929246753430028,high,medium,0.40888888888888886,1.0222222222222221,45.0,46,False,0.8999999999999999,0.9057893734526756,0.8214083006460811,0.0,3,-0.16009534293784888,0.9989642003933353,embedding_weighted,0.9280239864662777,-0.7635673983017952
37581,5382,0.6878955032057429,6.888101126249296,high,critical,0.37333333333333335,0.9333333333333333,45.0,42,False,0.8999999999999999,0.9409119696010133,0.835865173014713,8210.54,3,-0.08611717113854236,0.9099310822828158,embedding_weighted,0.7955028238376078,7.784693513764773
1000100211,5118,0.6936638112413585,0.6936638112413585,high,medium,0.37333333333333335,0.9333333333333333,45.0,42,False,0.8999999999999999,0.9591523895401262,0.85,0.0,3,0.0,0.9687109395200707,embedding_weighted,0.5792342799324462,7.5696608088775115
1000100923,5099,0.7043940223455735,0.7043940223455735,high,high,0.4,1.0,45.0,45,False,0.8999999999999999,0.9793349168646079,0.8235135931510124,0.0,3,-0.1500761861600534,0.9946935113704752,embedding_weighted,0.797635652706117,-0.4468010175928807
1000082506,5119,0.6699034117104656,7.910763835752281,high,critical,0.3022222222222222,0.7555555555555555,45.0,34,False,0.8999999999999999,0.9825726141078838,0.85,49453.71000000001,3,0.0,0.926207019945764,embedding_weighted,0.7356910440712856,7.685489513497498
1000059960,5106,0.6512377830717503,6.743409350371552,high,critical,0.27555555555555555,0.6888888888888889,45.0,31,False,0.8999999999999999,0.9638959161546801,0.821575850790614,11552.660000000002,3,-0.15930662601075032,0.9550309784862979,embedding_weighted,0.7547264427487507,7.803084799585993
42830,5103,0.7372736991719193,0.7372736991719193,high,high,0.47111111111111115,1.1777777777777778,45.0,53,False,0.8999999999999999,0.9816462736373748,0.85,0.0,3,0.0,0.9934114536447238,embedding_weighted,0.6672552013659208,5.520556506225306
7966,5102,0.6753714032686757,0.6753714032686757,high,medium,0.36444444444444446,0.9111111111111111,45.0,41,False,0.8999999999999999,0.9008221549112938,0.8295279633909279,0.0,3,-0.12009029173516995,0.9857986888189935,embedding_weighted,0.9150785307162712,7.211674843816154
36713,5099,0.6894588904868758,0.6894588904868758,high,medium,0.3555555555555555,0.8888888888888888,45.0,40,False,0.8999999999999999,0.9890117484450587,0.8295621238376123,0.0,3,-0.11991393358431132,0.9970283374173525,embedding_weighted,0.5368530765474365,2.496208853886184
16146,5099,0.729020593908915,7.317543436043188,high,critical,0.48,1.2,45.0,54,False,0.8999999999999999,0.9379438788179786,0.829545454302129,8411.71,3,-0.12000000125620798,0.9999999821413108,embedding_weighted,0.9991408505681455,1.4406958440160702
1000100491,5115,0.6442486352397838,0.6442486352397838,high,medium,0.27555555555555555,0.6888888888888889,45.0,31,False,0.8999999999999999,0.9229729729729729,0.8295454561531137,0.0,3,-0.1199999917001912,0.9999997832262227,embedding_weighted,0.9981689113244123,2.9576922013474274
28806,5099,0.6442028666273739,6.114374785463661,high,critical,0.27555555555555555,0.6888888888888889,45.0,31,False,0.8999999999999999,0.9145344017684442,0.8404917603430856,4871.59,3,-0.05960970842237104,0.9823612367899822,embedding_weighted,0.4705992596117801,3.808355104661292
728,5099,0.7069926684692658,5.62646385232554,high,critical,0.4177777777777778,1.0444444444444445,45.0,47,False,0.8999999999999999,0.9466903320108582,0.83695660637322,1050.8500000000004,3,-0.07999952243779586,0.9999847748561984,embedding_weighted,0.9983150558840037,-1.1291680316450883
1000080606,5099,0.6660784309986956,6.204981019251868,high,critical,0.3022222222222222,0.7555555555555555,45.0,34,False,0.8999999999999999,0.9848609680741502,0.8214489899665112,4086.51,3,-0.15990394021368887,0.996596196115962,embedding_weighted,0.5182858420512924,0.47764253612388874
18759,5107,0.6500699890825827,0.6500699890825827,high,medium,0.3022222222222222,0.7555555555555555,45.0,34,False,0.8999999999999999,0.8959062396830637,0.8333323483805404,0.0,3,-0.1000053187136495,0.9998822537970833,embedding_weighted,0.9969929999378675,6.990864678699432
1000102065,5103,0.7171164925081521,0.7171164925081521,high,high,0.4177777777777778,1.0444444444444445,45.0,47,False,0.8999999999999999,0.9922144069852049,0.84375,0.0,3,-0.04,1.0,embedding_weighted,1.0,7.4969978738110825
14083,5099,0.6871478785621118,5.954386774905688,high,critical,0.37333333333333335,0.9333333333333333,45.0,42,False,0.8999999999999999,0.9363636363636363,0.8369454530403417,2132.17,3,-0.08006245273790555,0.9964649971514157,embedding_weighted,0.6094957295961007,3.4045046152066343
1000078721,5099,0.6892303469236024,0.6892303469236024,high,medium,0.36444444444444446,0.9111111111111111,45.0,41,False,0.8999999999999999,0.9645454545454545,0.836956521578225,0.0,3,-0.08000000090793577,0.9999999124671559,embedding_weighted,0.9990375416658277,1.1530118838061476
1000080795,5107,0.6359870797437801,0.6359870797437801,high,medium,0.27555555555555555,0.6888888888888889,45.0,31,False,0.8999999999999999,0.8709892362890824,0.8437800684249428,0.0,3,-0.039815224039250044,0.9966728219100073,embedding_weighted,0.845772688638861,4.027017791392157
42929,5107,0.715971742025494,0.715971742025494,high,high,0.42666666666666664,1.0666666666666667,45.0,48,False,0.8999999999999999,0.9765256458255335,0.8333329746248048,0.0,3,-0.10000193702188499,0.9998682242011108,embedding_weighted,0.9971019407877311,6.99049814803859
32269,5108,0.6763570149571583,0.6763570149571583,high,medium,0.37333333333333335,0.9333333333333333,45.0,42,False,0.8999999999999999,0.893984962406015,0.821511260950813,0.0,3,-0.15961084828626776,0.9896057502601597,embedding_weighted,0.8196581365047662,2.748606717439988
11449,5382,0.6438990240124163,6.5746316402998035,high,critical,0.28444444444444444,0.7111111111111111,45.0,32,False,0.8999999999999999,0.9097560975609755,0.8211335114829561,10002.16,3,-0.16138567238822496,0.949907982795756,embedding_weighted,0.778822324936974,7.650502843449056
26757,5100,0.7476415727960231,0.7476415727960231,high,high,0.49777777777777776,1.2444444444444445,45.0,56,False,0.8999999999999999,0.9801523084245597,0.85,0.0,3,0.0,0.9999482750079254,embedding_weighted,0.9982202945678891,6.510487021450162
1000081986,5116,0.6303351714564435,0.6303351714564435,high,medium,0.28444444444444444,0.7111111111111111,45.0,32,False,0.8999999999999999,0.8299877600979192,0.8370656110605458,0.0,3,-0.07938403319056585,0.9323203326635151,embedding_weighted,0.7528415723749439,7.071505179796302
28633,5103,0.6697292854532914,0.6697292854532914,high,medium,0.40888888888888886,1.0222222222222221,45.0,46,False,0.8999999999999999,0.7781512605042017,0.83695651864597,0.0,3,-0.08000001745367248,0.9999618611053707,embedding_weighted,0.9922845588550772,4.751725698227263
17751,5099,0.6480336726198928,5.705498948201232,high,critical,0.27555555555555555,0.6888888888888889,45.0,31,False,0.8999999999999999,0.9337381030521824,0.8404255319148936,2450.18,3,-0.06,1.0,embedding_weighted,1.0,4.1006164832165055
26286,5099,0.6601368022935437,6.364127361576942,high,critical,0.3022222222222222,0.7555555555555555,45.0,34,False,0.8999999999999999,0.9434951456310678,0.8369925618562748,5655.83,3,-0.0797965926699395,0.996351140732428,embedding_weighted,0.5832555190891516,1.403802728435939
1000100923,5119,0.7033608933205834,0.7033608933205834,high,high,0.4,1.0,45.0,45,False,0.8999999999999999,0.958995228739826,0.8437456504841211,0.0,3,-0.040026722681683106,0.9860797242196376,embedding_weighted,0.807358644402592,7.293432621393937
1000070147,5103,0.6828982300884956,0.6828982300884956,high,medium,0.4,1.0,45.0,45,False,0.8999999999999999,0.8519911504424778,0.85,0.0,3,0.0,0.986801779255255,embedding_weighted,0.30549760296942596,6.603910860509967
1000082188,5099,0.7070123301194758,7.652347314064485,high,critical,0.42666666666666664,1.0666666666666667,45.0,48,False,0.8999999999999999,0.9470588235294117,0.8128926583128456,18461.54,3,-0.19832114203833978,0.9567016942219483,embedding_weighted,0.8869592074741597,-0.3558116338716948
1000038392,5115,0.675749689709136,0.675749689709136,high,medium,0.3111111111111111,0.7777777777777778,45.0,35,False,0.8999999999999999,0.9940262263234579,0.85,0.0,3,0.0,0.9875564891504015,embedding_weighted,0.8295708501339005,1.7895518670015678
15394,5102,0.6948199528097871,0.6948199528097871,high,medium,0.40888888888888886,1.0222222222222221,45.0,46,False,0.8999999999999999,0.9091574227047439,0.8295527514218857,0.0,3,-0.11996232704656125,0.9895763559455598,embedding_weighted,0.9042457374070233,6.339455363692958
1000101469,5115,0.7406082340800705,0.7406082340800705,high,high,0.48888888888888893,1.2222222222222223,45.0,55,False,0.8999999999999999,0.9766819072501632,0.8314419804965485,0.0,3,-0.1100987040433956,0.9949959110907652,embedding_weighted,0.8103252920469288,1.1147469547634223
1000075104,5103,0.6835000725650854,6.776071420799383,high,critical,0.3466666666666667,0.8666666666666667,45.0,39,False,0.8999999999999999,0.9714508580343213,0.8369548952770297,7432.73,3,-0.0800091774919288,0.9946767121755067,embedding_weighted,0.8656934296612614,5.497546038720365
1000072110,5099,0.7323461366030034,0.7323461366030034,high,high,0.48888888888888893,1.2222222222222223,45.0,55,False,0.8999999999999999,0.9261329305135951,0.8437599662981918,0.0,3,-0.03993876315795924,0.9986958293921337,embedding_weighted,0.34555083829254696,4.132793866532888
34627,5116,0.7430094298932628,0.7430094298932628,high,high,0.48,1.2,45.0,54,False,0.8999999999999999,0.997196261682243,0.8438011837120947,0.0,3,-0.03968542422549219,0.9866364351346957,embedding_weighted,0.8346874828264824,6.0392582622997875
27643,5115,0.6667702342652982,0.6667702342652982,high,medium,0.4,1.0,45.0,45,False,0.8999999999999999,0.7866920152091255,0.8295455414898207,0.0,3,-0.11999955113498996,0.9999564736313253,embedding_weighted,0.9981566148908758,0.8284566106224496
38064,5103,0.6820843918720468,0.6820843918720468,high,medium,0.3377777777777778,0.8444444444444444,45.0,38,False,0.8999999999999999,0.9770538243626061,0.8437501059227631,0.0,3,-0.03999934921010217,0.9999452296639687,embedding_weighted,0.9917733260908531,4.718931914144191
39754,5103,0.6739938757300385,5.8365145394615245,high,critical,0.36444444444444446,0.9111111111111111,45.0,41,False,0.8999999999999999,0.9067495559502664,0.8124412450813832,2119.8999999999996,3,-0.20025060912199938,0.9950316525607197,embedding_weighted,0.9270473263781069,5.23454549788007
1000080732,5382,0.7248969147307434,0.7248969147307434,high,high,0.4622222222222222,1.1555555555555554,45.0,52,False,0.8999999999999999,0.9593886462882095,0.820868643894751,0.0,3,-0.1626256660957378,0.9326413435736829,embedding_weighted,0.6395432657145994,7.704860558470466
1000063828,5102,0.6685236615400004,0.6685236615400004,high,medium,0.3111111111111111,0.7777777777777778,45.0,35,False,0.8999999999999999,0.9732365145228214,0.8295460946066112,0.0,3,-0.11999669556519334,0.9999409606937628,embedding_weighted,0.995761050538123,6.32847538621977
18028,5108,0.6708222387141891,5.274519882633172,high,critical,0.3111111111111111,0.7777777777777778,45.0,35,False,0.8999999999999999,0.9740817382307294,0.8437429774906589,955.0100000000002,3,-0.04004314435830905,0.9941023114211663,embedding_weighted,0.8468097345632682,5.215266780600615
1000079340,5099,0.6822633499354075,6.3846015618383785,high,critical,0.3377777777777778,0.8444444444444444,45.0,38,False,0.8999999999999999,0.9830398517145504,0.8369617898759082,4263.039999999999,3,-0.07997027269968242,0.9983015305327028,embedding_weighted,0.4144222153754983,3.9360705251773433
38649,5099,0.6596867841544038,0.6596867841544038,high,medium,0.28444444444444444,0.7111111111111111,45.0,32,False,0.8999999999999999,0.9717325227963525,0.8437500121157043,0.0,3,-0.03999992556110638,0.9999962146786774,embedding_weighted,0.999773008503091,3.398382732002508
1000101436,5108,0.6804585891165137,0.6804585891165137,high,medium,0.3377777777777778,0.8444444444444444,45.0,38,False,0.8999999999999999,0.9689254598257502,0.8437492402683506,0.0,3,-0.04000466776855761,0.9998832731348557,embedding_weighted,0.9983298120754742,6.680071719104367
1000078799,5382,0.6620188783222989,0.6620188783222989,high,medium,0.28444444444444444,0.7111111111111111,45.0,32,False,0.8999999999999999,0.9945917285259809,0.8288183655955003,0.0,3,-0.12373777407947761,0.9293958751967335,embedding_weighted,0.7983323006692532,7.489463788842156
25873,5099,0.7238080943413514,6.079769208892228,high,critical,0.48888888888888893,1.2222222222222223,45.0,55,False,0.8999999999999999,0.8834502103786817,0.8437499780670631,1634.4900000000002,3,-0.04000013475594512,0.9999909848451246,embedding_weighted,0.999838959865938,3.5018900603294787
1000080865,5099,0.7201185523154237,0.7201185523154237,high,high,0.4622222222222222,1.1555555555555554,45.0,52,False,0.8999999999999999,0.9234309623430962,0.8369564730527702,0.0,3,-0.08000027472081939,0.9999922588367265,embedding_weighted,0.9987655000711189,0.7347577254493158
28119,5099,0.7472259592794928,6.958485538282141,high,critical,0.49777777777777776,1.2444444444444445,45.0,56,False,0.8999999999999999,0.9878612716763004,0.836950625554144,4073.1800000000003,3,-0.08003326900336734,0.9979153167070391,embedding_weighted,0.47175073079668145,3.5162138795589692
42830,5116,0.6885608658194948,0.6885608658194948,high,medium,0.3555555555555555,0.8888888888888888,45.0,40,False,0.8999999999999999,0.9739130434782608,0.8437068993441356,0.0,3,-0.040264737403354234,0.9800989494708442,embedding_weighted,0.6149025626472456,6.66596186737536
42871,5116,0.6870362841302381,0.6870362841302381,high,medium,0.3555555555555555,0.8888888888888888,45.0,40,False,0.8999999999999999,0.9662546353522867,0.8437542322503901,0.0,3,-0.039973996349256975,0.9872274586946677,embedding_weighted,0.728674503551501,6.099921296477001
1000101910,5115,0.6914649323534692,0.6914649323534692,high,medium,0.3555555555555555,0.8888888888888888,45.0,40,False,0.8999999999999999,0.9884016156953259,0.8437492466145451,0.0,3,-0.04000462877791645,0.9998756655641126,embedding_weighted,0.9977385586606319,3.860602175282545
6585,5099,0.7473685796124739,6.691938270998155,high,critical,0.5244444444444445,1.3111111111111111,45.0,59,False,0.8999999999999999,0.9407914764079147,0.8295500436874215,2845.94,3,-0.11997630715185711,0.9989543948043235,embedding_weighted,0.7367269086119346,3.9752726468049646
37549,5099,0.6851024213456465,0.6851024213456465,high,medium,0.36444444444444446,0.9111111111111111,45.0,41,False,0.8999999999999999,0.9388107182185244,0.8437499994944258,0.0,3,-0.040000003106247614,0.9999999217800695,embedding_weighted,0.999036068253707,1.122019173348189
5837,5099,0.6603791403726389,0.6603791403726389,high,medium,0.28444444444444444,0.7111111111111111,45.0,32,False,0.8999999999999999,0.9816272385584788,0.8351727658877695,0.0,3,-0.0899562150156244,0.9968606311297086,embedding_weighted,0.8851345578266596,-0.5394609369104977
1000100177,5103,0.6676897529902934,0.6676897529902934,high,medium,0.3377777777777778,0.8444444444444444,45.0,38,False,0.8999999999999999,0.9050808314087759,0.8437498373161805,0.0,3,-0.04000099952834612,0.9999612049665108,embedding_weighted,0.9928074488541064,3.7942983355870323
1000065508,5105,0.6251830685876107,0.6251830685876107,high,medium,0.27555555555555555,0.6888888888888889,45.0,31,False,0.8999999999999999,0.8219874357509994,0.8370890614345909,0.0,3,-0.07925151422674535,0.9689281488443067,embedding_weighted,0.9237785821307992,7.445314406780689
1000073404,5099,0.7275781092439759,0.7275781092439759,high,high,0.4622222222222222,1.1555555555555554,45.0,52,False,0.8999999999999999,0.957844714139494,0.8408018501812546,0.0,3,-0.057777994462987245,0.9999951214344657,embedding_weighted,0.9983729359489416,-0.4896758877792733
1000056374,5106,0.6449118972895286,0.6449118972895286,high,medium,0.27555555555555555,0.6888888888888889,45.0,31,False,0.8999999999999999,0.9265893374972116,0.8291453837857605,0.0,3,-0.12206059558899614,0.9684854723323352,embedding_weighted,0.8505165457731557,7.473135364532981
1000100211,5119,0.7125713838555923,0.7125713838555923,high,high,0.43555555555555553,1.0888888888888888,45.0,49,False,0.8999999999999999,0.9387220098306935,0.8373650644482094,0.0,3,-0.07768893878134217,0.957810980518872,embedding_weighted,0.551176391293238,7.437740805951265
1000078799,5102,0.6647064255597126,0.6647064255597126,high,medium,0.28444444444444444,0.7111111111111111,45.0,32,False,0.8999999999999999,0.9921432389096739,0.85,0.0,3,0.0,0.9878562419438037,embedding_weighted,0.6345361760587499,6.368766133037225
40264,5117,0.7212246986100443,0.7212246986100443,high,high,0.43555555555555553,1.0888888888888888,45.0,49,False,0.8999999999999999,0.977198975234842,0.8437512089390257,0.0,3,-0.03999257222115583,0.9994223859940279,embedding_weighted,0.9880110834180367,7.563936739706324
1000079818,5108,0.6769030008195195,0.6769030008195195,high,medium,0.3555555555555555,0.8888888888888888,45.0,40,False,0.8999999999999999,0.9262652478588113,0.8295181935035665,0.0,3,-0.12014071716715365,0.9863423597224614,embedding_weighted,0.7729859131989363,3.5881116840606726
1000081983,5108,0.658772231519761,7.709784317297172,high,critical,0.27555555555555555,0.6888888888888889,45.0,31,False,0.8999999999999999,0.99,0.8370000619835922,44499.8,3,-0.07975425128750172,0.9945489254281122,embedding_weighted,0.7928789206945767,4.443229080719104
16146,5115,0.7415839297912099,7.443647906600543,high,critical,0.48,1.2,45.0,54,False,0.8999999999999999,0.9952022577610535,0.8369565215933282,8411.71,3,-0.080000000822713,0.9999999821413108,embedding_weighted,0.9982230494773161,2.9458222521307587
14653,5118,0.7035870761636839,0.7035870761636839,high,high,0.4177777777777778,1.0444444444444445,45.0,47,False,0.8999999999999999,0.9245006657789614,0.8438388793118706,0.0,3,-0.039453614708835155,0.9573389775875105,embedding_weighted,0.8432558944117161,6.223451632473576
1000071448,5119,0.7378754208580786,0.7378754208580786,high,high,0.47111111111111115,1.1777777777777778,45.0,53,False,0.8999999999999999,0.9892508143322475,0.8438720903145636,0.0,3,-0.039249290519439144,0.9790333372137424,embedding_weighted,0.9247823322759859,7.023910076675005
1000075603,5107,0.7137051033697224,0.7137051033697224,high,high,0.43555555555555553,1.0888888888888888,45.0,49,False,0.8999999999999999,0.9583161157024793,0.8187977200466945,0.0,3,-0.17219584632900925,0.9776948693193657,embedding_weighted,0.6693810964241116,5.1428197640303175
1000102194,5116,0.7608274557382168,0.7608274557382168,high,high,0.5244444444444445,1.3111111111111111,45.0,59,False,0.8999999999999999,0.9974358974358974,0.8437499898217296,0.0,3,-0.04000006253528926,0.9997741463333463,embedding_weighted,0.9989051208400355,6.957081347433551
1000100366,5118,0.7412732810212287,0.7412732810212287,high,high,0.48,1.2,45.0,54,False,0.8999999999999999,0.9885613585389297,0.843740062089618,0.0,3,-0.04006105463815123,0.9898019560576589,embedding_weighted,0.8892381011178564,6.609116424157763
1000060640,5112,0.714253701825947,6.972199826858934,high,critical,0.4177777777777778,1.0444444444444445,45.0,47,False,0.8999999999999999,0.9816357250376317,0.838769638048731,6382.789999999999,3,-0.06965413843493919,0.9997538629216866,embedding_weighted,0.9734141250135172,6.969444525061045
16718,5381,0.7403668157767735,0.7403668157767735,high,high,0.48888888888888893,1.2222222222222223,45.0,55,False,0.8999999999999999,0.9768929503916448,0.8295511342859269,0.0,3,-0.11997067641609245,0.9979334468299593,embedding_weighted,0.9704888931028074,7.491763613638327
14653,5108,0.6804425677514248,0.6804425677514248,high,medium,0.4177777777777778,1.0444444444444445,45.0,47,False,0.8999999999999999,0.8165714285714285,0.8334478061735199,0.0,3,-0.0993814218005724,0.9735693339079896,embedding_weighted,0.7706517649622515,2.597535455157507
1000057629,5119,0.7062507136589777,6.748664350457545,high,critical,0.4177777777777778,1.0444444444444445,45.0,47,False,0.8999999999999999,0.9382141635306191,0.8433117989449525,5194.879999999999,3,-0.042684777858275534,0.8623527547062131,embedding_weighted,0.7242330767966946,7.255860363670815
26902,5099,0.7092200462791851,7.197594380060922,high,critical,0.43555555555555553,1.0888888888888888,45.0,49,False,0.8999999999999999,0.938228055783429,0.8156814193351803,9400.32,3,-0.18619165002809665,0.9915483386036928,embedding_weighted,0.7343903731174866,1.5555754959516888
1000082597,5107,0.6725875695565955,6.4421781631464885,high,critical,0.3466666666666667,0.8666666666666667,45.0,39,False,0.8999999999999999,0.9224453209035496,0.8295455913947932,5313.529999999999,3,-0.11999929349191336,0.9999808654508029,embedding_weighted,0.9947765450667488,3.90361771391818
16831,5107,0.7574586126685996,7.327259781276814,high,critical,0.5244444444444445,1.3111111111111111,45.0,59,False,0.8999999999999999,0.9911593640946103,0.8296597471459977,5844.799999999999,3,-0.1194095494940691,0.9833887453640524,embedding_weighted,0.44294852821253183,5.784468061416454
1000082506,5099,0.6431218321337062,7.594505181927544,high,critical,0.3022222222222222,0.7555555555555555,45.0,34,False,0.8999999999999999,0.8584415584415583,0.8369642103767045,49453.71000000001,3,-0.07995661353507397,0.9986727077737839,embedding_weighted,0.7019897821659892,2.363359825925561
42619,5108,0.6605418039926403,0.6605418039926403,high,medium,0.29333333333333333,0.7333333333333333,45.0,33,False,0.8999999999999999,0.968896321070234,0.8295280429684007,0.0,3,-0.1200898809873139,0.9945096328941926,embedding_weighted,0.8320863768857969,5.607915589653317
1000080441,5100,0.7416864223662507,0.7416864223662507,high,high,0.49777777777777776,1.2444444444444445,45.0,56,False,0.8999999999999999,0.9550898203592815,0.8437156478885554,0.0,3,-0.040211012980770545,0.99002866706021,embedding_weighted,0.7104049926513977,6.112893439819857
1000079818,5115,0.6845522986286205,0.6845522986286205,high,medium,0.3555555555555555,0.8888888888888888,45.0,40,False,0.8999999999999999,0.952257908717701,0.8458566310857205,0.0,3,-0.026879968586800106,0.9906980732510842,embedding_weighted,0.7421398690842804,0.7277549297511303
1000100277,5108,0.7245557651091521,0.7245557651091521,high,high,0.4622222222222222,1.1555555555555554,45.0,52,False,0.8999999999999999,0.940644996160737,0.8435858465874384,0.0,3,-0.04100750010546351,0.9628024443652394,embedding_weighted,0.6409293187014794,6.009949844532292
41789,5102,0.6602416833948542,6.1885135657247075,high,critical,0.27555555555555555,0.6888888888888889,45.0,31,False,0.8999999999999999,0.9923925027563395,0.8436064041424276,4328.049999999999,3,-0.04088144289101813,0.9489947512440926,embedding_weighted,0.28831559876393836,6.875995051906423
1000082409,5115,0.7342575682279373,0.7342575682279373,high,high,0.48888888888888893,1.2222222222222223,45.0,55,False,0.8999999999999999,0.9310100633619083,0.85,0.0,3,0.0,0.9981572521356025,embedding_weighted,0.8878020614527475,4.2305926947697206
42871,5119,0.6909325695210273,0.6909325695210273,high,medium,0.3555555555555555,0.8888888888888888,45.0,40,False,0.8999999999999999,0.9857724759965085,0.8437056806633556,0.0,3,-0.04027222079061553,0.9800686152517176,embedding_weighted,0.7384811802134471,6.813570477084374
1000100178,5102,0.6495453419377025,0.6495453419377025,high,medium,0.3555555555555555,0.8888888888888888,45.0,40,False,0.8999999999999999,0.7893617021276595,0.8296718619329894,0.0,3,-0.11934691647373663,0.9874175772462559,embedding_weighted,0.6633341296599812,6.341076954669525
31460,5099,0.6576540404040404,5.872032139990662,high,critical,0.27555555555555555,0.6888888888888889,45.0,31,False,0.8999999999999999,0.99,0.8295454545454545,2774.9700000000003,3,-0.12,1.0,embedding_weighted,1.0,3.871627656650216
11449,5103,0.6447829589700345,6.583657196363096,high,critical,0.3111111111111111,0.7777777777777778,45.0,35,False,0.8999999999999999,0.8606694560669456,0.8213641554146719,10002.16,3,-0.1603029036630424,0.9959475276737345,embedding_weighted,0.6740848654980118,4.707120256328927
10652,5108,0.6724716433649652,0.6724716433649652,high,medium,0.3377777777777778,0.8444444444444444,45.0,38,False,0.8999999999999999,0.9340288924558586,0.8370316917512156,0.0,3,-0.07957564503269653,0.9947968120935381,embedding_weighted,0.9565041980839576,3.5937329209438467
12070,5382,0.7254111395929763,0.7254111395929763,high,high,0.47111111111111115,1.1777777777777778,45.0,53,False,0.8999999999999999,0.9440298507462686,0.8210714999951876,0.0,3,-0.16167631206897884,0.9037574816321203,embedding_weighted,0.8522514533295452,7.245276892353715
42871,5118,0.6897711998934437,0.6897711998934437,high,medium,0.3555555555555555,0.8888888888888888,45.0,40,False,0.8999999999999999,0.9850393700787401,0.8369406910364894,0.0,3,-0.08008931870570497,0.987737420516622,embedding_weighted,0.7447565777450306,6.390514819791826
1000082651,5099,0.6167246531146783,0.6167246531146783,high,medium,0.3377777777777778,0.8444444444444444,45.0,38,False,0.8999999999999999,0.6670103092783506,0.8214098676526475,0.0,3,-0.1600879733475169,0.9990205957532335,embedding_weighted,0.930651853310832,-0.16477551856175765
1000081986,5107,0.6103824055443774,0.6103824055443774,high,medium,0.28444444444444444,0.7111111111111111,45.0,32,False,0.8999999999999999,0.720523138832998,0.85,0.0,3,0.0,0.9551905497991048,embedding_weighted,0.7551535862715576,5.831046453093226
1000081518,5382,0.7393159140881638,7.095992721828594,high,critical,0.49777777777777776,1.2444444444444445,45.0,56,False,0.8999999999999999,0.9598042524468444,0.8216263499178925,5420.09,3,-0.15906861842568532,0.810978249701206,embedding_weighted,0.37288916409438577,7.367509601510045
1000080795,5100,0.6423473809916653,0.6423473809916653,high,medium,0.27555555555555555,0.6888888888888889,45.0,31,False,0.8999999999999999,0.9078313253012048,0.8370592913946814,0.0,3,-0.0794197393400569,0.9903984676954914,embedding_weighted,0.8329967193979884,5.820127372216946
1000082327,5099,0.6650861093256668,0.6650861093256668,high,medium,0.3111111111111111,0.7777777777777778,45.0,35,False,0.8999999999999999,0.9763421525815565,0.8024882290994075,0.0,3,-0.24055159185679664,0.9895983469055072,embedding_weighted,0.7408047618313375,-1.5554355544450837
1000102196,5382,0.7360286764055204,0.7360286764055204,high,high,0.47111111111111115,1.1777777777777778,45.0,53,False,0.8999999999999999,0.9971428571428571,0.821037736883363,0.0,3,-0.16183447064346207,0.9538633814556623,embedding_weighted,0.7788259116866119,7.229528055540641
1000101230,5100,0.6634047186692676,0.6634047186692676,high,medium,0.28444444444444444,0.7111111111111111,45.0,32,False,0.8999999999999999,0.9903225806451612,0.843749498416384,0.0,3,-0.04000308171984358,0.9998720603010156,embedding_weighted,0.9987134562042626,6.506186949881386
1000100622,5099,0.6743210413646955,0.6743210413646955,high,medium,0.3377777777777778,0.8444444444444444,45.0,38,False,0.8999999999999999,0.9642450422148046,0.809072812070823,0.0,3,-0.21436018815905122,0.9943235545010601,embedding_weighted,0.5534689281646771,1.7576884256535186
2884,5103,0.7091799403506429,6.407234248206948,high,critical,0.4,1.0,45.0,45,False,0.8999999999999999,0.9931818181818182,0.836957178095195,3085.2400000000002,3,-0.07999629638660317,0.9990093689134483,embedding_weighted,0.9920567243632599,5.782473734606715
1000100211,5103,0.7211831424049245,0.7211831424049245,high,high,0.43555555555555553,1.0888888888888888,45.0,49,False,0.8999999999999999,0.9937499999999999,0.8214061345513497,0.0,3,-0.16010552981099835,0.9968443806452747,embedding_weighted,0.6446940738915753,5.449961082600531
1000102196,5103,0.7467817050774406,0.7467817050774406,high,high,0.49777777777777776,1.2444444444444445,45.0,56,False,0.8999999999999999,0.9972972972972972,0.8214075633791335,0.0,3,-0.16009881024001793,0.9972919311682724,embedding_weighted,0.6725382030714719,5.53911150139293
36043,5382,0.6679583333333332,6.1174097134433465,high,critical,0.29333333333333333,0.7333333333333333,45.0,33,False,0.8999999999999999,0.9906249999999999,0.85,3491.49,3,0.0,0.9986085951865801,embedding_weighted,0.9704272566207859,7.235112453877215
13550,5104,0.7449809808206371,0.7449809808206371,high,high,0.48888888888888893,1.2222222222222223,45.0,55,False,0.8999999999999999,0.9960392999692969,0.8347837684748146,0.0,3,-0.092098889949961,0.5180870573650939,embedding_weighted,0.1805780235960385,7.420944046002625
38649,5102,0.6626975389752312,0.6626975389752312,high,medium,0.28444444444444444,0.7111111111111111,45.0,32,False,0.8999999999999999,0.9867862969004894,0.8437500121157043,0.0,3,-0.03999992556110638,0.9999962146786774,embedding_weighted,0.9924632684864387,6.597020957380495
1000079340,5105,0.6811618389094528,6.374293652117948,high,critical,0.3377777777777778,0.8444444444444444,45.0,38,False,0.8999999999999999,0.9830398517145504,0.8296183830362102,4263.039999999999,3,-0.11962333335597676,0.9502298461791909,embedding_weighted,0.6007954638542705,7.193477628216698
1000071448,5103,0.7265034135514092,0.7265034135514092,high,high,0.47111111111111115,1.1777777777777778,45.0,53,False,0.8999999999999999,0.9632545005294739,0.8027204600071337,0.0,3,-0.23965759447014062,0.9955135627408046,embedding_weighted,0.9448301254406315,3.8973000101837387
1000056521,5103,0.6473350829915108,0.6473350829915108,high,medium,0.27555555555555555,0.6888888888888889,45.0,31,False,0.8999999999999999,0.9277518345563709,0.8437499590534289,0.0,3,-0.04000025157566699,0.9999799029404689,embedding_weighted,0.9927674205685488,3.6086220045743964
26206,5108,0.7374234328176311,0.7374234328176311,high,high,0.47111111111111115,1.1777777777777778,45.0,53,False,0.8999999999999999,0.985874217978268,0.8453609651835541,0.0,3,-0.029999119057826307,0.9999615896245537,embedding_weighted,0.992188550579639,4.895424708856586
1000082111,5102,0.6532978517859663,0.6532978517859663,high,medium,0.28444444444444444,0.7111111111111111,45.0,32,False,0.8999999999999999,0.9448828606658446,0.8369566791667977,0.0,3,-0.07999911168729122,0.99995205860859,embedding_weighted,0.9953446427044945,5.7114936695097045
42860,5108,0.6634047939068101,0.6634047939068101,high,medium,0.28444444444444444,0.7111111111111111,45.0,32,False,0.8999999999999999,0.9903225806451612,0.84375,0.0,3,-0.04,1.0,embedding_weighted,0.9999999999999998,6.7285505956724565
1000071448,5108,0.7363272115966117,0.7363272115966117,high,high,0.47111111111111115,1.1777777777777778,45.0,53,False,0.8999999999999999,0.9866995073891625,0.8369524378288986,0.0,3,-0.08002304356693957,0.9981690038743999,embedding_weighted,0.9155259937608529,3.516327582258327
1000066652,5099,0.7184399385602733,7.818019616803195,high,critical,0.43555555555555553,1.0888888888888888,45.0,49,False,0.8999999999999999,0.9683711836366371,0.8369565307381588,19572.64,3,-0.07999994922147975,0.9999883840998994,embedding_weighted,0.9986769871736745,1.9915128212072215
1000102001,5105,0.7450533753727997,0.7450533753727997,high,high,0.48888888888888893,1.2222222222222223,45.0,55,False,0.8999999999999999,0.9944444444444445,0.8373928728557016,0.0,3,-0.07753120890642608,0.8509459218081521,embedding_weighted,0.284397737381145,7.262583780754673
1000101990,5115,0.6880547764486441,0.6880547764486441,high,medium,0.3466666666666667,0.8666666666666667,45.0,39,False,0.8999999999999999,0.9922852133255405,0.8395404474457954,0.0,3,-0.06518497894147642,0.9999999182299334,embedding_weighted,0.9982659238245354,2.8729884522316924
1000080114,5115,0.6716473939748082,6.003402185789675,high,critical,0.4177777777777778,1.0444444444444445,45.0,47,False,0.8999999999999999,0.7883064516129031,0.8124999502741093,2801.66,3,-0.2000002121637442,0.9999921873912072,embedding_weighted,0.9981948397581324,2.554308041001673
1000081806,5100,0.6391502335638992,0.6391502335638992,high,medium,0.27555555555555555,0.6888888888888889,45.0,31,False,0.8999999999999999,0.9025641025641025,0.8227679388590441,0.0,3,-0.15365200272256457,0.9769024508533092,embedding_weighted,0.8183821814232335,6.12059981809936
42792,5099,0.6488121266559856,0.6488121266559856,high,medium,0.27555555555555555,0.6888888888888889,45.0,31,False,0.8999999999999999,0.9402321083172147,0.8369565518021367,0.0,3,-0.07999983036444532,0.9999876732147768,embedding_weighted,0.9999652835083351,3.0732703177940515
1000101602,5108,0.7089908771202865,0.7089908771202865,high,high,0.40888888888888886,1.0222222222222221,45.0,46,False,0.8999999999999999,0.9800618238021638,0.8294863786953213,0.0,3,-0.12030488325636118,0.9888268941531895,embedding_weighted,0.9409272088062458,3.328493448472716
1000101602,5107,0.7137702012257378,0.7137702012257378,high,high,0.40888888888888886,1.0222222222222221,45.0,46,False,0.8999999999999999,0.9933333333333333,0.8436531933567705,0.0,3,-0.04059441174076769,0.9843494189027601,embedding_weighted,0.9234943683907307,4.210012369963838
35568,5117,0.7111363636363637,7.079521496587028,high,critical,0.4,1.0,45.0,45,False,0.8999999999999999,0.9931818181818182,0.85,7747.259999999999,3,0.0,0.9108510724743507,embedding_weighted,0.6324525397793506,7.309704023991213
40822,5115,0.7245347258673227,0.7245347258673227,high,high,0.43555555555555553,1.0888888888888888,45.0,49,False,0.8999999999999999,0.9937499999999999,0.8437500243006704,0.0,3,-0.03999985069665779,0.9999722159558183,embedding_weighted,0.9999684834759696,5.328268352731028
1000075660,5115,0.632363647369629,0.632363647369629,high,medium,0.3111111111111111,0.7777777777777778,45.0,35,False,0.8999999999999999,0.7869706840390879,0.8368337741157801,0.0,3,-0.08069210287159823,0.9902164352187945,embedding_weighted,0.9717821701785762,0.6804040403483231
24622,5382,0.7017741647703429,8.444307533486288,high,critical,0.4,1.0,45.0,45,False,0.8999999999999999,0.9679239094785175,0.8212625524975959,61869.51999999999,3,-0.1607802276689529,0.9410946454697278,embedding_weighted,0.6506365612906522,6.922802717560461
1000037462,5102,0.6822859827425911,0.6822859827425911,high,medium,0.3466666666666667,0.8666666666666667,45.0,39,False,0.8999999999999999,0.9709375,0.8295454405061624,0.0,3,-0.12000007248017946,0.9999941113613368,embedding_weighted,0.9948175944071673,5.7796019227658
1000102194,5103,0.7617649572649574,0.7617649572649574,high,high,0.5244444444444445,1.3111111111111111,45.0,59,False,0.8999999999999999,0.9974358974358974,0.85,0.0,3,0.0,0.9999424430032263,embedding_weighted,0.994427426448457,5.764965265542222
1000101578,5118,0.7330087850468737,0.7330087850468737,high,high,0.48,1.2,45.0,54,False,0.8999999999999999,0.963784157730889,0.8216796900046396,0.0,3,-0.15881707471289844,0.9871888807955946,embedding_weighted,0.7487951320981454,6.818928661419569
1000100498,5115,0.6629037558685447,0.6629037558685447,high,medium,0.29333333333333333,0.7333333333333333,45.0,33,False,0.8999999999999999,0.9653521126760563,0.85,0.0,3,0.0,0.9879551540902806,embedding_weighted,0.5157760882269878,4.326084138683867
1000072110,5381,0.7448257716891694,0.7448257716891694,high,high,0.48888888888888893,1.2222222222222223,45.0,55,False,0.8999999999999999,0.9944444444444445,0.835875514964833,0.0,3,-0.08605958478492991,0.8929506159675106,embedding_weighted,0.4122842631763937,7.12628206274816
1000061999,5115,0.7414619146526262,0.7414619146526262,high,high,0.48,1.2,45.0,54,False,0.8999999999999999,0.9943396226415093,0.8372932674954959,0.0,3,-0.0780959233149882,0.9724806578753349,embedding_weighted,0.20848892551279666,5.734255805775888
1000100193,5115,0.7243222181460269,0.7243222181460269,high,high,0.47111111111111115,1.1777777777777778,45.0,53,False,0.8999999999999999,0.9215787385957953,0.8437468398828226,0.0,3,-0.04001941536726646,0.9978913759734644,embedding_weighted,0.7769645939538009,4.147891409609045
1000071448,5099,0.7338626782973738,0.7338626782973738,high,high,0.47111111111111115,1.1777777777777778,45.0,53,False,0.8999999999999999,0.9860292907684712,0.8214158379949015,0.0,3,-0.16005989380112207,0.9988759007179064,embedding_weighted,0.92204881786735,-1.9596985518275964
1000074180,5118,0.7078528632596468,0.7078528632596468,high,high,0.40888888888888886,1.0222222222222221,45.0,46,False,0.8999999999999999,0.9636880584890333,0.843731306708564,0.0,3,-0.04011483784371981,0.9884748979181688,embedding_weighted,0.8794055429893944,6.3931623812155784
42830,5118,0.7358470070370134,0.7358470070370134,high,high,0.47111111111111115,1.1777777777777778,45.0,53,False,0.8999999999999999,0.9843150231634679,0.8369303863991694,0.0,3,-0.08014744937596409,0.9824068308814741,embedding_weighted,0.630981856756075,6.459349536188575
1000082008,5115,0.7397905982905983,7.369821084976862,high,critical,0.47111111111111115,1.1777777777777778,45.0,53,False,0.8999999999999999,0.9942307692307691,0.85,7800.23,3,0.0,0.9850769741184426,embedding_weighted,0.2606447178129645,5.555515675724928
1000082734,5115,0.7068471683220162,6.066864325343676,high,critical,0.4,1.0,45.0,45,False,0.8999999999999999,0.9931818181818182,0.8214053645710176,1963.5,3,-0.16010915087285985,0.9973002628627502,embedding_weighted,0.8320360715985478,0.696864273033361
29679,5116,0.7433679245283018,7.1667292402112315,high,critical,0.48,1.2,45.0,54,False,0.8999999999999999,0.9943396226415093,0.85,5657.369999999999,3,0.0,0.9996781552274387,embedding_weighted,0.9963931844495348,6.518287941665621
36249,5115,0.7612432950191572,7.02609627949453,high,critical,0.5244444444444445,1.3111111111111111,45.0,59,False,0.8999999999999999,0.9948275862068965,0.85,3749.9500000000007,3,0.0,0.9999776284819972,embedding_weighted,0.9975654065793114,4.186742431961898
30677,5115,0.6576697230628791,0.6576697230628791,high,medium,0.27555555555555555,0.6888888888888889,45.0,31,False,0.8999999999999999,0.99,0.829650005604379,0.0,3,-0.11945990645799578,0.9966715425744747,embedding_weighted,0.7548027553671643,2.0468201153757057
1000102245,5099,0.7235141297069404,0.7235141297069404,high,high,0.43555555555555553,1.0888888888888888,45.0,49,False,0.8999999999999999,0.9937499999999999,0.8369460498981218,0.0,3,-0.08005908531330833,0.9991828821214671,embedding_weighted,0.7376724250553379,3.64478204519562
1000081223,5115,0.6333274939618474,4.092379179525308,high,critical,0.28444444444444444,0.7111111111111111,45.0,32,False,0.8999999999999999,0.8399361022364217,0.8437499715785693,234.5,3,-0.040000174621238054,0.9999931007932779,embedding_weighted,0.9986672418772793,0.9674097985993475
37581,5116,0.6947270396116588,6.956507320783655,high,critical,0.37333333333333335,0.9333333333333333,45.0,42,False,0.8999999999999999,0.9691466083150984,0.8437625641020388,8210.54,3,-0.039922799949397826,0.9807700245042134,embedding_weighted,0.734443438627772,5.644844490897965
1000101602,5118,0.715396214896215,0.715396214896215,high,high,0.40888888888888886,1.0222222222222221,45.0,46,False,0.8999999999999999,0.9967032967032967,0.85,0.0,3,0.0,0.973345900060333,embedding_weighted,0.9686108679975999,6.029193242870942
25211,5099,0.7178667984218715,6.684564112183372,high,critical,0.4177777777777778,1.0444444444444445,45.0,47,False,0.8999999999999999,0.994364161849711,0.8458856996054547,4070.25,3,-0.026696421967411753,0.9933572643490336,embedding_weighted,0.5582893644024127,3.4756998108585133
1000073867,5099,0.7281639001918955,6.703397008716119,high,critical,0.47111111111111115,1.1777777777777778,45.0,53,False,0.8999999999999999,0.9458797327394208,0.836956727997112,3661.46,3,-0.07999883615349045,0.9999388090579149,embedding_weighted,0.9976308102331573,1.055718466632352
1000101602,5116,0.7107217913714368,0.7107217913714368,high,high,0.40888888888888886,1.0222222222222221,45.0,46,False,0.8999999999999999,0.9887218045112781,0.8294791660908372,0.0,3,-0.12034209215804292,0.9752771174371984,embedding_weighted,0.9452336946032673,5.370336830230993
1000082737,5099,0.7276519954633578,0.7276519954633578,high,high,0.47111111111111115,1.1777777777777778,45.0,53,False,0.8999999999999999,0.9382252559726962,0.8437499988291605,0.0,3,-0.04000000719363786,0.9999943237059035,embedding_weighted,0.9976906572723966,-0.42117847603394587
1000102196,5102,0.7467847467347082,0.7467847467347082,high,high,0.49777777777777776,1.2444444444444445,45.0,56,False,0.8999999999999999,0.9972972972972972,0.8214278410942508,0.0,3,-0.1600034354785934,0.9866711031236405,embedding_weighted,0.5788190320803828,6.275013289732104
1000082327,5115,0.6661359205446702,0.6661359205446702,high,medium,0.3111111111111111,0.7777777777777778,45.0,35,False,0.8999999999999999,0.9676046429827647,0.8211369833578194,0.0,3,-0.1613693942103285,0.9879444765066598,embedding_weighted,0.6920258401988755,0.9849057096732032
31639,5108,0.6633907856713792,7.091721643299201,high,critical,0.28444444444444444,0.7111111111111111,45.0,32,False,0.8999999999999999,0.9903225806451612,0.8436566117637945,16156.05,3,-0.04057343459015884,0.973102763856835,embedding_weighted,0.7498537840237208,5.001843950069403
1000077565,5107,0.6931837606837608,5.9431359361196465,high,critical,0.3555555555555555,0.8888888888888888,45.0,40,False,0.8999999999999999,0.9923076923076922,0.85,1945.29,3,0.0,0.990436278795356,embedding_weighted,0.6286721243676433,4.995110370310344
1000101578,5099,0.735298682101093,0.735298682101093,high,high,0.48,1.2,45.0,54,False,0.8999999999999999,0.963784157730889,0.8369456703661013,0.0,3,-0.08006122660593606,0.999166359784065,embedding_weighted,0.7389472777759662,3.1750155495752126
22116,5102,0.6696142081550163,0.6696142081550163,high,medium,0.3022222222222222,0.7555555555555555,45.0,34,False,0.8999999999999999,0.9909090909090909,0.8369566738953952,0.0,3,-0.07999914143211531,0.9999060972165096,embedding_weighted,0.9952079443329581,5.68583159100392
959,5108,0.7343044013070429,7.6738729253175135,high,critical,0.4622222222222222,1.1555555555555554,45.0,52,False,0.8999999999999999,0.9941176470588234,0.8372798867092621,12713.95,3,-0.07817173325101053,0.8504873631509411,embedding_weighted,0.1504020586527871,6.712108246728526
1000081983,5115,0.656432516323803,7.682402016311101,high,critical,0.27555555555555555,0.6888888888888889,45.0,31,False,0.8999999999999999,0.99,0.8214019606772048,44499.8,3,-0.16012515832330898,0.9974932137015515,embedding_weighted,0.8473808388922227,1.0026798942602184
1000101595,5115,0.7086099750963901,0.7086099750963901,high,high,0.40888888888888886,1.0222222222222221,45.0,46,False,0.8999999999999999,0.9725547060374373,0.8369565222223145,0.0,3,-0.07999999727355311,0.9999997989236039,embedding_weighted,0.9980266478830173,2.3180530518900007
9158,5112,0.6972179487179486,7.2452871782582635,high,critical,0.37333333333333335,0.9333333333333333,45.0,42,False,0.8999999999999999,0.9769230769230769,0.85,11987.59,3,0.0,0.9397172366242745,embedding_weighted,0.35603379181965455,6.634854965505982
1000073172,5119,0.6513037693579712,6.345093489134744,high,critical,0.28444444444444444,0.7111111111111111,45.0,32,False,0.8999999999999999,0.9298200514138817,0.8437465419827808,6260.289999999999,3,-0.04002124558760174,0.9994549340009756,embedding_weighted,0.9989546699276484,6.789892481712759
11761,5099,0.656105607694173,0.656105607694173,high,medium,0.36444444444444446,0.9111111111111111,45.0,41,False,0.8999999999999999,0.7938271604938272,0.8437493187841985,0.0,3,-0.04000418537163736,0.99644078093679,embedding_weighted,0.4002581266740493,3.7688264123471584
1000102179,5099,0.6829647980231689,0.6829647980231689,high,medium,0.3466666666666667,0.8666666666666667,45.0,39,False,0.8999999999999999,0.9945169712793733,0.8026315806708503,0.0,3,-0.23999999336344552,0.999999890026966,embedding_weighted,0.9992367284008661,1.4712472579766747
9158,5099,0.6875810451578666,7.145143264966353,high,critical,0.37333333333333335,0.9333333333333333,45.0,42,False,0.8999999999999999,0.9385081287854637,0.8369739071162694,11987.59,3,-0.07990188965039291,0.9937365944352718,embedding_weighted,0.38420289649755024,1.7220542893004138
1000101469,5108,0.7377069432497173,0.7377069432497173,high,high,0.48888888888888893,1.2222222222222223,45.0,55,False,0.8999999999999999,0.9636085626911315,0.8295311677062358,0.0,3,-0.12007375200699918,0.9934827613527872,embedding_weighted,0.8062556511155746,3.040191029784138
1000100963,5099,0.7457958032957914,0.7457958032957914,high,high,0.5244444444444445,1.3111111111111111,45.0,59,False,0.8999999999999999,0.9390210740992522,0.8214254046544212,0.0,3,-0.16001489624143383,0.9989307254031087,embedding_weighted,0.6285433326789317,1.3362667024026713
1000062908,5107,0.6587649340646018,0.6587649340646018,high,medium,0.27555555555555555,0.6888888888888889,45.0,31,False,0.8999999999999999,0.99,0.8369514122825299,0.0,3,-0.08002883005696806,0.9940617745900785,embedding_weighted,0.8356214495279967,3.7562744945039546
33676,5107,0.7384164879818178,0.7384164879818178,high,high,0.47111111111111115,1.1777777777777778,45.0,53,False,0.8999999999999999,0.9971428571428571,0.8369564807253461,0.0,3,-0.08000023142705492,0.9999841909537421,embedding_weighted,0.9948268013517176,3.0449338101453742
495,5100,0.7495634323059069,0.7495634323059069,high,high,0.49777777777777776,1.2444444444444445,45.0,56,False,0.8999999999999999,0.9943602183141297,0.8438685168797991,0.0,3,-0.03927127955020022,0.9898827969353751,embedding_weighted,0.7506098977726487,5.449645453244394
1000073357,5115,0.6733564269849598,5.318656991293049,high,critical,0.43555555555555553,1.0888888888888888,45.0,49,False,0.8999999999999999,0.7378585086042064,0.8437500202793087,990.0099999999998,3,-0.039999875403911006,0.9999370257977206,embedding_weighted,0.9998923069806582,4.927312521917003
1000080708,5105,0.7402669485603565,0.7402669485603565,high,high,0.48,1.2,45.0,54,False,0.8999999999999999,0.9943396226415093,0.8293268268803642,0.0,3,-0.12112725592290127,0.963059458011993,embedding_weighted,0.7877013252837839,6.6189899190926615
42883,5115,0.7080518367447365,0.7080518367447365,high,high,0.42666666666666664,1.0666666666666667,45.0,48,False,0.8999999999999999,0.9342082980524978,0.8369567364504686,0.0,3,-0.07999878845389354,0.9999685436500969,embedding_weighted,0.9977828701178326,0.1912202619665102
30059,5105,0.6640486488532272,6.910242074615827,high,critical,0.3466666666666667,0.8666666666666667,45.0,39,False,0.8999999999999999,0.8798084596967278,0.8294686016481001,12162.910000000002,3,-0.12039658708205957,0.9670393371414903,embedding_weighted,0.7608684188422644,6.699960517274273
1000073092,5115,0.7180070318870679,7.644313537812492,high,critical,0.4177777777777778,1.0444444444444445,45.0,47,False,0.8999999999999999,0.9934782608695651,0.8480017906802925,15467.670000000002,3,-0.013146268818894778,0.9330934405274591,embedding_weighted,0.22096948865529714,5.161881642716027
1000101617,5108,0.7167000428351008,0.7167000428351008,high,high,0.4177777777777778,1.0444444444444445,45.0,47,False,0.8999999999999999,0.9952449567723343,0.8369329357968189,0.0,3,-0.08013306836075397,0.997389142453374,embedding_weighted,0.9010800167828654,2.9925354905624046
1000080996,5105,0.7081117325839084,0.7081117325839084,high,high,0.4,1.0,45.0,45,False,0.8999999999999999,0.9931818181818182,0.8298357929836313,0.0,3,-0.11849852192728712,0.9686131125774838,embedding_weighted,0.9611985304105495,6.504278117599372
43116,5102,0.6954485571897254,0.6954485571897254,high,medium,0.37333333333333335,0.9333333333333333,45.0,42,False,0.8999999999999999,0.9834170854271356,0.8295453784730998,0.0,3,-0.12000039273603443,0.9999936894887044,embedding_weighted,0.995028392382363,5.7050159775957425
1000081507,5118,0.7352749651895351,0.7352749651895351,high,high,0.4622222222222222,1.1555555555555554,45.0,52,False,0.8999999999999999,0.9941176470588234,0.8437503125925432,0.0,3,-0.03999807942757254,0.9998909552117,embedding_weighted,0.9989040279416718,5.616938313130061
1000081878,5115,0.6847923204710206,5.025691083781212,high,critical,0.4,1.0,45.0,45,False,0.8999999999999999,0.8768025078369905,0.8295454593574827,565.23,3,-0.1199999751571015,0.9999977664652105,embedding_weighted,0.9983393340978252,2.792986191605329
6757,5103,0.6984297843595777,7.113458639648917,high,critical,0.37333333333333335,0.9333333333333333,45.0,42,False,0.8999999999999999,0.9926829268292683,0.8370657710692713,9748.1,3,-0.07938312910436818,0.9464211644539097,embedding_weighted,0.08999381020232382,6.587756032305709
27160,5103,0.7147222222222223,0.7147222222222223,high,high,0.40888888888888886,1.0222222222222221,45.0,46,False,0.8999999999999999,0.9933333333333333,0.85,0.0,3,0.0,0.9999805052074799,embedding_weighted,0.9931289407942514,3.1145365458248415
1000102273,5382,0.6840423555553461,0.6840423555553461,high,medium,0.3377777777777778,0.8444444444444444,45.0,38,False,0.8999999999999999,0.9918918918918919,0.8370191071057109,0.0,3,-0.07964671602767921,0.9775230831006081,embedding_weighted,1.0,6.826547344089789
43212,5099,0.6967071280015126,0.6967071280015126,high,medium,0.37333333333333335,0.9333333333333333,45.0,42,False,0.8999999999999999,0.9926829268292683,0.8255813953488371,0.0,3,-0.14,1.0,embedding_weighted,0.9999999999999999,3.51520601345385
38064,5099,0.6769798766743762,0.6769798766743762,high,medium,0.3377777777777778,0.8444444444444444,45.0,38,False,0.8999999999999999,0.9566265060240964,0.8369564290563055,0.0,3,-0.0800005229779893,0.9999682857989294,embedding_weighted,0.9981610809197602,-1.8149119351575642
41322,5103,0.6876302949300006,0.6876302949300006,high,medium,0.3466666666666667,0.8666666666666667,45.0,39,False,0.8999999999999999,0.9921052631578947,0.8369505042116998,0.0,3,-0.08003395364830403,0.9892091328115264,embedding_weighted,0.49123538384126614,5.473041967788671
255,5103,0.6742422541668815,0.6742422541668815,high,medium,0.3111111111111111,0.7777777777777778,45.0,35,False,0.8999999999999999,0.9911764705882352,0.8437501040319333,0.0,3,-0.03999936082737594,0.9999011084247124,embedding_weighted,0.9910596382954258,3.925284965680459
12136,5099,0.7168705930722581,0.7168705930722581,high,high,0.4177777777777778,1.0444444444444445,45.0,47,False,0.8999999999999999,0.9934782608695651,0.8404255319148936,0.0,3,-0.06,1.0,embedding_weighted,1.0,3.5036644145510407
1000081597,5118,0.749570031713379,0.749570031713379,high,high,0.49777777777777776,1.2444444444444445,45.0,56,False,0.8999999999999999,0.9945454545454545,0.8436655312878467,0.0,3,-0.04051869536088312,0.9731496317942309,embedding_weighted,0.4304580256465833,6.207928191302318
1000082527,5382,0.7469444444444444,6.913921308574676,high,critical,0.48888888888888893,1.2222222222222223,45.0,55,False,0.8999999999999999,0.9944444444444445,0.85,3850.71,3,0.0,0.9960524642088043,embedding_weighted,0.9759853286346041,6.782995962444543
1000100963,5115,0.7592876862938343,0.7592876862938343,high,high,0.5244444444444445,1.3111111111111111,45.0,59,False,0.8999999999999999,0.9948275862068965,0.8369626084978472,0.0,3,-0.07996565316724012,0.9988608370276236,embedding_weighted,0.6229110749291573,2.7230532926019615
1000102089,5100,0.7460071492535272,0.7460071492535272,high,high,0.48888888888888893,1.2222222222222223,45.0,55,False,0.8999999999999999,0.9944444444444445,0.8437513653938851,0.0,3,-0.03999161094666215,0.9995276413382581,embedding_weighted,0.9957234693281126,6.377460428406769
1000082065,5103,0.7603062402346995,7.467003913436763,high,critical,0.5244444444444445,1.3111111111111111,45.0,59,False,0.8999999999999999,0.9948275862068965,0.8437529681036154,6774.359999999999,3,-0.03998176362497058,0.981469026335313,embedding_weighted,0.5008739793684174,6.183809543870837
1000102269,5099,0.6850519894894895,0.6850519894894895,high,medium,0.3377777777777778,0.8444444444444444,45.0,38,False,0.8999999999999999,0.9918918918918919,0.84375,0.0,3,-0.04,1.0,embedding_weighted,0.9999999999999999,3.48583987791831
1000081384,5115,0.6409413206663053,5.303140415944018,high,critical,0.27555555555555555,0.6888888888888889,45.0,31,False,0.8999999999999999,0.9064880112834979,0.8294766412492238,1441.29,3,-0.12035511674838374,0.9801551813696919,embedding_weighted,0.7644952717664014,4.592608848998752
6158,5117,0.6584331156434227,0.6584331156434227,high,medium,0.29333333333333333,0.7333333333333333,45.0,33,False,0.8999999999999999,0.9476868327402135,0.8437494384136445,0.0,3,-0.04000345037416677,0.9991506126960821,embedding_weighted,0.989475171236536,6.531991356369062
1000082343,5381,0.6601742776799522,6.343397160216513,high,critical,0.28444444444444444,0.7111111111111111,45.0,32,False,0.8999999999999999,0.9798221234018899,0.8362138348119763,5477.96,3,-0.08417173191763427,0.9346414899550614,embedding_weighted,0.6102717020580432,6.558586302609524
1000081565,5104,0.7338801025450457,7.072233882430612,high,critical,0.4622222222222222,1.1555555555555554,45.0,52,False,0.8999999999999999,0.9941176470588234,0.8344512282959473,5634.1,3,-0.09392260385869118,0.5108773755341913,embedding_weighted,0.16867031584375866,6.7263684576582765
26206,5099,0.7371817971680791,0.7371817971680791,high,high,0.47111111111111115,1.1777777777777778,45.0,53,False,0.8999999999999999,0.985874217978268,0.843750060853207,0.0,3,-0.03999962611774989,0.9999638748154213,embedding_weighted,0.9974827440834622,0.8020204210760733
1000081597,5381,0.7495394196220992,0.7495394196220992,high,high,0.49777777777777776,1.2444444444444445,45.0,56,False,0.8999999999999999,0.9945454545454545,0.8434614506793149,0.0,3,-0.041769579116835695,0.8654738806938203,embedding_weighted,0.35056622450190394,6.599996918890771
9581,5381,0.6671012710391103,6.236573062371257,high,critical,0.29333333333333333,0.7333333333333333,45.0,33,False,0.8999999999999999,0.9906249999999999,0.8442862513718473,4223.959999999999,3,-0.036693925093263274,0.8786292471707546,embedding_weighted,0.5958480252626085,6.585284708414548
1000080865,5102,0.7331442293556788,0.7331442293556788,high,high,0.4622222222222222,1.1555555555555554,45.0,52,False,0.8999999999999999,0.9941176470588234,0.8295454070335013,0.0,3,-0.12000024528830854,0.9999907236029572,embedding_weighted,0.9950761792181211,5.406590389383749
1000100262,5099,0.6642957332598188,0.6642957332598188,high,medium,0.29333333333333333,0.7333333333333333,45.0,33,False,0.8999999999999999,0.9906249999999999,0.8255826661765703,0.0,3,-0.13999373392640202,0.999158280179408,embedding_weighted,0.4977589559014045,2.046061269156776
1000076267,5099,0.6570591717158297,5.816249214906638,high,critical,0.27555555555555555,0.6888888888888889,45.0,31,False,0.8999999999999999,0.99,0.8255796632907164,2569.72,3,-0.14000854011643313,0.9991862443472519,embedding_weighted,0.5178755971886958,1.2840687962577002
1000101184,5099,0.6654650199184706,0.6654650199184706,high,medium,0.3022222222222222,0.7555555555555555,45.0,34,False,0.8999999999999999,0.9885496183206106,0.8124413824363971,0.0,3,-0.20025002344062612,0.9924799353992587,embedding_weighted,0.5765453826400061,0.7882928152136293
1000082527,5119,0.7469444444444444,6.913921308574676,high,critical,0.48888888888888893,1.2222222222222223,45.0,55,False,0.8999999999999999,0.9944444444444445,0.85,3850.71,3,0.0,0.9965414787585735,embedding_weighted,0.9939371644594932,6.662584610363886
1000102270,5119,0.6829208159557021,0.6829208159557021,high,medium,0.3377777777777778,0.8444444444444444,45.0,38,False,0.8999999999999999,0.9918918918918919,0.8295421764414169,0.0,3,-0.12001692343298076,0.9939885212084499,embedding_weighted,0.9969628486901986,6.662767174101531
1000080874,5116,0.6948117826580258,0.6948117826580258,high,medium,0.36444444444444446,0.9111111111111111,45.0,41,False,0.8999999999999999,0.9924999999999999,0.83689336586832,0.0,3,-0.08035622953937376,0.9787868953415547,embedding_weighted,0.6314064964475185,5.427927898634387
22116,5116,0.6994323976629357,0.6994323976629357,high,medium,0.37333333333333335,0.9333333333333333,45.0,42,False,0.8999999999999999,0.9926829268292683,0.8437498597583246,0.0,3,-0.04000086164408037,0.9999348195860991,embedding_weighted,0.9983664862994959,5.3076260632411785
1000062908,5102,0.65876433438203,0.65876433438203,high,medium,0.27555555555555555,0.6888888888888889,45.0,31,False,0.8999999999999999,0.99,0.8369474143987178,0.0,3,-0.0800513868157852,0.9915895551874031,embedding_weighted,0.8045350132016246,4.942819996893671
1000076267,5102,0.6564011266281604,5.81042423842159,high,critical,0.27555555555555555,0.6888888888888889,45.0,31,False,0.8999999999999999,0.99,0.8211926960395879,2569.72,3,-0.16110809414580762,0.982297071750681,embedding_weighted,0.5165485762940183,5.654322208323313
28119,5102,0.7461977304124797,6.94891023430307,high,critical,0.49777777777777776,1.2444444444444445,45.0,56,False,0.8999999999999999,0.9945454545454545,0.8211835226151849,4073.1800000000003,3,-0.1611511299532074,0.9762562180155986,embedding_weighted,0.45848473213494095,5.877733038751038
6928,5102,0.6597923393821219,5.5167211509893885,high,critical,0.27555555555555555,0.6888888888888889,45.0,31,False,0.8999999999999999,0.99,0.8438007810659973,1572.88,3,-0.03968789969828203,0.9775340852451485,embedding_weighted,0.4863776580631355,5.507650204169363
42519,5119,0.7397905982905983,0.7397905982905983,high,high,0.47111111111111115,1.1777777777777778,45.0,53,False,0.8999999999999999,0.9942307692307691,0.85,0.0,3,0.0,0.9099863023383431,embedding_weighted,0.3197334332254762,6.452197903311427
1000080567,5099,0.7424304238271056,0.7424304238271056,high,high,0.48,1.2,45.0,54,False,0.8999999999999999,0.9943396226415093,0.8437499953253581,0.0,3,-0.04000002872099874,0.9999992815187043,embedding_weighted,0.9999954626533251,2.936371252416554
1000081878,5106,0.7091799117946789,5.204671625189601,high,critical,0.4,1.0,45.0,45,False,0.8999999999999999,0.9931818181818182,0.8369569877221018,565.23,3,-0.07999737060590525,0.9993730760780133,embedding_weighted,0.9949119290194403,6.297977054502506
1000082065,5116,0.7592598675427242,7.456727437232278,high,critical,0.5244444444444445,1.3111111111111111,45.0,59,False,0.8999999999999999,0.9948275862068965,0.8367771501571143,6774.359999999999,3,-0.08101102177552763,0.9242991880772863,embedding_weighted,0.5208323883169595,6.209882241176831
15438,5381,0.7127654079015517,0.7127654079015517,high,high,0.40888888888888886,1.0222222222222221,45.0,46,False,0.8999999999999999,0.9933333333333333,0.8369545711955306,0.0,3,-0.08001100613568242,0.9995696474692203,embedding_weighted,0.9761443806226217,6.363552101543334
1000102190,5119,0.7603052860790414,0.7603052860790414,high,high,0.5244444444444445,1.3111111111111111,45.0,59,False,0.8999999999999999,0.9948275862068965,0.8437466070658945,0.0,3,-0.04002084573448287,0.9994649196763206,embedding_weighted,0.9988192915829558,6.249524419192914
1000102254,5108,0.7147222222222223,0.7147222222222223,high,high,0.40888888888888886,1.0222222222222221,45.0,46,False,0.8999999999999999,0.9933333333333333,0.85,0.0,3,0.0,0.9998685983873499,embedding_weighted,0.9988248821854249,5.1676244932399396
27465,5108,0.6850545499752938,0.6850545499752938,high,medium,0.3377777777777778,0.8444444444444444,45.0,38,False,0.8999999999999999,0.9918918918918919,0.8437670699053621,0.0,3,-0.03989511104261006,0.9940184608753707,embedding_weighted,0.6852720670856653,2.6081197742541153
1000102270,5105,0.6850513329455383,0.6850513329455383,high,medium,0.3377777777777778,0.8444444444444444,45.0,38,False,0.8999999999999999,0.9918918918918919,0.8437456230403253,0.0,3,-0.04002689128694798,0.9922553892505394,embedding_weighted,0.9868473005245945,6.474633604659339
42410,5116,0.7413938256520665,0.7413938256520665,high,high,0.48,1.2,45.0,54,False,0.8999999999999999,0.9943396226415093,0.8368393408250978,0.0,3,-0.08066073795886279,0.9818264634809065,embedding_weighted,0.6769643341444574,5.369524470749633
41789,5100,0.6577325824531923,6.16499550316403,high,critical,0.27555555555555555,0.6888888888888889,45.0,31,False,0.8999999999999999,0.99,0.8300690682064671,4328.049999999999,3,-0.1172884276168689,0.9680418841652879,embedding_weighted,0.35323539726872527,5.821141514514489
1000076267,5100,0.6607222222222222,5.848674322947262,high,critical,0.27555555555555555,0.6888888888888889,45.0,31,False,0.8999999999999999,0.99,0.85,2569.72,3,0.0,0.9773035871447355,embedding_weighted,0.5208143761555123,5.7007160949336875
1000081953,5099,0.6051592847319348,5.840283225099878,high,critical,0.28444444444444444,0.7111111111111111,45.0,32,False,0.8999999999999999,0.7158215010141987,0.8214480450087821,5713.83,3,-0.15990838628802573,0.9988471758087165,embedding_weighted,0.9460932403360586,-0.14976010757383929
1000080243,5116,0.6607222222222222,0.6607222222222222,high,medium,0.27555555555555555,0.6888888888888889,45.0,31,False,0.8999999999999999,0.99,0.85,0.0,3,0.0,0.9459652465158186,embedding_weighted,0.22650671182338492,6.010501079806133
6158,5100,0.659370699881376,0.659370699881376,high,medium,0.29333333333333333,0.7333333333333333,45.0,33,False,0.8999999999999999,0.9476868327402135,0.85,0.0,3,0.0,0.9998915992190919,embedding_weighted,0.997696168722804,5.067408244604774
728,5116,0.7173692421534434,5.7090437988353475,high,critical,0.4177777777777778,1.0444444444444445,45.0,47,False,0.8999999999999999,0.9934782608695651,0.8437498591227953,1050.8500000000004,3,-0.04000086554876487,0.9999347219774615,embedding_weighted,0.9988485429259082,4.749257981660377
1000101617,5116,0.7168669113891806,0.7168669113891806,high,high,0.4177777777777778,1.0444444444444445,45.0,47,False,0.8999999999999999,0.9934782608695651,0.8404009873610434,0.0,3,-0.06014456154983428,0.9944390229234569,embedding_weighted,0.9062652097164153,4.683035652269899
23153,5108,0.7388496832771978,7.251396160408144,high,critical,0.47111111111111115,1.1777777777777778,45.0,53,False,0.8999999999999999,0.9942307692307691,0.8437272332439963,6729.74,3,-0.040139858570480254,0.9936004902784765,embedding_weighted,0.7230795414634532,3.727339338212265
28469,5381,0.7429812384365391,7.63014625599955,high,critical,0.48888888888888893,1.2222222222222223,45.0,55,False,0.8999999999999999,0.9844118584635001,0.8369554079218894,10609.880000000001,3,-0.08000628485648416,0.9992607510607275,embedding_weighted,0.9805026704591485,6.236803703048717
1000101469,5107,0.7469444444444444,0.7469444444444444,high,high,0.48888888888888893,1.2222222222222223,45.0,55,False,0.8999999999999999,0.9944444444444445,0.85,0.0,3,0.0,0.992607225994682,embedding_weighted,0.8396211896358394,3.0818347557213133
1000081643,5118,0.6958403630159536,0.6958403630159536,high,medium,0.36444444444444446,0.9111111111111111,45.0,41,False,0.8999999999999999,0.9924999999999999,0.8437505682545061,0.0,3,-0.039996508631616315,0.9998524784104161,embedding_weighted,0.9994145803605842,5.283405826203061
1000058198,5118,0.7592870700950328,0.7592870700950328,high,high,0.5244444444444445,1.3111111111111111,45.0,59,False,0.8999999999999999,0.9948275862068965,0.836958500505838,0.0,3,-0.07998883434354653,0.9842606431629112,embedding_weighted,0.7803630833043059,5.460471662644695
25965,5118,0.700369918699187,0.700369918699187,high,high,0.37333333333333335,0.9333333333333333,45.0,42,False,0.8999999999999999,0.9926829268292683,0.85,0.0,3,0.0,0.9997365310089905,embedding_weighted,0.9993122992141714,5.459258063456534
2884,5099,0.709179378577383,6.407229172749133,high,critical,0.4,1.0,45.0,45,False,0.8999999999999999,0.9931818181818182,0.836953432940129,3085.2400000000002,3,-0.08001742873298393,0.9990466058386521,embedding_weighted,0.9970125235710896,1.8739524500709601
24279,5116,0.7147222222222223,0.7147222222222223,high,high,0.40888888888888886,1.0222222222222221,45.0,46,False,0.8999999999999999,0.9933333333333333,0.85,0.0,3,0.0,0.9826412042762123,embedding_weighted,0.8024089203405524,4.1417568735115005
39754,5116,0.6953370393118209,6.021337709298566,high,critical,0.36444444444444446,0.9111111111111111,45.0,41,False,0.8999999999999999,0.9924999999999999,0.8403950768936207,2119.8999999999996,3,-0.06017936614635268,0.9927527537162387,embedding_weighted,0.9040363786336392,5.0339413920351985
1000102266,5099,0.6901155788961593,0.6901155788961593,high,medium,0.3555555555555555,0.8888888888888888,45.0,40,False,0.8999999999999999,0.9923076923076922,0.8295454547493237,0.0,3,-0.11999999894749132,0.9999999954749302,embedding_weighted,0.9991348990672594,1.1150247534737625
30677,5099,0.6576543255942374,0.6576543255942374,high,medium,0.27555555555555555,0.6888888888888889,45.0,31,False,0.8999999999999999,0.99,0.8295473558134344,0.0,3,-0.11999018427769029,0.9988432058234936,embedding_weighted,0.7371274197269299,-0.6217320670162749
1000081498,5099,0.6606795032091356,6.979685722569516,high,critical,0.28444444444444444,0.7111111111111111,45.0,32,False,0.8999999999999999,0.9903225806451612,0.8255813953488371,14247.470000000001,3,-0.14,1.0,embedding_weighted,1.0,3.2463230270555012
10124,5099,0.6897032775048046,6.7979561867578475,high,critical,0.3555555555555555,0.8888888888888888,45.0,40,False,0.8999999999999999,0.9923076923076922,0.82679677880696,7017.8099999999995,3,-0.13396529829649823,0.9856049336333212,embedding_weighted,0.395813899148348,0.9323229896214897
1000101961,5105,0.6876867238051948,0.6876867238051948,high,medium,0.3466666666666667,0.8666666666666667,45.0,39,False,0.8999999999999999,0.9921052631578947,0.8373266967129945,0.0,3,-0.07790647285649484,0.8768027375002955,embedding_weighted,0.23209477758269345,6.264298800514366
1000079384,5105,0.6922277892398392,0.6922277892398392,high,medium,0.3555555555555555,0.8888888888888888,45.0,40,False,0.8999999999999999,0.9923076923076922,0.8436268570405229,0.0,3,-0.04075599453244103,0.9466562854248097,embedding_weighted,0.7101911056194389,5.878198064250186
5837,5108,0.7162830885981293,0.7162830885981293,high,high,0.42666666666666664,1.0666666666666667,45.0,48,False,0.8999999999999999,0.9936170212765957,0.8126201178409566,0.0,3,-0.19948716867756544,0.9945917509780865,embedding_weighted,0.8628373531016207,2.831927078138232
1000076267,5108,0.659786126102262,5.840388055047557,high,critical,0.27555555555555555,0.6888888888888889,45.0,31,False,0.8999999999999999,0.99,0.843759359200265,2569.72,3,-0.03994249362900443,0.9950390860002652,embedding_weighted,0.5720914347238885,3.73642153026143
30677,5108,0.6597880125351946,0.6597880125351946,high,medium,0.27555555555555555,0.6888888888888889,45.0,31,False,0.8999999999999999,0.99,0.8437719354198154,0.0,3,-0.039865209857912566,0.991153005188544,embedding_weighted,0.6912630674078664,3.5247803166935308
1000102175,5108,0.66434229390681,0.66434229390681,high,medium,0.28444444444444444,0.7111111111111111,45.0,32,False,0.8999999999999999,0.9903225806451612,0.85,0.0,3,0.0,0.999982287106166,embedding_weighted,0.9925115707694433,3.1181614786934255
42993,5107,0.6859894894894896,0.6859894894894896,high,medium,0.3377777777777778,0.8444444444444444,45.0,38,False,0.8999999999999999,0.9918918918918919,0.85,0.0,3,0.0,0.9817401349666646,embedding_weighted,0.5526902795190308,5.425623281700219
11803,5104,0.66434229390681,5.582516977842732,high,critical,0.28444444444444444,0.7111111111111111,45.0,32,False,0.8999999999999999,0.9903225806451612,0.85,1640.02,3,0.0,0.6578160750416135,embedding_weighted,0.7257148765267332,6.168704925268546
42993,5108,0.6850487677084649,0.6850487677084649,high,medium,0.3377777777777778,0.8444444444444444,45.0,38,False,0.8999999999999999,0.9918918918918919,0.8437285214598357,0.0,3,-0.04013194601311957,0.9869579036730544,embedding_weighted,0.5356399269954869,5.22920780843134
17904,5102,0.7068141747309113,6.749290460981636,high,critical,0.4,1.0,45.0,45,False,0.8999999999999999,0.9931818181818182,0.8211854072969853,5160.02,3,-0.16114228859873597,0.9598883266347477,embedding_weighted,0.38334158696505266,5.642864337868421
1000102279,5102,0.6706332843523907,0.6706332843523907,high,medium,0.3022222222222222,0.7555555555555555,45.0,34,False,0.8999999999999999,0.9909090909090909,0.8437505152112245,0.0,3,-0.03999683453179902,0.9997681989969245,embedding_weighted,0.9983514651246588,6.013130576863249
1000080274,5102,0.6623996833949249,5.448035455100343,high,critical,0.28444444444444444,0.7111111111111111,45.0,32,False,0.8999999999999999,0.9903225806451612,0.8370492632540993,1371.92,3,-0.07947639270938352,0.9792849967130844,embedding_weighted,0.4484118028208485,5.2796021743276125
1000102190,5099,0.7587432977547928,0.7587432977547928,high,high,0.5244444444444445,1.3111111111111111,45.0,59,False,0.8999999999999999,0.9948275862068965,0.8333333515709038,0.0,3,-0.09999990151710834,0.9999933578994349,embedding_weighted,0.9999923730770596,2.9371078739491043
1000078810,5100,0.6372049808429119,5.438604280547413,high,critical,0.27555555555555555,0.6888888888888889,45.0,31,False,0.8999999999999999,0.8724137931034482,0.85,1871.62,3,0.0,0.9999990112399348,embedding_weighted,0.9997543807323538,5.717557849375512
39754,5107,0.6958392523991505,6.025686671643263,high,critical,0.36444444444444446,0.9111111111111111,45.0,41,False,0.8999999999999999,0.9924999999999999,0.8437431641424848,2119.8999999999996,3,-0.04004199767119645,0.9943723483555174,embedding_weighted,0.9065878128003636,3.799608335683881
1000101859,5107,0.659800483899619,0.659800483899619,high,medium,0.27555555555555555,0.6888888888888889,45.0,31,False,0.8999999999999999,0.99,0.8438550778493112,0.0,3,-0.03935396723793851,0.974524571283542,embedding_weighted,0.19438909670686033,5.77563457597601
42410,5115,0.7414137544462334,0.7414137544462334,high,high,0.48,1.2,45.0,54,False,0.8999999999999999,0.9943396226415093,0.8369721994528767,0.0,3,-0.07991152738000384,0.9961476110209153,embedding_weighted,0.6454584005830862,1.9412434124168634
1000079620,5115,0.6600474940450217,0.6600474940450217,high,medium,0.28444444444444444,0.7111111111111111,45.0,32,False,0.8999999999999999,0.9903225806451612,0.8213680009214109,0.0,3,-0.16028482705381566,0.99548880401246,embedding_weighted,0.6561544571891497,-0.29891515433761295
1000082570,5115,0.7127657346980243,5.468163679632198,high,critical,0.40888888888888886,1.0222222222222221,45.0,46,False,0.8999999999999999,0.9933333333333333,0.8369567498386805,788.7800000000007,3,-0.07999871290847124,0.9999607878008354,embedding_weighted,0.997189708882991,0.015602326983214176
10124,5115,0.6912122603038846,6.812829247810751,high,critical,0.3555555555555555,0.8888888888888888,45.0,40,False,0.8999999999999999,0.9923076923076922,0.8368566641341593,7017.8099999999995,3,-0.08056311829156738,0.9736502386293029,embedding_weighted,0.3507623681273032,2.6394273619691067
1000102266,5115,0.6912272389770924,0.6912272389770924,high,medium,0.3555555555555555,0.8888888888888888,45.0,40,False,0.8999999999999999,0.9923076923076922,0.8369565219555449,0.0,3,-0.07999999877884492,0.9999999954749302,embedding_weighted,0.9982315816268634,2.3318520565186267
1000102175,5115,0.6634048101611687,0.6634048101611687,high,medium,0.28444444444444444,0.7111111111111111,45.0,32,False,0.8999999999999999,0.9903225806451612,0.8437501083623907,0.0,3,-0.03999933422100924,0.9999820067696706,embedding_weighted,0.9981399957926087,0.6723538528136448
25873,5102,0.7460069411545039,6.266232812135479,high,critical,0.48888888888888893,1.2222222222222223,45.0,55,False,0.8999999999999999,0.9944444444444445,0.8437499780670631,1634.4900000000002,3,-0.04000013475594512,0.9999909848451246,embedding_weighted,0.992045868370155,5.261026705152195
1000081507,5119,0.7362124183006535,0.7362124183006535,high,high,0.4622222222222222,1.1555555555555554,45.0,52,False,0.8999999999999999,0.9941176470588234,0.85,0.0,3,0.0,0.9997071616897376,embedding_weighted,0.994712158481236,5.16986505631364
42512,5102,0.7342822022611977,0.7342822022611977,high,high,0.4622222222222222,1.1555555555555554,45.0,52,False,0.8999999999999999,0.9941176470588234,0.8371318930702935,0.0,3,-0.07900937250569484,0.960918784373292,embedding_weighted,0.35098638157541784,5.429423714337148
42512,5112,0.7469444444444444,0.7469444444444444,high,high,0.48888888888888893,1.2222222222222223,45.0,55,False,0.8999999999999999,0.9944444444444445,0.85,0.0,3,0.0,0.9462528410416147,embedding_weighted,0.5525718106670554,5.566586270168899
42639,5119,0.6634060483586222,0.6634060483586222,high,medium,0.28444444444444444,0.7111111111111111,45.0,32,False,0.8999999999999999,0.9903225806451612,0.8437583630120805,0.0,3,-0.03994861490347795,0.996763371940377,embedding_weighted,0.9821993625739834,5.8224478867722835
27366,5099,0.700369918699187,6.977417798014882,high,critical,0.37333333333333335,0.9333333333333333,45.0,42,False,0.8999999999999999,0.9926829268292683,0.85,7803.65,3,0.0,0.9999932520757553,embedding_weighted,0.9982332200694763,1.3732548899693962
1000102212,5099,0.6850520202504262,0.6850520202504262,high,medium,0.3377777777777778,0.8444444444444444,45.0,38,False,0.8999999999999999,0.9918918918918919,0.8437502050729111,0.0,3,-0.0399987400303802,0.999957619290348,embedding_weighted,0.9989331617587883,1.7225985635500196
1000080114,5099,0.7158683352587882,6.39866329741379,high,critical,0.4177777777777778,1.0444444444444445,45.0,47,False,0.8999999999999999,0.9934782608695651,0.8337438131584274,2801.66,3,-0.0977779362705056,0.9999921873912072,embedding_weighted,0.9982499823170056,-0.7646428494914206
1000082526,5105,0.6613756230667759,0.6613756230667759,high,medium,0.28444444444444444,0.7111111111111111,45.0,32,False,0.8999999999999999,0.9903225806451612,0.8302221943997725,0.0,3,-0.11649229138228992,0.887347224535624,embedding_weighted,0.21980510468887524,5.667845287764285
1000074444,5381,0.6587660558359034,5.738887505459153,high,critical,0.27555555555555555,0.6888888888888889,45.0,31,False,0.8999999999999999,0.99,0.8369588907578742,2233.0499999999993,3,-0.07998663222266753,0.9995837565792184,embedding_weighted,0.973984670241009,5.409827801571508
42512,5099,0.7449911683814201,0.7449911683814201,high,high,0.48888888888888893,1.2222222222222223,45.0,55,False,0.8999999999999999,0.9944444444444445,0.8369781595798372,0.0,3,-0.07987788867185518,0.9976545549763126,embedding_weighted,0.4523081197735576,1.895882189606283
1000102279,5100,0.6706330794046357,0.6706330794046357,high,medium,0.3022222222222222,0.7555555555555555,45.0,34,False,0.8999999999999999,0.9909090909090909,0.8437491488928577,0.0,3,-0.040005229173798104,0.9996537767838024,embedding_weighted,0.9965254771478802,5.46468142686942
43116,5100,0.6984134889704197,0.6984134889704197,high,medium,0.37333333333333335,0.9333333333333333,45.0,42,False,0.8999999999999999,0.9926829268292683,0.8369571351415512,0.0,3,-0.07999653876158443,0.999918239644549,embedding_weighted,0.9984286628926097,4.69945436560679
1000102175,5099,0.7137847183285451,0.7137847183285451,high,high,0.40888888888888886,1.0222222222222221,45.0,46,False,0.8999999999999999,0.9933333333333333,0.8437499740421521,0.0,3,-0.04000015948499042,0.999983226516568,embedding_weighted,0.9975127750205871,-1.8477621227901224
19503,5099,0.7598085949898481,7.05488323105291,high,critical,0.5244444444444445,1.3111111111111111,45.0,59,False,0.8999999999999999,0.9974358974358974,0.8369575848326051,3963.28,3,-0.07999400127877306,0.9988070207527112,embedding_weighted,0.9986219388866145,-0.24065158042454346
