client_id,product_id,risk_score,priority_score,risk_level,priority_level,inactivity_score,inactivity_ratio,expected_cycle_days,days_since_last_order,is_inactive,volume_drift_score,interval_drift_score,peer_drift_score,potential_gap,drift_signal_count
11999,5100,0.610190278869572,5.721064259929837,high,critical,0.16,0.4,45.0,18,False,0.8919999386576766,0.9954102024152305,0.8273883581473785,4340.039999999994,3
40897,5099,0.6663661962705019,0.6663661962705019,high,medium,0.29333333333333333,0.7333333333333333,45.0,33,False,0.8999999999999999,0.9935678695455231,0.835461926853759,0.0,3
1000073983,5099,0.690610659888069,0.690610659888069,high,medium,0.3555555555555555,0.8888888888888888,45.0,40,False,0.8999999999999999,0.9903457431889152,0.835461926853759,0.0,3
42046,5103,0.7343952646005969,0.7343952646005969,high,high,0.4622222222222222,1.1555555555555554,45.0,52,False,0.8999999999999999,0.9915070774354704,0.8413664014974263,0.0,3
40897,5115,0.6663966488485008,0.6663966488485008,high,medium,0.29333333333333333,0.7333333333333333,45.0,33,False,0.8999999999999999,0.9919134135737495,0.837870885336117,0.0,3
1000063806,5099,0.7482399105657951,0.7482399105657951,high,high,0.49777777777777776,1.2444444444444445,45.0,56,False,0.8999999999999999,0.9940475521331009,0.835461926853759,0.0,3
35886,5115,0.6621236189594985,0.6621236189594985,high,medium,0.28444444444444444,0.7111111111111111,45.0,32,False,0.8999999999999999,0.9883260419065162,0.837870885336117,0.0,3
4549,5115,0.6686746709753297,0.6686746709753297,high,medium,0.3022222222222222,0.7555555555555555,45.0,34,False,0.8999999999999999,0.9855257464301168,0.837870885336117,0.0,3
41964,5099,0.6831294986491474,0.6831294986491474,high,medium,0.3377777777777778,0.8444444444444444,45.0,38,False,0.8999999999999999,0.9884954925498621,0.835461926853759,0.0,3
1000081096,5115,0.6657284964140847,0.6657284964140847,high,medium,0.29333333333333333,0.7333333333333333,45.0,33,False,0.8999999999999999,0.9885726514016691,0.837870885336117,0.0,3
1000082170,5108,0.6691538722799252,0.6691538722799252,high,medium,0.3022222222222222,0.7555555555555555,45.0,34,False,0.8999999999999999,0.9859928168291431,0.8404428001680508,0.0,3
29805,5099,0.692749427320863,0.692749427320863,high,medium,0.36444444444444446,0.9111111111111111,45.0,41,False,0.8999999999999999,0.9832618025751072,0.835461926853759,0.0,3
28853,5099,0.6599468738938652,0.6599468738938652,high,medium,0.28444444444444444,0.7111111111111111,45.0,32,False,0.8999999999999999,0.9792490354401177,0.835461926853759,0.0,3
32269,5099,0.6980686730477752,0.6980686730477752,high,medium,0.37333333333333335,0.9333333333333333,45.0,42,False,0.8999999999999999,0.9920802534318901,0.835461926853759,0.0,3
1000082307,5099,0.6872505638635795,0.6872505638635795,high,medium,0.3466666666666667,0.8666666666666667,45.0,39,False,0.8999999999999999,0.9913230408442446,0.835461926853759,0.0,3
40439,5116,0.7595423986660568,7.2288302245495935,high,critical,0.5244444444444445,1.3111111111111111,45.0,59,False,0.8999999999999999,0.9930110059526358,0.8410827979850122,4999.779999999999,3
1000075869,5115,0.7229417517171602,0.7229417517171602,high,high,0.43555555555555553,1.0888888888888888,45.0,49,False,0.8999999999999999,0.9901944834726022,0.837870885336117,0.0,3
34627,5099,0.6577323026634665,0.6577323026634665,high,medium,0.27555555555555555,0.6888888888888889,45.0,31,False,0.8999999999999999,0.9859539570659019,0.835461926853759,0.0,3
1000068305,5103,0.6649584302888359,0.6649584302888359,high,medium,0.29333333333333333,0.7333333333333333,45.0,33,False,0.8999999999999999,0.9821006836544437,0.8413664014974263,0.0,3
34627,5115,0.6584457413647085,0.6584457413647085,high,medium,0.27555555555555555,0.6888888888888889,45.0,31,False,0.8999999999999999,0.9877144317103438,0.837870885336117,0.0,3
6525,5099,0.7084685618425117,0.7084685618425117,high,high,0.4,1.0,45.0,45,False,0.8999999999999999,0.990746364072239,0.835461926853759,0.0,3
8191,5099,0.7443067687710778,0.7443067687710778,high,high,0.48888888888888893,1.2222222222222223,45.0,55,False,0.8999999999999999,0.9921596209372917,0.835461926853759,0.0,3
2975,5115,0.6979921956839349,0.6979921956839349,high,medium,0.37333333333333335,0.9333333333333333,45.0,42,False,0.8999999999999999,0.9898911477509205,0.837870885336117,0.0,3
11018,5099,0.7442731083829244,0.7442731083829244,high,high,0.48888888888888893,1.2222222222222223,45.0,55,False,0.8999999999999999,0.9919913189965245,0.835461926853759,0.0,3
29271,5099,0.6615362808464724,0.6615362808464724,high,medium,0.28444444444444444,0.7111111111111111,45.0,32,False,0.8999999999999999,0.9871960702031546,0.835461926853759,0.0,3
10111,5099,0.670464896975264,0.670464896975264,high,medium,0.3111111111111111,0.7777777777777778,45.0,35,False,0.8999999999999999,0.9785058175137782,0.835461926853759,0.0,3
1000082043,5103,0.711922165160387,0.711922165160387,high,high,0.40888888888888886,1.0222222222222221,45.0,46,False,0.8999999999999999,0.9858082469010878,0.8413664014974263,0.0,3
1000042603,5099,0.6931617929208533,0.6931617929208533,high,medium,0.36444444444444446,0.9111111111111111,45.0,41,False,0.8999999999999999,0.9853236305750589,0.835461926853759,0.0,3
29795,5115,0.6986233032841582,0.6986233032841582,high,medium,0.37333333333333335,0.9333333333333333,45.0,42,False,0.8999999999999999,0.9930466857520369,0.837870885336117,0.0,3
4048,5099,0.722637863401743,0.722637863401743,high,high,0.43555555555555553,1.0888888888888888,45.0,49,False,0.8999999999999999,0.990481760757284,0.835461926853759,0.0,3
1000081881,5107,0.709248053921972,0.709248053921972,high,high,0.4,1.0,45.0,45,False,0.8999999999999999,0.9893270307252146,0.8425509851795274,0.0,3
29477,5099,0.7181682047253206,0.7181682047253206,high,high,0.42666666666666664,1.0666666666666667,45.0,48,False,0.8999999999999999,0.9859112451529513,0.835461926853759,0.0,3
26192,5099,0.6577844418415457,0.6577844418415457,high,medium,0.27555555555555555,0.6888888888888889,45.0,31,False,0.8999999999999999,0.9862146529562982,0.835461926853759,0.0,3
41062,5099,0.6979219043353033,0.6979219043353033,high,medium,0.37333333333333335,0.9333333333333333,45.0,42,False,0.8999999999999999,0.9913464098695304,0.835461926853759,0.0,3
1000076744,5099,0.7225326946507573,0.7225326946507573,high,high,0.43555555555555553,1.0888888888888888,45.0,49,False,0.8999999999999999,0.9899559170023561,0.835461926853759,0.0,3
6716,5108,0.6844269642428947,0.6844269642428947,high,medium,0.3466666666666667,0.8666666666666667,45.0,39,False,0.8999999999999999,0.973469387755102,0.8404428001680508,0.0,3
7000,5115,0.6690172000695264,0.6690172000695264,high,medium,0.3022222222222222,0.7555555555555555,45.0,34,False,0.8999999999999999,0.9872383919010999,0.837870885336117,0.0,3
1000058696,5099,0.7211256017137151,0.7211256017137151,high,high,0.43555555555555553,1.0888888888888888,45.0,49,False,0.8999999999999999,0.9829204523171449,0.835461926853759,0.0,3
1000078373,5099,0.7432831699085902,0.7432831699085902,high,high,0.48888888888888893,1.2222222222222223,45.0,55,False,0.8999999999999999,0.9870416266248545,0.835461926853759,0.0,3
28478,5115,0.6681313434637873,0.6681313434637873,high,medium,0.3022222222222222,0.7555555555555555,45.0,34,False,0.8999999999999999,0.9828091088724045,0.837870885336117,0.0,3
7283,5099,0.6649943172449566,0.6649943172449566,high,medium,0.3022222222222222,0.7555555555555555,45.0,34,False,0.8999999999999999,0.9689306966400192,0.835461926853759,0.0,3
14674,5099,0.7587728014394872,0.7587728014394872,high,high,0.5244444444444445,1.3111111111111111,45.0,59,False,0.8999999999999999,0.9933786731682279,0.835461926853759,0.0,3
1000056820,5099,0.736961023103772,0.736961023103772,high,high,0.47111111111111115,1.1777777777777778,45.0,53,False,0.8999999999999999,0.9909864481563189,0.835461926853759,0.0,3
238,5099,0.685276925711136,0.685276925711136,high,medium,0.3466666666666667,0.8666666666666667,45.0,39,False,0.8999999999999999,0.9814548500820273,0.835461926853759,0.0,3
40890,5103,0.6930625723085487,0.6930625723085487,high,medium,0.36444444444444446,0.9111111111111111,45.0,41,False,0.8999999999999999,0.9803991715307852,0.8413664014974263,0.0,3
41964,5115,0.6820520930029591,0.6820520930029591,high,medium,0.3377777777777778,0.8444444444444444,45.0,38,False,0.8999999999999999,0.981301745457152,0.837870885336117,0.0,3
24279,5103,0.661119693855883,0.661119693855883,high,medium,0.29333333333333333,0.7333333333333333,45.0,33,False,0.8999999999999999,0.9629070014896786,0.8413664014974263,0.0,3
1000065508,5099,0.6550205889616438,0.6550205889616438,high,medium,0.27555555555555555,0.6888888888888889,45.0,31,False,0.8999999999999999,0.972395388556789,0.835461926853759,0.0,3
33931,5115,0.6895473603022643,0.6895473603022643,high,medium,0.3555555555555555,0.8888888888888888,45.0,40,False,0.8999999999999999,0.9832225263981227,0.837870885336117,0.0,3
35674,5099,0.7324567700328015,0.7324567700328015,high,high,0.4622222222222222,1.1555555555555554,45.0,52,False,0.8999999999999999,0.9862429605792438,0.835461926853759,0.0,3
16694,5099,0.7088412183502484,0.7088412183502484,high,high,0.40888888888888886,1.0222222222222221,45.0,46,False,0.8999999999999999,0.9748318688331451,0.835461926853759,0.0,3
39181,5099,0.7182981852919141,0.7182981852919141,high,high,0.42666666666666664,1.0666666666666667,45.0,48,False,0.8999999999999999,0.9865611479859189,0.835461926853759,0.0,3
35572,5099,0.6936094755649658,0.6936094755649658,high,medium,0.36444444444444446,0.9111111111111111,45.0,41,False,0.8999999999999999,0.9875620437956204,0.835461926853759,0.0,3
1000078468,5099,0.7474282472866454,0.7474282472866454,high,high,0.49777777777777776,1.2444444444444445,45.0,56,False,0.8999999999999999,0.9899892357373519,0.835461926853759,0.0,3
15451,5099,0.7320137334725083,0.7320137334725083,high,high,0.4622222222222222,1.1555555555555554,45.0,52,False,0.8999999999999999,0.9840277777777777,0.835461926853759,0.0,3
39969,5115,0.6827502692571508,0.6827502692571508,high,medium,0.3377777777777778,0.8444444444444444,45.0,38,False,0.8999999999999999,0.9847926267281105,0.837870885336117,0.0,3
5879,5099,0.7573293428464822,0.7573293428464822,high,high,0.5244444444444445,1.3111111111111111,45.0,59,False,0.8999999999999999,0.9861613802032028,0.835461926853759,0.0,3
39951,5115,0.6275619201633065,0.6275619201633065,high,medium,0.24888888888888888,0.6222222222222222,45.0,28,False,0.8615384615384615,0.9797288710019063,0.7778398334850284,0.0,3
33847,5103,0.7445557231294783,0.7445557231294783,high,high,0.48888888888888893,1.2222222222222223,45.0,55,False,0.8999999999999999,0.9889760367465441,0.8413664014974263,0.0,3
23950,5099,0.6835690834697676,0.6835690834697676,high,medium,0.3466666666666667,0.8666666666666667,45.0,39,False,0.8999999999999999,0.972915638875185,0.835461926853759,0.0,3
34890,5099,0.6883703882556336,0.6883703882556336,high,medium,0.3555555555555555,0.8888888888888888,45.0,40,False,0.8999999999999999,0.9791443850267378,0.835461926853759,0.0,3
1000074180,5103,0.7136226252469301,0.7136226252469301,high,high,0.4177777777777778,1.0444444444444445,45.0,47,False,0.8999999999999999,0.9765327695560253,0.8413664014974263,0.0,3
18491,5115,0.600094315700913,0.600094315700913,high,medium,0.22222222222222224,0.5555555555555556,45.0,25,False,0.8300682533238607,0.9712128592303946,0.7296386108998664,0.0,3
39974,5115,0.6536361187050315,0.6536361187050315,high,medium,0.27555555555555555,0.6888888888888889,45.0,31,False,0.8999999999999999,0.9636663184119585,0.837870885336117,0.0,3
1000081096,5099,0.6652120373522563,0.6652120373522563,high,medium,0.29333333333333333,0.7333333333333333,45.0,33,False,0.8999999999999999,0.9877970749542961,0.835461926853759,0.0,3
34193,5108,0.6561224887279479,0.6561224887279479,high,medium,0.27555555555555555,0.6888888888888889,45.0,31,False,0.8999999999999999,0.9741692324025905,0.8404428001680508,0.0,3
36544,5099,0.6660387684300215,0.6660387684300215,high,medium,0.3022222222222222,0.7555555555555555,45.0,34,False,0.8999999999999999,0.9741529525653436,0.835461926853759,0.0,3
1000081354,5100,0.7095790010507791,0.7095790010507791,high,high,0.4,1.0,45.0,45,False,0.8999999999999999,0.9931297111578506,0.839687058794726,0.0,3
16752,5119,0.6879132640591941,6.6844989180460646,high,critical,0.3466666666666667,0.8666666666666667,45.0,39,False,0.8999999999999999,0.9925512919853114,0.8382422599697678,6105.240000000005,3
19065,5099,0.696705078647825,0.696705078647825,high,medium,0.37333333333333335,0.9333333333333333,45.0,42,False,0.8999999999999999,0.9852622814321399,0.835461926853759,0.0,3
1000082189,5099,0.7433263824487009,0.7433263824487009,high,high,0.48888888888888893,1.2222222222222223,45.0,55,False,0.8999999999999999,0.987257689325407,0.835461926853759,0.0,3
18491,5099,0.6861219899950208,0.6861219899950208,high,medium,0.3466666666666667,0.8666666666666667,45.0,39,False,0.8999999999999999,0.9856801715014517,0.835461926853759,0.0,3
1000057937,5099,0.7345184250411534,0.7345184250411534,high,high,0.47111111111111115,1.1777777777777778,45.0,53,False,0.8999999999999999,0.9787734578432252,0.835461926853759,0.0,3
23112,5099,0.7118906774958647,0.7118906774958647,high,high,0.40888888888888886,1.0222222222222221,45.0,46,False,0.8999999999999999,0.9900791645612261,0.835461926853759,0.0,3
34989,5103,0.7090294962791586,0.7090294962791586,high,high,0.4,1.0,45.0,45,False,0.8999999999999999,0.9891226802727231,0.8413664014974263,0.0,3
35674,5102,0.6682590099322399,0.6682590099322399,high,medium,0.3022222222222222,0.7555555555555555,45.0,34,False,0.8999999999999999,0.9826575672420714,0.8389240506329113,0.0,3
1000076744,5103,0.7222730563056582,0.7222730563056582,high,high,0.43555555555555553,1.0888888888888888,45.0,49,False,0.8999999999999999,0.9842293692941106,0.8413664014974263,0.0,3
16718,5115,0.7425030872842876,0.7425030872842876,high,high,0.48888888888888893,1.2222222222222223,45.0,55,False,0.8999999999999999,0.9813344946415723,0.837870885336117,0.0,3
1000081853,5099,0.6815320396365825,7.402037774220986,high,critical,0.3377777777777778,0.8444444444444444,45.0,38,False,0.8999999999999999,0.9805081974870381,0.835461926853759,19164.75,3
1000080203,5108,0.7157559270634197,0.7157559270634197,high,high,0.4177777777777778,1.0444444444444445,45.0,47,False,0.8999999999999999,0.987891979635505,0.8404428001680508,0.0,3
1000059737,5099,0.6935410618652977,0.6935410618652977,high,medium,0.36444444444444446,0.9111111111111111,45.0,41,False,0.8999999999999999,0.9872199752972802,0.835461926853759,0.0,3
39974,5099,0.6538161037356534,0.6538161037356534,high,medium,0.27555555555555555,0.6888888888888889,45.0,31,False,0.8999999999999999,0.9663729624268361,0.835461926853759,0.0,3
39300,5099,0.6867680568620458,0.6867680568620458,high,medium,0.3466666666666667,0.8666666666666667,45.0,39,False,0.8999999999999999,0.9889105058365758,0.835461926853759,0.0,3
40582,5115,0.6880410656338009,0.6880410656338009,high,medium,0.3555555555555555,0.8888888888888888,45.0,40,False,0.8999999999999999,0.9756910530558057,0.837870885336117,0.0,3
1000078233,5115,0.6826338491746865,0.6826338491746865,high,medium,0.3377777777777778,0.8444444444444444,45.0,38,False,0.8999999999999999,0.9842105263157894,0.837870885336117,0.0,3
7212,5108,0.6616709099648181,0.6616709099648181,high,medium,0.28444444444444444,0.7111111111111111,45.0,32,False,0.8999999999999999,0.9841335608091639,0.8404428001680508,0.0,3
10006,5103,0.7182330312615236,0.7182330312615236,high,high,0.42666666666666664,1.0666666666666667,45.0,48,False,0.8999999999999999,0.9818070218512153,0.8413664014974263,0.0,3
1000066450,5099,0.7470627389264703,0.7470627389264703,high,high,0.49777777777777776,1.2444444444444445,45.0,56,False,0.8999999999999999,0.9881616939364773,0.835461926853759,0.0,3
1000042603,5115,0.6912105419327895,0.6912105419327895,high,medium,0.36444444444444446,0.9111111111111111,45.0,41,False,0.8999999999999999,0.9737606567729712,0.837870885336117,0.0,3
27238,5099,0.7437820189452915,0.7437820189452915,high,high,0.48888888888888893,1.2222222222222223,45.0,55,False,0.8999999999999999,0.9895358718083599,0.835461926853759,0.0,3
1000081624,5103,0.714528910629133,0.714528910629133,high,high,0.4177777777777778,1.0444444444444445,45.0,47,False,0.8999999999999999,0.98106419646704,0.8413664014974263,0.0,3
26757,5099,0.745773942924145,0.745773942924145,high,high,0.49777777777777776,1.2444444444444445,45.0,56,False,0.8999999999999999,0.98171771392485,0.835461926853759,0.0,3
1000080148,5099,0.6694245922155078,0.6694245922155078,high,medium,0.3111111111111111,0.7777777777777778,45.0,35,False,0.8999999999999999,0.9733042937149968,0.835461926853759,0.0,3
1000076656,5099,0.7340575661356545,0.7340575661356545,high,high,0.47111111111111115,1.1777777777777778,45.0,53,False,0.8999999999999999,0.9764691633157307,0.835461926853759,0.0,3
14674,5112,0.759783507518974,0.759783507518974,high,high,0.5244444444444445,1.3111111111111111,45.0,59,False,0.8999999999999999,0.9936214407293078,0.8418762773022308,0.0,3
27665,5115,0.7096887652290783,0.7096887652290783,high,high,0.40888888888888886,1.0222222222222221,45.0,46,False,0.8999999999999999,0.9772628843655262,0.837870885336117,0.0,3
15652,5099,0.7447765310779206,0.7447765310779206,high,high,0.49777777777777776,1.2444444444444445,45.0,56,False,0.8999999999999999,0.9767306546937279,0.835461926853759,0.0,3
41428,5115,0.6632434072968585,0.6632434072968585,high,medium,0.29333333333333333,0.7333333333333333,45.0,33,False,0.8999999999999999,0.9761472058155383,0.837870885336117,0.0,3
1000075995,5099,0.6828789598099569,0.6828789598099569,high,medium,0.3377777777777778,0.8444444444444444,45.0,38,False,0.8999999999999999,0.9872427983539094,0.835461926853759,0.0,3
1000056618,5099,0.7163266846963152,0.7163266846963152,high,high,0.42666666666666664,1.0666666666666667,45.0,48,False,0.8999999999999999,0.9767036450079238,0.835461926853759,0.0,3
12284,5115,0.7388566085052642,7.901929761524423,high,critical,0.48,1.2,45.0,54,False,0.8999999999999999,0.9808798785242335,0.837870885336117,16232.109999999997,3
3894,5115,0.6974479412572813,0.6974479412572813,high,medium,0.37333333333333335,0.9333333333333333,45.0,42,False,0.8999999999999999,0.987169875617652,0.837870885336117,0.0,3
10230,5099,0.6821197153899272,0.6821197153899272,high,medium,0.3466666666666667,0.8666666666666667,45.0,39,False,0.8999999999999999,0.9656687984759831,0.835461926853759,0.0,3
40613,5099,0.6974120110169038,0.6974120110169038,high,medium,0.37333333333333335,0.9333333333333333,45.0,42,False,0.8999999999999999,0.9887969432775325,0.835461926853759,0.0,3
1000074035,5116,0.710083940906719,0.710083940906719,high,high,0.40888888888888886,1.0222222222222221,45.0,46,False,0.8999999999999999,0.9768298282670584,0.8410827979850122,0.0,3
1000082044,5099,0.7428289930552352,0.7428289930552352,high,high,0.48888888888888893,1.2222222222222223,45.0,55,False,0.8999999999999999,0.9847707423580785,0.835461926853759,0.0,3
34989,5115,0.690311050711959,0.690311050711959,high,medium,0.3555555555555555,0.8888888888888888,45.0,40,False,0.8999999999999999,0.9870409784465961,0.837870885336117,0.0,3
39365,5115,0.6557490322995206,6.388550664584889,high,critical,0.27555555555555555,0.6888888888888889,45.0,31,False,0.8999999999999999,0.9742308863844045,0.837870885336117,6261.729999999996,3
41287,5115,0.6675353118812816,0.6675353118812816,high,medium,0.3022222222222222,0.7555555555555555,45.0,34,False,0.8999999999999999,0.9798289509598762,0.837870885336117,0.0,3
1000081826,5107,0.710936020819867,0.710936020819867,high,high,0.40888888888888886,1.0222222222222221,45.0,46,False,0.8999999999999999,0.9799890874369117,0.8425509851795274,0.0,3
1000081499,5115,0.6715849864733038,0.6715849864733038,high,medium,0.3111111111111111,0.7777777777777778,45.0,35,False,0.8999999999999999,0.9822995461422087,0.837870885336117,0.0,3
1000041359,5099,0.6824162250081709,0.6824162250081709,high,medium,0.3466666666666667,0.8666666666666667,45.0,39,False,0.8999999999999999,0.9671513465672019,0.835461926853759,0.0,3
1000082267,5099,0.656147608283512,0.656147608283512,high,medium,0.27555555555555555,0.6888888888888889,45.0,31,False,0.8999999999999999,0.9780304851661297,0.835461926853759,0.0,3
1000076307,5099,0.694307899969695,0.694307899969695,high,medium,0.37333333333333335,0.9333333333333333,45.0,42,False,0.8999999999999999,0.9732763880414887,0.835461926853759,0.0,3
8173,5099,0.7163379154845093,0.7163379154845093,high,high,0.4177777777777778,1.0444444444444445,45.0,47,False,0.8999999999999999,0.9945375767266724,0.835461926853759,0.0,3
1000081399,5115,0.6681169555928833,0.6681169555928833,high,medium,0.3022222222222222,0.7555555555555555,45.0,34,False,0.8999999999999999,0.9827371695178848,0.837870885336117,0.0,3
1000081126,5103,0.6576976421458672,0.6576976421458672,high,medium,0.28444444444444444,0.7111111111111111,45.0,32,False,0.8999999999999999,0.9635745207173778,0.8413664014974263,0.0,3
30,5115,0.7166851819236106,0.7166851819236106,high,high,0.42666666666666664,1.0666666666666667,45.0,48,False,0.8999999999999999,0.9766894122826326,0.837870885336117,0.0,3
238,5115,0.6844780273031444,0.6844780273031444,high,medium,0.3466666666666667,0.8666666666666667,45.0,39,False,0.8999999999999999,0.975653639180301,0.837870885336117,0.0,3
31803,5099,0.7032894290184093,0.7032894290184093,high,high,0.4,1.0,45.0,45,False,0.8999999999999999,0.9648506999517275,0.835461926853759,0.0,3
22116,5099,0.6597712688472668,0.6597712688472668,high,medium,0.3022222222222222,0.7555555555555555,45.0,34,False,0.8999999999999999,0.9428154546515699,0.835461926853759,0.0,3
1000082189,5106,0.7438952878815185,0.7438952878815185,high,high,0.48888888888888893,1.2222222222222223,45.0,55,False,0.8999999999999999,0.9862299116298145,0.840625,0.0,3
31344,5099,0.7113723786363819,0.7113723786363819,high,high,0.4177777777777778,1.0444444444444445,45.0,47,False,0.8999999999999999,0.9697098924860352,0.835461926853759,0.0,3
11577,5099,0.6856625303585664,0.6856625303585664,high,medium,0.3555555555555555,0.8888888888888888,45.0,40,False,0.8999999999999999,0.9656050955414013,0.835461926853759,0.0,3
33211,5099,0.6674608348185662,0.6674608348185662,high,medium,0.3111111111111111,0.7777777777777778,45.0,35,False,0.8999999999999999,0.9634855067302899,0.835461926853759,0.0,3
29981,5099,0.6634235474715293,0.6634235474715293,high,medium,0.29333333333333333,0.7333333333333333,45.0,33,False,0.8999999999999999,0.9788546255506607,0.835461926853759,0.0,3
1000078233,5099,0.6817761761706091,0.6817761761706091,high,medium,0.3377777777777778,0.8444444444444444,45.0,38,False,0.8999999999999999,0.9817288801571709,0.835461926853759,0.0,3
34962,5099,0.6698587728790915,0.6698587728790915,high,medium,0.3111111111111111,0.7777777777777778,45.0,35,False,0.8999999999999999,0.9754751970329161,0.835461926853759,0.0,3
36329,5100,0.6609299073899625,0.6609299073899625,high,medium,0.29333333333333333,0.7333333333333333,45.0,33,False,0.8999999999999999,0.9632175761871014,0.839687058794726,0.0,3
30444,5102,0.6891300109930845,0.6891300109930845,high,medium,0.3555555555555555,0.8888888888888888,45.0,40,False,0.8999999999999999,0.9803459058796278,0.8389240506329113,0.0,3
38758,5108,0.6856927731060997,0.6856927731060997,high,medium,0.3555555555555555,0.8888888888888888,45.0,40,False,0.8999999999999999,0.9620206542933487,0.8404428001680508,0.0,3
34193,5099,0.6549260320691432,0.6549260320691432,high,medium,0.27555555555555555,0.6888888888888889,45.0,31,False,0.8999999999999999,0.9719226040942861,0.835461926853759,0.0,3
41706,5116,0.7165196729397056,0.7165196729397056,high,high,0.42666666666666664,1.0666666666666667,45.0,48,False,0.8999999999999999,0.9734529328764361,0.8410827979850122,0.0,3
1000065753,5099,0.6790789996298989,0.6790789996298989,high,medium,0.3377777777777778,0.8444444444444444,45.0,38,False,0.8999999999999999,0.9682429974536194,0.835461926853759,0.0,3
34193,5102,0.6559829940076158,0.6559829940076158,high,medium,0.27555555555555555,0.6888888888888889,45.0,31,False,0.8999999999999999,0.9746108209522844,0.8389240506329113,0.0,3
4425,5099,0.740828852467982,0.740828852467982,high,high,0.48888888888888893,1.2222222222222223,45.0,55,False,0.8999999999999999,0.9747700394218133,0.835461926853759,0.0,3
7051,5099,0.7369493976674844,0.7369493976674844,high,high,0.48,1.2,45.0,54,False,0.8999999999999999,0.9731505431971029,0.835461926853759,0.0,3
10501,5099,0.6493150459806338,0.6493150459806338,high,medium,0.27555555555555555,0.6888888888888889,45.0,31,False,0.8999999999999999,0.9438676736517391,0.835461926853759,0.0,3
31344,5115,0.7111731993876097,0.7111731993876097,high,high,0.4177777777777778,1.0444444444444445,45.0,47,False,0.8999999999999999,0.9669072773804055,0.837870885336117,0.0,3
1000082288,5108,0.7580543840439584,0.7580543840439584,high,high,0.5244444444444445,1.3111111111111111,45.0,59,False,0.8999999999999999,0.986050931204865,0.8404428001680508,0.0,3
35425,5099,0.7311998995571027,8.253565664621718,high,critical,0.49777777777777776,1.2444444444444445,45.0,56,False,0.8999999999999999,0.9088474970896391,0.835461926853759,29368.170000000002,3
1000069355,5099,0.7208876518785079,0.7208876518785079,high,high,0.43555555555555553,1.0888888888888888,45.0,49,False,0.8999999999999999,0.9817307031411093,0.835461926853759,0.0,3
1000060785,5099,0.666350784929808,0.666350784929808,high,medium,0.3022222222222222,0.7555555555555555,45.0,34,False,0.8999999999999999,0.9757130350642768,0.835461926853759,0.0,3
26192,5381,0.6725497589723448,0.6725497589723448,high,medium,0.3111111111111111,0.7777777777777778,45.0,35,False,0.8999999999999999,0.989165186500888,0.8351485148514851,0.0,3
40015,5115,0.715665283828509,0.715665283828509,high,high,0.42666666666666664,1.0666666666666667,45.0,48,False,0.8999999999999999,0.9715899218071242,0.837870885336117,0.0,3
11130,5099,0.7166443893549017,0.7166443893549017,high,high,0.42666666666666664,1.0666666666666667,45.0,48,False,0.8999999999999999,0.9782921683008563,0.835461926853759,0.0,3
13225,5099,0.716530979391413,0.716530979391413,high,high,0.42666666666666664,1.0666666666666667,45.0,48,False,0.8999999999999999,0.9777251184834123,0.835461926853759,0.0,3
1000063543,5115,0.6789731180567582,0.6789731180567582,high,medium,0.3377777777777778,0.8444444444444444,45.0,38,False,0.8999999999999999,0.9659068707261478,0.837870885336117,0.0,3
5686,5115,0.6527033286304619,0.6527033286304619,high,medium,0.27555555555555555,0.6888888888888889,45.0,31,False,0.8999999999999999,0.9590023680391109,0.837870885336117,0.0,3
5337,5099,0.746934275146925,0.746934275146925,high,high,0.49777777777777776,1.2444444444444445,45.0,56,False,0.8999999999999999,0.9875193750387501,0.835461926853759,0.0,3
11577,5115,0.683865198118874,0.683865198118874,high,medium,0.3555555555555555,0.8888888888888888,45.0,40,False,0.8999999999999999,0.9548117154811715,0.837870885336117,0.0,3
553,5103,0.738064224066247,0.738064224066247,high,high,0.48,1.2,45.0,54,False,0.8999999999999999,0.9742963192081657,0.8413664014974263,0.0,3
32073,5115,0.7390439559112683,0.7390439559112683,high,high,0.48,1.2,45.0,54,False,0.8999999999999999,0.9818166155542538,0.837870885336117,0.0,3
27445,5100,0.6843477589586789,0.6843477589586789,high,medium,0.3466666666666667,0.8666666666666667,45.0,39,False,0.8999999999999999,0.9736401673640167,0.839687058794726,0.0,3
29045,5099,0.6924008751994115,0.6924008751994115,high,medium,0.36444444444444446,0.9111111111111111,45.0,41,False,0.8999999999999999,0.9815190419678498,0.835461926853759,0.0,3
30883,5099,0.7121492642782767,0.7121492642782767,high,high,0.4177777777777778,1.0444444444444445,45.0,47,False,0.8999999999999999,0.9735943206955089,0.835461926853759,0.0,3
12798,5099,0.7577833624849555,0.7577833624849555,high,high,0.5244444444444445,1.3111111111111111,45.0,59,False,0.8999999999999999,0.9884314783955688,0.835461926853759,0.0,3
1000082189,5115,0.7417927453636343,0.7417927453636343,high,high,0.48888888888888893,1.2222222222222223,45.0,55,False,0.8999999999999999,0.9777827850383055,0.837870885336117,0.0,3
27134,5103,0.6535453077655071,0.6535453077655071,high,medium,0.28444444444444444,0.7111111111111111,45.0,32,False,0.8999999999999999,0.9428128488155773,0.8413664014974263,0.0,3
42046,5108,0.7332595133658689,0.7332595133658689,high,high,0.4622222222222222,1.1555555555555554,45.0,52,False,0.8999999999999999,0.9865210222588623,0.8404428001680508,0.0,3
1000082084,5115,0.6709621237120803,0.6709621237120803,high,medium,0.3111111111111111,0.7777777777777778,45.0,35,False,0.8999999999999999,0.9791852323360917,0.837870885336117,0.0,3
1000082069,5103,0.6843595495965945,0.6843595495965945,high,medium,0.3377777777777778,0.8444444444444444,45.0,38,False,0.8999999999999999,0.9902173913043477,0.8413664014974263,0.0,3
26136,5099,0.7565132110616704,8.445983161617455,high,critical,0.5244444444444445,1.3111111111111111,45.0,59,False,0.8999999999999999,0.9820807212791434,0.835461926853759,25960.15,3
1000080105,5103,0.6465501882616564,0.6465501882616564,high,medium,0.27555555555555555,0.6888888888888889,45.0,31,False,0.8999999999999999,0.9256150290741016,0.8413664014974263,0.0,3
26192,5107,0.6737144161650355,0.6737144161650355,high,medium,0.3111111111111111,0.7777777777777778,45.0,35,False,0.8999999999999999,0.9894366197183098,0.8425509851795274,0.0,3
1000076950,5108,0.7432703230926204,0.7432703230926204,high,high,0.48888888888888893,1.2222222222222223,45.0,55,False,0.8999999999999999,0.9832417375592862,0.8404428001680508,0.0,3
38758,5119,0.6875459917435531,0.6875459917435531,high,medium,0.3555555555555555,0.8888888888888888,45.0,40,False,0.8999999999999999,0.9729371526293287,0.8382422599697678,0.0,3
24661,5115,0.734893466404936,0.734893466404936,high,high,0.47111111111111115,1.1777777777777778,45.0,53,False,0.8999999999999999,0.9788419458003703,0.837870885336117,0.0,3
36633,5108,0.6931328842967049,0.6931328842967049,high,medium,0.36444444444444446,0.9111111111111111,45.0,41,False,0.8999999999999999,0.9814434324685974,0.8404428001680508,0.0,3
1000076633,5115,0.652735521739617,6.005319111855314,high,critical,0.28444444444444444,0.7111111111111111,45.0,32,False,0.8999999999999999,0.9413855558071088,0.837870885336117,3640.7999999999993,3
25965,5112,0.695020434676382,0.695020434676382,high,medium,0.37333333333333335,0.9333333333333333,45.0,42,False,0.8999999999999999,0.9720282987385703,0.8418762773022308,0.0,3
27665,5099,0.709583876050722,0.709583876050722,high,high,0.40888888888888886,1.0222222222222221,45.0,46,False,0.8999999999999999,0.9785451573355128,0.835461926853759,0.0,3
1000080906,5099,0.704216112111713,0.704216112111713,high,high,0.4,1.0,45.0,45,False,0.8999999999999999,0.9694841154182454,0.835461926853759,0.0,3
1000075869,5106,0.7226120739639972,0.7226120739639972,high,high,0.43555555555555553,1.0888888888888888,45.0,49,False,0.8999999999999999,0.9864805087088747,0.840625,0.0,3
10958,5099,0.6822266287013143,0.6822266287013143,high,medium,0.3466666666666667,0.8666666666666667,45.0,39,False,0.8999999999999999,0.9662033650329187,0.835461926853759,0.0,3
39365,5099,0.6453393549160542,6.287135720619126,high,critical,0.27555555555555555,0.6888888888888889,45.0,31,False,0.8999999999999999,0.923989218328841,0.835461926853759,6261.729999999996,3
1000056618,5103,0.7124182506854927,0.7124182506854927,high,high,0.42666666666666664,1.0666666666666667,45.0,48,False,0.8999999999999999,0.952733118971061,0.8413664014974263,0.0,3
1000081399,5099,0.6681587273675023,0.6681587273675023,high,medium,0.3022222222222222,0.7555555555555555,45.0,34,False,0.8999999999999999,0.9847527472527472,0.835461926853759,0.0,3
1000065508,5115,0.6493143315796727,0.6493143315796727,high,medium,0.27555555555555555,0.6888888888888889,45.0,31,False,0.8999999999999999,0.9420573827851644,0.837870885336117,0.0,3
1000082364,5115,0.7403208001644342,0.7403208001644342,high,high,0.48,1.2,45.0,54,False,0.8999999999999999,0.9882008368200836,0.837870885336117,0.0,3
29318,5099,0.7125995020090021,3.9515123487518746,high,critical,0.4177777777777778,1.0444444444444445,45.0,47,False,0.8999999999999999,0.9758455093491365,0.835461926853759,93.18000000000029,3
28342,5115,0.6940099365837172,0.6940099365837172,high,medium,0.37333333333333335,0.9333333333333333,45.0,42,False,0.8999999999999999,0.9699798522498321,0.837870885336117,0.0,3
19377,5099,0.653652712953416,0.653652712953416,high,medium,0.28444444444444444,0.7111111111111111,45.0,32,False,0.8999999999999999,0.9477782307378719,0.835461926853759,0.0,3
1000079630,5099,0.6507025713929975,0.6507025713929975,high,medium,0.28444444444444444,0.7111111111111111,45.0,32,False,0.8999999999999999,0.9330275229357797,0.835461926853759,0.0,3
28478,5105,0.6685762467480145,0.6685762467480145,high,medium,0.3022222222222222,0.7555555555555555,45.0,34,False,0.8999999999999999,0.9862986314008919,0.8361842105263158,0.0,3
1000077457,5099,0.7453133610996583,0.7453133610996583,high,high,0.49777777777777776,1.2444444444444445,45.0,56,False,0.8999999999999999,0.979414804802417,0.835461926853759,0.0,3
30282,5115,0.6634436613156585,0.6634436613156585,high,medium,0.3111111111111111,0.7777777777777778,45.0,35,False,0.8999999999999999,0.9415929203539822,0.837870885336117,0.0,3
10244,5115,0.7416180229696198,0.7416180229696198,high,high,0.48888888888888893,1.2222222222222223,45.0,55,False,0.8999999999999999,0.9769091730682331,0.837870885336117,0.0,3
42210,5107,0.6915290122286705,0.6915290122286705,high,medium,0.36444444444444446,0.9111111111111111,45.0,41,False,0.8999999999999999,0.971842933369818,0.8425509851795274,0.0,3
11506,5115,0.7569627618702967,0.7569627618702967,high,high,0.5244444444444445,1.3111111111111111,45.0,59,False,0.8999999999999999,0.9825217564605062,0.837870885336117,0.0,3
5686,5099,0.6533620583708799,0.6533620583708799,high,medium,0.27555555555555555,0.6888888888888889,45.0,31,False,0.8999999999999999,0.9641027356029697,0.835461926853759,0.0,3
1000081574,5103,0.678126838056769,0.678126838056769,high,medium,0.3377777777777778,0.8444444444444444,45.0,38,False,0.8999999999999999,0.9590538336052201,0.8413664014974263,0.0,3
10244,5099,0.7417445975634087,0.7417445975634087,high,high,0.48888888888888893,1.2222222222222223,45.0,55,False,0.8999999999999999,0.9793487648989463,0.835461926853759,0.0,3
1000082092,5118,0.6833546351838122,7.045460624684339,high,critical,0.3377777777777778,0.8444444444444444,45.0,38,False,0.8999999999999999,0.984123025768911,0.8427927927927927,11048.149999999998,3
1000080732,5103,0.7294703212242831,0.7294703212242831,high,high,0.4622222222222222,1.1555555555555554,45.0,52,False,0.8999999999999999,0.9668823605539019,0.8413664014974263,0.0,3
1000078373,5115,0.7410452249277489,0.7410452249277489,high,high,0.48888888888888893,1.2222222222222223,45.0,55,False,0.8999999999999999,0.9740451828588794,0.837870885336117,0.0,3
1000038392,5099,0.6623395345933589,0.6623395345933589,high,medium,0.3111111111111111,0.7777777777777778,45.0,35,False,0.8999999999999999,0.9378790056042534,0.835461926853759,0.0,3
39721,5099,0.7401632454907492,0.7401632454907492,high,high,0.48888888888888893,1.2222222222222223,45.0,55,False,0.8999999999999999,0.9714420045356491,0.835461926853759,0.0,3
1000066398,5099,0.7070512518739549,5.699667397193695,high,critical,0.40888888888888886,1.0222222222222221,45.0,46,False,0.8999999999999999,0.9658820364516779,0.835461926853759,1164.8199999999997,3
8302,5099,0.6892535654795817,0.6892535654795817,high,medium,0.36444444444444446,0.9111111111111111,45.0,41,False,0.8999999999999999,0.9657824933687003,0.835461926853759,0.0,3
1000067605,5099,0.7575872567289306,0.7575872567289306,high,high,0.5244444444444445,1.3111111111111111,45.0,59,False,0.8999999999999999,0.9874509496154449,0.835461926853759,0.0,3
1000078247,5099,0.6910387609752586,0.6910387609752586,high,medium,0.37333333333333335,0.9333333333333333,45.0,42,False,0.8999999999999999,0.9569306930693069,0.835461926853759,0.0,3
42574,5099,0.7477279660328808,0.7477279660328808,high,high,0.49777777777777776,1.2444444444444445,45.0,56,False,0.8999999999999999,0.9914878294685294,0.835461926853759,0.0,3
1000076579,5116,0.6950937880060588,0.6950937880060588,high,medium,0.37333333333333335,0.9333333333333333,45.0,42,False,0.8999999999999999,0.9729901748748686,0.8410827979850122,0.0,3
6716,5115,0.6857026938460506,0.6857026938460506,high,medium,0.3466666666666667,0.8666666666666667,45.0,39,False,0.8999999999999999,0.9817769718948322,0.837870885336117,0.0,3
551,5099,0.675634481771828,0.675634481771828,high,medium,0.3377777777777778,0.8444444444444444,45.0,38,False,0.8999999999999999,0.9510204081632653,0.835461926853759,0.0,3
12515,5103,0.6523166320309871,0.6523166320309871,high,medium,0.28444444444444444,0.7111111111111111,45.0,32,False,0.8999999999999999,0.9366694701429772,0.8413664014974263,0.0,3
1000076472,5108,0.6862717242228077,0.6862717242228077,high,medium,0.37333333333333335,0.9333333333333333,45.0,42,False,0.8999999999999999,0.9293598543213335,0.8404428001680508,0.0,3
42955,5116,0.7098488060957955,0.7098488060957955,high,high,0.4,1.0,45.0,45,False,0.8999999999999999,0.9934319319902177,0.8410827979850122,0.0,3
1000057456,5102,0.6801097322953122,0.6801097322953122,high,medium,0.3377777777777778,0.8444444444444444,45.0,38,False,0.8999999999999999,0.9708000679463223,0.8389240506329113,0.0,3
42483,5108,0.687382351470321,0.687382351470321,high,medium,0.3466666666666667,0.8666666666666667,45.0,39,False,0.8999999999999999,0.9882463238922332,0.8404428001680508,0.0,3
1000081826,5099,0.7093022524082371,0.7093022524082371,high,high,0.40888888888888886,1.0222222222222221,45.0,46,False,0.8999999999999999,0.9771370391230882,0.835461926853759,0.0,3
35573,5102,0.7087059441897624,0.7087059441897624,high,high,0.40888888888888886,1.0222222222222221,45.0,46,False,0.8999999999999999,0.9715589051963507,0.8389240506329113,0.0,3
39083,5099,0.7475909932926692,0.7475909932926692,high,high,0.49777777777777776,1.2444444444444445,45.0,56,False,0.8999999999999999,0.9908029657674712,0.835461926853759,0.0,3
32289,5099,0.6362726967524255,6.738426839435263,high,critical,0.27555555555555555,0.6888888888888889,45.0,31,False,0.8999999999999999,0.8786559275106971,0.835461926853759,14623.740000000002,3
37581,5119,0.6903086683609108,6.912264862668091,high,critical,0.37333333333333335,0.9333333333333333,45.0,42,False,0.8999999999999999,0.951194980160561,0.8382422599697678,8210.54,3
12697,5099,0.7067034005598227,0.7067034005598227,high,high,0.40888888888888886,1.0222222222222221,45.0,46,False,0.8999999999999999,0.9641427798810167,0.835461926853759,0.0,3
28005,5099,0.6704903163966938,0.6704903163966938,high,medium,0.3111111111111111,0.7777777777777778,45.0,35,False,0.8999999999999999,0.978632914620927,0.835461926853759,0.0,3
32695,5099,0.6544801088288985,0.6544801088288985,high,medium,0.28444444444444444,0.7111111111111111,45.0,32,False,0.8999999999999999,0.9519152101152845,0.835461926853759,0.0,3
42650,5115,0.6723799792056463,0.6723799792056463,high,medium,0.3111111111111111,0.7777777777777778,45.0,35,False,0.8999999999999999,0.9862745098039215,0.837870885336117,0.0,3
10652,5115,0.6755081434183104,0.6755081434183104,high,medium,0.3377777777777778,0.8444444444444444,45.0,38,False,0.8999999999999999,0.9485819975339087,0.837870885336117,0.0,3
1000082312,5116,0.6692910746685121,0.6692910746685121,high,medium,0.3111111111111111,0.7777777777777778,45.0,35,False,0.8999999999999999,0.9684210526315788,0.8410827979850122,0.0,3
2114,5099,0.6902078865145631,0.6902078865145631,high,medium,0.36444444444444446,0.9111111111111111,45.0,41,False,0.8999999999999999,0.970554098543608,0.835461926853759,0.0,3
11018,5112,0.69032729645868,0.69032729645868,high,medium,0.3555555555555555,0.8888888888888888,45.0,40,False,0.8999999999999999,0.9841181632056156,0.8418762773022308,0.0,3
42410,5108,0.7401079551235802,0.7401079551235802,high,high,0.48,1.2,45.0,54,False,0.8999999999999999,0.9852076754918629,0.8404428001680508,0.0,3
3607,5103,0.6625944642360541,0.6625944642360541,high,medium,0.3022222222222222,0.7555555555555555,45.0,34,False,0.8999999999999999,0.9525030756127566,0.8413664014974263,0.0,3
19065,5115,0.6958510126009692,0.6958510126009692,high,medium,0.37333333333333335,0.9333333333333333,45.0,42,False,0.8999999999999999,0.9791852323360917,0.837870885336117,0.0,3
26107,5099,0.7521942535066088,0.7521942535066088,high,high,0.5244444444444445,1.3111111111111111,45.0,59,False,0.8999999999999999,0.9604859335038363,0.835461926853759,0.0,3
29870,5099,0.6946874251456199,0.6946874251456199,high,medium,0.37333333333333335,0.9333333333333333,45.0,42,False,0.8999999999999999,0.9751740139211136,0.835461926853759,0.0,3
33211,5112,0.6682198587159108,0.6682198587159108,high,medium,0.3111111111111111,0.7777777777777778,45.0,35,False,0.8999999999999999,0.962469863380659,0.8418762773022308,0.0,3
27445,5102,0.6830812259320307,0.6830812259320307,high,medium,0.3466666666666667,0.8666666666666667,45.0,39,False,0.8999999999999999,0.9678797583521361,0.8389240506329113,0.0,3
551,5115,0.6730451339673649,0.6730451339673649,high,medium,0.3377777777777778,0.8444444444444444,45.0,38,False,0.8999999999999999,0.936266950279181,0.837870885336117,0.0,3
1000062151,5108,0.7375191815060896,6.664257326543361,high,critical,0.48,1.2,45.0,54,False,0.8999999999999999,0.9722638074044102,0.8404428001680508,3089.369999999999,3
1000100207,5118,0.7393450889914304,0.7393450889914304,high,high,0.48,1.2,45.0,54,False,0.8999999999999999,0.9796308503625577,0.8427927927927927,0.0,3
1000076579,5115,0.6957760479181374,0.6957760479181374,high,medium,0.37333333333333335,0.9333333333333333,45.0,42,False,0.8999999999999999,0.978810408921933,0.837870885336117,0.0,3
25965,5099,0.6935446284825078,0.6935446284825078,high,medium,0.37333333333333335,0.9333333333333333,45.0,42,False,0.8999999999999999,0.9694600306055527,0.835461926853759,0.0,3
21161,5099,0.6870993106353105,0.6870993106353105,high,medium,0.36444444444444446,0.9111111111111111,45.0,41,False,0.8999999999999999,0.9550112191473448,0.835461926853759,0.0,3
1000037323,5103,0.6651581016480025,0.6651581016480025,high,medium,0.3111111111111111,0.7777777777777778,45.0,35,False,0.8999999999999999,0.9475434848947207,0.8413664014974263,0.0,3
36827,5099,0.7401594128032056,0.7401594128032056,high,high,0.48,1.2,45.0,54,False,0.8999999999999999,0.9892006188757091,0.835461926853759,0.0,3
27694,5116,0.6587855782809275,0.6587855782809275,high,medium,0.28444444444444444,0.7111111111111111,45.0,32,False,0.8999999999999999,0.9692269040269901,0.8410827979850122,0.0,3
1000056374,5115,0.6566755575124925,0.6566755575124925,high,medium,0.27555555555555555,0.6888888888888889,45.0,31,False,0.8999999999999999,0.978863512449264,0.837870885336117,0.0,3
1000082409,5103,0.7418618268647941,0.7418618268647941,high,high,0.48888888888888893,1.2222222222222223,45.0,55,False,0.8999999999999999,0.9755065554231227,0.8413664014974263,0.0,3
16831,5099,0.654075458965163,6.327185042507984,high,critical,0.27555555555555555,0.6888888888888889,45.0,31,False,0.8999999999999999,0.967669738574384,0.835461926853759,5844.799999999999,3
1000073996,5100,0.7167974428262113,0.7167974428262113,high,high,0.42666666666666664,1.0666666666666667,45.0,48,False,0.8999999999999999,0.9758885867016787,0.839687058794726,0.0,3
30,5099,0.7156469085558346,0.7156469085558346,high,high,0.42666666666666664,1.0666666666666667,45.0,48,False,0.8999999999999999,0.9733047643055205,0.835461926853759,0.0,3
33676,5115,0.6541298195220414,0.6541298195220414,high,medium,0.27555555555555555,0.6888888888888889,45.0,31,False,0.8999999999999999,0.9661348224970083,0.837870885336117,0.0,3
1000080073,5099,0.739613816290343,0.739613816290343,high,high,0.48888888888888893,1.2222222222222223,45.0,55,False,0.8999999999999999,0.9686948585336173,0.835461926853759,0.0,3
4549,5108,0.6643776691625437,0.6643776691625437,high,medium,0.3022222222222222,0.7555555555555555,45.0,34,False,0.8999999999999999,0.9621118012422359,0.8404428001680508,0.0,3
1000080906,5103,0.7022981120748905,0.7022981120748905,high,high,0.4,1.0,45.0,45,False,0.8999999999999999,0.9554657592513823,0.8413664014974263,0.0,3
1000080728,5099,0.7064081779169527,7.5160329694172185,high,critical,0.40888888888888886,1.0222222222222221,45.0,46,False,0.8999999999999999,0.9626666666666666,0.835461926853759,15363.079999999998,3
1000082336,5115,0.6557301615973858,0.6557301615973858,high,medium,0.28444444444444444,0.7111111111111111,45.0,32,False,0.8999999999999999,0.956358755095953,0.837870885336117,0.0,3
1000037112,5107,0.6884988718076512,0.6884988718076512,high,medium,0.3555555555555555,0.8888888888888888,45.0,40,False,0.8999999999999999,0.9744700090424997,0.8425509851795274,0.0,3
28342,5099,0.7168553192130085,0.7168553192130085,high,high,0.42666666666666664,1.0666666666666667,45.0,48,False,0.8999999999999999,0.9793468175913898,0.835461926853759,0.0,3
12229,5115,0.742683586588735,0.742683586588735,high,high,0.48888888888888893,1.2222222222222223,45.0,55,False,0.8999999999999999,0.9822369911638094,0.837870885336117,0.0,3
11018,5115,0.7425250692998415,0.7425250692998415,high,high,0.48888888888888893,1.2222222222222223,45.0,55,False,0.8999999999999999,0.981444404719342,0.837870885336117,0.0,3
1000100424,5115,0.6648476760898854,0.6648476760898854,high,medium,0.29333333333333333,0.7333333333333333,45.0,33,False,0.8999999999999999,0.9841685497806726,0.837870885336117,0.0,3
1000082616,5108,0.6877863041776197,0.6877863041776197,high,medium,0.3466666666666667,0.8666666666666667,45.0,39,False,0.8999999999999999,0.9902660874287266,0.8404428001680508,0.0,3
1000100303,5108,0.7348203675210906,0.7348203675210906,high,high,0.47111111111111115,1.1777777777777778,45.0,53,False,0.8999999999999999,0.9765475152571926,0.8404428001680508,0.0,3
34627,5105,0.7386958968468379,0.7386958968468379,high,high,0.48,1.2,45.0,54,False,0.8999999999999999,0.9813413263394529,0.8361842105263158,0.0,3
1000065055,5099,0.7347116007710865,0.7347116007710865,high,high,0.47111111111111115,1.1777777777777778,45.0,53,False,0.8999999999999999,0.9797393364928909,0.835461926853759,0.0,3
1000081911,5099,0.7030295694018955,0.7030295694018955,high,high,0.4,1.0,45.0,45,False,0.8999999999999999,0.9635514018691589,0.835461926853759,0.0,3
6360,5115,0.6514813674193339,0.6514813674193339,high,medium,0.27555555555555555,0.6888888888888889,45.0,31,False,0.8999999999999999,0.9528925619834709,0.837870885336117,0.0,3
1000081623,5099,0.665691671277751,6.396473939695958,high,critical,0.3111111111111111,0.7777777777777778,45.0,35,False,0.8999999999999999,0.9546396890262134,0.835461926853759,5478.4699999999975,3
31111,5115,0.684764421507157,0.684764421507157,high,medium,0.36444444444444446,0.9111111111111111,45.0,41,False,0.8999999999999999,0.9415300546448087,0.837870885336117,0.0,3
1000079581,5099,0.7405660295428014,0.7405660295428014,high,high,0.48888888888888893,1.2222222222222223,45.0,55,False,0.8999999999999999,0.9734559247959098,0.835461926853759,0.0,3
1000081382,5108,0.6359457923876287,0.6359457923876287,high,medium,0.27555555555555555,0.6888888888888889,45.0,31,False,0.8999999999999999,0.8732857507009941,0.8404428001680508,0.0,3
28478,5108,0.7395124311122165,0.7395124311122165,high,high,0.48888888888888893,1.2222222222222223,45.0,55,False,0.8999999999999999,0.9644522776572668,0.8404428001680508,0.0,3
6360,5099,0.6517557403600862,0.6517557403600862,high,medium,0.27555555555555555,0.6888888888888889,45.0,31,False,0.8999999999999999,0.9560711455490005,0.835461926853759,0.0,3
1000078305,5382,0.7374018695400505,0.7374018695400505,high,high,0.48,1.2,45.0,54,False,0.8999999999999999,0.982471532574202,0.8260504201680672,0.0,3
37581,5103,0.682290924228984,6.831980819339222,high,critical,0.37333333333333335,0.9333333333333333,45.0,42,False,0.8999999999999999,0.9087631533551837,0.8413664014974263,8210.54,3
33172,5105,0.6611115604586297,0.6611115604586297,high,medium,0.29333333333333333,0.7333333333333333,45.0,33,False,0.8999999999999999,0.9667529777317452,0.8361842105263158,0.0,3
1000058504,5099,0.6813258133459761,0.6813258133459761,high,medium,0.3466666666666667,0.8666666666666667,45.0,39,False,0.8999999999999999,0.9616992882562276,0.835461926853759,0.0,3
7549,5107,0.683367657705055,0.683367657705055,high,medium,0.3377777777777778,0.8444444444444444,45.0,38,False,0.8999999999999999,0.9843694940850742,0.8425509851795274,0.0,3
1000081223,5099,0.6378480026680826,4.121589399966762,high,critical,0.28444444444444444,0.7111111111111111,45.0,32,False,0.8999999999999999,0.8687546793112053,0.835461926853759,234.5,3
7212,5115,0.6569072854590866,0.6569072854590866,high,medium,0.28444444444444444,0.7111111111111111,45.0,32,False,0.8999999999999999,0.9622443744044564,0.837870885336117,0.0,3
3894,5099,0.6955453143132935,0.6955453143132935,high,medium,0.37333333333333335,0.9333333333333333,45.0,42,False,0.8999999999999999,0.9794634597594819,0.835461926853759,0.0,3
1000100284,5115,0.6683055340940098,0.6683055340940098,high,medium,0.3022222222222222,0.7555555555555555,45.0,34,False,0.8999999999999999,0.9836800620235172,0.837870885336117,0.0,3
40264,5115,0.7230081181805345,0.7230081181805345,high,high,0.43555555555555553,1.0888888888888888,45.0,49,False,0.8999999999999999,0.9905263157894737,0.837870885336117,0.0,3
1000076472,5115,0.6893220078115494,0.6893220078115494,high,medium,0.37333333333333335,0.9333333333333333,45.0,42,False,0.8999999999999999,0.9465402083889927,0.837870885336117,0.0,3
29524,5108,0.6794328004571618,7.144185131737252,high,critical,0.3377777777777778,0.8444444444444444,45.0,38,False,0.8999999999999999,0.9662763466042155,0.8404428001680508,13559.62,3
1000051168,5099,0.757718212180291,0.757718212180291,high,high,0.5244444444444445,1.3111111111111111,45.0,59,False,0.8999999999999999,0.9881057268722466,0.835461926853759,0.0,3
1000036869,5099,0.7134955424011642,0.7134955424011642,high,high,0.42666666666666664,1.0666666666666667,45.0,48,False,0.8999999999999999,0.9625479335321687,0.835461926853759,0.0,3
1000080904,5115,0.6836868755310781,0.6836868755310781,high,medium,0.3555555555555555,0.8888888888888888,45.0,40,False,0.8999999999999999,0.9539201025421917,0.837870885336117,0.0,3
10958,5102,0.6821132742616034,0.6821132742616034,high,medium,0.3466666666666667,0.8666666666666667,45.0,39,False,0.8999999999999999,0.9630399999999999,0.8389240506329113,0.0,3
1000100158,5112,0.7122075828834104,0.7122075828834104,high,high,0.40888888888888886,1.0222222222222221,45.0,46,False,0.8999999999999999,0.986852928662601,0.8418762773022308,0.0,3
25651,5108,0.6838656972006316,0.6838656972006316,high,medium,0.3466666666666667,0.8666666666666667,45.0,39,False,0.8999999999999999,0.9706630525437865,0.8404428001680508,0.0,3
1000100020,5108,0.7318613984225337,0.7318613984225337,high,high,0.4622222222222222,1.1555555555555554,45.0,52,False,0.8999999999999999,0.9795304475421863,0.8404428001680508,0.0,3
1000100939,5100,0.6534157181999011,0.6534157181999011,high,medium,0.27555555555555555,0.6888888888888889,45.0,31,False,0.8999999999999999,0.9612021857923496,0.839687058794726,0.0,3
1000058504,5115,0.6810704312550563,0.6810704312550563,high,medium,0.3466666666666667,0.8666666666666667,45.0,39,False,0.8999999999999999,0.9586156589398606,0.837870885336117,0.0,3
1000065753,5108,0.6751705609450093,0.6751705609450093,high,medium,0.3377777777777778,0.8444444444444444,45.0,38,False,0.8999999999999999,0.9449651490434524,0.8404428001680508,0.0,3
34418,5103,0.7086446203906691,8.131975474922468,high,critical,0.4,1.0,45.0,45,False,0.8999999999999999,0.987198300830276,0.8413664014974263,35431.78999999999,3
1000100577,5099,0.6925068322438501,0.6925068322438501,high,medium,0.36444444444444446,0.9111111111111111,45.0,41,False,0.8999999999999999,0.982048827190043,0.835461926853759,0.0,3
42210,5099,0.6909027205160889,0.6909027205160889,high,medium,0.36444444444444446,0.9111111111111111,45.0,41,False,0.8999999999999999,0.9740282685512367,0.835461926853759,0.0,3
1000101002,5382,0.6661194151853507,0.6661194151853507,high,medium,0.3022222222222222,0.7555555555555555,45.0,34,False,0.8999999999999999,0.9816148163562584,0.8260504201680672,0.0,3
39969,5107,0.6801595942995114,0.6801595942995114,high,medium,0.3377777777777778,0.8444444444444444,45.0,38,False,0.8999999999999999,0.9683291770573565,0.8425509851795274,0.0,3
42574,5108,0.7481531233832678,0.7481531233832678,high,high,0.49777777777777776,1.2444444444444445,45.0,56,False,0.8999999999999999,0.989877961234745,0.8404428001680508,0.0,3
1000065685,5112,0.6906651734092619,0.6906651734092619,high,medium,0.36444444444444446,0.9111111111111111,45.0,41,False,0.8999999999999999,0.9680297701807474,0.8418762773022308,0.0,3
42792,5100,0.6574766509044448,0.6574766509044448,high,medium,0.27555555555555555,0.6888888888888889,45.0,31,False,0.8999999999999999,0.9815068493150685,0.839687058794726,0.0,3
1000082156,5115,0.6795032489515008,0.6795032489515008,high,medium,0.36444444444444446,0.9111111111111111,45.0,41,False,0.8999999999999999,0.9152241918665276,0.837870885336117,0.0,3
27643,5099,0.7050583552219172,0.7050583552219172,high,high,0.40888888888888886,1.0222222222222221,45.0,46,False,0.8999999999999999,0.9559175531914893,0.835461926853759,0.0,3
35398,5115,0.7109230836559628,5.533337501440892,high,critical,0.4177777777777778,1.0444444444444445,45.0,47,False,0.8999999999999999,0.9656566987221709,0.837870885336117,881.9899999999998,3
29318,5115,0.7109934809821957,3.942606628355089,high,critical,0.4177777777777778,1.0444444444444445,45.0,47,False,0.8999999999999999,0.9660086853533358,0.837870885336117,93.18000000000029,3
1000082570,5099,0.7414484114060769,5.68821013160713,high,critical,0.48888888888888893,1.2222222222222223,45.0,55,False,0.8999999999999999,0.9778678341122877,0.835461926853759,788.7800000000007,3
1000069597,5099,0.6063030855793238,0.6063030855793238,high,medium,0.1688888888888889,0.4222222222222222,45.0,19,False,0.8999999999999999,0.9421412049785218,0.835461926853759,0.0,3
21161,5115,0.6847731264596911,0.6847731264596911,high,medium,0.36444444444444446,0.9111111111111111,45.0,41,False,0.8999999999999999,0.9415735794074793,0.837870885336117,0.0,3
1000059960,5099,0.6523784329177162,6.7552205029746855,high,critical,0.27555555555555555,0.6888888888888889,45.0,31,False,0.8999999999999999,0.9591846083371507,0.835461926853759,11552.660000000002,3
25904,5115,0.668953346191775,0.668953346191775,high,medium,0.3466666666666667,0.8666666666666667,45.0,39,False,0.8999999999999999,0.8980302336234539,0.837870885336117,0.0,3
1000101602,5103,0.7125983536180073,0.7125983536180073,high,high,0.40888888888888886,1.0222222222222221,45.0,46,False,0.8999999999999999,0.9891891891891891,0.8413664014974263,0.0,3
40015,5108,0.7094419139126245,0.7094419139126245,high,high,0.42666666666666664,1.0666666666666667,45.0,48,False,0.8999999999999999,0.9385441361037512,0.8404428001680508,0.0,3
1000100207,5100,0.7409830237538598,0.7409830237538598,high,high,0.48,1.2,45.0,54,False,0.8999999999999999,0.9901498246732546,0.839687058794726,0.0,3
1000100284,5099,0.6683778974825225,0.6683778974825225,high,medium,0.3022222222222222,0.7555555555555555,45.0,34,False,0.8999999999999999,0.9858485978278488,0.835461926853759,0.0,3
1000078247,5115,0.682075821803854,0.682075821803854,high,medium,0.37333333333333335,0.9333333333333333,45.0,42,False,0.8999999999999999,0.9103092783505153,0.837870885336117,0.0,3
1000079200,5107,0.6887695241225249,0.6887695241225249,high,medium,0.36444444444444446,0.9111111111111111,45.0,41,False,0.8999999999999999,0.95804549283909,0.8425509851795274,0.0,3
1000082750,5099,0.6905844170055753,0.6905844170055753,high,medium,0.36444444444444446,0.9111111111111111,45.0,41,False,0.8999999999999999,0.9724367509986684,0.835461926853759,0.0,3
1000057197,5099,0.6731414230279658,0.6731414230279658,high,medium,0.3555555555555555,0.8888888888888888,45.0,40,False,0.8999999999999999,0.9029995588883988,0.835461926853759,0.0,3
12697,5108,0.7010982224358764,0.7010982224358764,high,high,0.40888888888888886,1.0222222222222221,45.0,46,False,0.8999999999999999,0.932381234275566,0.8404428001680508,0.0,3
1000057666,5108,0.6927537910887623,0.6927537910887623,high,medium,0.37333333333333335,0.9333333333333333,45.0,42,False,0.8999999999999999,0.9617701886511072,0.8404428001680508,0.0,3
1000074594,5107,0.7332069804895299,0.7332069804895299,high,high,0.47111111111111115,1.1777777777777778,45.0,53,False,0.8999999999999999,0.9668994413407821,0.8425509851795274,0.0,3
1000080728,5115,0.7034669575867423,7.48473900982948,high,critical,0.40888888888888886,1.0222222222222221,45.0,46,False,0.8999999999999999,0.9461538461538461,0.837870885336117,15363.079999999998,3
1000100089,5103,0.6584830200102879,0.6584830200102879,high,medium,0.27555555555555555,0.6888888888888889,45.0,31,False,0.8999999999999999,0.9852791878172589,0.8413664014974263,0.0,3
42210,5112,0.691604673918567,0.691604673918567,high,medium,0.36444444444444446,0.9111111111111111,45.0,41,False,0.8999999999999999,0.9727272727272727,0.8418762773022308,0.0,3
1000080105,5108,0.6536112620169872,0.6536112620169872,high,medium,0.27555555555555555,0.6888888888888889,45.0,31,False,0.8999999999999999,0.9616130988477865,0.8404428001680508,0.0,3
1000080148,5106,0.6642107107195647,0.6642107107195647,high,medium,0.3111111111111111,0.7777777777777778,45.0,35,False,0.8999999999999999,0.9433625813756014,0.840625,0.0,3
28853,5106,0.6578900731736816,0.6578900731736816,high,medium,0.29333333333333333,0.7333333333333333,45.0,33,False,0.8999999999999999,0.9473149492017416,0.840625,0.0,3
1000037323,5115,0.6685160807050695,0.6685160807050695,high,medium,0.3111111111111111,0.7777777777777778,45.0,35,False,0.8999999999999999,0.966955017301038,0.837870885336117,0.0,3
1000081986,5115,0.7110154497590587,0.7110154497590587,high,high,0.4177777777777778,1.0444444444444445,45.0,47,False,0.8999999999999999,0.9661185292376504,0.837870885336117,0.0,3
30444,5107,0.6874689238877,0.6874689238877,high,medium,0.3555555555555555,0.8888888888888888,45.0,40,False,0.8999999999999999,0.9693202694427434,0.8425509851795274,0.0,3
42645,5382,0.7388979936472196,0.7388979936472196,high,high,0.48,1.2,45.0,54,False,0.8999999999999999,0.9899521531100478,0.8260504201680672,0.0,3
29432,5115,0.6995388511191126,7.5742744637769635,high,critical,0.4,1.0,45.0,45,False,0.8999999999999999,0.9442910915934755,0.837870885336117,18536.020000000004,3
2000616,5099,0.6587318725021969,0.6587318725021969,high,medium,0.3111111111111111,0.7777777777777778,45.0,35,False,0.8999999999999999,0.9198406951484431,0.835461926853759,0.0,3
1000100986,5099,0.6922976287250118,0.6922976287250118,high,medium,0.36444444444444446,0.9111111111111111,45.0,41,False,0.8999999999999999,0.9810028095958504,0.835461926853759,0.0,3
42955,5108,0.7096407375176242,0.7096407375176242,high,high,0.4,1.0,45.0,45,False,0.8999999999999999,0.9928715874620828,0.8404428001680508,0.0,3
1000080518,5100,0.6541670351043565,0.6541670351043565,high,medium,0.27555555555555555,0.6888888888888889,45.0,31,False,0.8999999999999999,0.9649587703146265,0.839687058794726,0.0,3
1000080795,5112,0.651642521090491,0.651642521090491,high,medium,0.27555555555555555,0.6888888888888889,45.0,31,False,0.8999999999999999,0.950694286364671,0.8418762773022308,0.0,3
1000100158,5103,0.7110682080878618,0.7110682080878618,high,high,0.40888888888888886,1.0222222222222221,45.0,46,False,0.8999999999999999,0.9815384615384615,0.8413664014974263,0.0,3
17574,5099,0.7460362721725402,0.7460362721725402,high,high,0.49777777777777776,1.2444444444444445,45.0,56,False,0.8999999999999999,0.9830293601668266,0.835461926853759,0.0,3
25904,5099,0.6662760882425951,0.6662760882425951,high,medium,0.3466666666666667,0.8666666666666667,45.0,39,False,0.8999999999999999,0.8864506627393225,0.835461926853759,0.0,3
9683,5116,0.7343027374064246,0.7343027374064246,high,high,0.47111111111111115,1.1777777777777778,45.0,53,False,0.8999999999999999,0.9734793663211421,0.8410827979850122,0.0,3
37581,5118,0.6857628799977531,6.866746539320959,high,critical,0.37333333333333335,0.9333333333333333,45.0,42,False,0.8999999999999999,0.9250531387275045,0.8427927927927927,8210.54,3
1778,5099,0.7384004030841873,0.7384004030841873,high,high,0.48888888888888893,1.2222222222222223,45.0,55,False,0.8999999999999999,0.9626277925028397,0.835461926853759,0.0,3
1000082597,5115,0.6855826264654074,6.566647415383761,high,critical,0.3466666666666667,0.8666666666666667,45.0,39,False,0.8999999999999999,0.9811766349916153,0.837870885336117,5313.529999999999,3
1000082111,5099,0.6443660009565237,0.6443660009565237,high,medium,0.28444444444444444,0.7111111111111111,45.0,32,False,0.8999999999999999,0.9013446707534111,0.835461926853759,0.0,3
7941,5099,0.7078269838149465,6.6351908635723635,high,critical,0.40888888888888886,1.0222222222222221,45.0,46,False,0.8999999999999999,0.9697606961566352,0.835461926853759,4332.06,3
1000100491,5099,0.6488191462117257,0.6488191462117257,high,medium,0.27555555555555555,0.6888888888888889,45.0,31,False,0.8999999999999999,0.9413881748071979,0.835461926853759,0.0,3
27445,5117,0.6831109357906252,0.6831109357906252,high,medium,0.3466666666666667,0.8666666666666667,45.0,39,False,0.8999999999999999,0.9652360515021459,0.8426470588235293,0.0,3
33676,5108,0.6483712949752966,0.6483712949752966,high,medium,0.27555555555555555,0.6888888888888889,45.0,31,False,0.8999999999999999,0.9354132636393335,0.8404428001680508,0.0,3
1000082307,5108,0.6884600908546245,0.6884600908546245,high,medium,0.3466666666666667,0.8666666666666667,45.0,39,False,0.8999999999999999,0.9936350208137504,0.8404428001680508,0.0,3
27445,5099,0.6803575462705445,0.6803575462705445,high,medium,0.3466666666666667,0.8666666666666667,45.0,39,False,0.8999999999999999,0.9568579528790693,0.835461926853759,0.0,3
32652,5115,0.7117238017014544,0.7117238017014544,high,high,0.4177777777777778,1.0444444444444445,45.0,47,False,0.8999999999999999,0.969660288949629,0.837870885336117,0.0,3
1000081853,5115,0.6759050636217274,7.34092386233681,high,critical,0.3377777777777778,0.8444444444444444,45.0,38,False,0.8999999999999999,0.9505665985509938,0.837870885336117,19164.75,3
28706,5102,0.7548753171024634,0.7548753171024634,high,high,0.5244444444444445,1.3111111111111111,45.0,59,False,0.8999999999999999,0.9712946586487442,0.8389240506329113,0.0,3
42650,5382,0.6709757698458921,0.6709757698458921,high,medium,0.3111111111111111,0.7777777777777778,45.0,35,False,0.8999999999999999,0.9881188118811881,0.8260504201680672,0.0,3
10230,5115,0.7063514378289175,0.7063514378289175,high,high,0.40888888888888886,1.0222222222222221,45.0,46,False,0.8999999999999999,0.9605762473647224,0.837870885336117,0.0,3
42483,5099,0.7364133392892642,0.7364133392892642,high,high,0.47111111111111115,1.1777777777777778,45.0,53,False,0.8999999999999999,0.9882480290837792,0.835461926853759,0.0,3
1000043172,5115,0.6814329954646744,7.408329567221165,high,critical,0.36444444444444446,0.9111111111111111,45.0,41,False,0.8999999999999999,0.9248729244323958,0.837870885336117,19373.090000000004,3
1000082689,5382,0.7335712277290549,0.7335712277290549,high,high,0.48,1.2,45.0,54,False,0.8999999999999999,0.963318323519224,0.8260504201680672,0.0,3
1000065753,5100,0.6785641699303201,0.6785641699303201,high,medium,0.3377777777777778,0.8444444444444444,45.0,38,False,0.8999999999999999,0.9624999999999999,0.839687058794726,0.0,3
3383,5107,0.6965484892443691,0.6965484892443691,high,medium,0.37333333333333335,0.9333333333333333,45.0,42,False,0.8999999999999999,0.9791625406705333,0.8425509851795274,0.0,3
1000081135,5107,0.7123015848775008,5.561604435017878,high,critical,0.42666666666666664,1.0666666666666667,45.0,48,False,0.8999999999999999,0.9512613521695257,0.8425509851795274,904.0,3
1000066652,5103,0.7202467415058335,7.8376811363178165,high,critical,0.43555555555555553,1.0888888888888888,45.0,49,False,0.8999999999999999,0.974097795294987,0.8413664014974263,19572.64,3
40358,5099,0.6847874334585671,5.819137649097818,high,critical,0.3555555555555555,0.8888888888888888,45.0,40,False,0.8999999999999999,0.9612296110414051,0.835461926853759,1802.9400000000005,3
23112,5115,0.7077507034887711,0.7077507034887711,high,high,0.40888888888888886,1.0222222222222221,45.0,46,False,0.8999999999999999,0.9675725756639901,0.837870885336117,0.0,3
1000077124,5103,0.7393717898107983,0.7393717898107983,high,high,0.49777777777777776,1.2444444444444445,45.0,56,False,0.8999999999999999,0.9452785923753665,0.8413664014974263,0.0,3
1000082766,5099,0.7145015298462878,0.7145015298462878,high,high,0.4177777777777778,1.0444444444444445,45.0,47,False,0.8999999999999999,0.9853556485355648,0.835461926853759,0.0,3
28706,5107,0.7549784562983712,0.7549784562983712,high,high,0.5244444444444445,1.3111111111111111,45.0,59,False,0.8999999999999999,0.9690901537183214,0.8425509851795274,0.0,3
28629,5103,0.7089555653624291,0.7089555653624291,high,high,0.4177777777777778,1.0444444444444445,45.0,47,False,0.8999999999999999,0.9531974701335206,0.8413664014974263,0.0,3
12515,5115,0.650337735714026,0.650337735714026,high,medium,0.28444444444444444,0.7111111111111111,45.0,32,False,0.8999999999999999,0.9293966256791535,0.837870885336117,0.0,3
1000081126,5115,0.6538028292779363,0.6538028292779363,high,medium,0.28444444444444444,0.7111111111111111,45.0,32,False,0.8999999999999999,0.9467220934987052,0.837870885336117,0.0,3
42488,5100,0.6528208506616843,0.6528208506616843,high,medium,0.27555555555555555,0.6888888888888889,45.0,31,False,0.8999999999999999,0.9582278481012658,0.839687058794726,0.0,3
42488,5099,0.648911215999965,0.648911215999965,high,medium,0.27555555555555555,0.6888888888888889,45.0,31,False,0.8999999999999999,0.9418485237483953,0.835461926853759,0.0,3
1000080518,5107,0.646968521562435,0.646968521562435,high,medium,0.27555555555555555,0.6888888888888889,45.0,31,False,0.8999999999999999,0.9268182578164186,0.8425509851795274,0.0,3
6546,5107,0.6911528537991161,7.673416275904647,high,critical,0.4,1.0,45.0,45,False,0.8999999999999999,0.8988510301109349,0.8425509851795274,24399.119999999995,3
7966,5099,0.6775725057134494,0.6775725057134494,high,medium,0.36444444444444446,0.9111111111111111,45.0,41,False,0.8999999999999999,0.9073771945380387,0.835461926853759,0.0,3
27160,5115,0.6989360792253801,0.6989360792253801,high,medium,0.40888888888888886,1.0222222222222221,45.0,46,False,0.8999999999999999,0.9234994543470352,0.837870885336117,0.0,3
1000101217,5108,0.664252885108001,0.664252885108001,high,medium,0.29333333333333333,0.7333333333333333,45.0,33,False,0.8999999999999999,0.9792656587473001,0.8404428001680508,0.0,3
30883,5108,0.6991305794895072,0.6991305794895072,high,medium,0.4177777777777778,1.0444444444444445,45.0,47,False,0.8999999999999999,0.9047652417659424,0.8404428001680508,0.0,3
27364,5099,0.7015513807186082,6.811605274664684,high,critical,0.4,1.0,45.0,45,False,0.8999999999999999,0.956160458452722,0.835461926853759,6058.28,3
7618,5112,0.6472476692211366,0.6472476692211366,high,medium,0.28444444444444444,0.7111111111111111,45.0,32,False,0.8999999999999999,0.9109422492401216,0.8418762773022308,0.0,3
1000076092,5103,0.6560190416327547,0.6560190416327547,high,medium,0.3377777777777778,0.8444444444444444,45.0,38,False,0.8999999999999999,0.8485148514851485,0.8413664014974263,0.0,3
32090,5099,0.7361173506335021,7.444473094762496,high,critical,0.47111111111111115,1.1777777777777778,45.0,53,False,0.8999999999999999,0.9867680858049688,0.835461926853759,9072.93,3
37982,5382,0.667274560495535,0.667274560495535,high,medium,0.3022222222222222,0.7555555555555555,45.0,34,False,0.8999999999999999,0.9873905429071803,0.8260504201680672,0.0,3
1000082512,5099,0.6791299154865094,0.6791299154865094,high,medium,0.3377777777777778,0.8444444444444444,45.0,38,False,0.8999999999999999,0.9684975767366719,0.835461926853759,0.0,3
1000081733,5099,0.6890975207323056,0.6890975207323056,high,medium,0.36444444444444446,0.9111111111111111,45.0,41,False,0.8999999999999999,0.9650022696323195,0.835461926853759,0.0,3
1000070147,5382,0.7020206926701317,0.7020206926701317,high,high,0.4,1.0,45.0,45,False,0.8999999999999999,0.9655656482246078,0.8260504201680672,0.0,3
2000644,5099,0.6919626760835766,0.6919626760835766,high,medium,0.37333333333333335,0.9333333333333333,45.0,42,False,0.8999999999999999,0.9615502686108979,0.835461926853759,0.0,3
1000082288,5107,0.757180667737971,0.757180667737971,high,high,0.5244444444444445,1.3111111111111111,45.0,59,False,0.8999999999999999,0.9801012109163203,0.8425509851795274,0.0,3
16235,5099,0.6652954153967587,0.6652954153967587,high,medium,0.3022222222222222,0.7555555555555555,45.0,34,False,0.8999999999999999,0.9704361873990306,0.835461926853759,0.0,3
2000658,5099,0.6676424890659454,0.6676424890659454,high,medium,0.3111111111111111,0.7777777777777778,45.0,35,False,0.8999999999999999,0.9643937779671852,0.835461926853759,0.0,3
5879,5103,0.7434644898272093,0.7434644898272093,high,high,0.5244444444444445,1.3111111111111111,45.0,59,False,0.8999999999999999,0.9124087591240875,0.8413664014974263,0.0,3
1000065055,5115,0.7288599257297105,0.7288599257297105,high,high,0.47111111111111115,1.1777777777777778,45.0,53,False,0.8999999999999999,0.9486742424242424,0.837870885336117,0.0,3
40439,5115,0.6413838452967334,6.104274013618755,high,critical,0.3022222222222222,0.7555555555555555,45.0,34,False,0.8999999999999999,0.8490716180371353,0.837870885336117,4999.779999999999,3
1000082290,5108,0.7541670670542804,0.7541670670542804,high,high,0.5244444444444445,1.3111111111111111,45.0,59,False,0.8999999999999999,0.9666143462564747,0.8404428001680508,0.0,3
1000100985,5103,0.7077566719606266,0.7077566719606266,high,high,0.40888888888888886,1.0222222222222221,45.0,46,False,0.8999999999999999,0.964980780902286,0.8413664014974263,0.0,3
1000082288,5116,0.7546014764635831,0.7546014764635831,high,high,0.5244444444444445,1.3111111111111111,45.0,59,False,0.8999999999999999,0.968306394940267,0.8410827979850122,0.0,3
1000079620,5099,0.6475594813844292,0.6475594813844292,high,medium,0.28444444444444444,0.7111111111111111,45.0,32,False,0.8999999999999999,0.9173120728929385,0.835461926853759,0.0,3
1000082043,5382,0.7078008772687782,0.7078008772687782,high,high,0.40888888888888886,1.0222222222222221,45.0,46,False,0.8999999999999999,0.9766887934400624,0.8260504201680672,0.0,3
1000078721,5115,0.6906634625841388,0.6906634625841388,high,medium,0.36444444444444446,0.9111111111111111,45.0,41,False,0.8999999999999999,0.9710252600297176,0.837870885336117,0.0,3
1000073404,5115,0.7311609277601069,0.7311609277601069,high,high,0.4622222222222222,1.1555555555555554,45.0,52,False,0.8999999999999999,0.9779570303540026,0.837870885336117,0.0,3
1000077876,5108,0.733849261673089,0.733849261673089,high,high,0.48888888888888893,1.2222222222222223,45.0,55,False,0.8999999999999999,0.9361364304616289,0.8404428001680508,0.0,3
1000081983,5099,0.6301039099536896,7.374271426136853,high,critical,0.27555555555555555,0.6888888888888889,45.0,31,False,0.8999999999999999,0.8478119935170177,0.835461926853759,44499.8,3
7051,5115,0.733437533958031,0.733437533958031,high,high,0.48,1.2,45.0,54,False,0.8999999999999999,0.9537845057880676,0.837870885336117,0.0,3
1000080726,5115,0.7437296114855111,0.7437296114855111,high,high,0.48888888888888893,1.2222222222222223,45.0,55,False,0.8999999999999999,0.9874671156476902,0.837870885336117,0.0,3
40582,5100,0.6905883547549221,0.6905883547549221,high,medium,0.3555555555555555,0.8888888888888888,45.0,40,False,0.8999999999999999,0.9870653685674547,0.839687058794726,0.0,3
1000080795,5099,0.6524032433562412,0.6524032433562412,high,medium,0.27555555555555555,0.6888888888888889,45.0,31,False,0.8999999999999999,0.9593086605297764,0.835461926853759,0.0,3
1000059960,5105,0.6531582274520813,6.76329508631597,high,critical,0.27555555555555555,0.6888888888888889,45.0,31,False,0.8999999999999999,0.962541868254559,0.8361842105263158,11552.660000000002,3
1000074113,5103,0.7063007489267018,0.7063007489267018,high,high,0.4177777777777778,1.0444444444444445,45.0,47,False,0.8999999999999999,0.939923387954884,0.8413664014974263,0.0,3
1000101625,5099,0.7399956162914647,0.7399956162914647,high,high,0.48,1.2,45.0,54,False,0.8999999999999999,0.9883816363170044,0.835461926853759,0.0,3
42900,5103,0.6853989497138736,0.6853989497138736,high,medium,0.3466666666666667,0.8666666666666667,45.0,39,False,0.8999999999999999,0.9776366141129649,0.8413664014974263,0.0,3
1000080996,5099,0.6935784079290586,0.6935784079290586,high,medium,0.4,1.0,45.0,45,False,0.8999999999999999,0.9162955945049739,0.835461926853759,0.0,3
18747,5099,0.659482067374864,0.659482067374864,high,medium,0.3111111111111111,0.7777777777777778,45.0,35,False,0.8999999999999999,0.9235916695117787,0.835461926853759,0.0,3
29679,5106,0.7345545562051945,7.081760515597449,high,critical,0.48,1.2,45.0,54,False,0.8999999999999999,0.9573040310259724,0.840625,5657.369999999999,3
1000082111,5106,0.6480715277777778,0.6480715277777778,high,medium,0.28444444444444444,0.7111111111111111,45.0,32,False,0.8999999999999999,0.9159999999999999,0.840625,0.0,3
33676,5099,0.7341368846523659,0.7341368846523659,high,high,0.47111111111111115,1.1777777777777778,45.0,53,False,0.8999999999999999,0.9768657558992886,0.835461926853759,0.0,3
1000100277,5103,0.7432055520281351,0.7432055520281351,high,high,0.49777777777777776,1.2444444444444445,45.0,56,False,0.8999999999999999,0.9644474034620505,0.8413664014974263,0.0,3
1000101595,5099,0.7117049033997875,0.7117049033997875,high,high,0.40888888888888886,1.0222222222222221,45.0,46,False,0.8999999999999999,0.9891502940808409,0.835461926853759,0.0,3
1000079581,5381,0.6540527451336124,0.6540527451336124,high,medium,0.27555555555555555,0.6888888888888889,45.0,31,False,0.8999999999999999,0.967791228418337,0.8351485148514851,0.0,3
3217,5099,0.7519764766839687,5.945655963050093,high,critical,0.5244444444444445,1.3111111111111111,45.0,59,False,0.8999999999999999,0.959397049390635,0.835461926853759,997.9499999999998,3
42883,5107,0.7187989484113849,0.7187989484113849,high,high,0.42666666666666664,1.0666666666666667,45.0,48,False,0.8999999999999999,0.9837481698389458,0.8425509851795274,0.0,3
1000100303,5099,0.7332192470417285,0.7332192470417285,high,high,0.47111111111111115,1.1777777777777778,45.0,53,False,0.8999999999999999,0.972277567846101,0.835461926853759,0.0,3
32759,5099,0.6606754825421521,6.4092988162836075,high,critical,0.3555555555555555,0.8888888888888888,45.0,40,False,0.8999999999999999,0.8406698564593301,0.835461926853759,6008.700000000001,3
39083,5102,0.7426899322291795,0.7426899322291795,high,high,0.49777777777777776,1.2444444444444445,45.0,56,False,0.8999999999999999,0.9637010676156583,0.8389240506329113,0.0,3
1000082570,5107,0.740678686893097,5.682304994168134,high,critical,0.48888888888888893,1.2222222222222223,45.0,55,False,0.8999999999999999,0.9687024178030619,0.8425509851795274,788.7800000000007,3
1000080105,5102,0.6467598977266129,0.6467598977266129,high,medium,0.27555555555555555,0.6888888888888889,45.0,31,False,0.8999999999999999,0.9284953395472703,0.8389240506329113,0.0,3
40264,5099,0.7226576312292372,0.7226576312292372,high,high,0.43555555555555553,1.0888888888888888,45.0,49,False,0.8999999999999999,0.9905805998947552,0.835461926853759,0.0,3
3383,5103,0.6863114894342358,0.6863114894342358,high,medium,0.37333333333333335,0.9333333333333333,45.0,42,False,0.8999999999999999,0.9288659793814432,0.8413664014974263,0.0,3
26136,5103,0.7521260273907643,8.397003079221545,high,critical,0.5244444444444445,1.3111111111111111,45.0,59,False,0.8999999999999999,0.9557164469418629,0.8413664014974263,25960.15,3
1000081643,5099,0.6470917192122587,0.6470917192122587,high,medium,0.28444444444444444,0.7111111111111111,45.0,32,False,0.8999999999999999,0.9149732620320855,0.835461926853759,0.0,3
15394,5117,0.6993361760229205,0.6993361760229205,high,medium,0.40888888888888886,1.0222222222222221,45.0,46,False,0.8999999999999999,0.921917808219178,0.8426470588235293,0.0,3
30200,5115,0.6795729231625419,0.6795729231625419,high,medium,0.3466666666666667,0.8666666666666667,45.0,39,False,0.8999999999999999,0.9511281184772885,0.837870885336117,0.0,3
1000082336,5099,0.6533093071892753,0.6533093071892753,high,medium,0.28444444444444444,0.7111111111111111,45.0,32,False,0.8999999999999999,0.9460612019171685,0.835461926853759,0.0,3
31490,5099,0.7061925974260062,5.565613035701955,high,critical,0.40888888888888886,1.0222222222222221,45.0,46,False,0.8999999999999999,0.9615887642119343,0.835461926853759,972.75,3
1000100939,5099,0.6527682318980592,0.6527682318980592,high,medium,0.27555555555555555,0.6888888888888889,45.0,31,False,0.8999999999999999,0.9611336032388663,0.835461926853759,0.0,3
1000082267,5115,0.750628273591894,0.750628273591894,high,high,0.5244444444444445,1.3111111111111111,45.0,59,False,0.8999999999999999,0.9508493150684931,0.837870885336117,0.0,3
1730,5107,0.6487790400764591,0.6487790400764591,high,medium,0.3022222222222222,0.7555555555555555,45.0,34,False,0.8999999999999999,0.8825375170532059,0.8425509851795274,0.0,3
1000082290,5100,0.7546175350821497,0.7546175350821497,high,high,0.5244444444444445,1.3111111111111111,45.0,59,False,0.8999999999999999,0.9694334924258144,0.839687058794726,0.0,3
42929,5108,0.7170382158569809,0.7170382158569809,high,high,0.42666666666666664,1.0666666666666667,45.0,48,False,0.8999999999999999,0.9765256458255335,0.8404428001680508,0.0,3
37521,5099,0.6930680781555127,7.371546918431847,high,critical,0.40888888888888886,1.0222222222222221,45.0,46,False,0.8999999999999999,0.8959661678594665,0.835461926853759,15306.65,3
30282,5099,0.6590061577149324,0.6590061577149324,high,medium,0.3111111111111111,0.7777777777777778,45.0,35,False,0.8999999999999999,0.9212121212121211,0.835461926853759,0.0,3
12603,5108,0.6614626336830846,0.6614626336830846,high,medium,0.29333333333333333,0.7333333333333333,45.0,33,False,0.8999999999999999,0.965314401622718,0.8404428001680508,0.0,3
37549,5115,0.6825739712189276,0.6825739712189276,high,medium,0.36444444444444446,0.9111111111111111,45.0,41,False,0.8999999999999999,0.9305778032036613,0.837870885336117,0.0,3
12229,5099,0.7407146866196002,0.7407146866196002,high,high,0.48888888888888893,1.2222222222222223,45.0,55,False,0.8999999999999999,0.9741992101799034,0.835461926853759,0.0,3
1000080154,5108,0.6944102686056493,5.141451276318963,high,critical,0.4,1.0,45.0,45,False,0.8999999999999999,0.9167192429022082,0.8404428001680508,603.29,3
1000068095,5107,0.6629909706167684,6.763166130599081,high,critical,0.28444444444444444,0.7111111111111111,45.0,32,False,0.8999999999999999,0.9891527253103076,0.8425509851795274,9905.96,3
1000069597,5107,0.6106576942234255,0.6106576942234255,high,medium,0.1688888888888889,0.4222222222222222,45.0,19,False,0.8999999999999999,0.9585974544547042,0.8425509851795274,0.0,3
1000074444,5107,0.6402242185650239,5.577358966914335,high,critical,0.27555555555555555,0.6888888888888889,45.0,31,False,0.8999999999999999,0.8930967428293631,0.8425509851795274,2233.0499999999993,3
42488,5107,0.6462758116123811,0.6462758116123811,high,medium,0.27555555555555555,0.6888888888888889,45.0,31,False,0.8999999999999999,0.9233547080661492,0.8425509851795274,0.0,3
1000101913,5107,0.673165465008324,0.673165465008324,high,medium,0.3111111111111111,0.7777777777777778,45.0,35,False,0.8999999999999999,0.9866918639347523,0.8425509851795274,0.0,3
19754,5115,0.646314031365323,5.493689851162371,high,critical,0.3466666666666667,0.8666666666666667,45.0,39,False,0.8999999999999999,0.7848336594911938,0.837870885336117,1807.0999999999995,3
42830,5108,0.736143212526776,0.736143212526776,high,high,0.47111111111111115,1.1777777777777778,45.0,53,False,0.8999999999999999,0.9831617402856194,0.8404428001680508,0.0,3
1000081223,5108,0.652208636642834,4.214383665245568,high,critical,0.28444444444444444,0.7111111111111111,45.0,32,False,0.8999999999999999,0.9368221941992434,0.8404428001680508,234.5,3
1000081933,5099,0.7419830933476059,0.7419830933476059,high,high,0.49777777777777776,1.2444444444444445,45.0,56,False,0.8999999999999999,0.9627634660421545,0.835461926853759,0.0,3
1000100460,5100,0.6594173089861465,0.6594173089861465,high,medium,0.28444444444444444,0.7111111111111111,45.0,32,False,0.8999999999999999,0.9734323619457987,0.839687058794726,0.0,3
1000066668,5115,0.6921689874562121,0.6921689874562121,high,medium,0.3555555555555555,0.8888888888888888,45.0,40,False,0.8999999999999999,0.9963306621678616,0.837870885336117,0.0,3
1000077601,5099,0.7297832562490809,0.7297832562490809,high,high,0.47111111111111115,1.1777777777777778,45.0,53,False,0.8999999999999999,0.9550976138828633,0.835461926853759,0.0,3
1000101602,5099,0.7107073133050108,0.7107073133050108,high,high,0.40888888888888886,1.0222222222222221,45.0,46,False,0.8999999999999999,0.9841623436069575,0.835461926853759,0.0,3
32073,5108,0.7303391472979349,0.7303391472979349,high,high,0.48,1.2,45.0,54,False,0.8999999999999999,0.9363636363636363,0.8404428001680508,0.0,3
1000082600,5107,0.7245748687225012,0.7245748687225012,high,high,0.4622222222222222,1.1555555555555554,45.0,52,False,0.8999999999999999,0.9415166602834163,0.8425509851795274,0.0,3
1000082092,5108,0.667421054452381,6.881183674073868,high,critical,0.3377777777777778,0.8444444444444444,45.0,38,False,0.8999999999999999,0.9062176165803109,0.8404428001680508,11048.149999999998,3
1000081733,5115,0.6855455759865686,0.6855455759865686,high,medium,0.36444444444444446,0.9111111111111111,45.0,41,False,0.8999999999999999,0.9454358270418668,0.837870885336117,0.0,3
5787,5115,0.7352430008335636,0.7352430008335636,high,high,0.48888888888888893,1.2222222222222223,45.0,55,False,0.8999999999999999,0.9450340623879526,0.837870885336117,0.0,3
28342,5102,0.7108477669014464,0.7108477669014464,high,high,0.42666666666666664,1.0666666666666667,45.0,48,False,0.8999999999999999,0.9467124631992149,0.8389240506329113,0.0,3
15394,5099,0.6950327192741546,0.6950327192741546,high,medium,0.40888888888888886,1.0222222222222221,45.0,46,False,0.8999999999999999,0.9057893734526756,0.835461926853759,0.0,3
37581,5382,0.686423290278746,6.873359422788135,high,critical,0.37333333333333335,0.9333333333333333,45.0,42,False,0.8999999999999999,0.9409119696010133,0.8260504201680672,8210.54,3
1000100211,5118,0.6925827301602774,0.6925827301602774,high,medium,0.37333333333333335,0.9333333333333333,45.0,42,False,0.8999999999999999,0.9591523895401262,0.8427927927927927,0.0,3
1000100923,5099,0.7061862724009855,0.7061862724009855,high,high,0.4,1.0,45.0,45,False,0.8999999999999999,0.9793349168646079,0.835461926853759,0.0,3
1000082506,5119,0.6681397507059308,7.889937093494651,high,critical,0.3022222222222222,0.7555555555555555,45.0,34,False,0.8999999999999999,0.9825726141078838,0.8382422599697678,49453.71000000001,3
1000059960,5106,0.6540951554531582,6.772996748607868,high,critical,0.27555555555555555,0.6888888888888889,45.0,31,False,0.8999999999999999,0.9638959161546801,0.840625,11552.660000000002,3
42830,5103,0.7359786593965333,0.7359786593965333,high,high,0.47111111111111115,1.1777777777777778,45.0,53,False,0.8999999999999999,0.9816462736373748,0.8413664014974263,0.0,3
7966,5102,0.6767808163549732,0.6767808163549732,high,medium,0.36444444444444446,0.9111111111111111,45.0,41,False,0.8999999999999999,0.9008221549112938,0.8389240506329113,0.0,3
36713,5099,0.6903438609392978,0.6903438609392978,high,medium,0.3555555555555555,0.8888888888888888,45.0,40,False,0.8999999999999999,0.9890117484450587,0.835461926853759,0.0,3
16146,5099,0.7299080647916596,7.326451424084906,high,critical,0.48,1.2,45.0,54,False,0.8999999999999999,0.9379438788179786,0.835461926853759,8411.71,3
1000100491,5115,0.6454974496172343,0.6454974496172343,high,medium,0.27555555555555555,0.6888888888888889,45.0,31,False,0.8999999999999999,0.9229729729729729,0.837870885336117,0.0,3
28806,5099,0.6434483916039748,6.107213775635367,high,critical,0.27555555555555555,0.6888888888888889,45.0,31,False,0.8999999999999999,0.9145344017684442,0.835461926853759,4871.59,3
728,5099,0.7067684665413465,5.6246795848227515,high,critical,0.4177777777777778,1.0444444444444445,45.0,47,False,0.8999999999999999,0.9466903320108582,0.835461926853759,1050.8500000000004,3
1000080606,5099,0.6681803715317827,6.22456204830853,high,critical,0.3022222222222222,0.7555555555555555,45.0,34,False,0.8999999999999999,0.9848609680741502,0.835461926853759,4086.51,3
18759,5107,0.6514527846024307,0.6514527846024307,high,medium,0.3022222222222222,0.7555555555555555,45.0,34,False,0.8999999999999999,0.8959062396830637,0.8425509851795274,0.0,3
1000102065,5103,0.716758952732766,0.716758952732766,high,high,0.4177777777777778,1.0444444444444445,45.0,47,False,0.8999999999999999,0.9922144069852049,0.8413664014974263,0.0,3
14083,5099,0.6869253496341243,5.9524584806517415,high,critical,0.37333333333333335,0.9333333333333333,45.0,42,False,0.8999999999999999,0.9363636363636363,0.835461926853759,2132.17,3
1000078721,5099,0.6890061577149325,0.6890061577149325,high,medium,0.36444444444444446,0.9111111111111111,45.0,41,False,0.8999999999999999,0.9645454545454545,0.835461926853759,0.0,3
1000080795,5107,0.6358027172569678,0.6358027172569678,high,medium,0.27555555555555555,0.6888888888888889,45.0,31,False,0.8999999999999999,0.8709892362890824,0.8425509851795274,0.0,3
42929,5107,0.7173544436087024,0.7173544436087024,high,high,0.42666666666666664,1.0666666666666667,45.0,48,False,0.8999999999999999,0.9765256458255335,0.8425509851795274,0.0,3
32269,5108,0.679196745839744,0.679196745839744,high,medium,0.37333333333333335,0.9333333333333333,45.0,42,False,0.8999999999999999,0.893984962406015,0.8404428001680508,0.0,3
11449,5382,0.644636560315183,6.582162370012397,high,critical,0.28444444444444444,0.7111111111111111,45.0,32,False,0.8999999999999999,0.9097560975609755,0.8260504201680672,10002.16,3
26757,5100,0.746094631615232,0.746094631615232,high,high,0.49777777777777776,1.2444444444444445,45.0,56,False,0.8999999999999999,0.9801523084245597,0.839687058794726,0.0,3
1000081986,5116,0.6309377494951134,0.6309377494951134,high,medium,0.28444444444444444,0.7111111111111111,45.0,32,False,0.8999999999999999,0.8299877600979192,0.8410827979850122,0.0,3
28633,5103,0.6703907678810098,0.6703907678810098,high,medium,0.40888888888888886,1.0222222222222221,45.0,46,False,0.8999999999999999,0.7781512605042017,0.8413664014974263,0.0,3
17751,5099,0.6472891318607226,5.698943769515587,high,critical,0.27555555555555555,0.6888888888888889,45.0,31,False,0.8999999999999999,0.9337381030521824,0.835461926853759,2450.18,3
26286,5099,0.6599072070431662,6.361913921256786,high,critical,0.3022222222222222,0.7555555555555555,45.0,34,False,0.8999999999999999,0.9434951456310678,0.835461926853759,5655.83,3
1000100923,5119,0.7025353847434304,0.7025353847434304,high,high,0.4,1.0,45.0,45,False,0.8999999999999999,0.958995228739826,0.8382422599697678,0.0,3
1000070147,5103,0.6816031903131095,0.6816031903131095,high,medium,0.4,1.0,45.0,45,False,0.8999999999999999,0.8519911504424778,0.8413664014974263,0.0,3
1000082188,5099,0.7103977204006129,7.688989082703148,high,critical,0.42666666666666664,1.0666666666666667,45.0,48,False,0.8999999999999999,0.9470588235294117,0.835461926853759,18461.54,3
1000038392,5115,0.6739303225095535,0.6739303225095535,high,medium,0.3111111111111111,0.7777777777777778,45.0,35,False,0.8999999999999999,0.9940262263234579,0.837870885336117,0.0,3
15394,5102,0.696225647691441,0.696225647691441,high,medium,0.40888888888888886,1.0222222222222221,45.0,46,False,0.8999999999999999,0.9091574227047439,0.8389240506329113,0.0,3
1000101469,5115,0.7415725698060057,0.7415725698060057,high,high,0.48888888888888893,1.2222222222222223,45.0,55,False,0.8999999999999999,0.9766819072501632,0.837870885336117,0.0,3
1000075104,5103,0.6841617984981448,6.782631628125445,high,critical,0.3466666666666667,0.8666666666666667,45.0,39,False,0.8999999999999999,0.9714508580343213,0.8413664014974263,7432.73,3
1000072110,5099,0.7311014306863384,0.7311014306863384,high,high,0.48888888888888893,1.2222222222222223,45.0,55,False,0.8999999999999999,0.9261329305135951,0.835461926853759,0.0,3
34627,5116,0.7426016720342004,0.7426016720342004,high,high,0.48,1.2,45.0,54,False,0.8999999999999999,0.997196261682243,0.8410827979850122,0.0,3
27643,5115,0.6680190358422426,0.6680190358422426,high,medium,0.4,1.0,45.0,45,False,0.8999999999999999,0.7866920152091255,0.837870885336117,0.0,3
38064,5103,0.6817268362082463,0.6817268362082463,high,medium,0.3377777777777778,0.8444444444444444,45.0,38,False,0.8999999999999999,0.9770538243626061,0.8413664014974263,0.0,3
39754,5103,0.678332649192445,5.874086563939248,high,critical,0.36444444444444446,0.9111111111111111,45.0,41,False,0.8999999999999999,0.9067495559502664,0.8413664014974263,2119.8999999999996,3
1000080732,5382,0.7256741811717409,0.7256741811717409,high,high,0.4622222222222222,1.1555555555555554,45.0,52,False,0.8999999999999999,0.9593886462882095,0.8260504201680672,0.0,3
1000063828,5102,0.6699303549439455,0.6699303549439455,high,medium,0.3111111111111111,0.7777777777777778,45.0,35,False,0.8999999999999999,0.9732365145228214,0.8389240506329113,0.0,3
18028,5108,0.6703272121157979,5.270627603151425,high,critical,0.3111111111111111,0.7777777777777778,45.0,35,False,0.8999999999999999,0.9740817382307294,0.8404428001680508,955.0100000000002,3
1000079340,5099,0.6820383704820852,6.382496210335621,high,critical,0.3377777777777778,0.8444444444444444,45.0,38,False,0.8999999999999999,0.9830398517145504,0.835461926853759,4263.039999999999,3
38649,5099,0.658443571365112,0.658443571365112,high,medium,0.28444444444444444,0.7111111111111111,45.0,32,False,0.8999999999999999,0.9717325227963525,0.835461926853759,0.0,3
1000101436,5108,0.6799626231014687,0.6799626231014687,high,medium,0.3377777777777778,0.8444444444444444,45.0,38,False,0.8999999999999999,0.9689254598257502,0.8404428001680508,0.0,3
1000078799,5382,0.661603686508184,0.661603686508184,high,medium,0.28444444444444444,0.7111111111111111,45.0,32,False,0.8999999999999999,0.9945917285259809,0.8260504201680672,0.0,3
25873,5099,0.7225648866593557,6.069326640144591,high,critical,0.48888888888888893,1.2222222222222223,45.0,55,False,0.8999999999999999,0.8834502103786817,0.835461926853759,1634.4900000000002,3
1000080865,5099,0.719894370385572,0.719894370385572,high,high,0.4622222222222222,1.1555555555555554,45.0,52,False,0.8999999999999999,0.9234309623430962,0.835461926853759,0.0,3
28119,5099,0.747002654474435,6.956406029082379,high,critical,0.49777777777777776,1.2444444444444445,45.0,56,False,0.8999999999999999,0.9878612716763004,0.835461926853759,4073.1800000000003,3
42830,5116,0.6881672506156262,0.6881672506156262,high,medium,0.3555555555555555,0.8888888888888888,45.0,40,False,0.8999999999999999,0.9739130434782608,0.8410827979850122,0.0,3
42871,5116,0.6866355689904313,0.6866355689904313,high,medium,0.3555555555555555,0.8888888888888888,45.0,40,False,0.8999999999999999,0.9662546353522867,0.8410827979850122,0.0,3
1000101910,5115,0.690583178161705,0.690583178161705,high,medium,0.3555555555555555,0.8888888888888888,45.0,40,False,0.8999999999999999,0.9884016156953259,0.837870885336117,0.0,3
6585,5099,0.7482553620874246,6.699878521289718,high,critical,0.5244444444444445,1.3111111111111111,45.0,59,False,0.8999999999999999,0.9407914764079147,0.835461926853759,2845.94,3
37549,5099,0.6838592104495465,0.6838592104495465,high,medium,0.36444444444444446,0.9111111111111111,45.0,41,False,0.8999999999999999,0.9388107182185244,0.835461926853759,0.0,3
5837,5099,0.6604225145175373,0.6604225145175373,high,medium,0.28444444444444444,0.7111111111111111,45.0,32,False,0.8999999999999999,0.9816272385584788,0.835461926853759,0.0,3
1000100177,5103,0.6673322376174803,0.6673322376174803,high,medium,0.3377777777777778,0.8444444444444444,45.0,38,False,0.8999999999999999,0.9050808314087759,0.8413664014974263,0.0,3
1000065508,5105,0.6250473409513694,0.6250473409513694,high,medium,0.27555555555555555,0.6888888888888889,45.0,31,False,0.8999999999999999,0.8219874357509994,0.8361842105263158,0.0,3
1000073404,5099,0.7267771207448515,0.7267771207448515,high,high,0.4622222222222222,1.1555555555555554,45.0,52,False,0.8999999999999999,0.957844714139494,0.835461926853759,0.0,3
1000056374,5106,0.6466338397216645,0.6466338397216645,high,medium,0.27555555555555555,0.6888888888888889,45.0,31,False,0.8999999999999999,0.9265893374972116,0.840625,0.0,3
1000100211,5119,0.712702963183826,0.712702963183826,high,high,0.43555555555555553,1.0888888888888888,45.0,49,False,0.8999999999999999,0.9387220098306935,0.8382422599697678,0.0,3
1000078799,5102,0.6630450331546492,0.6630450331546492,high,medium,0.28444444444444444,0.7111111111111111,45.0,32,False,0.8999999999999999,0.9921432389096739,0.8389240506329113,0.0,3
40264,5117,0.7210590760927199,0.7210590760927199,high,high,0.43555555555555553,1.0888888888888888,45.0,49,False,0.8999999999999999,0.977198975234842,0.8426470588235293,0.0,3
1000079818,5108,0.6785416918191921,0.6785416918191921,high,medium,0.3555555555555555,0.8888888888888888,45.0,40,False,0.8999999999999999,0.9262652478588113,0.8404428001680508,0.0,3
1000081983,5108,0.6592886422474299,7.715828007572762,high,critical,0.27555555555555555,0.6888888888888889,45.0,31,False,0.8999999999999999,0.99,0.8404428001680508,44499.8,3
16146,5115,0.7417210843526282,7.445024595364915,high,critical,0.48,1.2,45.0,54,False,0.8999999999999999,0.9952022577610535,0.837870885336117,8411.71,3
14653,5118,0.7034301631858222,0.7034301631858222,high,high,0.4177777777777778,1.0444444444444445,45.0,47,False,0.8999999999999999,0.9245006657789614,0.8427927927927927,0.0,3
1000071448,5119,0.7370309463063591,0.7370309463063591,high,high,0.47111111111111115,1.1777777777777778,45.0,53,False,0.8999999999999999,0.9892508143322475,0.8382422599697678,0.0,3
1000075603,5107,0.7172680931396472,0.7172680931396472,high,high,0.43555555555555553,1.0888888888888888,45.0,49,False,0.8999999999999999,0.9583161157024793,0.8425509851795274,0.0,3
1000102194,5116,0.7604273769627092,0.7604273769627092,high,high,0.5244444444444445,1.3111111111111111,45.0,59,False,0.8999999999999999,0.9974358974358974,0.8410827979850122,0.0,3
1000100366,5118,0.7411311906267048,0.7411311906267048,high,high,0.48,1.2,45.0,54,False,0.8999999999999999,0.9885613585389297,0.8427927927927927,0.0,3
1000060640,5112,0.714719697713972,6.976748653755454,high,critical,0.4177777777777778,1.0444444444444445,45.0,47,False,0.8999999999999999,0.9816357250376317,0.8418762773022308,6382.789999999999,3
16718,5381,0.7412064228616073,0.7412064228616073,high,high,0.48888888888888893,1.2222222222222223,45.0,55,False,0.8999999999999999,0.9768929503916448,0.8351485148514851,0.0,3
14653,5108,0.6814918168506044,0.6814918168506044,high,medium,0.4177777777777778,1.0444444444444445,45.0,47,False,0.8999999999999999,0.8165714285714285,0.8404428001680508,0.0,3
1000057629,5119,0.7054902828127001,6.7413979612787305,high,critical,0.4177777777777778,1.0444444444444445,45.0,47,False,0.8999999999999999,0.9382141635306191,0.8382422599697678,5194.879999999999,3
26902,5099,0.7121871224069718,7.227706064825911,high,critical,0.43555555555555553,1.0888888888888888,45.0,49,False,0.8999999999999999,0.938228055783429,0.835461926853759,9400.32,3
1000082597,5107,0.6745383786243057,6.460863402281603,high,critical,0.3466666666666667,0.8666666666666667,45.0,39,False,0.8999999999999999,0.9224453209035496,0.8425509851795274,5313.529999999999,3
16831,5107,0.759392298373629,7.345965248821996,high,critical,0.5244444444444445,1.3111111111111111,45.0,59,False,0.8999999999999999,0.9911593640946103,0.8425509851795274,5844.799999999999,3
1000082506,5099,0.6428964896052645,7.591844154242818,high,critical,0.3022222222222222,0.7555555555555555,45.0,34,False,0.8999999999999999,0.8584415584415583,0.835461926853759,49453.71000000001,3
42619,5108,0.6621790175725878,0.6621790175725878,high,medium,0.29333333333333333,0.7333333333333333,45.0,33,False,0.8999999999999999,0.968896321070234,0.8404428001680508,0.0,3
1000080441,5100,0.7410821340021764,0.7410821340021764,high,high,0.49777777777777776,1.2444444444444445,45.0,56,False,0.8999999999999999,0.9550898203592815,0.839687058794726,0.0,3
1000079818,5115,0.68335443676618,0.68335443676618,high,medium,0.3555555555555555,0.8888888888888888,45.0,40,False,0.8999999999999999,0.952257908717701,0.837870885336117,0.0,3
1000100277,5108,0.7240843081462439,0.7240843081462439,high,high,0.4622222222222222,1.1555555555555554,45.0,52,False,0.8999999999999999,0.940644996160737,0.8404428001680508,0.0,3
41789,5102,0.6595393303684268,6.181930338186536,high,critical,0.27555555555555555,0.6888888888888889,45.0,31,False,0.8999999999999999,0.9923925027563395,0.8389240506329113,4328.049999999999,3
1000082409,5115,0.7324382010283548,0.7324382010283548,high,high,0.48888888888888893,1.2222222222222223,45.0,55,False,0.8999999999999999,0.9310100633619083,0.837870885336117,0.0,3
42871,5119,0.6901130564169891,0.6901130564169891,high,medium,0.3555555555555555,0.8888888888888888,45.0,40,False,0.8999999999999999,0.9857724759965085,0.8382422599697678,0.0,3
1000100178,5102,0.6509331702426908,0.6509331702426908,high,medium,0.3555555555555555,0.8888888888888888,45.0,40,False,0.8999999999999999,0.7893617021276595,0.8389240506329113,0.0,3
31460,5099,0.6585415112502861,5.879956150203172,high,critical,0.27555555555555555,0.6888888888888889,45.0,31,False,0.8999999999999999,0.99,0.835461926853759,2774.9700000000003,3
11449,5103,0.6477832958824475,6.614292605426133,high,critical,0.3111111111111111,0.7777777777777778,45.0,35,False,0.8999999999999999,0.8606694560669456,0.8413664014974263,10002.16,3
10652,5108,0.6729833096274905,0.6729833096274905,high,medium,0.3377777777777778,0.8444444444444444,45.0,38,False,0.8999999999999999,0.9340288924558586,0.8404428001680508,0.0,3
12070,5382,0.7261579776189083,0.7261579776189083,high,high,0.47111111111111115,1.1777777777777778,45.0,53,False,0.8999999999999999,0.9440298507462686,0.8260504201680672,0.0,3
42871,5118,0.6906490151568891,0.6906490151568891,high,medium,0.3555555555555555,0.8888888888888888,45.0,40,False,0.8999999999999999,0.9850393700787401,0.8427927927927927,0.0,3
1000082651,5099,0.6188324619948451,0.6188324619948451,high,medium,0.3377777777777778,0.8444444444444444,45.0,38,False,0.8999999999999999,0.6670103092783506,0.835461926853759,0.0,3
1000081986,5107,0.6092650533213064,0.6092650533213064,high,medium,0.28444444444444444,0.7111111111111111,45.0,32,False,0.8999999999999999,0.720523138832998,0.8425509851795274,0.0,3
1000081518,5382,0.73997952462569,7.102362090395783,high,critical,0.49777777777777776,1.2444444444444445,45.0,56,False,0.8999999999999999,0.9598042524468444,0.8260504201680672,5420.09,3
1000080795,5100,0.6427415461016721,0.6427415461016721,high,medium,0.27555555555555555,0.6888888888888889,45.0,31,False,0.8999999999999999,0.9078313253012048,0.839687058794726,0.0,3
1000082327,5099,0.6700321639888196,0.6700321639888196,high,medium,0.3111111111111111,0.7777777777777778,45.0,35,False,0.8999999999999999,0.9763421525815565,0.835461926853759,0.0,3
1000102196,5382,0.736780578898226,0.736780578898226,high,high,0.47111111111111115,1.1777777777777778,45.0,53,False,0.8999999999999999,0.9971428571428571,0.8260504201680672,0.0,3
1000101230,5100,0.662795352726019,0.662795352726019,high,medium,0.28444444444444444,0.7111111111111111,45.0,32,False,0.8999999999999999,0.9903225806451612,0.839687058794726,0.0,3
1000100622,5099,0.678279408582136,0.678279408582136,high,medium,0.3377777777777778,0.8444444444444444,45.0,38,False,0.8999999999999999,0.9642450422148046,0.835461926853759,0.0,3
2884,5103,0.7098413238609775,6.413209655628258,high,critical,0.4,1.0,45.0,45,False,0.8999999999999999,0.9931818181818182,0.8413664014974263,3085.2400000000002,3
1000100211,5103,0.724177182446836,0.724177182446836,high,high,0.43555555555555553,1.0888888888888888,45.0,49,False,0.8999999999999999,0.9937499999999999,0.8413664014974263,0.0,3
1000102196,5103,0.7497755307951844,0.7497755307951844,high,high,0.49777777777777776,1.2444444444444445,45.0,56,False,0.8999999999999999,0.9972972972972972,0.8413664014974263,0.0,3
36043,5382,0.6643658963585434,6.084508845608009,high,critical,0.29333333333333333,0.7333333333333333,45.0,33,False,0.8999999999999999,0.9906249999999999,0.8260504201680672,3491.49,3
13550,5104,0.7450859961945762,0.7450859961945762,high,high,0.48888888888888893,1.2222222222222223,45.0,55,False,0.8999999999999999,0.9960392999692969,0.8354838709677419,0.0,3
38649,5102,0.6619736447528123,0.6619736447528123,high,medium,0.28444444444444444,0.7111111111111111,45.0,32,False,0.8999999999999999,0.9867862969004894,0.8389240506329113,0.0,3
1000079340,5105,0.6821467130329686,6.3835100769307545,high,critical,0.3377777777777778,0.8444444444444444,45.0,38,False,0.8999999999999999,0.9830398517145504,0.8361842105263158,4263.039999999999,3
1000071448,5103,0.7323003047749531,0.7323003047749531,high,high,0.47111111111111115,1.1777777777777778,45.0,53,False,0.8999999999999999,0.9632545005294739,0.8413664014974263,0.0,3
1000056521,5103,0.6469775493581104,0.6469775493581104,high,medium,0.27555555555555555,0.6888888888888889,45.0,31,False,0.8999999999999999,0.9277518345563709,0.8413664014974263,0.0,3
26206,5108,0.7366857080653056,0.7366857080653056,high,high,0.47111111111111115,1.1777777777777778,45.0,53,False,0.8999999999999999,0.985874217978268,0.8404428001680508,0.0,3
1000082111,5102,0.6535929575058834,0.6535929575058834,high,medium,0.28444444444444444,0.7111111111111111,45.0,32,False,0.8999999999999999,0.9448828606658446,0.8389240506329113,0.0,3
42860,5108,0.6629087139320177,0.6629087139320177,high,medium,0.28444444444444444,0.7111111111111111,45.0,32,False,0.8999999999999999,0.9903225806451612,0.8404428001680508,0.0,3
1000071448,5108,0.7368507659474846,0.7368507659474846,high,high,0.47111111111111115,1.1777777777777778,45.0,53,False,0.8999999999999999,0.9866995073891625,0.8404428001680508,0.0,3
1000066652,5099,0.7182157479776135,7.815579988548883,high,critical,0.43555555555555553,1.0888888888888888,45.0,49,False,0.8999999999999999,0.9683711836366371,0.835461926853759,19572.64,3
1000102001,5105,0.7448720760233918,0.7448720760233918,high,high,0.48888888888888893,1.2222222222222223,45.0,55,False,0.8999999999999999,0.9944444444444445,0.8361842105263158,0.0,3
1000101990,5115,0.6878043421321923,0.6878043421321923,high,medium,0.3466666666666667,0.8666666666666667,45.0,39,False,0.8999999999999999,0.9922852133255405,0.837870885336117,0.0,3
1000080114,5115,0.6754530342341093,6.03741823238789,high,critical,0.4177777777777778,1.0444444444444445,45.0,47,False,0.8999999999999999,0.7883064516129031,0.837870885336117,2801.66,3
1000081806,5100,0.6416881015542516,0.6416881015542516,high,medium,0.27555555555555555,0.6888888888888889,45.0,31,False,0.8999999999999999,0.9025641025641025,0.839687058794726,0.0,3
42792,5099,0.648587932913729,0.648587932913729,high,medium,0.27555555555555555,0.6888888888888889,45.0,31,False,0.8999999999999999,0.9402321083172147,0.835461926853759,0.0,3
1000101602,5108,0.710634340341196,0.710634340341196,high,high,0.40888888888888886,1.0222222222222221,45.0,46,False,0.8999999999999999,0.9800618238021638,0.8404428001680508,0.0,3
1000101602,5107,0.7136048699991513,0.7136048699991513,high,high,0.40888888888888886,1.0222222222222221,45.0,46,False,0.8999999999999999,0.9933333333333333,0.8425509851795274,0.0,3
35568,5117,0.710033422459893,7.068541470578559,high,critical,0.4,1.0,45.0,45,False,0.8999999999999999,0.9931818181818182,0.8426470588235293,7747.259999999999,3
40822,5115,0.7236528550226397,0.7236528550226397,high,high,0.43555555555555553,1.0888888888888888,45.0,49,False,0.8999999999999999,0.9937499999999999,0.837870885336117,0.0,3
1000075660,5115,0.6325192140526795,0.6325192140526795,high,medium,0.3111111111111111,0.7777777777777778,45.0,35,False,0.8999999999999999,0.7869706840390879,0.837870885336117,0.0,3
24622,5382,0.7024923449209136,8.452949250950835,high,critical,0.4,1.0,45.0,45,False,0.8999999999999999,0.9679239094785175,0.8260504201680672,61869.51999999999,3
1000037462,5102,0.6836927742616035,0.6836927742616035,high,medium,0.3466666666666667,0.8666666666666667,45.0,39,False,0.8999999999999999,0.9709375,0.8389240506329113,0.0,3
1000102194,5103,0.7604699174895713,0.7604699174895713,high,high,0.5244444444444445,1.3111111111111111,45.0,59,False,0.8999999999999999,0.9974358974358974,0.8413664014974263,0.0,3
1000101578,5118,0.7361757504650966,0.7361757504650966,high,high,0.48,1.2,45.0,54,False,0.8999999999999999,0.963784157730889,0.8427927927927927,0.0,3
1000100498,5115,0.6610843886689621,0.6610843886689621,high,medium,0.29333333333333333,0.7333333333333333,45.0,33,False,0.8999999999999999,0.9653521126760563,0.837870885336117,0.0,3
1000072110,5381,0.7447167216721673,0.7447167216721673,high,high,0.48888888888888893,1.2222222222222223,45.0,55,False,0.8999999999999999,0.9944444444444445,0.8351485148514851,0.0,3
1000061999,5115,0.7415485573287194,0.7415485573287194,high,high,0.48,1.2,45.0,54,False,0.8999999999999999,0.9943396226415093,0.837870885336117,0.0,3
1000100193,5115,0.7234408249640211,0.7234408249640211,high,high,0.47111111111111115,1.1777777777777778,45.0,53,False,0.8999999999999999,0.9215787385957953,0.837870885336117,0.0,3
1000071448,5099,0.7359695916262026,0.7359695916262026,high,high,0.47111111111111115,1.1777777777777778,45.0,53,False,0.8999999999999999,0.9860292907684712,0.835461926853759,0.0,3
1000074180,5118,0.7077120861722811,0.7077120861722811,high,high,0.40888888888888886,1.0222222222222221,45.0,46,False,0.8999999999999999,0.9636880584890333,0.8427927927927927,0.0,3
42830,5118,0.736726367996057,0.736726367996057,high,high,0.47111111111111115,1.1777777777777778,45.0,53,False,0.8999999999999999,0.9843150231634679,0.8427927927927927,0.0,3
1000082008,5115,0.7379712310910158,7.351696482177393,high,critical,0.47111111111111115,1.1777777777777778,45.0,53,False,0.8999999999999999,0.9942307692307691,0.837870885336117,7800.23,3
1000082734,5115,0.7093169964367811,6.088062842860227,high,critical,0.4,1.0,45.0,45,False,0.8999999999999999,0.9931818181818182,0.837870885336117,1963.5,3
29679,5116,0.7420303442260536,7.153833774121091,high,critical,0.48,1.2,45.0,54,False,0.8999999999999999,0.9943396226415093,0.8410827979850122,5657.369999999999,3
36249,5115,0.7594239278195747,7.009303948848518,high,critical,0.5244444444444445,1.3111111111111111,45.0,59,False,0.8999999999999999,0.9948275862068965,0.837870885336117,3749.9500000000007,3
30677,5115,0.6589028550226398,0.6589028550226398,high,medium,0.27555555555555555,0.6888888888888889,45.0,31,False,0.8999999999999999,0.99,0.837870885336117,0.0,3
1000102245,5099,0.723291511250286,0.723291511250286,high,high,0.43555555555555553,1.0888888888888888,45.0,49,False,0.8999999999999999,0.9937499999999999,0.835461926853759,0.0,3
1000081223,5115,0.6324456310254796,4.086680836165207,high,critical,0.28444444444444444,0.7111111111111111,45.0,32,False,0.8999999999999999,0.8399361022364217,0.837870885336117,234.5,3
37581,5116,0.6943250746941048,6.952482327178648,high,critical,0.37333333333333335,0.9333333333333333,45.0,42,False,0.8999999999999999,0.9691466083150984,0.8410827979850122,8210.54,3
1000101602,5118,0.7143151338151338,0.7143151338151338,high,high,0.40888888888888886,1.0222222222222221,45.0,46,False,0.8999999999999999,0.9967032967032967,0.8427927927927927,0.0,3
25211,5099,0.7163032325091172,6.670004647098196,high,critical,0.4177777777777778,1.0444444444444445,45.0,47,False,0.8999999999999999,0.994364161849711,0.835461926853759,4070.25,3
1000073867,5099,0.7279396800203926,6.701332862407094,high,critical,0.47111111111111115,1.1777777777777778,45.0,53,False,0.8999999999999999,0.9458797327394208,0.835461926853759,3661.46,3
1000101602,5116,0.7124623361555631,0.7124623361555631,high,high,0.40888888888888886,1.0222222222222221,45.0,46,False,0.8999999999999999,0.9887218045112781,0.8410827979850122,0.0,3
1000082737,5099,0.7264087846670475,0.7264087846670475,high,high,0.47111111111111115,1.1777777777777778,45.0,53,False,0.8999999999999999,0.9382252559726962,0.835461926853759,0.0,3
1000102196,5102,0.7494091781655072,0.7494091781655072,high,high,0.49777777777777776,1.2444444444444445,45.0,56,False,0.8999999999999999,0.9972972972972972,0.8389240506329113,0.0,3
1000082327,5115,0.6686460058414149,0.6686460058414149,high,medium,0.3111111111111111,0.7777777777777778,45.0,35,False,0.8999999999999999,0.9676046429827647,0.837870885336117,0.0,3
31639,5108,0.6629087139320177,7.0865682425262415,high,critical,0.28444444444444444,0.7111111111111111,45.0,32,False,0.8999999999999999,0.9903225806451612,0.8404428001680508,16156.05,3
1000077565,5107,0.6920664084606898,5.933556115404161,high,critical,0.3555555555555555,0.8888888888888888,45.0,40,False,0.8999999999999999,0.9923076923076922,0.8425509851795274,1945.29,3
1000101578,5099,0.7350761205742415,0.7350761205742415,high,high,0.48,1.2,45.0,54,False,0.8999999999999999,0.963784157730889,0.835461926853759,0.0,3
22116,5102,0.6699093146656437,0.6699093146656437,high,medium,0.3022222222222222,0.7555555555555555,45.0,34,False,0.8999999999999999,0.9909090909090909,0.8389240506329113,0.0,3
959,5108,0.7347788383258612,7.678831045392782,high,critical,0.4622222222222222,1.1555555555555554,45.0,52,False,0.8999999999999999,0.9941176470588234,0.8404428001680508,12713.95,3
1000081983,5115,0.6589028550226398,7.711313038432915,high,critical,0.27555555555555555,0.6888888888888889,45.0,31,False,0.8999999999999999,0.99,0.837870885336117,44499.8,3
1000101595,5115,0.7087471295634605,0.7087471295634605,high,high,0.40888888888888886,1.0222222222222221,45.0,46,False,0.8999999999999999,0.9725547060374373,0.837870885336117,0.0,3
9158,5112,0.6959993903132833,7.232624271915253,high,critical,0.37333333333333335,0.9333333333333333,45.0,42,False,0.8999999999999999,0.9769230769230769,0.8418762773022308,11987.59,3
1000073172,5119,0.6504781270560192,6.337049964989882,high,critical,0.28444444444444444,0.7111111111111111,45.0,32,False,0.8999999999999999,0.9298200514138817,0.8382422599697678,6260.289999999999,3
11761,5099,0.654862498904607,0.654862498904607,high,medium,0.36444444444444446,0.9111111111111111,45.0,41,False,0.8999999999999999,0.7938271604938272,0.835461926853759,0.0,3
1000102179,5099,0.6878893499506051,0.6878893499506051,high,medium,0.3466666666666667,0.8666666666666667,45.0,39,False,0.8999999999999999,0.9945169712793733,0.835461926853759,0.0,3
9158,5099,0.68735424811849,7.142786455758438,high,critical,0.37333333333333335,0.9333333333333333,45.0,42,False,0.8999999999999999,0.9385081287854637,0.835461926853759,11987.59,3
1000101469,5108,0.7393436881189895,0.7393436881189895,high,high,0.48888888888888893,1.2222222222222223,45.0,55,False,0.8999999999999999,0.9636085626911315,0.8404428001680508,0.0,3
1000100963,5099,0.747901281625692,0.747901281625692,high,high,0.5244444444444445,1.3111111111111111,45.0,59,False,0.8999999999999999,0.9390210740992522,0.835461926853759,0.0,3
1000062908,5107,0.6596048699991514,0.6596048699991514,high,medium,0.27555555555555555,0.6888888888888889,45.0,31,False,0.8999999999999999,0.99,0.8425509851795274,0.0,3
33676,5107,0.739255663649945,0.739255663649945,high,high,0.47111111111111115,1.1777777777777778,45.0,53,False,0.8999999999999999,0.9971428571428571,0.8425509851795274,0.0,3
495,5100,0.748936213593146,0.748936213593146,high,high,0.49777777777777776,1.2444444444444445,45.0,56,False,0.8999999999999999,0.9943602183141297,0.839687058794726,0.0,3
1000073357,5115,0.672474556743481,5.311691341100541,high,critical,0.43555555555555553,1.0888888888888888,45.0,49,False,0.8999999999999999,0.7378585086042064,0.837870885336117,990.0099999999998,3
1000080708,5105,0.7412955561072492,0.7412955561072492,high,high,0.48,1.2,45.0,54,False,0.8999999999999999,0.9943396226415093,0.8361842105263158,0.0,3
42883,5115,0.7081889590775837,0.7081889590775837,high,high,0.42666666666666664,1.0666666666666667,45.0,48,False,0.8999999999999999,0.9342082980524978,0.837870885336117,0.0,3
30059,5105,0.6650559901849595,6.9207246988423154,high,critical,0.3466666666666667,0.8666666666666667,45.0,39,False,0.8999999999999999,0.8798084596967278,0.8361842105263158,12162.910000000002,3
1000073092,5115,0.7164873960854417,7.628134625886816,high,critical,0.4177777777777778,1.0444444444444445,45.0,47,False,0.8999999999999999,0.9934782608695651,0.837870885336117,15467.670000000002,3
1000101617,5108,0.7172265224907856,0.7172265224907856,high,high,0.4177777777777778,1.0444444444444445,45.0,47,False,0.8999999999999999,0.9952449567723343,0.8404428001680508,0.0,3
1000080996,5105,0.7090639952153109,0.7090639952153109,high,high,0.4,1.0,45.0,45,False,0.8999999999999999,0.9931818181818182,0.8361842105263158,0.0,3
43116,5102,0.6968553580136971,0.6968553580136971,high,medium,0.37333333333333335,0.9333333333333333,45.0,42,False,0.8999999999999999,0.9834170854271356,0.8389240506329113,0.0,3
1000081507,5118,0.7351313372195725,0.7351313372195725,high,high,0.4622222222222222,1.1555555555555554,45.0,52,False,0.8999999999999999,0.9941176470588234,0.8427927927927927,0.0,3
1000081878,5115,0.6860411343678157,5.034856129414476,high,critical,0.4,1.0,45.0,45,False,0.8999999999999999,0.8768025078369905,0.837870885336117,565.23,3
6757,5103,0.6990748789238009,7.1200288827915,high,critical,0.37333333333333335,0.9333333333333333,45.0,42,False,0.8999999999999999,0.9926829268292683,0.8413664014974263,9748.1,3
27160,5103,0.7134271824468361,0.7134271824468361,high,high,0.40888888888888886,1.0222222222222221,45.0,46,False,0.8999999999999999,0.9933333333333333,0.8413664014974263,0.0,3
1000102273,5382,0.6823970525146996,0.6823970525146996,high,medium,0.3377777777777778,0.8444444444444444,45.0,38,False,0.8999999999999999,0.9918918918918919,0.8260504201680672,0.0,3
43212,5099,0.6981892077272509,0.6981892077272509,high,medium,0.37333333333333335,0.9333333333333333,45.0,42,False,0.8999999999999999,0.9926829268292683,0.835461926853759,0.0,3
38064,5099,0.6767557013439942,0.6767557013439942,high,medium,0.3377777777777778,0.8444444444444444,45.0,38,False,0.8999999999999999,0.9566265060240964,0.835461926853759,0.0,3
41322,5103,0.6882926795228596,0.6882926795228596,high,medium,0.3466666666666667,0.8666666666666667,45.0,39,False,0.8999999999999999,0.9921052631578947,0.8413664014974263,0.0,3
255,5103,0.6738846987867054,0.6738846987867054,high,medium,0.3111111111111111,0.7777777777777778,45.0,35,False,0.8999999999999999,0.9911764705882352,0.8413664014974263,0.0,3
12136,5099,0.7161260523130879,0.7161260523130879,high,high,0.4177777777777778,1.0444444444444445,45.0,47,False,0.8999999999999999,0.9934782608695651,0.835461926853759,0.0,3
1000081597,5118,0.7494391209391209,0.7494391209391209,high,high,0.49777777777777776,1.2444444444444445,45.0,56,False,0.8999999999999999,0.9945454545454545,0.8427927927927927,0.0,3
1000082527,5382,0.7433520074696546,6.8806687330525635,high,critical,0.48888888888888893,1.2222222222222223,45.0,55,False,0.8999999999999999,0.9944444444444445,0.8260504201680672,3850.71,3
1000100963,5115,0.7594239278195747,0.7594239278195747,high,high,0.5244444444444445,1.3111111111111111,45.0,59,False,0.8999999999999999,0.9948275862068965,0.837870885336117,0.0,3
1000102089,5100,0.7453975032636534,0.7453975032636534,high,high,0.48888888888888893,1.2222222222222223,45.0,55,False,0.8999999999999999,0.9944444444444445,0.839687058794726,0.0,3
1000082065,5103,0.7599482552437711,7.463488125736021,high,critical,0.5244444444444445,1.3111111111111111,45.0,59,False,0.8999999999999999,0.9948275862068965,0.8413664014974263,6774.359999999999,3
1000102269,5099,0.6838087785175533,0.6838087785175533,high,medium,0.3377777777777778,0.8444444444444444,45.0,38,False,0.8999999999999999,0.9918918918918919,0.835461926853759,0.0,3
1000081384,5115,0.6422004572793393,5.3135584964242,high,critical,0.27555555555555555,0.6888888888888889,45.0,31,False,0.8999999999999999,0.9064880112834979,0.837870885336117,1441.29,3
6158,5117,0.6582677587049054,0.6582677587049054,high,medium,0.29333333333333333,0.7333333333333333,45.0,33,False,0.8999999999999999,0.9476868327402135,0.8426470588235293,0.0,3
1000082343,5381,0.6600144796858785,6.341861713931969,high,critical,0.28444444444444444,0.7111111111111111,45.0,32,False,0.8999999999999999,0.9798221234018899,0.8351485148514851,5477.96,3
1000081565,5104,0.7340349989458148,7.073726583445378,high,critical,0.4622222222222222,1.1555555555555554,45.0,52,False,0.8999999999999999,0.9941176470588234,0.8354838709677419,5634.1,3
26206,5099,0.7359385770681619,0.7359385770681619,high,high,0.47111111111111115,1.1777777777777778,45.0,53,False,0.8999999999999999,0.985874217978268,0.835461926853759,0.0,3
1000081597,5381,0.7482924792479249,0.7482924792479249,high,high,0.49777777777777776,1.2444444444444445,45.0,56,False,0.8999999999999999,0.9945454545454545,0.8351485148514851,0.0,3
9581,5381,0.6657306105610561,6.223759079568055,high,critical,0.29333333333333333,0.7333333333333333,45.0,33,False,0.8999999999999999,0.9906249999999999,0.8351485148514851,4223.959999999999,3
1000080865,5102,0.7345510258955903,0.7345510258955903,high,high,0.4622222222222222,1.1555555555555554,45.0,52,False,0.8999999999999999,0.9941176470588234,0.8389240506329113,0.0,3
1000100262,5099,0.6657776223613971,0.6657776223613971,high,medium,0.29333333333333333,0.7333333333333333,45.0,33,False,0.8999999999999999,0.9906249999999999,0.835461926853759,0.0,3
1000076267,5099,0.6585415112502861,5.829370797443859,high,critical,0.27555555555555555,0.6888888888888889,45.0,31,False,0.8999999999999999,0.99,0.835461926853759,2569.72,3
1000101184,5099,0.6689181015810748,0.6689181015810748,high,medium,0.3022222222222222,0.7555555555555555,45.0,34,False,0.8999999999999999,0.9885496183206106,0.835461926853759,0.0,3
1000082527,5119,0.7451807834399096,6.897596381746383,high,critical,0.48888888888888893,1.2222222222222223,45.0,55,False,0.8999999999999999,0.9944444444444445,0.8382422599697678,3850.71,3
1000102270,5119,0.6842258284849547,0.6842258284849547,high,medium,0.3377777777777778,0.8444444444444444,45.0,38,False,0.8999999999999999,0.9918918918918919,0.8382422599697678,0.0,3
1000080874,5116,0.6954401974755295,0.6954401974755295,high,medium,0.36444444444444446,0.9111111111111111,45.0,41,False,0.8999999999999999,0.9924999999999999,0.8410827979850122,0.0,3
22116,5116,0.6990323383969388,0.6990323383969388,high,medium,0.37333333333333335,0.9333333333333333,45.0,42,False,0.8999999999999999,0.9926829268292683,0.8410827979850122,0.0,3
1000062908,5102,0.659060829817159,0.659060829817159,high,medium,0.27555555555555555,0.6888888888888889,45.0,31,False,0.8999999999999999,0.99,0.8389240506329113,0.0,3
1000076267,5102,0.659060829817159,5.833967774910855,high,critical,0.27555555555555555,0.6888888888888889,45.0,31,False,0.8999999999999999,0.99,0.8389240506329113,2569.72,3
28119,5102,0.7488588096151387,6.973691334207282,high,critical,0.49777777777777776,1.2444444444444445,45.0,56,False,0.8999999999999999,0.9945454545454545,0.8389240506329113,4073.1800000000003,3
6928,5102,0.659060829817159,5.510604780658443,high,critical,0.27555555555555555,0.6888888888888889,45.0,31,False,0.8999999999999999,0.99,0.8389240506329113,1572.88,3
42519,5119,0.7380269372860635,0.7380269372860635,high,high,0.47111111111111115,1.1777777777777778,45.0,53,False,0.8999999999999999,0.9942307692307691,0.8382422599697678,0.0,3
1000080567,5099,0.7411872135563657,0.7411872135563657,high,high,0.48,1.2,45.0,54,False,0.8999999999999999,0.9943396226415093,0.835461926853759,0.0,3
1000081878,5106,0.7097301136363636,5.208709556701644,high,critical,0.4,1.0,45.0,45,False,0.8999999999999999,0.9931818181818182,0.840625,565.23,3
1000082065,5116,0.759905714716909,7.463070333189085,high,critical,0.5244444444444445,1.3111111111111111,45.0,59,False,0.8999999999999999,0.9948275862068965,0.8410827979850122,6774.359999999999,3
15438,5381,0.7124944994499449,0.7124944994499449,high,high,0.40888888888888886,1.0222222222222221,45.0,46,False,0.8999999999999999,0.9933333333333333,0.8351485148514851,0.0,3
1000102190,5119,0.7594796340146224,0.7594796340146224,high,high,0.5244444444444445,1.3111111111111111,45.0,59,False,0.8999999999999999,0.9948275862068965,0.8382422599697678,0.0,3
1000102254,5108,0.7132886422474298,0.7132886422474298,high,high,0.40888888888888886,1.0222222222222221,45.0,46,False,0.8999999999999999,0.9933333333333333,0.8404428001680508,0.0,3
27465,5108,0.6845559095146971,0.6845559095146971,high,medium,0.3377777777777778,0.8444444444444444,45.0,38,False,0.8999999999999999,0.9918918918918919,0.8404428001680508,0.0,3
1000102270,5105,0.6839171210684368,0.6839171210684368,high,medium,0.3377777777777778,0.8444444444444444,45.0,38,False,0.8999999999999999,0.9918918918918919,0.8361842105263158,0.0,3
42410,5116,0.7420303442260536,0.7420303442260536,high,high,0.48,1.2,45.0,54,False,0.8999999999999999,0.9943396226415093,0.8410827979850122,0.0,3
41789,5100,0.6591752810414312,6.178518066202857,high,critical,0.27555555555555555,0.6888888888888889,45.0,31,False,0.8999999999999999,0.99,0.839687058794726,4328.049999999999,3
1000076267,5100,0.6591752810414312,5.834980890429173,high,critical,0.27555555555555555,0.6888888888888889,45.0,31,False,0.8999999999999999,0.99,0.839687058794726,2569.72,3
1000081953,5099,0.6072613670086813,5.860570042419553,high,critical,0.28444444444444444,0.7111111111111111,45.0,32,False,0.8999999999999999,0.7158215010141987,0.835461926853759,5713.83,3
1000080243,5116,0.659384641919974,0.659384641919974,high,medium,0.27555555555555555,0.6888888888888889,45.0,31,False,0.8999999999999999,0.99,0.8410827979850122,0.0,3
6158,5100,0.657823758700585,0.657823758700585,high,medium,0.29333333333333333,0.7333333333333333,45.0,33,False,0.8999999999999999,0.9476868327402135,0.839687058794726,0.0,3
728,5116,0.716969182982776,5.7058600056180495,high,critical,0.4177777777777778,1.0444444444444445,45.0,47,False,0.8999999999999999,0.9934782608695651,0.8410827979850122,1050.8500000000004,3
1000101617,5116,0.716969182982776,0.716969182982776,high,high,0.4177777777777778,1.0444444444444445,45.0,47,False,0.8999999999999999,0.9934782608695651,0.8410827979850122,0.0,3
23153,5108,0.7383570183158059,7.2465609295211815,high,critical,0.47111111111111115,1.1777777777777778,45.0,53,False,0.8999999999999999,0.9942307692307691,0.8404428001680508,6729.74,3
28469,5381,0.7427102044759784,7.627362836106239,high,critical,0.48888888888888893,1.2222222222222223,45.0,55,False,0.8999999999999999,0.9844118584635001,0.8351485148514851,10609.880000000001,3
1000101469,5107,0.7458270922213736,0.7458270922213736,high,high,0.48888888888888893,1.2222222222222223,45.0,55,False,0.8999999999999999,0.9944444444444445,0.8425509851795274,0.0,3
1000081643,5118,0.6956966966966966,0.6956966966966966,high,medium,0.36444444444444446,0.9111111111111111,45.0,41,False,0.8999999999999999,0.9924999999999999,0.8427927927927927,0.0,3
1000058198,5118,0.760162213938076,0.760162213938076,high,high,0.5244444444444445,1.3111111111111111,45.0,59,False,0.8999999999999999,0.9948275862068965,0.8427927927927927,0.0,3
25965,5118,0.6992888376181059,0.6992888376181059,high,medium,0.37333333333333335,0.9333333333333333,45.0,42,False,0.8999999999999999,0.9926829268292683,0.8427927927927927,0.0,3
2884,5099,0.7089556526644274,6.405207874274458,high,critical,0.4,1.0,45.0,45,False,0.8999999999999999,0.9931818181818182,0.835461926853759,3085.2400000000002,3
24279,5116,0.7133846419199741,0.7133846419199741,high,high,0.40888888888888886,1.0222222222222221,45.0,46,False,0.8999999999999999,0.9933333333333333,0.8410827979850122,0.0,3
39754,5116,0.6954401974755295,6.022231017300359,high,critical,0.36444444444444446,0.9111111111111111,45.0,41,False,0.8999999999999999,0.9924999999999999,0.8410827979850122,2119.8999999999996,3
1000102266,5099,0.6910030497118245,0.6910030497118245,high,medium,0.3555555555555555,0.8888888888888888,45.0,40,False,0.8999999999999999,0.9923076923076922,0.835461926853759,0.0,3
30677,5099,0.6585415112502861,0.6585415112502861,high,medium,0.27555555555555555,0.6888888888888889,45.0,31,False,0.8999999999999999,0.99,0.835461926853759,0.0,3
1000081498,5099,0.6621615829348739,6.995343012755149,high,critical,0.28444444444444444,0.7111111111111111,45.0,32,False,0.8999999999999999,0.9903225806451612,0.835461926853759,14247.470000000001,3
10124,5099,0.6910030497118245,6.810767195207818,high,critical,0.3555555555555555,0.8888888888888888,45.0,40,False,0.8999999999999999,0.9923076923076922,0.835461926853759,7017.8099999999995,3
1000101961,5105,0.687515350877193,0.687515350877193,high,medium,0.3466666666666667,0.8666666666666667,45.0,39,False,0.8999999999999999,0.9921052631578947,0.8361842105263158,0.0,3
1000079384,5105,0.691111392262708,0.691111392262708,high,medium,0.3555555555555555,0.8888888888888888,45.0,40,False,0.8999999999999999,0.9923076923076922,0.8361842105263158,0.0,3
5837,5108,0.7204564909471934,0.7204564909471934,high,high,0.42666666666666664,1.0666666666666667,45.0,48,False,0.8999999999999999,0.9936170212765957,0.8404428001680508,0.0,3
1000076267,5108,0.6592886422474299,5.835984357169724,high,critical,0.27555555555555555,0.6888888888888889,45.0,31,False,0.8999999999999999,0.99,0.8404428001680508,2569.72,3
30677,5108,0.6592886422474299,0.6592886422474299,high,medium,0.27555555555555555,0.6888888888888889,45.0,31,False,0.8999999999999999,0.99,0.8404428001680508,0.0,3
1000102175,5108,0.6629087139320177,0.6629087139320177,high,medium,0.28444444444444444,0.7111111111111111,45.0,32,False,0.8999999999999999,0.9903225806451612,0.8404428001680508,0.0,3
42993,5107,0.6848721372664186,0.6848721372664186,high,medium,0.3377777777777778,0.8444444444444444,45.0,38,False,0.8999999999999999,0.9918918918918919,0.8425509851795274,0.0,3
11803,5104,0.6621648745519713,5.56421996344555,high,critical,0.28444444444444444,0.7111111111111111,45.0,32,False,0.8999999999999999,0.9903225806451612,0.8354838709677419,1640.02,3
42993,5108,0.6845559095146971,0.6845559095146971,high,medium,0.3377777777777778,0.8444444444444444,45.0,38,False,0.8999999999999999,0.9918918918918919,0.8404428001680508,0.0,3
17904,5102,0.7094749712313003,6.774698112781383,high,critical,0.4,1.0,45.0,45,False,0.8999999999999999,0.9931818181818182,0.8389240506329113,5160.02,3
1000102279,5102,0.6699093146656437,0.6699093146656437,high,medium,0.3022222222222222,0.7555555555555555,45.0,34,False,0.8999999999999999,0.9909090909090909,0.8389240506329113,0.0,3
1000080274,5102,0.6626809015017467,5.4503483882960975,high,critical,0.28444444444444444,0.7111111111111111,45.0,32,False,0.8999999999999999,0.9903225806451612,0.8389240506329113,1371.92,3
1000102190,5099,0.7590625840472209,0.7590625840472209,high,high,0.5244444444444445,1.3111111111111111,45.0,59,False,0.8999999999999999,0.9948275862068965,0.835461926853759,0.0,3
1000078810,5100,0.6356580396621208,5.425400992468157,high,critical,0.27555555555555555,0.6888888888888889,45.0,31,False,0.8999999999999999,0.8724137931034482,0.839687058794726,1871.62,3
39754,5107,0.6956604255547069,6.024138103451141,high,critical,0.36444444444444446,0.9111111111111111,45.0,41,False,0.8999999999999999,0.9924999999999999,0.8425509851795274,2119.8999999999996,3
1000101859,5107,0.6596048699991514,0.6596048699991514,high,medium,0.27555555555555555,0.6888888888888889,45.0,31,False,0.8999999999999999,0.99,0.8425509851795274,0.0,3
42410,5115,0.7415485573287194,0.7415485573287194,high,high,0.48,1.2,45.0,54,False,0.8999999999999999,0.9943396226415093,0.837870885336117,0.0,3
1000079620,5115,0.6625229267072276,0.6625229267072276,high,medium,0.28444444444444444,0.7111111111111111,45.0,32,False,0.8999999999999999,0.9903225806451612,0.837870885336117,0.0,3
1000082570,5115,0.7129028550226397,5.469215633089416,high,critical,0.40888888888888886,1.0222222222222221,45.0,46,False,0.8999999999999999,0.9933333333333333,0.837870885336117,788.7800000000007,3
10124,5115,0.6913643934841782,6.814328725525182,high,critical,0.3555555555555555,0.8888888888888888,45.0,40,False,0.8999999999999999,0.9923076923076922,0.837870885336117,7017.8099999999995,3
1000102266,5115,0.6913643934841782,0.6913643934841782,high,medium,0.3555555555555555,0.8888888888888888,45.0,40,False,0.8999999999999999,0.9923076923076922,0.837870885336117,0.0,3
1000102175,5115,0.6625229267072276,0.6625229267072276,high,medium,0.28444444444444444,0.7111111111111111,45.0,32,False,0.8999999999999999,0.9903225806451612,0.837870885336117,0.0,3
25873,5102,0.7452830520393812,6.260152362376513,high,critical,0.48888888888888893,1.2222222222222223,45.0,55,False,0.8999999999999999,0.9944444444444445,0.8389240506329113,1634.4900000000002,3
1000081507,5119,0.7344487572961187,0.7344487572961187,high,high,0.4622222222222222,1.1555555555555554,45.0,52,False,0.8999999999999999,0.9941176470588234,0.8382422599697678,0.0,3
42512,5102,0.7345510258955903,0.7345510258955903,high,high,0.4622222222222222,1.1555555555555554,45.0,52,False,0.8999999999999999,0.9941176470588234,0.8389240506329113,0.0,3
42512,5112,0.7457258860397791,0.7457258860397791,high,high,0.48888888888888893,1.2222222222222223,45.0,55,False,0.8999999999999999,0.9944444444444445,0.8418762773022308,0.0,3
42639,5119,0.6625786329022751,0.6625786329022751,high,medium,0.28444444444444444,0.7111111111111111,45.0,32,False,0.8999999999999999,0.9903225806451612,0.8382422599697678,0.0,3
27366,5099,0.6981892077272509,6.95569251949896,high,critical,0.37333333333333335,0.9333333333333333,45.0,42,False,0.8999999999999999,0.9926829268292683,0.835461926853759,7803.65,3
1000102212,5099,0.6838087785175533,0.6838087785175533,high,medium,0.3377777777777778,0.8444444444444444,45.0,38,False,0.8999999999999999,0.9918918918918919,0.835461926853759,0.0,3
1000080114,5099,0.7161260523130879,6.400966856008638,high,critical,0.4177777777777778,1.0444444444444445,45.0,47,False,0.8999999999999999,0.9934782608695651,0.835461926853759,2801.66,3
1000082526,5105,0.6622699254857574,0.6622699254857574,high,medium,0.28444444444444444,0.7111111111111111,45.0,32,False,0.8999999999999999,0.9903225806451612,0.8361842105263158,0.0,3
1000074444,5381,0.6584944994499451,5.7365218226244075,high,critical,0.27555555555555555,0.6888888888888889,45.0,31,False,0.8999999999999999,0.99,0.8351485148514851,2233.0499999999993,3
42512,5099,0.7447637334725083,0.7447637334725083,high,high,0.48888888888888893,1.2222222222222223,45.0,55,False,0.8999999999999999,0.9944444444444445,0.835461926853759,0.0,3
1000102279,5100,0.670023765889916,0.670023765889916,high,medium,0.3022222222222222,0.7555555555555555,45.0,34,False,0.8999999999999999,0.9909090909090909,0.839687058794726,0.0,3
43116,5100,0.698822977518396,0.698822977518396,high,medium,0.37333333333333335,0.9333333333333333,45.0,42,False,0.8999999999999999,0.9926829268292683,0.839687058794726,0.0,3
1000102175,5099,0.712541511250286,0.712541511250286,high,high,0.40888888888888886,1.0222222222222221,45.0,46,False,0.8999999999999999,0.9933333333333333,0.835461926853759,0.0,3
19503,5099,0.7595842462930211,7.052800135560718,high,critical,0.5244444444444445,1.3111111111111111,45.0,59,False,0.8999999999999999,0.9974358974358974,0.835461926853759,3963.28,3
